Copyright 1986-2022 Xilinx, Inc. All Rights Reserved. Copyright 2022-2023 Advanced Micro Devices, Inc. All Rights Reserved.
------------------------------------------------------------------------------------------------------------------------------------------------------------------------------------------------------------------------------------
| Tool Version : Vivado v.2023.1 (win64) Build 3865809 Sun May  7 15:05:29 MDT 2023
| Date         : Mon Nov 10 09:47:21 2025
| Host         : DESKTOP-BLLF4DN running 64-bit major release  (build 9200)
| Command      : report_timing_summary -max_paths 10 -report_unconstrained -file acquireToHDMI_timing_summary_routed.rpt -pb acquireToHDMI_timing_summary_routed.pb -rpx acquireToHDMI_timing_summary_routed.rpx -warn_on_violation
| Design       : acquireToHDMI
| Device       : 7z010-clg400
| Speed File   : -1  PRODUCTION 1.12 2019-11-22
| Design State : Routed
------------------------------------------------------------------------------------------------------------------------------------------------------------------------------------------------------------------------------------

Timing Summary Report

------------------------------------------------------------------------------------------------
| Timer Settings
| --------------
------------------------------------------------------------------------------------------------

  Enable Multi Corner Analysis               :  Yes
  Enable Pessimism Removal                   :  Yes
  Pessimism Removal Resolution               :  Nearest Common Node
  Enable Input Delay Default Clock           :  No
  Enable Preset / Clear Arcs                 :  No
  Disable Flight Delays                      :  No
  Ignore I/O Paths                           :  No
  Timing Early Launch at Borrowing Latches   :  No
  Borrow Time for Max Delay Exceptions       :  Yes
  Merge Timing Exceptions                    :  Yes

  Corner  Analyze    Analyze    
  Name    Max Paths  Min Paths  
  ------  ---------  ---------  
  Slow    Yes        Yes        
  Fast    Yes        Yes        


------------------------------------------------------------------------------------------------
| Report Methodology
| ------------------
------------------------------------------------------------------------------------------------

Rule       Severity          Description                                         Violations  
---------  ----------------  --------------------------------------------------  ----------  
TIMING-4   Critical Warning  Invalid primary clock redefinition on a clock tree  1           
TIMING-27  Critical Warning  Invalid primary clock on hierarchical pin           1           
LUTAR-1    Warning           LUT drives async reset alert                        1           
TIMING-18  Warning           Missing input or output delay                       29          

Note: This report is based on the most recent report_methodology run and may not be up-to-date. Run report_methodology on the current design for the latest report.



check_timing report

Table of Contents
-----------------
1. checking no_clock (0)
2. checking constant_clock (0)
3. checking pulse_width_clock (0)
4. checking unconstrained_internal_endpoints (0)
5. checking no_input_delay (20)
6. checking no_output_delay (12)
7. checking multiple_clock (0)
8. checking generated_clocks (0)
9. checking loops (0)
10. checking partial_input_delay (0)
11. checking partial_output_delay (0)
12. checking latch_loops (0)

1. checking no_clock (0)
------------------------
 There are 0 register/latch pins with no clock.


2. checking constant_clock (0)
------------------------------
 There are 0 register/latch pins with constant_clock.


3. checking pulse_width_clock (0)
---------------------------------
 There are 0 register/latch pins which need pulse_width check


4. checking unconstrained_internal_endpoints (0)
------------------------------------------------
 There are 0 pins that are not constrained for maximum delay.

 There are 0 pins that are not constrained for maximum delay due to constant clock.


5. checking no_input_delay (20)
-------------------------------
 There are 20 input ports with no input delay specified. (HIGH)

 There are 0 input ports with no input delay but user has a false path constraint.


6. checking no_output_delay (12)
--------------------------------
 There are 12 ports with no output delay specified. (HIGH)

 There are 0 ports with no output delay but user has a false path constraint

 There are 0 ports with no output delay but with a timing clock defined on it or propagating through it


7. checking multiple_clock (0)
------------------------------
 There are 0 register/latch pins with multiple clocks.


8. checking generated_clocks (0)
--------------------------------
 There are 0 generated clocks that are not connected to a clock source.


9. checking loops (0)
---------------------
 There are 0 combinational loops in the design.


10. checking partial_input_delay (0)
------------------------------------
 There are 0 input ports with partial input delay specified.


11. checking partial_output_delay (0)
-------------------------------------
 There are 0 ports with partial output delay specified.


12. checking latch_loops (0)
----------------------------
 There are 0 combinational latch loops in the design through latch input



------------------------------------------------------------------------------------------------
| Design Timing Summary
| ---------------------
------------------------------------------------------------------------------------------------

    WNS(ns)      TNS(ns)  TNS Failing Endpoints  TNS Total Endpoints      WHS(ns)      THS(ns)  THS Failing Endpoints  THS Total Endpoints     WPWS(ns)     TPWS(ns)  TPWS Failing Endpoints  TPWS Total Endpoints  
    -------      -------  ---------------------  -------------------      -------      -------  ---------------------  -------------------     --------     --------  ----------------------  --------------------  
      2.318        0.000                      0                  536        0.133        0.000                      0                  536        0.540        0.000                       0                   391  


All user specified timing constraints are met.


------------------------------------------------------------------------------------------------
| Clock Summary
| -------------
------------------------------------------------------------------------------------------------

Clock                          Waveform(ns)         Period(ns)      Frequency(MHz)
-----                          ------------         ----------      --------------
clk                            {0.000 10.000}       20.000          50.000          
datapath_inst/vc/inst/clk_in1  {0.000 10.000}       20.000          50.000          
  clk_out1_clk_wiz_0           {0.000 6.737}        13.474          74.219          
  clk_out2_clk_wiz_0           {0.000 1.347}        2.695           371.094         
  clkfbout_clk_wiz_0           {0.000 40.000}       80.000          12.500          


------------------------------------------------------------------------------------------------
| Intra Clock Table
| -----------------
------------------------------------------------------------------------------------------------

Clock                              WNS(ns)      TNS(ns)  TNS Failing Endpoints  TNS Total Endpoints      WHS(ns)      THS(ns)  THS Failing Endpoints  THS Total Endpoints     WPWS(ns)     TPWS(ns)  TPWS Failing Endpoints  TPWS Total Endpoints  
-----                              -------      -------  ---------------------  -------------------      -------      -------  ---------------------  -------------------     --------     --------  ----------------------  --------------------  
clk                                 14.446        0.000                      0                  218        0.133        0.000                      0                  218        9.500        0.000                       0                   152  
datapath_inst/vc/inst/clk_in1                                                                                                                                                    7.000        0.000                       0                     1  
  clk_out1_clk_wiz_0                 2.318        0.000                      0                  318        0.136        0.000                      0                  318        5.757        0.000                       0                   225  
  clk_out2_clk_wiz_0                                                                                                                                                             0.540        0.000                       0                    10  
  clkfbout_clk_wiz_0                                                                                                                                                            20.000        0.000                       0                     3  


------------------------------------------------------------------------------------------------
| Inter Clock Table
| -----------------
------------------------------------------------------------------------------------------------

From Clock    To Clock          WNS(ns)      TNS(ns)  TNS Failing Endpoints  TNS Total Endpoints      WHS(ns)      THS(ns)  THS Failing Endpoints  THS Total Endpoints  
----------    --------          -------      -------  ---------------------  -------------------      -------      -------  ---------------------  -------------------  


------------------------------------------------------------------------------------------------
| Other Path Groups Table
| -----------------------
------------------------------------------------------------------------------------------------

Path Group    From Clock    To Clock          WNS(ns)      TNS(ns)  TNS Failing Endpoints  TNS Total Endpoints      WHS(ns)      THS(ns)  THS Failing Endpoints  THS Total Endpoints  
----------    ----------    --------          -------      -------  ---------------------  -------------------      -------      -------  ---------------------  -------------------  


------------------------------------------------------------------------------------------------
| User Ignored Path Table
| -----------------------
------------------------------------------------------------------------------------------------

Path Group    From Clock    To Clock    
----------    ----------    --------    


------------------------------------------------------------------------------------------------
| Unconstrained Path Table
| ------------------------
------------------------------------------------------------------------------------------------

Path Group          From Clock          To Clock          
----------          ----------          --------          
(none)              clk                                     
(none)              clk_out2_clk_wiz_0                      
(none)              clkfbout_clk_wiz_0                      
(none)                                  clk                 
(none)                                  clk_out1_clk_wiz_0  


------------------------------------------------------------------------------------------------
| Timing Details
| --------------
------------------------------------------------------------------------------------------------


---------------------------------------------------------------------------------------------------
From Clock:  clk
  To Clock:  clk

Setup :            0  Failing Endpoints,  Worst Slack       14.446ns,  Total Violation        0.000ns
Hold  :            0  Failing Endpoints,  Worst Slack        0.133ns,  Total Violation        0.000ns
PW    :            0  Failing Endpoints,  Worst Slack        9.500ns,  Total Violation        0.000ns
---------------------------------------------------------------------------------------------------


Max Delay Paths
--------------------------------------------------------------------------------------
Slack (MET) :             14.446ns  (required time - arrival time)
  Source:                 datapath_inst/ch1TriggerRegPrev_inst/q_reg[15]/C
                            (rising edge-triggered cell FDRE clocked by clk  {rise@0.000ns fall@10.000ns period=20.000ns})
  Destination:            control_inst/FSM_sequential_state_reg[0]/D
                            (rising edge-triggered cell FDRE clocked by clk  {rise@0.000ns fall@10.000ns period=20.000ns})
  Path Group:             clk
  Path Type:              Setup (Max at Slow Process Corner)
  Requirement:            20.000ns  (clk rise@20.000ns - clk rise@0.000ns)
  Data Path Delay:        5.463ns  (logic 1.521ns (27.844%)  route 3.942ns (72.156%))
  Logic Levels:           5  (CARRY4=1 LUT2=1 LUT3=1 LUT5=1 LUT6=1)
  Clock Path Skew:        -0.133ns (DCD - SCD + CPR)
    Destination Clock Delay (DCD):    4.927ns = ( 24.927 - 20.000 ) 
    Source Clock Delay      (SCD):    5.452ns
    Clock Pessimism Removal (CPR):    0.392ns
  Clock Uncertainty:      0.035ns  ((TSJ^2 + TIJ^2)^1/2 + DJ) / 2 + PE
    Total System Jitter     (TSJ):    0.071ns
    Total Input Jitter      (TIJ):    0.000ns
    Discrete Jitter          (DJ):    0.000ns
    Phase Error              (PE):    0.000ns

    Location             Delay type                Incr(ns)  Path(ns)    Netlist Resource(s)
  -------------------------------------------------------------------    -------------------
                         (clock clk rise edge)        0.000     0.000 r  
    U18                                               0.000     0.000 r  clk (IN)
                         net (fo=0)                   0.000     0.000    clk
    U18                  IBUF (Prop_ibuf_I_O)         1.530     1.530 r  clk_IBUF_inst/O
                         net (fo=1, routed)           2.076     3.606    clk_IBUF
    BUFGCTRL_X0Y2        BUFG (Prop_bufg_I_O)         0.101     3.707 r  clk_IBUF_BUFG_inst/O
                         net (fo=152, routed)         1.745     5.452    datapath_inst/ch1TriggerRegPrev_inst/clk
    SLICE_X38Y15         FDRE                                         r  datapath_inst/ch1TriggerRegPrev_inst/q_reg[15]/C
  -------------------------------------------------------------------    -------------------
    SLICE_X38Y15         FDRE (Prop_fdre_C_Q)         0.478     5.930 f  datapath_inst/ch1TriggerRegPrev_inst/q_reg[15]/Q
                         net (fo=3, routed)           0.947     6.877    datapath_inst/ch1TriggerRegPrev_inst/prevDataCH1[15]
    SLICE_X38Y14         LUT2 (Prop_lut2_I1_O)        0.295     7.172 r  datapath_inst/ch1TriggerRegPrev_inst/i__carry__0_i_5__3/O
                         net (fo=1, routed)           0.000     7.172    datapath_inst/ch1TriggerPrevCompare_inst/triggerCh1_OBUF_inst_i_1_0[3]
    SLICE_X38Y14         CARRY4 (Prop_carry4_S[3]_CO[3])
                                                      0.376     7.548 r  datapath_inst/ch1TriggerPrevCompare_inst/tmp1_inferred__0/i__carry__0/CO[3]
                         net (fo=1, routed)           1.244     8.792    datapath_inst/ch1TriggerRegPrev_inst/triggerCh1[0]
    SLICE_X39Y15         LUT3 (Prop_lut3_I2_O)        0.124     8.916 f  datapath_inst/ch1TriggerRegPrev_inst/triggerCh1_OBUF_inst_i_1/O
                         net (fo=2, routed)           1.090    10.006    datapath_inst/dataStorageCounter_inst/triggerCh1_OBUF
    SLICE_X35Y11         LUT5 (Prop_lut5_I4_O)        0.124    10.130 r  datapath_inst/dataStorageCounter_inst/FSM_sequential_state[0]_i_2/O
                         net (fo=1, routed)           0.661    10.791    datapath_inst/sampleIntervalCounter_inst/FSM_sequential_state_reg[0]
    SLICE_X34Y11         LUT6 (Prop_lut6_I0_O)        0.124    10.915 r  datapath_inst/sampleIntervalCounter_inst/FSM_sequential_state[0]_i_1/O
                         net (fo=1, routed)           0.000    10.915    control_inst/FSM_sequential_state_reg[0]_5[0]
    SLICE_X34Y11         FDRE                                         r  control_inst/FSM_sequential_state_reg[0]/D
  -------------------------------------------------------------------    -------------------

                         (clock clk rise edge)       20.000    20.000 r  
    U18                                               0.000    20.000 r  clk (IN)
                         net (fo=0)                   0.000    20.000    clk
    U18                  IBUF (Prop_ibuf_I_O)         1.459    21.459 r  clk_IBUF_inst/O
                         net (fo=1, routed)           1.880    23.339    clk_IBUF
    BUFGCTRL_X0Y2        BUFG (Prop_bufg_I_O)         0.091    23.430 r  clk_IBUF_BUFG_inst/O
                         net (fo=152, routed)         1.497    24.927    control_inst/clk
    SLICE_X34Y11         FDRE                                         r  control_inst/FSM_sequential_state_reg[0]/C
                         clock pessimism              0.392    25.319    
                         clock uncertainty           -0.035    25.284    
    SLICE_X34Y11         FDRE (Setup_fdre_C_D)        0.077    25.361    control_inst/FSM_sequential_state_reg[0]
  -------------------------------------------------------------------
                         required time                         25.361    
                         arrival time                         -10.915    
  -------------------------------------------------------------------
                         slack                                 14.446    

Slack (MET) :             14.544ns  (required time - arrival time)
  Source:                 control_inst/FSM_sequential_state_reg[4]/C
                            (rising edge-triggered cell FDRE clocked by clk  {rise@0.000ns fall@10.000ns period=20.000ns})
  Destination:            control_inst/FSM_sequential_state_reg[0]/CE
                            (rising edge-triggered cell FDRE clocked by clk  {rise@0.000ns fall@10.000ns period=20.000ns})
  Path Group:             clk
  Path Type:              Setup (Max at Slow Process Corner)
  Requirement:            20.000ns  (clk rise@20.000ns - clk rise@0.000ns)
  Data Path Delay:        5.229ns  (logic 0.704ns (13.463%)  route 4.525ns (86.537%))
  Logic Levels:           2  (LUT5=1 LUT6=1)
  Clock Path Skew:        -0.022ns (DCD - SCD + CPR)
    Destination Clock Delay (DCD):    4.927ns = ( 24.927 - 20.000 ) 
    Source Clock Delay      (SCD):    5.378ns
    Clock Pessimism Removal (CPR):    0.429ns
  Clock Uncertainty:      0.035ns  ((TSJ^2 + TIJ^2)^1/2 + DJ) / 2 + PE
    Total System Jitter     (TSJ):    0.071ns
    Total Input Jitter      (TIJ):    0.000ns
    Discrete Jitter          (DJ):    0.000ns
    Phase Error              (PE):    0.000ns

    Location             Delay type                Incr(ns)  Path(ns)    Netlist Resource(s)
  -------------------------------------------------------------------    -------------------
                         (clock clk rise edge)        0.000     0.000 r  
    U18                                               0.000     0.000 r  clk (IN)
                         net (fo=0)                   0.000     0.000    clk
    U18                  IBUF (Prop_ibuf_I_O)         1.530     1.530 r  clk_IBUF_inst/O
                         net (fo=1, routed)           2.076     3.606    clk_IBUF
    BUFGCTRL_X0Y2        BUFG (Prop_bufg_I_O)         0.101     3.707 r  clk_IBUF_BUFG_inst/O
                         net (fo=152, routed)         1.671     5.378    control_inst/clk
    SLICE_X35Y11         FDRE                                         r  control_inst/FSM_sequential_state_reg[4]/C
  -------------------------------------------------------------------    -------------------
    SLICE_X35Y11         FDRE (Prop_fdre_C_Q)         0.456     5.834 r  control_inst/FSM_sequential_state_reg[4]/Q
                         net (fo=80, routed)          2.968     8.802    control_inst/Q[0]
    SLICE_X25Y12         LUT6 (Prop_lut6_I4_O)        0.124     8.926 f  control_inst/FSM_sequential_state[4]_i_5/O
                         net (fo=1, routed)           1.012     9.938    control_inst/FSM_sequential_state[4]_i_5_n_0
    SLICE_X32Y11         LUT5 (Prop_lut5_I2_O)        0.124    10.062 r  control_inst/FSM_sequential_state[4]_i_1/O
                         net (fo=5, routed)           0.545    10.607    control_inst/FSM_sequential_state[4]_i_1_n_0
    SLICE_X34Y11         FDRE                                         r  control_inst/FSM_sequential_state_reg[0]/CE
  -------------------------------------------------------------------    -------------------

                         (clock clk rise edge)       20.000    20.000 r  
    U18                                               0.000    20.000 r  clk (IN)
                         net (fo=0)                   0.000    20.000    clk
    U18                  IBUF (Prop_ibuf_I_O)         1.459    21.459 r  clk_IBUF_inst/O
                         net (fo=1, routed)           1.880    23.339    clk_IBUF
    BUFGCTRL_X0Y2        BUFG (Prop_bufg_I_O)         0.091    23.430 r  clk_IBUF_BUFG_inst/O
                         net (fo=152, routed)         1.497    24.927    control_inst/clk
    SLICE_X34Y11         FDRE                                         r  control_inst/FSM_sequential_state_reg[0]/C
                         clock pessimism              0.429    25.356    
                         clock uncertainty           -0.035    25.321    
    SLICE_X34Y11         FDRE (Setup_fdre_C_CE)      -0.169    25.152    control_inst/FSM_sequential_state_reg[0]
  -------------------------------------------------------------------
                         required time                         25.152    
                         arrival time                         -10.607    
  -------------------------------------------------------------------
                         slack                                 14.544    

Slack (MET) :             14.626ns  (required time - arrival time)
  Source:                 control_inst/FSM_sequential_state_reg[4]/C
                            (rising edge-triggered cell FDRE clocked by clk  {rise@0.000ns fall@10.000ns period=20.000ns})
  Destination:            control_inst/FSM_sequential_state_reg[1]/CE
                            (rising edge-triggered cell FDRE clocked by clk  {rise@0.000ns fall@10.000ns period=20.000ns})
  Path Group:             clk
  Path Type:              Setup (Max at Slow Process Corner)
  Requirement:            20.000ns  (clk rise@20.000ns - clk rise@0.000ns)
  Data Path Delay:        5.075ns  (logic 0.704ns (13.872%)  route 4.371ns (86.128%))
  Logic Levels:           2  (LUT5=1 LUT6=1)
  Clock Path Skew:        -0.059ns (DCD - SCD + CPR)
    Destination Clock Delay (DCD):    4.927ns = ( 24.927 - 20.000 ) 
    Source Clock Delay      (SCD):    5.378ns
    Clock Pessimism Removal (CPR):    0.392ns
  Clock Uncertainty:      0.035ns  ((TSJ^2 + TIJ^2)^1/2 + DJ) / 2 + PE
    Total System Jitter     (TSJ):    0.071ns
    Total Input Jitter      (TIJ):    0.000ns
    Discrete Jitter          (DJ):    0.000ns
    Phase Error              (PE):    0.000ns

    Location             Delay type                Incr(ns)  Path(ns)    Netlist Resource(s)
  -------------------------------------------------------------------    -------------------
                         (clock clk rise edge)        0.000     0.000 r  
    U18                                               0.000     0.000 r  clk (IN)
                         net (fo=0)                   0.000     0.000    clk
    U18                  IBUF (Prop_ibuf_I_O)         1.530     1.530 r  clk_IBUF_inst/O
                         net (fo=1, routed)           2.076     3.606    clk_IBUF
    BUFGCTRL_X0Y2        BUFG (Prop_bufg_I_O)         0.101     3.707 r  clk_IBUF_BUFG_inst/O
                         net (fo=152, routed)         1.671     5.378    control_inst/clk
    SLICE_X35Y11         FDRE                                         r  control_inst/FSM_sequential_state_reg[4]/C
  -------------------------------------------------------------------    -------------------
    SLICE_X35Y11         FDRE (Prop_fdre_C_Q)         0.456     5.834 r  control_inst/FSM_sequential_state_reg[4]/Q
                         net (fo=80, routed)          2.968     8.802    control_inst/Q[0]
    SLICE_X25Y12         LUT6 (Prop_lut6_I4_O)        0.124     8.926 f  control_inst/FSM_sequential_state[4]_i_5/O
                         net (fo=1, routed)           1.012     9.938    control_inst/FSM_sequential_state[4]_i_5_n_0
    SLICE_X32Y11         LUT5 (Prop_lut5_I2_O)        0.124    10.062 r  control_inst/FSM_sequential_state[4]_i_1/O
                         net (fo=5, routed)           0.391    10.453    control_inst/FSM_sequential_state[4]_i_1_n_0
    SLICE_X33Y11         FDRE                                         r  control_inst/FSM_sequential_state_reg[1]/CE
  -------------------------------------------------------------------    -------------------

                         (clock clk rise edge)       20.000    20.000 r  
    U18                                               0.000    20.000 r  clk (IN)
                         net (fo=0)                   0.000    20.000    clk
    U18                  IBUF (Prop_ibuf_I_O)         1.459    21.459 r  clk_IBUF_inst/O
                         net (fo=1, routed)           1.880    23.339    clk_IBUF
    BUFGCTRL_X0Y2        BUFG (Prop_bufg_I_O)         0.091    23.430 r  clk_IBUF_BUFG_inst/O
                         net (fo=152, routed)         1.497    24.927    control_inst/clk
    SLICE_X33Y11         FDRE                                         r  control_inst/FSM_sequential_state_reg[1]/C
                         clock pessimism              0.392    25.319    
                         clock uncertainty           -0.035    25.284    
    SLICE_X33Y11         FDRE (Setup_fdre_C_CE)      -0.205    25.079    control_inst/FSM_sequential_state_reg[1]
  -------------------------------------------------------------------
                         required time                         25.079    
                         arrival time                         -10.453    
  -------------------------------------------------------------------
                         slack                                 14.626    

Slack (MET) :             14.626ns  (required time - arrival time)
  Source:                 control_inst/FSM_sequential_state_reg[4]/C
                            (rising edge-triggered cell FDRE clocked by clk  {rise@0.000ns fall@10.000ns period=20.000ns})
  Destination:            control_inst/FSM_sequential_state_reg[2]/CE
                            (rising edge-triggered cell FDRE clocked by clk  {rise@0.000ns fall@10.000ns period=20.000ns})
  Path Group:             clk
  Path Type:              Setup (Max at Slow Process Corner)
  Requirement:            20.000ns  (clk rise@20.000ns - clk rise@0.000ns)
  Data Path Delay:        5.075ns  (logic 0.704ns (13.872%)  route 4.371ns (86.128%))
  Logic Levels:           2  (LUT5=1 LUT6=1)
  Clock Path Skew:        -0.059ns (DCD - SCD + CPR)
    Destination Clock Delay (DCD):    4.927ns = ( 24.927 - 20.000 ) 
    Source Clock Delay      (SCD):    5.378ns
    Clock Pessimism Removal (CPR):    0.392ns
  Clock Uncertainty:      0.035ns  ((TSJ^2 + TIJ^2)^1/2 + DJ) / 2 + PE
    Total System Jitter     (TSJ):    0.071ns
    Total Input Jitter      (TIJ):    0.000ns
    Discrete Jitter          (DJ):    0.000ns
    Phase Error              (PE):    0.000ns

    Location             Delay type                Incr(ns)  Path(ns)    Netlist Resource(s)
  -------------------------------------------------------------------    -------------------
                         (clock clk rise edge)        0.000     0.000 r  
    U18                                               0.000     0.000 r  clk (IN)
                         net (fo=0)                   0.000     0.000    clk
    U18                  IBUF (Prop_ibuf_I_O)         1.530     1.530 r  clk_IBUF_inst/O
                         net (fo=1, routed)           2.076     3.606    clk_IBUF
    BUFGCTRL_X0Y2        BUFG (Prop_bufg_I_O)         0.101     3.707 r  clk_IBUF_BUFG_inst/O
                         net (fo=152, routed)         1.671     5.378    control_inst/clk
    SLICE_X35Y11         FDRE                                         r  control_inst/FSM_sequential_state_reg[4]/C
  -------------------------------------------------------------------    -------------------
    SLICE_X35Y11         FDRE (Prop_fdre_C_Q)         0.456     5.834 r  control_inst/FSM_sequential_state_reg[4]/Q
                         net (fo=80, routed)          2.968     8.802    control_inst/Q[0]
    SLICE_X25Y12         LUT6 (Prop_lut6_I4_O)        0.124     8.926 f  control_inst/FSM_sequential_state[4]_i_5/O
                         net (fo=1, routed)           1.012     9.938    control_inst/FSM_sequential_state[4]_i_5_n_0
    SLICE_X32Y11         LUT5 (Prop_lut5_I2_O)        0.124    10.062 r  control_inst/FSM_sequential_state[4]_i_1/O
                         net (fo=5, routed)           0.391    10.453    control_inst/FSM_sequential_state[4]_i_1_n_0
    SLICE_X33Y11         FDRE                                         r  control_inst/FSM_sequential_state_reg[2]/CE
  -------------------------------------------------------------------    -------------------

                         (clock clk rise edge)       20.000    20.000 r  
    U18                                               0.000    20.000 r  clk (IN)
                         net (fo=0)                   0.000    20.000    clk
    U18                  IBUF (Prop_ibuf_I_O)         1.459    21.459 r  clk_IBUF_inst/O
                         net (fo=1, routed)           1.880    23.339    clk_IBUF
    BUFGCTRL_X0Y2        BUFG (Prop_bufg_I_O)         0.091    23.430 r  clk_IBUF_BUFG_inst/O
                         net (fo=152, routed)         1.497    24.927    control_inst/clk
    SLICE_X33Y11         FDRE                                         r  control_inst/FSM_sequential_state_reg[2]/C
                         clock pessimism              0.392    25.319    
                         clock uncertainty           -0.035    25.284    
    SLICE_X33Y11         FDRE (Setup_fdre_C_CE)      -0.205    25.079    control_inst/FSM_sequential_state_reg[2]
  -------------------------------------------------------------------
                         required time                         25.079    
                         arrival time                         -10.453    
  -------------------------------------------------------------------
                         slack                                 14.626    

Slack (MET) :             14.626ns  (required time - arrival time)
  Source:                 control_inst/FSM_sequential_state_reg[4]/C
                            (rising edge-triggered cell FDRE clocked by clk  {rise@0.000ns fall@10.000ns period=20.000ns})
  Destination:            control_inst/FSM_sequential_state_reg[3]/CE
                            (rising edge-triggered cell FDRE clocked by clk  {rise@0.000ns fall@10.000ns period=20.000ns})
  Path Group:             clk
  Path Type:              Setup (Max at Slow Process Corner)
  Requirement:            20.000ns  (clk rise@20.000ns - clk rise@0.000ns)
  Data Path Delay:        5.075ns  (logic 0.704ns (13.872%)  route 4.371ns (86.128%))
  Logic Levels:           2  (LUT5=1 LUT6=1)
  Clock Path Skew:        -0.059ns (DCD - SCD + CPR)
    Destination Clock Delay (DCD):    4.927ns = ( 24.927 - 20.000 ) 
    Source Clock Delay      (SCD):    5.378ns
    Clock Pessimism Removal (CPR):    0.392ns
  Clock Uncertainty:      0.035ns  ((TSJ^2 + TIJ^2)^1/2 + DJ) / 2 + PE
    Total System Jitter     (TSJ):    0.071ns
    Total Input Jitter      (TIJ):    0.000ns
    Discrete Jitter          (DJ):    0.000ns
    Phase Error              (PE):    0.000ns

    Location             Delay type                Incr(ns)  Path(ns)    Netlist Resource(s)
  -------------------------------------------------------------------    -------------------
                         (clock clk rise edge)        0.000     0.000 r  
    U18                                               0.000     0.000 r  clk (IN)
                         net (fo=0)                   0.000     0.000    clk
    U18                  IBUF (Prop_ibuf_I_O)         1.530     1.530 r  clk_IBUF_inst/O
                         net (fo=1, routed)           2.076     3.606    clk_IBUF
    BUFGCTRL_X0Y2        BUFG (Prop_bufg_I_O)         0.101     3.707 r  clk_IBUF_BUFG_inst/O
                         net (fo=152, routed)         1.671     5.378    control_inst/clk
    SLICE_X35Y11         FDRE                                         r  control_inst/FSM_sequential_state_reg[4]/C
  -------------------------------------------------------------------    -------------------
    SLICE_X35Y11         FDRE (Prop_fdre_C_Q)         0.456     5.834 r  control_inst/FSM_sequential_state_reg[4]/Q
                         net (fo=80, routed)          2.968     8.802    control_inst/Q[0]
    SLICE_X25Y12         LUT6 (Prop_lut6_I4_O)        0.124     8.926 f  control_inst/FSM_sequential_state[4]_i_5/O
                         net (fo=1, routed)           1.012     9.938    control_inst/FSM_sequential_state[4]_i_5_n_0
    SLICE_X32Y11         LUT5 (Prop_lut5_I2_O)        0.124    10.062 r  control_inst/FSM_sequential_state[4]_i_1/O
                         net (fo=5, routed)           0.391    10.453    control_inst/FSM_sequential_state[4]_i_1_n_0
    SLICE_X33Y11         FDRE                                         r  control_inst/FSM_sequential_state_reg[3]/CE
  -------------------------------------------------------------------    -------------------

                         (clock clk rise edge)       20.000    20.000 r  
    U18                                               0.000    20.000 r  clk (IN)
                         net (fo=0)                   0.000    20.000    clk
    U18                  IBUF (Prop_ibuf_I_O)         1.459    21.459 r  clk_IBUF_inst/O
                         net (fo=1, routed)           1.880    23.339    clk_IBUF
    BUFGCTRL_X0Y2        BUFG (Prop_bufg_I_O)         0.091    23.430 r  clk_IBUF_BUFG_inst/O
                         net (fo=152, routed)         1.497    24.927    control_inst/clk
    SLICE_X33Y11         FDRE                                         r  control_inst/FSM_sequential_state_reg[3]/C
                         clock pessimism              0.392    25.319    
                         clock uncertainty           -0.035    25.284    
    SLICE_X33Y11         FDRE (Setup_fdre_C_CE)      -0.205    25.079    control_inst/FSM_sequential_state_reg[3]
  -------------------------------------------------------------------
                         required time                         25.079    
                         arrival time                         -10.453    
  -------------------------------------------------------------------
                         slack                                 14.626    

Slack (MET) :             14.688ns  (required time - arrival time)
  Source:                 datapath_inst/dataStorageCounter_inst/tmp_reg[3]/C
                            (rising edge-triggered cell FDRE clocked by clk  {rise@0.000ns fall@10.000ns period=20.000ns})
  Destination:            control_inst/FSM_sequential_state_reg[4]/D
                            (rising edge-triggered cell FDRE clocked by clk  {rise@0.000ns fall@10.000ns period=20.000ns})
  Path Group:             clk
  Path Type:              Setup (Max at Slow Process Corner)
  Requirement:            20.000ns  (clk rise@20.000ns - clk rise@0.000ns)
  Data Path Delay:        5.171ns  (logic 1.713ns (33.130%)  route 3.458ns (66.870%))
  Logic Levels:           4  (CARRY4=1 LUT2=1 LUT3=1 LUT6=1)
  Clock Path Skew:        -0.135ns (DCD - SCD + CPR)
    Destination Clock Delay (DCD):    4.927ns = ( 24.927 - 20.000 ) 
    Source Clock Delay      (SCD):    5.454ns
    Clock Pessimism Removal (CPR):    0.392ns
  Clock Uncertainty:      0.035ns  ((TSJ^2 + TIJ^2)^1/2 + DJ) / 2 + PE
    Total System Jitter     (TSJ):    0.071ns
    Total Input Jitter      (TIJ):    0.000ns
    Discrete Jitter          (DJ):    0.000ns
    Phase Error              (PE):    0.000ns

    Location             Delay type                Incr(ns)  Path(ns)    Netlist Resource(s)
  -------------------------------------------------------------------    -------------------
                         (clock clk rise edge)        0.000     0.000 r  
    U18                                               0.000     0.000 r  clk (IN)
                         net (fo=0)                   0.000     0.000    clk
    U18                  IBUF (Prop_ibuf_I_O)         1.530     1.530 r  clk_IBUF_inst/O
                         net (fo=1, routed)           2.076     3.606    clk_IBUF
    BUFGCTRL_X0Y2        BUFG (Prop_bufg_I_O)         0.101     3.707 r  clk_IBUF_BUFG_inst/O
                         net (fo=152, routed)         1.747     5.454    datapath_inst/dataStorageCounter_inst/clk
    SLICE_X36Y13         FDRE                                         r  datapath_inst/dataStorageCounter_inst/tmp_reg[3]/C
  -------------------------------------------------------------------    -------------------
    SLICE_X36Y13         FDRE (Prop_fdre_C_Q)         0.419     5.873 f  datapath_inst/dataStorageCounter_inst/tmp_reg[3]/Q
                         net (fo=9, routed)           1.904     7.777    datapath_inst/dataStorageCounter_inst/Q[3]
    SLICE_X34Y12         LUT2 (Prop_lut2_I1_O)        0.299     8.076 r  datapath_inst/dataStorageCounter_inst/tmp1_carry_i_7__3/O
                         net (fo=1, routed)           0.000     8.076    datapath_inst/ch1BRAMCompare_inst/S[0]
    SLICE_X34Y12         CARRY4 (Prop_carry4_S[0]_CO[3])
                                                      0.513     8.589 f  datapath_inst/ch1BRAMCompare_inst/tmp1_carry/CO[3]
                         net (fo=3, routed)           0.885     9.474    datapath_inst/dataStorageCounter_inst/CO[0]
    SLICE_X35Y11         LUT3 (Prop_lut3_I1_O)        0.150     9.624 r  datapath_inst/dataStorageCounter_inst/FSM_sequential_state[4]_i_7/O
                         net (fo=1, routed)           0.669    10.293    control_inst/FSM_sequential_state_reg[4]_1
    SLICE_X35Y11         LUT6 (Prop_lut6_I1_O)        0.332    10.625 r  control_inst/FSM_sequential_state[4]_i_2/O
                         net (fo=1, routed)           0.000    10.625    control_inst/FSM_sequential_state[4]_i_2_n_0
    SLICE_X35Y11         FDRE                                         r  control_inst/FSM_sequential_state_reg[4]/D
  -------------------------------------------------------------------    -------------------

                         (clock clk rise edge)       20.000    20.000 r  
    U18                                               0.000    20.000 r  clk (IN)
                         net (fo=0)                   0.000    20.000    clk
    U18                  IBUF (Prop_ibuf_I_O)         1.459    21.459 r  clk_IBUF_inst/O
                         net (fo=1, routed)           1.880    23.339    clk_IBUF
    BUFGCTRL_X0Y2        BUFG (Prop_bufg_I_O)         0.091    23.430 r  clk_IBUF_BUFG_inst/O
                         net (fo=152, routed)         1.497    24.927    control_inst/clk
    SLICE_X35Y11         FDRE                                         r  control_inst/FSM_sequential_state_reg[4]/C
                         clock pessimism              0.392    25.319    
                         clock uncertainty           -0.035    25.284    
    SLICE_X35Y11         FDRE (Setup_fdre_C_D)        0.029    25.313    control_inst/FSM_sequential_state_reg[4]
  -------------------------------------------------------------------
                         required time                         25.313    
                         arrival time                         -10.625    
  -------------------------------------------------------------------
                         slack                                 14.688    

Slack (MET) :             14.720ns  (required time - arrival time)
  Source:                 control_inst/FSM_sequential_state_reg[4]/C
                            (rising edge-triggered cell FDRE clocked by clk  {rise@0.000ns fall@10.000ns period=20.000ns})
  Destination:            control_inst/FSM_sequential_state_reg[4]/CE
                            (rising edge-triggered cell FDRE clocked by clk  {rise@0.000ns fall@10.000ns period=20.000ns})
  Path Group:             clk
  Path Type:              Setup (Max at Slow Process Corner)
  Requirement:            20.000ns  (clk rise@20.000ns - clk rise@0.000ns)
  Data Path Delay:        5.040ns  (logic 0.704ns (13.968%)  route 4.336ns (86.032%))
  Logic Levels:           2  (LUT5=1 LUT6=1)
  Clock Path Skew:        0.000ns (DCD - SCD + CPR)
    Destination Clock Delay (DCD):    4.927ns = ( 24.927 - 20.000 ) 
    Source Clock Delay      (SCD):    5.378ns
    Clock Pessimism Removal (CPR):    0.451ns
  Clock Uncertainty:      0.035ns  ((TSJ^2 + TIJ^2)^1/2 + DJ) / 2 + PE
    Total System Jitter     (TSJ):    0.071ns
    Total Input Jitter      (TIJ):    0.000ns
    Discrete Jitter          (DJ):    0.000ns
    Phase Error              (PE):    0.000ns

    Location             Delay type                Incr(ns)  Path(ns)    Netlist Resource(s)
  -------------------------------------------------------------------    -------------------
                         (clock clk rise edge)        0.000     0.000 r  
    U18                                               0.000     0.000 r  clk (IN)
                         net (fo=0)                   0.000     0.000    clk
    U18                  IBUF (Prop_ibuf_I_O)         1.530     1.530 r  clk_IBUF_inst/O
                         net (fo=1, routed)           2.076     3.606    clk_IBUF
    BUFGCTRL_X0Y2        BUFG (Prop_bufg_I_O)         0.101     3.707 r  clk_IBUF_BUFG_inst/O
                         net (fo=152, routed)         1.671     5.378    control_inst/clk
    SLICE_X35Y11         FDRE                                         r  control_inst/FSM_sequential_state_reg[4]/C
  -------------------------------------------------------------------    -------------------
    SLICE_X35Y11         FDRE (Prop_fdre_C_Q)         0.456     5.834 r  control_inst/FSM_sequential_state_reg[4]/Q
                         net (fo=80, routed)          2.968     8.802    control_inst/Q[0]
    SLICE_X25Y12         LUT6 (Prop_lut6_I4_O)        0.124     8.926 f  control_inst/FSM_sequential_state[4]_i_5/O
                         net (fo=1, routed)           1.012     9.938    control_inst/FSM_sequential_state[4]_i_5_n_0
    SLICE_X32Y11         LUT5 (Prop_lut5_I2_O)        0.124    10.062 r  control_inst/FSM_sequential_state[4]_i_1/O
                         net (fo=5, routed)           0.356    10.418    control_inst/FSM_sequential_state[4]_i_1_n_0
    SLICE_X35Y11         FDRE                                         r  control_inst/FSM_sequential_state_reg[4]/CE
  -------------------------------------------------------------------    -------------------

                         (clock clk rise edge)       20.000    20.000 r  
    U18                                               0.000    20.000 r  clk (IN)
                         net (fo=0)                   0.000    20.000    clk
    U18                  IBUF (Prop_ibuf_I_O)         1.459    21.459 r  clk_IBUF_inst/O
                         net (fo=1, routed)           1.880    23.339    clk_IBUF
    BUFGCTRL_X0Y2        BUFG (Prop_bufg_I_O)         0.091    23.430 r  clk_IBUF_BUFG_inst/O
                         net (fo=152, routed)         1.497    24.927    control_inst/clk
    SLICE_X35Y11         FDRE                                         r  control_inst/FSM_sequential_state_reg[4]/C
                         clock pessimism              0.451    25.378    
                         clock uncertainty           -0.035    25.343    
    SLICE_X35Y11         FDRE (Setup_fdre_C_CE)      -0.205    25.138    control_inst/FSM_sequential_state_reg[4]
  -------------------------------------------------------------------
                         required time                         25.138    
                         arrival time                         -10.418    
  -------------------------------------------------------------------
                         slack                                 14.720    

Slack (MET) :             14.777ns  (required time - arrival time)
  Source:                 datapath_inst/dataStorageCounter_inst/tmp_reg[3]/C
                            (rising edge-triggered cell FDRE clocked by clk  {rise@0.000ns fall@10.000ns period=20.000ns})
  Destination:            control_inst/FSM_sequential_state_reg[1]/D
                            (rising edge-triggered cell FDRE clocked by clk  {rise@0.000ns fall@10.000ns period=20.000ns})
  Path Group:             clk
  Path Type:              Setup (Max at Slow Process Corner)
  Requirement:            20.000ns  (clk rise@20.000ns - clk rise@0.000ns)
  Data Path Delay:        5.081ns  (logic 1.479ns (29.107%)  route 3.602ns (70.893%))
  Logic Levels:           4  (CARRY4=1 LUT2=1 LUT5=1 LUT6=1)
  Clock Path Skew:        -0.135ns (DCD - SCD + CPR)
    Destination Clock Delay (DCD):    4.927ns = ( 24.927 - 20.000 ) 
    Source Clock Delay      (SCD):    5.454ns
    Clock Pessimism Removal (CPR):    0.392ns
  Clock Uncertainty:      0.035ns  ((TSJ^2 + TIJ^2)^1/2 + DJ) / 2 + PE
    Total System Jitter     (TSJ):    0.071ns
    Total Input Jitter      (TIJ):    0.000ns
    Discrete Jitter          (DJ):    0.000ns
    Phase Error              (PE):    0.000ns

    Location             Delay type                Incr(ns)  Path(ns)    Netlist Resource(s)
  -------------------------------------------------------------------    -------------------
                         (clock clk rise edge)        0.000     0.000 r  
    U18                                               0.000     0.000 r  clk (IN)
                         net (fo=0)                   0.000     0.000    clk
    U18                  IBUF (Prop_ibuf_I_O)         1.530     1.530 r  clk_IBUF_inst/O
                         net (fo=1, routed)           2.076     3.606    clk_IBUF
    BUFGCTRL_X0Y2        BUFG (Prop_bufg_I_O)         0.101     3.707 r  clk_IBUF_BUFG_inst/O
                         net (fo=152, routed)         1.747     5.454    datapath_inst/dataStorageCounter_inst/clk
    SLICE_X36Y13         FDRE                                         r  datapath_inst/dataStorageCounter_inst/tmp_reg[3]/C
  -------------------------------------------------------------------    -------------------
    SLICE_X36Y13         FDRE (Prop_fdre_C_Q)         0.419     5.873 f  datapath_inst/dataStorageCounter_inst/tmp_reg[3]/Q
                         net (fo=9, routed)           1.904     7.777    datapath_inst/dataStorageCounter_inst/Q[3]
    SLICE_X34Y12         LUT2 (Prop_lut2_I1_O)        0.299     8.076 r  datapath_inst/dataStorageCounter_inst/tmp1_carry_i_7__3/O
                         net (fo=1, routed)           0.000     8.076    datapath_inst/ch1BRAMCompare_inst/S[0]
    SLICE_X34Y12         CARRY4 (Prop_carry4_S[0]_CO[3])
                                                      0.513     8.589 f  datapath_inst/ch1BRAMCompare_inst/tmp1_carry/CO[3]
                         net (fo=3, routed)           1.107     9.696    datapath_inst/dataStorageCounter_inst/CO[0]
    SLICE_X34Y11         LUT5 (Prop_lut5_I1_O)        0.124     9.820 r  datapath_inst/dataStorageCounter_inst/FSM_sequential_state[2]_i_2/O
                         net (fo=2, routed)           0.591    10.411    control_inst/FSM_sequential_state_reg[1]_1
    SLICE_X33Y11         LUT6 (Prop_lut6_I5_O)        0.124    10.535 r  control_inst/FSM_sequential_state[1]_i_1/O
                         net (fo=1, routed)           0.000    10.535    control_inst/FSM_sequential_state[1]_i_1_n_0
    SLICE_X33Y11         FDRE                                         r  control_inst/FSM_sequential_state_reg[1]/D
  -------------------------------------------------------------------    -------------------

                         (clock clk rise edge)       20.000    20.000 r  
    U18                                               0.000    20.000 r  clk (IN)
                         net (fo=0)                   0.000    20.000    clk
    U18                  IBUF (Prop_ibuf_I_O)         1.459    21.459 r  clk_IBUF_inst/O
                         net (fo=1, routed)           1.880    23.339    clk_IBUF
    BUFGCTRL_X0Y2        BUFG (Prop_bufg_I_O)         0.091    23.430 r  clk_IBUF_BUFG_inst/O
                         net (fo=152, routed)         1.497    24.927    control_inst/clk
    SLICE_X33Y11         FDRE                                         r  control_inst/FSM_sequential_state_reg[1]/C
                         clock pessimism              0.392    25.319    
                         clock uncertainty           -0.035    25.284    
    SLICE_X33Y11         FDRE (Setup_fdre_C_D)        0.029    25.313    control_inst/FSM_sequential_state_reg[1]
  -------------------------------------------------------------------
                         required time                         25.313    
                         arrival time                         -10.535    
  -------------------------------------------------------------------
                         slack                                 14.777    

Slack (MET) :             14.947ns  (required time - arrival time)
  Source:                 datapath_inst/dataStorageCounter_inst/tmp_reg[3]/C
                            (rising edge-triggered cell FDRE clocked by clk  {rise@0.000ns fall@10.000ns period=20.000ns})
  Destination:            control_inst/FSM_sequential_state_reg[2]/D
                            (rising edge-triggered cell FDRE clocked by clk  {rise@0.000ns fall@10.000ns period=20.000ns})
  Path Group:             clk
  Path Type:              Setup (Max at Slow Process Corner)
  Requirement:            20.000ns  (clk rise@20.000ns - clk rise@0.000ns)
  Data Path Delay:        4.913ns  (logic 1.479ns (30.103%)  route 3.434ns (69.897%))
  Logic Levels:           4  (CARRY4=1 LUT2=1 LUT5=1 LUT6=1)
  Clock Path Skew:        -0.135ns (DCD - SCD + CPR)
    Destination Clock Delay (DCD):    4.927ns = ( 24.927 - 20.000 ) 
    Source Clock Delay      (SCD):    5.454ns
    Clock Pessimism Removal (CPR):    0.392ns
  Clock Uncertainty:      0.035ns  ((TSJ^2 + TIJ^2)^1/2 + DJ) / 2 + PE
    Total System Jitter     (TSJ):    0.071ns
    Total Input Jitter      (TIJ):    0.000ns
    Discrete Jitter          (DJ):    0.000ns
    Phase Error              (PE):    0.000ns

    Location             Delay type                Incr(ns)  Path(ns)    Netlist Resource(s)
  -------------------------------------------------------------------    -------------------
                         (clock clk rise edge)        0.000     0.000 r  
    U18                                               0.000     0.000 r  clk (IN)
                         net (fo=0)                   0.000     0.000    clk
    U18                  IBUF (Prop_ibuf_I_O)         1.530     1.530 r  clk_IBUF_inst/O
                         net (fo=1, routed)           2.076     3.606    clk_IBUF
    BUFGCTRL_X0Y2        BUFG (Prop_bufg_I_O)         0.101     3.707 r  clk_IBUF_BUFG_inst/O
                         net (fo=152, routed)         1.747     5.454    datapath_inst/dataStorageCounter_inst/clk
    SLICE_X36Y13         FDRE                                         r  datapath_inst/dataStorageCounter_inst/tmp_reg[3]/C
  -------------------------------------------------------------------    -------------------
    SLICE_X36Y13         FDRE (Prop_fdre_C_Q)         0.419     5.873 f  datapath_inst/dataStorageCounter_inst/tmp_reg[3]/Q
                         net (fo=9, routed)           1.904     7.777    datapath_inst/dataStorageCounter_inst/Q[3]
    SLICE_X34Y12         LUT2 (Prop_lut2_I1_O)        0.299     8.076 r  datapath_inst/dataStorageCounter_inst/tmp1_carry_i_7__3/O
                         net (fo=1, routed)           0.000     8.076    datapath_inst/ch1BRAMCompare_inst/S[0]
    SLICE_X34Y12         CARRY4 (Prop_carry4_S[0]_CO[3])
                                                      0.513     8.589 r  datapath_inst/ch1BRAMCompare_inst/tmp1_carry/CO[3]
                         net (fo=3, routed)           1.107     9.696    datapath_inst/dataStorageCounter_inst/CO[0]
    SLICE_X34Y11         LUT5 (Prop_lut5_I1_O)        0.124     9.820 f  datapath_inst/dataStorageCounter_inst/FSM_sequential_state[2]_i_2/O
                         net (fo=2, routed)           0.423    10.243    control_inst/FSM_sequential_state_reg[1]_1
    SLICE_X33Y11         LUT6 (Prop_lut6_I0_O)        0.124    10.367 r  control_inst/FSM_sequential_state[2]_i_1/O
                         net (fo=1, routed)           0.000    10.367    control_inst/FSM_sequential_state[2]_i_1_n_0
    SLICE_X33Y11         FDRE                                         r  control_inst/FSM_sequential_state_reg[2]/D
  -------------------------------------------------------------------    -------------------

                         (clock clk rise edge)       20.000    20.000 r  
    U18                                               0.000    20.000 r  clk (IN)
                         net (fo=0)                   0.000    20.000    clk
    U18                  IBUF (Prop_ibuf_I_O)         1.459    21.459 r  clk_IBUF_inst/O
                         net (fo=1, routed)           1.880    23.339    clk_IBUF
    BUFGCTRL_X0Y2        BUFG (Prop_bufg_I_O)         0.091    23.430 r  clk_IBUF_BUFG_inst/O
                         net (fo=152, routed)         1.497    24.927    control_inst/clk
    SLICE_X33Y11         FDRE                                         r  control_inst/FSM_sequential_state_reg[2]/C
                         clock pessimism              0.392    25.319    
                         clock uncertainty           -0.035    25.284    
    SLICE_X33Y11         FDRE (Setup_fdre_C_D)        0.031    25.315    control_inst/FSM_sequential_state_reg[2]
  -------------------------------------------------------------------
                         required time                         25.315    
                         arrival time                         -10.367    
  -------------------------------------------------------------------
                         slack                                 14.947    

Slack (MET) :             15.346ns  (required time - arrival time)
  Source:                 control_inst/FSM_sequential_state_reg[0]/C
                            (rising edge-triggered cell FDRE clocked by clk  {rise@0.000ns fall@10.000ns period=20.000ns})
  Destination:            datapath_inst/ch2TriggerRegPrev_inst/q_reg[4]/CE
                            (rising edge-triggered cell FDRE clocked by clk  {rise@0.000ns fall@10.000ns period=20.000ns})
  Path Group:             clk
  Path Type:              Setup (Max at Slow Process Corner)
  Requirement:            20.000ns  (clk rise@20.000ns - clk rise@0.000ns)
  Data Path Delay:        4.346ns  (logic 0.642ns (14.773%)  route 3.704ns (85.227%))
  Logic Levels:           1  (LUT3=1)
  Clock Path Skew:        -0.068ns (DCD - SCD + CPR)
    Destination Clock Delay (DCD):    4.918ns = ( 24.918 - 20.000 ) 
    Source Clock Delay      (SCD):    5.378ns
    Clock Pessimism Removal (CPR):    0.392ns
  Clock Uncertainty:      0.035ns  ((TSJ^2 + TIJ^2)^1/2 + DJ) / 2 + PE
    Total System Jitter     (TSJ):    0.071ns
    Total Input Jitter      (TIJ):    0.000ns
    Discrete Jitter          (DJ):    0.000ns
    Phase Error              (PE):    0.000ns

    Location             Delay type                Incr(ns)  Path(ns)    Netlist Resource(s)
  -------------------------------------------------------------------    -------------------
                         (clock clk rise edge)        0.000     0.000 r  
    U18                                               0.000     0.000 r  clk (IN)
                         net (fo=0)                   0.000     0.000    clk
    U18                  IBUF (Prop_ibuf_I_O)         1.530     1.530 r  clk_IBUF_inst/O
                         net (fo=1, routed)           2.076     3.606    clk_IBUF
    BUFGCTRL_X0Y2        BUFG (Prop_bufg_I_O)         0.101     3.707 r  clk_IBUF_BUFG_inst/O
                         net (fo=152, routed)         1.671     5.378    control_inst/clk
    SLICE_X34Y11         FDRE                                         r  control_inst/FSM_sequential_state_reg[0]/C
  -------------------------------------------------------------------    -------------------
    SLICE_X34Y11         FDRE (Prop_fdre_C_Q)         0.518     5.896 f  control_inst/FSM_sequential_state_reg[0]/Q
                         net (fo=82, routed)          2.177     8.073    control_inst/state[0]
    SLICE_X30Y20         LUT3 (Prop_lut3_I1_O)        0.124     8.197 r  control_inst/q[15]_i_1__0/O
                         net (fo=32, routed)          1.527     9.724    datapath_inst/ch2TriggerRegPrev_inst/q_reg[15]_0[0]
    SLICE_X26Y20         FDRE                                         r  datapath_inst/ch2TriggerRegPrev_inst/q_reg[4]/CE
  -------------------------------------------------------------------    -------------------

                         (clock clk rise edge)       20.000    20.000 r  
    U18                                               0.000    20.000 r  clk (IN)
                         net (fo=0)                   0.000    20.000    clk
    U18                  IBUF (Prop_ibuf_I_O)         1.459    21.459 r  clk_IBUF_inst/O
                         net (fo=1, routed)           1.880    23.339    clk_IBUF
    BUFGCTRL_X0Y2        BUFG (Prop_bufg_I_O)         0.091    23.430 r  clk_IBUF_BUFG_inst/O
                         net (fo=152, routed)         1.488    24.918    datapath_inst/ch2TriggerRegPrev_inst/clk
    SLICE_X26Y20         FDRE                                         r  datapath_inst/ch2TriggerRegPrev_inst/q_reg[4]/C
                         clock pessimism              0.392    25.310    
                         clock uncertainty           -0.035    25.275    
    SLICE_X26Y20         FDRE (Setup_fdre_C_CE)      -0.205    25.070    datapath_inst/ch2TriggerRegPrev_inst/q_reg[4]
  -------------------------------------------------------------------
                         required time                         25.070    
                         arrival time                          -9.724    
  -------------------------------------------------------------------
                         slack                                 15.346    





Min Delay Paths
--------------------------------------------------------------------------------------
Slack (MET) :             0.133ns  (arrival time - required time)
  Source:                 datapath_inst/ch1TriggerRegCurr_inst/q_reg[12]/C
                            (rising edge-triggered cell FDRE clocked by clk  {rise@0.000ns fall@10.000ns period=20.000ns})
  Destination:            datapath_inst/ch1TriggerRegPrev_inst/q_reg[12]/D
                            (rising edge-triggered cell FDRE clocked by clk  {rise@0.000ns fall@10.000ns period=20.000ns})
  Path Group:             clk
  Path Type:              Hold (Min at Fast Process Corner)
  Requirement:            0.000ns  (clk rise@0.000ns - clk rise@0.000ns)
  Data Path Delay:        0.209ns  (logic 0.141ns (67.454%)  route 0.068ns (32.546%))
  Logic Levels:           0  
  Clock Path Skew:        0.000ns (DCD - SCD - CPR)
    Destination Clock Delay (DCD):    2.051ns
    Source Clock Delay      (SCD):    1.536ns
    Clock Pessimism Removal (CPR):    0.515ns

    Location             Delay type                Incr(ns)  Path(ns)    Netlist Resource(s)
  -------------------------------------------------------------------    -------------------
                         (clock clk rise edge)        0.000     0.000 r  
    U18                                               0.000     0.000 r  clk (IN)
                         net (fo=0)                   0.000     0.000    clk
    U18                  IBUF (Prop_ibuf_I_O)         0.297     0.297 r  clk_IBUF_inst/O
                         net (fo=1, routed)           0.627     0.925    clk_IBUF
    BUFGCTRL_X0Y2        BUFG (Prop_bufg_I_O)         0.026     0.951 r  clk_IBUF_BUFG_inst/O
                         net (fo=152, routed)         0.586     1.536    datapath_inst/ch1TriggerRegCurr_inst/clk
    SLICE_X39Y15         FDRE                                         r  datapath_inst/ch1TriggerRegCurr_inst/q_reg[12]/C
  -------------------------------------------------------------------    -------------------
    SLICE_X39Y15         FDRE (Prop_fdre_C_Q)         0.141     1.677 r  datapath_inst/ch1TriggerRegCurr_inst/q_reg[12]/Q
                         net (fo=3, routed)           0.068     1.745    datapath_inst/ch1TriggerRegPrev_inst/D[12]
    SLICE_X39Y15         FDRE                                         r  datapath_inst/ch1TriggerRegPrev_inst/q_reg[12]/D
  -------------------------------------------------------------------    -------------------

                         (clock clk rise edge)        0.000     0.000 r  
    U18                                               0.000     0.000 r  clk (IN)
                         net (fo=0)                   0.000     0.000    clk
    U18                  IBUF (Prop_ibuf_I_O)         0.486     0.486 r  clk_IBUF_inst/O
                         net (fo=1, routed)           0.683     1.169    clk_IBUF
    BUFGCTRL_X0Y2        BUFG (Prop_bufg_I_O)         0.029     1.198 r  clk_IBUF_BUFG_inst/O
                         net (fo=152, routed)         0.853     2.051    datapath_inst/ch1TriggerRegPrev_inst/clk
    SLICE_X39Y15         FDRE                                         r  datapath_inst/ch1TriggerRegPrev_inst/q_reg[12]/C
                         clock pessimism             -0.515     1.536    
    SLICE_X39Y15         FDRE (Hold_fdre_C_D)         0.076     1.612    datapath_inst/ch1TriggerRegPrev_inst/q_reg[12]
  -------------------------------------------------------------------
                         required time                         -1.612    
                         arrival time                           1.745    
  -------------------------------------------------------------------
                         slack                                  0.133    

Slack (MET) :             0.138ns  (arrival time - required time)
  Source:                 datapath_inst/ch1TriggerRegCurr_inst/q_reg[11]/C
                            (rising edge-triggered cell FDRE clocked by clk  {rise@0.000ns fall@10.000ns period=20.000ns})
  Destination:            datapath_inst/ch1TriggerRegPrev_inst/q_reg[11]/D
                            (rising edge-triggered cell FDRE clocked by clk  {rise@0.000ns fall@10.000ns period=20.000ns})
  Path Group:             clk
  Path Type:              Hold (Min at Fast Process Corner)
  Requirement:            0.000ns  (clk rise@0.000ns - clk rise@0.000ns)
  Data Path Delay:        0.209ns  (logic 0.141ns (67.454%)  route 0.068ns (32.546%))
  Logic Levels:           0  
  Clock Path Skew:        0.000ns (DCD - SCD - CPR)
    Destination Clock Delay (DCD):    2.051ns
    Source Clock Delay      (SCD):    1.536ns
    Clock Pessimism Removal (CPR):    0.515ns

    Location             Delay type                Incr(ns)  Path(ns)    Netlist Resource(s)
  -------------------------------------------------------------------    -------------------
                         (clock clk rise edge)        0.000     0.000 r  
    U18                                               0.000     0.000 r  clk (IN)
                         net (fo=0)                   0.000     0.000    clk
    U18                  IBUF (Prop_ibuf_I_O)         0.297     0.297 r  clk_IBUF_inst/O
                         net (fo=1, routed)           0.627     0.925    clk_IBUF
    BUFGCTRL_X0Y2        BUFG (Prop_bufg_I_O)         0.026     0.951 r  clk_IBUF_BUFG_inst/O
                         net (fo=152, routed)         0.586     1.536    datapath_inst/ch1TriggerRegCurr_inst/clk
    SLICE_X39Y15         FDRE                                         r  datapath_inst/ch1TriggerRegCurr_inst/q_reg[11]/C
  -------------------------------------------------------------------    -------------------
    SLICE_X39Y15         FDRE (Prop_fdre_C_Q)         0.141     1.677 r  datapath_inst/ch1TriggerRegCurr_inst/q_reg[11]/Q
                         net (fo=3, routed)           0.068     1.745    datapath_inst/ch1TriggerRegPrev_inst/D[11]
    SLICE_X39Y15         FDRE                                         r  datapath_inst/ch1TriggerRegPrev_inst/q_reg[11]/D
  -------------------------------------------------------------------    -------------------

                         (clock clk rise edge)        0.000     0.000 r  
    U18                                               0.000     0.000 r  clk (IN)
                         net (fo=0)                   0.000     0.000    clk
    U18                  IBUF (Prop_ibuf_I_O)         0.486     0.486 r  clk_IBUF_inst/O
                         net (fo=1, routed)           0.683     1.169    clk_IBUF
    BUFGCTRL_X0Y2        BUFG (Prop_bufg_I_O)         0.029     1.198 r  clk_IBUF_BUFG_inst/O
                         net (fo=152, routed)         0.853     2.051    datapath_inst/ch1TriggerRegPrev_inst/clk
    SLICE_X39Y15         FDRE                                         r  datapath_inst/ch1TriggerRegPrev_inst/q_reg[11]/C
                         clock pessimism             -0.515     1.536    
    SLICE_X39Y15         FDRE (Hold_fdre_C_D)         0.071     1.607    datapath_inst/ch1TriggerRegPrev_inst/q_reg[11]
  -------------------------------------------------------------------
                         required time                         -1.607    
                         arrival time                           1.745    
  -------------------------------------------------------------------
                         slack                                  0.138    

Slack (MET) :             0.151ns  (arrival time - required time)
  Source:                 forcedMode_reg/C
                            (rising edge-triggered cell FDRE clocked by clk  {rise@0.000ns fall@10.000ns period=20.000ns})
  Destination:            forcedModePrev_reg/D
                            (rising edge-triggered cell FDRE clocked by clk  {rise@0.000ns fall@10.000ns period=20.000ns})
  Path Group:             clk
  Path Type:              Hold (Min at Fast Process Corner)
  Requirement:            0.000ns  (clk rise@0.000ns - clk rise@0.000ns)
  Data Path Delay:        0.222ns  (logic 0.141ns (63.506%)  route 0.081ns (36.494%))
  Logic Levels:           0  
  Clock Path Skew:        0.000ns (DCD - SCD - CPR)
    Destination Clock Delay (DCD):    2.055ns
    Source Clock Delay      (SCD):    1.538ns
    Clock Pessimism Removal (CPR):    0.517ns

    Location             Delay type                Incr(ns)  Path(ns)    Netlist Resource(s)
  -------------------------------------------------------------------    -------------------
                         (clock clk rise edge)        0.000     0.000 r  
    U18                                               0.000     0.000 r  clk (IN)
                         net (fo=0)                   0.000     0.000    clk
    U18                  IBUF (Prop_ibuf_I_O)         0.297     0.297 r  clk_IBUF_inst/O
                         net (fo=1, routed)           0.627     0.925    clk_IBUF
    BUFGCTRL_X0Y2        BUFG (Prop_bufg_I_O)         0.026     0.951 r  clk_IBUF_BUFG_inst/O
                         net (fo=152, routed)         0.588     1.538    clk_IBUF_BUFG
    SLICE_X36Y11         FDRE                                         r  forcedMode_reg/C
  -------------------------------------------------------------------    -------------------
    SLICE_X36Y11         FDRE (Prop_fdre_C_Q)         0.141     1.679 r  forcedMode_reg/Q
                         net (fo=5, routed)           0.081     1.760    forcedMode
    SLICE_X36Y11         FDRE                                         r  forcedModePrev_reg/D
  -------------------------------------------------------------------    -------------------

                         (clock clk rise edge)        0.000     0.000 r  
    U18                                               0.000     0.000 r  clk (IN)
                         net (fo=0)                   0.000     0.000    clk
    U18                  IBUF (Prop_ibuf_I_O)         0.486     0.486 r  clk_IBUF_inst/O
                         net (fo=1, routed)           0.683     1.169    clk_IBUF
    BUFGCTRL_X0Y2        BUFG (Prop_bufg_I_O)         0.029     1.198 r  clk_IBUF_BUFG_inst/O
                         net (fo=152, routed)         0.857     2.055    clk_IBUF_BUFG
    SLICE_X36Y11         FDRE                                         r  forcedModePrev_reg/C
                         clock pessimism             -0.517     1.538    
    SLICE_X36Y11         FDRE (Hold_fdre_C_D)         0.071     1.609    forcedModePrev_reg
  -------------------------------------------------------------------
                         required time                         -1.609    
                         arrival time                           1.760    
  -------------------------------------------------------------------
                         slack                                  0.151    

Slack (MET) :             0.164ns  (arrival time - required time)
  Source:                 datapath_inst/ch2TriggerRegCurr_inst/q_reg[12]/C
                            (rising edge-triggered cell FDRE clocked by clk  {rise@0.000ns fall@10.000ns period=20.000ns})
  Destination:            datapath_inst/ch2TriggerRegPrev_inst/q_reg[12]/D
                            (rising edge-triggered cell FDRE clocked by clk  {rise@0.000ns fall@10.000ns period=20.000ns})
  Path Group:             clk
  Path Type:              Hold (Min at Fast Process Corner)
  Requirement:            0.000ns  (clk rise@0.000ns - clk rise@0.000ns)
  Data Path Delay:        0.267ns  (logic 0.141ns (52.731%)  route 0.126ns (47.269%))
  Logic Levels:           0  
  Clock Path Skew:        0.033ns (DCD - SCD - CPR)
    Destination Clock Delay (DCD):    2.017ns
    Source Clock Delay      (SCD):    1.503ns
    Clock Pessimism Removal (CPR):    0.481ns

    Location             Delay type                Incr(ns)  Path(ns)    Netlist Resource(s)
  -------------------------------------------------------------------    -------------------
                         (clock clk rise edge)        0.000     0.000 r  
    U18                                               0.000     0.000 r  clk (IN)
                         net (fo=0)                   0.000     0.000    clk
    U18                  IBUF (Prop_ibuf_I_O)         0.297     0.297 r  clk_IBUF_inst/O
                         net (fo=1, routed)           0.627     0.925    clk_IBUF
    BUFGCTRL_X0Y2        BUFG (Prop_bufg_I_O)         0.026     0.951 r  clk_IBUF_BUFG_inst/O
                         net (fo=152, routed)         0.553     1.503    datapath_inst/ch2TriggerRegCurr_inst/clk
    SLICE_X29Y21         FDRE                                         r  datapath_inst/ch2TriggerRegCurr_inst/q_reg[12]/C
  -------------------------------------------------------------------    -------------------
    SLICE_X29Y21         FDRE (Prop_fdre_C_Q)         0.141     1.644 r  datapath_inst/ch2TriggerRegCurr_inst/q_reg[12]/Q
                         net (fo=3, routed)           0.126     1.771    datapath_inst/ch2TriggerRegPrev_inst/D[12]
    SLICE_X26Y21         FDRE                                         r  datapath_inst/ch2TriggerRegPrev_inst/q_reg[12]/D
  -------------------------------------------------------------------    -------------------

                         (clock clk rise edge)        0.000     0.000 r  
    U18                                               0.000     0.000 r  clk (IN)
                         net (fo=0)                   0.000     0.000    clk
    U18                  IBUF (Prop_ibuf_I_O)         0.486     0.486 r  clk_IBUF_inst/O
                         net (fo=1, routed)           0.683     1.169    clk_IBUF
    BUFGCTRL_X0Y2        BUFG (Prop_bufg_I_O)         0.029     1.198 r  clk_IBUF_BUFG_inst/O
                         net (fo=152, routed)         0.819     2.017    datapath_inst/ch2TriggerRegPrev_inst/clk
    SLICE_X26Y21         FDRE                                         r  datapath_inst/ch2TriggerRegPrev_inst/q_reg[12]/C
                         clock pessimism             -0.481     1.536    
    SLICE_X26Y21         FDRE (Hold_fdre_C_D)         0.070     1.606    datapath_inst/ch2TriggerRegPrev_inst/q_reg[12]
  -------------------------------------------------------------------
                         required time                         -1.606    
                         arrival time                           1.771    
  -------------------------------------------------------------------
                         slack                                  0.164    

Slack (MET) :             0.167ns  (arrival time - required time)
  Source:                 datapath_inst/ch2TriggerRegCurr_inst/q_reg[13]/C
                            (rising edge-triggered cell FDRE clocked by clk  {rise@0.000ns fall@10.000ns period=20.000ns})
  Destination:            datapath_inst/ch2TriggerRegPrev_inst/q_reg[13]/D
                            (rising edge-triggered cell FDRE clocked by clk  {rise@0.000ns fall@10.000ns period=20.000ns})
  Path Group:             clk
  Path Type:              Hold (Min at Fast Process Corner)
  Requirement:            0.000ns  (clk rise@0.000ns - clk rise@0.000ns)
  Data Path Delay:        0.272ns  (logic 0.141ns (51.914%)  route 0.131ns (48.086%))
  Logic Levels:           0  
  Clock Path Skew:        0.033ns (DCD - SCD - CPR)
    Destination Clock Delay (DCD):    2.017ns
    Source Clock Delay      (SCD):    1.503ns
    Clock Pessimism Removal (CPR):    0.481ns

    Location             Delay type                Incr(ns)  Path(ns)    Netlist Resource(s)
  -------------------------------------------------------------------    -------------------
                         (clock clk rise edge)        0.000     0.000 r  
    U18                                               0.000     0.000 r  clk (IN)
                         net (fo=0)                   0.000     0.000    clk
    U18                  IBUF (Prop_ibuf_I_O)         0.297     0.297 r  clk_IBUF_inst/O
                         net (fo=1, routed)           0.627     0.925    clk_IBUF
    BUFGCTRL_X0Y2        BUFG (Prop_bufg_I_O)         0.026     0.951 r  clk_IBUF_BUFG_inst/O
                         net (fo=152, routed)         0.553     1.503    datapath_inst/ch2TriggerRegCurr_inst/clk
    SLICE_X29Y22         FDRE                                         r  datapath_inst/ch2TriggerRegCurr_inst/q_reg[13]/C
  -------------------------------------------------------------------    -------------------
    SLICE_X29Y22         FDRE (Prop_fdre_C_Q)         0.141     1.644 r  datapath_inst/ch2TriggerRegCurr_inst/q_reg[13]/Q
                         net (fo=3, routed)           0.131     1.775    datapath_inst/ch2TriggerRegPrev_inst/D[13]
    SLICE_X26Y21         FDRE                                         r  datapath_inst/ch2TriggerRegPrev_inst/q_reg[13]/D
  -------------------------------------------------------------------    -------------------

                         (clock clk rise edge)        0.000     0.000 r  
    U18                                               0.000     0.000 r  clk (IN)
                         net (fo=0)                   0.000     0.000    clk
    U18                  IBUF (Prop_ibuf_I_O)         0.486     0.486 r  clk_IBUF_inst/O
                         net (fo=1, routed)           0.683     1.169    clk_IBUF
    BUFGCTRL_X0Y2        BUFG (Prop_bufg_I_O)         0.029     1.198 r  clk_IBUF_BUFG_inst/O
                         net (fo=152, routed)         0.819     2.017    datapath_inst/ch2TriggerRegPrev_inst/clk
    SLICE_X26Y21         FDRE                                         r  datapath_inst/ch2TriggerRegPrev_inst/q_reg[13]/C
                         clock pessimism             -0.481     1.536    
    SLICE_X26Y21         FDRE (Hold_fdre_C_D)         0.072     1.608    datapath_inst/ch2TriggerRegPrev_inst/q_reg[13]
  -------------------------------------------------------------------
                         required time                         -1.608    
                         arrival time                           1.775    
  -------------------------------------------------------------------
                         slack                                  0.167    

Slack (MET) :             0.170ns  (arrival time - required time)
  Source:                 datapath_inst/ch2TriggerRegCurr_inst/q_reg[10]/C
                            (rising edge-triggered cell FDRE clocked by clk  {rise@0.000ns fall@10.000ns period=20.000ns})
  Destination:            datapath_inst/ch2TriggerRegPrev_inst/q_reg[10]/D
                            (rising edge-triggered cell FDRE clocked by clk  {rise@0.000ns fall@10.000ns period=20.000ns})
  Path Group:             clk
  Path Type:              Hold (Min at Fast Process Corner)
  Requirement:            0.000ns  (clk rise@0.000ns - clk rise@0.000ns)
  Data Path Delay:        0.273ns  (logic 0.141ns (51.601%)  route 0.132ns (48.399%))
  Logic Levels:           0  
  Clock Path Skew:        0.033ns (DCD - SCD - CPR)
    Destination Clock Delay (DCD):    2.017ns
    Source Clock Delay      (SCD):    1.503ns
    Clock Pessimism Removal (CPR):    0.481ns

    Location             Delay type                Incr(ns)  Path(ns)    Netlist Resource(s)
  -------------------------------------------------------------------    -------------------
                         (clock clk rise edge)        0.000     0.000 r  
    U18                                               0.000     0.000 r  clk (IN)
                         net (fo=0)                   0.000     0.000    clk
    U18                  IBUF (Prop_ibuf_I_O)         0.297     0.297 r  clk_IBUF_inst/O
                         net (fo=1, routed)           0.627     0.925    clk_IBUF
    BUFGCTRL_X0Y2        BUFG (Prop_bufg_I_O)         0.026     0.951 r  clk_IBUF_BUFG_inst/O
                         net (fo=152, routed)         0.553     1.503    datapath_inst/ch2TriggerRegCurr_inst/clk
    SLICE_X29Y21         FDRE                                         r  datapath_inst/ch2TriggerRegCurr_inst/q_reg[10]/C
  -------------------------------------------------------------------    -------------------
    SLICE_X29Y21         FDRE (Prop_fdre_C_Q)         0.141     1.644 r  datapath_inst/ch2TriggerRegCurr_inst/q_reg[10]/Q
                         net (fo=3, routed)           0.132     1.776    datapath_inst/ch2TriggerRegPrev_inst/D[10]
    SLICE_X26Y21         FDRE                                         r  datapath_inst/ch2TriggerRegPrev_inst/q_reg[10]/D
  -------------------------------------------------------------------    -------------------

                         (clock clk rise edge)        0.000     0.000 r  
    U18                                               0.000     0.000 r  clk (IN)
                         net (fo=0)                   0.000     0.000    clk
    U18                  IBUF (Prop_ibuf_I_O)         0.486     0.486 r  clk_IBUF_inst/O
                         net (fo=1, routed)           0.683     1.169    clk_IBUF
    BUFGCTRL_X0Y2        BUFG (Prop_bufg_I_O)         0.029     1.198 r  clk_IBUF_BUFG_inst/O
                         net (fo=152, routed)         0.819     2.017    datapath_inst/ch2TriggerRegPrev_inst/clk
    SLICE_X26Y21         FDRE                                         r  datapath_inst/ch2TriggerRegPrev_inst/q_reg[10]/C
                         clock pessimism             -0.481     1.536    
    SLICE_X26Y21         FDRE (Hold_fdre_C_D)         0.070     1.606    datapath_inst/ch2TriggerRegPrev_inst/q_reg[10]
  -------------------------------------------------------------------
                         required time                         -1.606    
                         arrival time                           1.776    
  -------------------------------------------------------------------
                         slack                                  0.170    

Slack (MET) :             0.175ns  (arrival time - required time)
  Source:                 datapath_inst/ch1TriggerRegCurr_inst/q_reg[10]/C
                            (rising edge-triggered cell FDRE clocked by clk  {rise@0.000ns fall@10.000ns period=20.000ns})
  Destination:            datapath_inst/ch1TriggerRegPrev_inst/q_reg[10]/D
                            (rising edge-triggered cell FDRE clocked by clk  {rise@0.000ns fall@10.000ns period=20.000ns})
  Path Group:             clk
  Path Type:              Hold (Min at Fast Process Corner)
  Requirement:            0.000ns  (clk rise@0.000ns - clk rise@0.000ns)
  Data Path Delay:        0.260ns  (logic 0.141ns (54.222%)  route 0.119ns (45.778%))
  Logic Levels:           0  
  Clock Path Skew:        0.015ns (DCD - SCD - CPR)
    Destination Clock Delay (DCD):    2.052ns
    Source Clock Delay      (SCD):    1.536ns
    Clock Pessimism Removal (CPR):    0.501ns

    Location             Delay type                Incr(ns)  Path(ns)    Netlist Resource(s)
  -------------------------------------------------------------------    -------------------
                         (clock clk rise edge)        0.000     0.000 r  
    U18                                               0.000     0.000 r  clk (IN)
                         net (fo=0)                   0.000     0.000    clk
    U18                  IBUF (Prop_ibuf_I_O)         0.297     0.297 r  clk_IBUF_inst/O
                         net (fo=1, routed)           0.627     0.925    clk_IBUF
    BUFGCTRL_X0Y2        BUFG (Prop_bufg_I_O)         0.026     0.951 r  clk_IBUF_BUFG_inst/O
                         net (fo=152, routed)         0.586     1.536    datapath_inst/ch1TriggerRegCurr_inst/clk
    SLICE_X39Y15         FDRE                                         r  datapath_inst/ch1TriggerRegCurr_inst/q_reg[10]/C
  -------------------------------------------------------------------    -------------------
    SLICE_X39Y15         FDRE (Prop_fdre_C_Q)         0.141     1.677 r  datapath_inst/ch1TriggerRegCurr_inst/q_reg[10]/Q
                         net (fo=3, routed)           0.119     1.796    datapath_inst/ch1TriggerRegPrev_inst/D[10]
    SLICE_X39Y14         FDRE                                         r  datapath_inst/ch1TriggerRegPrev_inst/q_reg[10]/D
  -------------------------------------------------------------------    -------------------

                         (clock clk rise edge)        0.000     0.000 r  
    U18                                               0.000     0.000 r  clk (IN)
                         net (fo=0)                   0.000     0.000    clk
    U18                  IBUF (Prop_ibuf_I_O)         0.486     0.486 r  clk_IBUF_inst/O
                         net (fo=1, routed)           0.683     1.169    clk_IBUF
    BUFGCTRL_X0Y2        BUFG (Prop_bufg_I_O)         0.029     1.198 r  clk_IBUF_BUFG_inst/O
                         net (fo=152, routed)         0.854     2.052    datapath_inst/ch1TriggerRegPrev_inst/clk
    SLICE_X39Y14         FDRE                                         r  datapath_inst/ch1TriggerRegPrev_inst/q_reg[10]/C
                         clock pessimism             -0.501     1.551    
    SLICE_X39Y14         FDRE (Hold_fdre_C_D)         0.070     1.621    datapath_inst/ch1TriggerRegPrev_inst/q_reg[10]
  -------------------------------------------------------------------
                         required time                         -1.621    
                         arrival time                           1.796    
  -------------------------------------------------------------------
                         slack                                  0.175    

Slack (MET) :             0.188ns  (arrival time - required time)
  Source:                 datapath_inst/ch1TriggerRegCurr_inst/q_reg[6]/C
                            (rising edge-triggered cell FDRE clocked by clk  {rise@0.000ns fall@10.000ns period=20.000ns})
  Destination:            datapath_inst/ch1TriggerRegPrev_inst/q_reg[6]/D
                            (rising edge-triggered cell FDRE clocked by clk  {rise@0.000ns fall@10.000ns period=20.000ns})
  Path Group:             clk
  Path Type:              Hold (Min at Fast Process Corner)
  Requirement:            0.000ns  (clk rise@0.000ns - clk rise@0.000ns)
  Data Path Delay:        0.260ns  (logic 0.141ns (54.222%)  route 0.119ns (45.778%))
  Logic Levels:           0  
  Clock Path Skew:        0.000ns (DCD - SCD - CPR)
    Destination Clock Delay (DCD):    2.052ns
    Source Clock Delay      (SCD):    1.536ns
    Clock Pessimism Removal (CPR):    0.516ns

    Location             Delay type                Incr(ns)  Path(ns)    Netlist Resource(s)
  -------------------------------------------------------------------    -------------------
                         (clock clk rise edge)        0.000     0.000 r  
    U18                                               0.000     0.000 r  clk (IN)
                         net (fo=0)                   0.000     0.000    clk
    U18                  IBUF (Prop_ibuf_I_O)         0.297     0.297 r  clk_IBUF_inst/O
                         net (fo=1, routed)           0.627     0.925    clk_IBUF
    BUFGCTRL_X0Y2        BUFG (Prop_bufg_I_O)         0.026     0.951 r  clk_IBUF_BUFG_inst/O
                         net (fo=152, routed)         0.586     1.536    datapath_inst/ch1TriggerRegCurr_inst/clk
    SLICE_X39Y13         FDRE                                         r  datapath_inst/ch1TriggerRegCurr_inst/q_reg[6]/C
  -------------------------------------------------------------------    -------------------
    SLICE_X39Y13         FDRE (Prop_fdre_C_Q)         0.141     1.677 r  datapath_inst/ch1TriggerRegCurr_inst/q_reg[6]/Q
                         net (fo=3, routed)           0.119     1.796    datapath_inst/ch1TriggerRegPrev_inst/D[6]
    SLICE_X39Y13         FDRE                                         r  datapath_inst/ch1TriggerRegPrev_inst/q_reg[6]/D
  -------------------------------------------------------------------    -------------------

                         (clock clk rise edge)        0.000     0.000 r  
    U18                                               0.000     0.000 r  clk (IN)
                         net (fo=0)                   0.000     0.000    clk
    U18                  IBUF (Prop_ibuf_I_O)         0.486     0.486 r  clk_IBUF_inst/O
                         net (fo=1, routed)           0.683     1.169    clk_IBUF
    BUFGCTRL_X0Y2        BUFG (Prop_bufg_I_O)         0.029     1.198 r  clk_IBUF_BUFG_inst/O
                         net (fo=152, routed)         0.854     2.052    datapath_inst/ch1TriggerRegPrev_inst/clk
    SLICE_X39Y13         FDRE                                         r  datapath_inst/ch1TriggerRegPrev_inst/q_reg[6]/C
                         clock pessimism             -0.516     1.536    
    SLICE_X39Y13         FDRE (Hold_fdre_C_D)         0.072     1.608    datapath_inst/ch1TriggerRegPrev_inst/q_reg[6]
  -------------------------------------------------------------------
                         required time                         -1.608    
                         arrival time                           1.796    
  -------------------------------------------------------------------
                         slack                                  0.188    

Slack (MET) :             0.190ns  (arrival time - required time)
  Source:                 btnPrev_reg[0]/C
                            (rising edge-triggered cell FDSE clocked by clk  {rise@0.000ns fall@10.000ns period=20.000ns})
  Destination:            single_reg/D
                            (rising edge-triggered cell FDRE clocked by clk  {rise@0.000ns fall@10.000ns period=20.000ns})
  Path Group:             clk
  Path Type:              Hold (Min at Fast Process Corner)
  Requirement:            0.000ns  (clk rise@0.000ns - clk rise@0.000ns)
  Data Path Delay:        0.281ns  (logic 0.227ns (80.665%)  route 0.054ns (19.335%))
  Logic Levels:           1  (LUT2=1)
  Clock Path Skew:        0.000ns (DCD - SCD - CPR)
    Destination Clock Delay (DCD):    2.025ns
    Source Clock Delay      (SCD):    1.510ns
    Clock Pessimism Removal (CPR):    0.515ns

    Location             Delay type                Incr(ns)  Path(ns)    Netlist Resource(s)
  -------------------------------------------------------------------    -------------------
                         (clock clk rise edge)        0.000     0.000 r  
    U18                                               0.000     0.000 r  clk (IN)
                         net (fo=0)                   0.000     0.000    clk
    U18                  IBUF (Prop_ibuf_I_O)         0.297     0.297 r  clk_IBUF_inst/O
                         net (fo=1, routed)           0.627     0.925    clk_IBUF
    BUFGCTRL_X0Y2        BUFG (Prop_bufg_I_O)         0.026     0.951 r  clk_IBUF_BUFG_inst/O
                         net (fo=152, routed)         0.560     1.510    clk_IBUF_BUFG
    SLICE_X31Y12         FDSE                                         r  btnPrev_reg[0]/C
  -------------------------------------------------------------------    -------------------
    SLICE_X31Y12         FDSE (Prop_fdse_C_Q)         0.128     1.638 r  btnPrev_reg[0]/Q
                         net (fo=1, routed)           0.054     1.693    btnPrev[0]
    SLICE_X31Y12         LUT2 (Prop_lut2_I0_O)        0.099     1.792 r  single_i_1/O
                         net (fo=1, routed)           0.000     1.792    single_i_1_n_0
    SLICE_X31Y12         FDRE                                         r  single_reg/D
  -------------------------------------------------------------------    -------------------

                         (clock clk rise edge)        0.000     0.000 r  
    U18                                               0.000     0.000 r  clk (IN)
                         net (fo=0)                   0.000     0.000    clk
    U18                  IBUF (Prop_ibuf_I_O)         0.486     0.486 r  clk_IBUF_inst/O
                         net (fo=1, routed)           0.683     1.169    clk_IBUF
    BUFGCTRL_X0Y2        BUFG (Prop_bufg_I_O)         0.029     1.198 r  clk_IBUF_BUFG_inst/O
                         net (fo=152, routed)         0.827     2.025    clk_IBUF_BUFG
    SLICE_X31Y12         FDRE                                         r  single_reg/C
                         clock pessimism             -0.515     1.510    
    SLICE_X31Y12         FDRE (Hold_fdre_C_D)         0.091     1.601    single_reg
  -------------------------------------------------------------------
                         required time                         -1.601    
                         arrival time                           1.792    
  -------------------------------------------------------------------
                         slack                                  0.190    

Slack (MET) :             0.194ns  (arrival time - required time)
  Source:                 datapath_inst/ch2TriggerRegCurr_inst/q_reg[1]/C
                            (rising edge-triggered cell FDRE clocked by clk  {rise@0.000ns fall@10.000ns period=20.000ns})
  Destination:            datapath_inst/ch2TriggerRegPrev_inst/q_reg[1]/D
                            (rising edge-triggered cell FDRE clocked by clk  {rise@0.000ns fall@10.000ns period=20.000ns})
  Path Group:             clk
  Path Type:              Hold (Min at Fast Process Corner)
  Requirement:            0.000ns  (clk rise@0.000ns - clk rise@0.000ns)
  Data Path Delay:        0.293ns  (logic 0.164ns (56.060%)  route 0.129ns (43.940%))
  Logic Levels:           0  
  Clock Path Skew:        0.033ns (DCD - SCD - CPR)
    Destination Clock Delay (DCD):    2.018ns
    Source Clock Delay      (SCD):    1.504ns
    Clock Pessimism Removal (CPR):    0.481ns

    Location             Delay type                Incr(ns)  Path(ns)    Netlist Resource(s)
  -------------------------------------------------------------------    -------------------
                         (clock clk rise edge)        0.000     0.000 r  
    U18                                               0.000     0.000 r  clk (IN)
                         net (fo=0)                   0.000     0.000    clk
    U18                  IBUF (Prop_ibuf_I_O)         0.297     0.297 r  clk_IBUF_inst/O
                         net (fo=1, routed)           0.627     0.925    clk_IBUF
    BUFGCTRL_X0Y2        BUFG (Prop_bufg_I_O)         0.026     0.951 r  clk_IBUF_BUFG_inst/O
                         net (fo=152, routed)         0.554     1.504    datapath_inst/ch2TriggerRegCurr_inst/clk
    SLICE_X28Y20         FDRE                                         r  datapath_inst/ch2TriggerRegCurr_inst/q_reg[1]/C
  -------------------------------------------------------------------    -------------------
    SLICE_X28Y20         FDRE (Prop_fdre_C_Q)         0.164     1.668 r  datapath_inst/ch2TriggerRegCurr_inst/q_reg[1]/Q
                         net (fo=3, routed)           0.129     1.797    datapath_inst/ch2TriggerRegPrev_inst/D[1]
    SLICE_X27Y20         FDRE                                         r  datapath_inst/ch2TriggerRegPrev_inst/q_reg[1]/D
  -------------------------------------------------------------------    -------------------

                         (clock clk rise edge)        0.000     0.000 r  
    U18                                               0.000     0.000 r  clk (IN)
                         net (fo=0)                   0.000     0.000    clk
    U18                  IBUF (Prop_ibuf_I_O)         0.486     0.486 r  clk_IBUF_inst/O
                         net (fo=1, routed)           0.683     1.169    clk_IBUF
    BUFGCTRL_X0Y2        BUFG (Prop_bufg_I_O)         0.029     1.198 r  clk_IBUF_BUFG_inst/O
                         net (fo=152, routed)         0.820     2.018    datapath_inst/ch2TriggerRegPrev_inst/clk
    SLICE_X27Y20         FDRE                                         r  datapath_inst/ch2TriggerRegPrev_inst/q_reg[1]/C
                         clock pessimism             -0.481     1.537    
    SLICE_X27Y20         FDRE (Hold_fdre_C_D)         0.066     1.603    datapath_inst/ch2TriggerRegPrev_inst/q_reg[1]
  -------------------------------------------------------------------
                         required time                         -1.603    
                         arrival time                           1.797    
  -------------------------------------------------------------------
                         slack                                  0.194    





Pulse Width Checks
--------------------------------------------------------------------------------------
Clock Name:         clk
Waveform(ns):       { 0.000 10.000 }
Period(ns):         20.000
Sources:            { clk }

Check Type        Corner  Lib Pin             Reference Pin  Required(ns)  Actual(ns)  Slack(ns)  Location       Pin
Min Period        n/a     RAMB18E1/CLKARDCLK  n/a            2.576         20.000      17.424     RAMB18_X2Y6    datapath_inst/ch1BRAM_inst/U0/inst_blk_mem_gen/gnbram.gnativebmg.native_blk_mem_gen/valid.cstr/ramloop[0].ram.r/prim_noinit.ram/DEVICE_7SERIES.NO_BMM_INFO.SDP.SIMPLE_PRIM18.ram/CLKARDCLK
Min Period        n/a     RAMB18E1/CLKARDCLK  n/a            2.576         20.000      17.424     RAMB18_X2Y7    datapath_inst/ch2BRAM_inst/U0/inst_blk_mem_gen/gnbram.gnativebmg.native_blk_mem_gen/valid.cstr/ramloop[0].ram.r/prim_noinit.ram/DEVICE_7SERIES.NO_BMM_INFO.SDP.SIMPLE_PRIM18.ram/CLKARDCLK
Min Period        n/a     BUFG/I              n/a            2.155         20.000      17.845     BUFGCTRL_X0Y2  clk_IBUF_BUFG_inst/I
Min Period        n/a     FDSE/C              n/a            1.000         20.000      19.000     SLICE_X31Y12   btnPrev_reg[0]/C
Min Period        n/a     FDSE/C              n/a            1.000         20.000      19.000     SLICE_X36Y11   btnPrev_reg[1]/C
Min Period        n/a     FDRE/C              n/a            1.000         20.000      19.000     SLICE_X36Y11   forcedModePrev_reg/C
Min Period        n/a     FDRE/C              n/a            1.000         20.000      19.000     SLICE_X36Y11   forcedMode_reg/C
Min Period        n/a     FDRE/C              n/a            1.000         20.000      19.000     SLICE_X31Y12   single_reg/C
Min Period        n/a     FDRE/C              n/a            1.000         20.000      19.000     SLICE_X34Y11   control_inst/FSM_sequential_state_reg[0]/C
Min Period        n/a     FDRE/C              n/a            1.000         20.000      19.000     SLICE_X33Y11   control_inst/FSM_sequential_state_reg[1]/C
Low Pulse Width   Slow    FDSE/C              n/a            0.500         10.000      9.500      SLICE_X31Y12   btnPrev_reg[0]/C
Low Pulse Width   Fast    FDSE/C              n/a            0.500         10.000      9.500      SLICE_X31Y12   btnPrev_reg[0]/C
Low Pulse Width   Slow    FDSE/C              n/a            0.500         10.000      9.500      SLICE_X36Y11   btnPrev_reg[1]/C
Low Pulse Width   Fast    FDSE/C              n/a            0.500         10.000      9.500      SLICE_X36Y11   btnPrev_reg[1]/C
Low Pulse Width   Slow    FDRE/C              n/a            0.500         10.000      9.500      SLICE_X36Y11   forcedModePrev_reg/C
Low Pulse Width   Fast    FDRE/C              n/a            0.500         10.000      9.500      SLICE_X36Y11   forcedModePrev_reg/C
Low Pulse Width   Slow    FDRE/C              n/a            0.500         10.000      9.500      SLICE_X36Y11   forcedMode_reg/C
Low Pulse Width   Fast    FDRE/C              n/a            0.500         10.000      9.500      SLICE_X36Y11   forcedMode_reg/C
Low Pulse Width   Slow    FDRE/C              n/a            0.500         10.000      9.500      SLICE_X31Y12   single_reg/C
Low Pulse Width   Fast    FDRE/C              n/a            0.500         10.000      9.500      SLICE_X31Y12   single_reg/C
High Pulse Width  Slow    FDSE/C              n/a            0.500         10.000      9.500      SLICE_X31Y12   btnPrev_reg[0]/C
High Pulse Width  Fast    FDSE/C              n/a            0.500         10.000      9.500      SLICE_X31Y12   btnPrev_reg[0]/C
High Pulse Width  Slow    FDSE/C              n/a            0.500         10.000      9.500      SLICE_X36Y11   btnPrev_reg[1]/C
High Pulse Width  Fast    FDSE/C              n/a            0.500         10.000      9.500      SLICE_X36Y11   btnPrev_reg[1]/C
High Pulse Width  Slow    FDRE/C              n/a            0.500         10.000      9.500      SLICE_X36Y11   forcedModePrev_reg/C
High Pulse Width  Fast    FDRE/C              n/a            0.500         10.000      9.500      SLICE_X36Y11   forcedModePrev_reg/C
High Pulse Width  Slow    FDRE/C              n/a            0.500         10.000      9.500      SLICE_X36Y11   forcedMode_reg/C
High Pulse Width  Fast    FDRE/C              n/a            0.500         10.000      9.500      SLICE_X36Y11   forcedMode_reg/C
High Pulse Width  Slow    FDRE/C              n/a            0.500         10.000      9.500      SLICE_X31Y12   single_reg/C
High Pulse Width  Fast    FDRE/C              n/a            0.500         10.000      9.500      SLICE_X31Y12   single_reg/C



---------------------------------------------------------------------------------------------------
From Clock:  datapath_inst/vc/inst/clk_in1
  To Clock:  datapath_inst/vc/inst/clk_in1

Setup :           NA  Failing Endpoints,  Worst Slack           NA  ,  Total Violation           NA
Hold  :           NA  Failing Endpoints,  Worst Slack           NA  ,  Total Violation           NA
PW    :            0  Failing Endpoints,  Worst Slack        7.000ns,  Total Violation        0.000ns
---------------------------------------------------------------------------------------------------


Pulse Width Checks
--------------------------------------------------------------------------------------
Clock Name:         datapath_inst/vc/inst/clk_in1
Waveform(ns):       { 0.000 10.000 }
Period(ns):         20.000
Sources:            { datapath_inst/vc/inst/clk_in1 }

Check Type        Corner  Lib Pin            Reference Pin  Required(ns)  Actual(ns)  Slack(ns)  Location         Pin
Min Period        n/a     MMCME2_ADV/CLKIN1  n/a            1.249         20.000      18.751     MMCME2_ADV_X0Y0  datapath_inst/vc/inst/mmcm_adv_inst/CLKIN1
Max Period        n/a     MMCME2_ADV/CLKIN1  n/a            100.000       20.000      80.000     MMCME2_ADV_X0Y0  datapath_inst/vc/inst/mmcm_adv_inst/CLKIN1
Low Pulse Width   Slow    MMCME2_ADV/CLKIN1  n/a            3.000         10.000      7.000      MMCME2_ADV_X0Y0  datapath_inst/vc/inst/mmcm_adv_inst/CLKIN1
Low Pulse Width   Fast    MMCME2_ADV/CLKIN1  n/a            3.000         10.000      7.000      MMCME2_ADV_X0Y0  datapath_inst/vc/inst/mmcm_adv_inst/CLKIN1
High Pulse Width  Slow    MMCME2_ADV/CLKIN1  n/a            3.000         10.000      7.000      MMCME2_ADV_X0Y0  datapath_inst/vc/inst/mmcm_adv_inst/CLKIN1
High Pulse Width  Fast    MMCME2_ADV/CLKIN1  n/a            3.000         10.000      7.000      MMCME2_ADV_X0Y0  datapath_inst/vc/inst/mmcm_adv_inst/CLKIN1



---------------------------------------------------------------------------------------------------
From Clock:  clk_out1_clk_wiz_0
  To Clock:  clk_out1_clk_wiz_0

Setup :            0  Failing Endpoints,  Worst Slack        2.318ns,  Total Violation        0.000ns
Hold  :            0  Failing Endpoints,  Worst Slack        0.136ns,  Total Violation        0.000ns
PW    :            0  Failing Endpoints,  Worst Slack        5.757ns,  Total Violation        0.000ns
---------------------------------------------------------------------------------------------------


Max Delay Paths
--------------------------------------------------------------------------------------
Slack (MET) :             2.318ns  (required time - arrival time)
  Source:                 datapath_inst/ch2BRAM_inst/U0/inst_blk_mem_gen/gnbram.gnativebmg.native_blk_mem_gen/valid.cstr/ramloop[0].ram.r/prim_noinit.ram/DEVICE_7SERIES.NO_BMM_INFO.SDP.SIMPLE_PRIM18.ram/CLKBWRCLK
                            (rising edge-triggered cell RAMB18E1 clocked by clk_out1_clk_wiz_0  {rise@0.000ns fall@6.737ns period=13.474ns})
  Destination:            datapath_inst/scopeFace_inst/red_reg[7]/D
                            (rising edge-triggered cell FDRE clocked by clk_out1_clk_wiz_0  {rise@0.000ns fall@6.737ns period=13.474ns})
  Path Group:             clk_out1_clk_wiz_0
  Path Type:              Setup (Max at Slow Process Corner)
  Requirement:            13.474ns  (clk_out1_clk_wiz_0 rise@13.474ns - clk_out1_clk_wiz_0 rise@0.000ns)
  Data Path Delay:        10.884ns  (logic 6.501ns (59.730%)  route 4.383ns (40.270%))
  Logic Levels:           7  (CARRY4=1 DSP48E1=1 LUT2=2 LUT3=1 LUT6=2)
  Clock Path Skew:        -0.116ns (DCD - SCD + CPR)
    Destination Clock Delay (DCD):    1.487ns = ( 14.961 - 13.474 ) 
    Source Clock Delay      (SCD):    1.708ns
    Clock Pessimism Removal (CPR):    0.105ns
  Clock Uncertainty:      0.234ns  ((TSJ^2 + DJ^2)^1/2) / 2 + PE
    Total System Jitter     (TSJ):    0.071ns
    Discrete Jitter          (DJ):    0.462ns
    Phase Error              (PE):    0.000ns

    Location             Delay type                Incr(ns)  Path(ns)    Netlist Resource(s)
  -------------------------------------------------------------------    -------------------
                         (clock clk_out1_clk_wiz_0 rise edge)
                                                      0.000     0.000 r  
    BUFGCTRL_X0Y2        BUFG                         0.000     0.000 r  clk_IBUF_BUFG_inst/O
                         net (fo=152, routed)         1.677     1.677    datapath_inst/vc/inst/clk_in1
    MMCME2_ADV_X0Y0      MMCME2_ADV (Prop_mmcme2_adv_CLKIN1_CLKOUT0)
                                                     -3.538    -1.861 r  datapath_inst/vc/inst/mmcm_adv_inst/CLKOUT0
                         net (fo=1, routed)           1.760    -0.101    datapath_inst/vc/inst/clk_out1_clk_wiz_0
    BUFGCTRL_X0Y0        BUFG (Prop_bufg_I_O)         0.101     0.000 r  datapath_inst/vc/inst/clkout1_buf/O
                         net (fo=223, routed)         1.708     1.708    datapath_inst/ch2BRAM_inst/U0/inst_blk_mem_gen/gnbram.gnativebmg.native_blk_mem_gen/valid.cstr/ramloop[0].ram.r/prim_noinit.ram/clkb
    RAMB18_X2Y7          RAMB18E1                                     r  datapath_inst/ch2BRAM_inst/U0/inst_blk_mem_gen/gnbram.gnativebmg.native_blk_mem_gen/valid.cstr/ramloop[0].ram.r/prim_noinit.ram/DEVICE_7SERIES.NO_BMM_INFO.SDP.SIMPLE_PRIM18.ram/CLKBWRCLK
  -------------------------------------------------------------------    -------------------
    RAMB18_X2Y7          RAMB18E1 (Prop_ramb18e1_CLKBWRCLK_DOBDO[12])
                                                      0.882     2.590 r  datapath_inst/ch2BRAM_inst/U0/inst_blk_mem_gen/gnbram.gnativebmg.native_blk_mem_gen/valid.cstr/ramloop[0].ram.r/prim_noinit.ram/DEVICE_7SERIES.NO_BMM_INFO.SDP.SIMPLE_PRIM18.ram/DOBDO[12]
                         net (fo=1, routed)           1.074     3.665    datapath_inst/ch2dataToPixel_inst/doutb[12]
    DSP48_X1Y9           DSP48E1 (Prop_dsp48e1_A[12]_P[20])
                                                      3.841     7.506 r  datapath_inst/ch2dataToPixel_inst/x_SIGNED32/P[20]
                         net (fo=10, routed)          0.857     8.363    datapath_inst/ch2dataToPixel_inst/P[4]
    SLICE_X31Y21         LUT2 (Prop_lut2_I0_O)        0.150     8.513 r  datapath_inst/ch2dataToPixel_inst/tmp1_carry__0_i_7__0/O
                         net (fo=1, routed)           0.433     8.946    datapath_inst/ch2dataToPixel_inst/tmp1_carry__0_i_7__0_n_0
    SLICE_X31Y21         LUT6 (Prop_lut6_I2_O)        0.326     9.272 r  datapath_inst/ch2dataToPixel_inst/tmp1_carry__0_i_5__0/O
                         net (fo=4, routed)           0.579     9.851    datapath_inst/videoSigGen_inst/ch2pixelHeight[0]
    SLICE_X30Y23         LUT2 (Prop_lut2_I1_O)        0.124     9.975 r  datapath_inst/videoSigGen_inst/tmp1_carry__0_i_3__0/O
                         net (fo=1, routed)           0.000     9.975    datapath_inst/ch2PixelCompare_inst/green_reg[6]_0[1]
    SLICE_X30Y23         CARRY4 (Prop_carry4_S[1]_CO[1])
                                                      0.492    10.467 r  datapath_inst/ch2PixelCompare_inst/tmp1_carry__0/CO[1]
                         net (fo=3, routed)           0.987    11.454    datapath_inst/ch2dataToPixel_inst/CO[0]
    SLICE_X30Y21         LUT3 (Prop_lut3_I2_O)        0.358    11.812 f  datapath_inst/ch2dataToPixel_inst/red[7]_i_6/O
                         net (fo=1, routed)           0.452    12.264    datapath_inst/videoSigGen_inst/red_reg[7]_0
    SLICE_X30Y21         LUT6 (Prop_lut6_I4_O)        0.328    12.592 r  datapath_inst/videoSigGen_inst/red[7]_i_1/O
                         net (fo=1, routed)           0.000    12.592    datapath_inst/scopeFace_inst/D[1]
    SLICE_X30Y21         FDRE                                         r  datapath_inst/scopeFace_inst/red_reg[7]/D
  -------------------------------------------------------------------    -------------------

                         (clock clk_out1_clk_wiz_0 rise edge)
                                                     13.474    13.474 r  
    BUFGCTRL_X0Y2        BUFG                         0.000    13.474 r  clk_IBUF_BUFG_inst/O
                         net (fo=152, routed)         1.487    14.961    datapath_inst/vc/inst/clk_in1
    MMCME2_ADV_X0Y0      MMCME2_ADV (Prop_mmcme2_adv_CLKIN1_CLKOUT0)
                                                     -3.177    11.784 r  datapath_inst/vc/inst/mmcm_adv_inst/CLKOUT0
                         net (fo=1, routed)           1.599    13.383    datapath_inst/vc/inst/clk_out1_clk_wiz_0
    BUFGCTRL_X0Y0        BUFG (Prop_bufg_I_O)         0.091    13.474 r  datapath_inst/vc/inst/clkout1_buf/O
                         net (fo=223, routed)         1.487    14.961    datapath_inst/scopeFace_inst/CLK
    SLICE_X30Y21         FDRE                                         r  datapath_inst/scopeFace_inst/red_reg[7]/C
                         clock pessimism              0.105    15.066    
                         clock uncertainty           -0.234    14.832    
    SLICE_X30Y21         FDRE (Setup_fdre_C_D)        0.079    14.911    datapath_inst/scopeFace_inst/red_reg[7]
  -------------------------------------------------------------------
                         required time                         14.911    
                         arrival time                         -12.592    
  -------------------------------------------------------------------
                         slack                                  2.318    

Slack (MET) :             2.454ns  (required time - arrival time)
  Source:                 datapath_inst/ch2BRAM_inst/U0/inst_blk_mem_gen/gnbram.gnativebmg.native_blk_mem_gen/valid.cstr/ramloop[0].ram.r/prim_noinit.ram/DEVICE_7SERIES.NO_BMM_INFO.SDP.SIMPLE_PRIM18.ram/CLKBWRCLK
                            (rising edge-triggered cell RAMB18E1 clocked by clk_out1_clk_wiz_0  {rise@0.000ns fall@6.737ns period=13.474ns})
  Destination:            datapath_inst/scopeFace_inst/blue_reg[7]/D
                            (rising edge-triggered cell FDRE clocked by clk_out1_clk_wiz_0  {rise@0.000ns fall@6.737ns period=13.474ns})
  Path Group:             clk_out1_clk_wiz_0
  Path Type:              Setup (Max at Slow Process Corner)
  Requirement:            13.474ns  (clk_out1_clk_wiz_0 rise@13.474ns - clk_out1_clk_wiz_0 rise@0.000ns)
  Data Path Delay:        10.700ns  (logic 6.271ns (58.607%)  route 4.429ns (41.393%))
  Logic Levels:           7  (CARRY4=1 DSP48E1=1 LUT2=2 LUT3=1 LUT5=1 LUT6=1)
  Clock Path Skew:        -0.116ns (DCD - SCD + CPR)
    Destination Clock Delay (DCD):    1.487ns = ( 14.961 - 13.474 ) 
    Source Clock Delay      (SCD):    1.708ns
    Clock Pessimism Removal (CPR):    0.105ns
  Clock Uncertainty:      0.234ns  ((TSJ^2 + DJ^2)^1/2) / 2 + PE
    Total System Jitter     (TSJ):    0.071ns
    Discrete Jitter          (DJ):    0.462ns
    Phase Error              (PE):    0.000ns

    Location             Delay type                Incr(ns)  Path(ns)    Netlist Resource(s)
  -------------------------------------------------------------------    -------------------
                         (clock clk_out1_clk_wiz_0 rise edge)
                                                      0.000     0.000 r  
    BUFGCTRL_X0Y2        BUFG                         0.000     0.000 r  clk_IBUF_BUFG_inst/O
                         net (fo=152, routed)         1.677     1.677    datapath_inst/vc/inst/clk_in1
    MMCME2_ADV_X0Y0      MMCME2_ADV (Prop_mmcme2_adv_CLKIN1_CLKOUT0)
                                                     -3.538    -1.861 r  datapath_inst/vc/inst/mmcm_adv_inst/CLKOUT0
                         net (fo=1, routed)           1.760    -0.101    datapath_inst/vc/inst/clk_out1_clk_wiz_0
    BUFGCTRL_X0Y0        BUFG (Prop_bufg_I_O)         0.101     0.000 r  datapath_inst/vc/inst/clkout1_buf/O
                         net (fo=223, routed)         1.708     1.708    datapath_inst/ch2BRAM_inst/U0/inst_blk_mem_gen/gnbram.gnativebmg.native_blk_mem_gen/valid.cstr/ramloop[0].ram.r/prim_noinit.ram/clkb
    RAMB18_X2Y7          RAMB18E1                                     r  datapath_inst/ch2BRAM_inst/U0/inst_blk_mem_gen/gnbram.gnativebmg.native_blk_mem_gen/valid.cstr/ramloop[0].ram.r/prim_noinit.ram/DEVICE_7SERIES.NO_BMM_INFO.SDP.SIMPLE_PRIM18.ram/CLKBWRCLK
  -------------------------------------------------------------------    -------------------
    RAMB18_X2Y7          RAMB18E1 (Prop_ramb18e1_CLKBWRCLK_DOBDO[12])
                                                      0.882     2.590 r  datapath_inst/ch2BRAM_inst/U0/inst_blk_mem_gen/gnbram.gnativebmg.native_blk_mem_gen/valid.cstr/ramloop[0].ram.r/prim_noinit.ram/DEVICE_7SERIES.NO_BMM_INFO.SDP.SIMPLE_PRIM18.ram/DOBDO[12]
                         net (fo=1, routed)           1.074     3.665    datapath_inst/ch2dataToPixel_inst/doutb[12]
    DSP48_X1Y9           DSP48E1 (Prop_dsp48e1_A[12]_P[20])
                                                      3.841     7.506 r  datapath_inst/ch2dataToPixel_inst/x_SIGNED32/P[20]
                         net (fo=10, routed)          0.857     8.363    datapath_inst/ch2dataToPixel_inst/P[4]
    SLICE_X31Y21         LUT2 (Prop_lut2_I0_O)        0.150     8.513 r  datapath_inst/ch2dataToPixel_inst/tmp1_carry__0_i_7__0/O
                         net (fo=1, routed)           0.433     8.946    datapath_inst/ch2dataToPixel_inst/tmp1_carry__0_i_7__0_n_0
    SLICE_X31Y21         LUT6 (Prop_lut6_I2_O)        0.326     9.272 r  datapath_inst/ch2dataToPixel_inst/tmp1_carry__0_i_5__0/O
                         net (fo=4, routed)           0.579     9.851    datapath_inst/videoSigGen_inst/ch2pixelHeight[0]
    SLICE_X30Y23         LUT2 (Prop_lut2_I1_O)        0.124     9.975 r  datapath_inst/videoSigGen_inst/tmp1_carry__0_i_3__0/O
                         net (fo=1, routed)           0.000     9.975    datapath_inst/ch2PixelCompare_inst/green_reg[6]_0[1]
    SLICE_X30Y23         CARRY4 (Prop_carry4_S[1]_CO[1])
                                                      0.492    10.467 r  datapath_inst/ch2PixelCompare_inst/tmp1_carry__0/CO[1]
                         net (fo=3, routed)           0.987    11.454    datapath_inst/ch2dataToPixel_inst/CO[0]
    SLICE_X30Y21         LUT5 (Prop_lut5_I0_O)        0.332    11.786 f  datapath_inst/ch2dataToPixel_inst/green[7]_i_2/O
                         net (fo=2, routed)           0.498    12.285    datapath_inst/videoSigGen_inst/green_reg[7]
    SLICE_X31Y21         LUT3 (Prop_lut3_I1_O)        0.124    12.409 r  datapath_inst/videoSigGen_inst/blue[7]_i_1/O
                         net (fo=1, routed)           0.000    12.409    datapath_inst/scopeFace_inst/blue_reg[7]_1[1]
    SLICE_X31Y21         FDRE                                         r  datapath_inst/scopeFace_inst/blue_reg[7]/D
  -------------------------------------------------------------------    -------------------

                         (clock clk_out1_clk_wiz_0 rise edge)
                                                     13.474    13.474 r  
    BUFGCTRL_X0Y2        BUFG                         0.000    13.474 r  clk_IBUF_BUFG_inst/O
                         net (fo=152, routed)         1.487    14.961    datapath_inst/vc/inst/clk_in1
    MMCME2_ADV_X0Y0      MMCME2_ADV (Prop_mmcme2_adv_CLKIN1_CLKOUT0)
                                                     -3.177    11.784 r  datapath_inst/vc/inst/mmcm_adv_inst/CLKOUT0
                         net (fo=1, routed)           1.599    13.383    datapath_inst/vc/inst/clk_out1_clk_wiz_0
    BUFGCTRL_X0Y0        BUFG (Prop_bufg_I_O)         0.091    13.474 r  datapath_inst/vc/inst/clkout1_buf/O
                         net (fo=223, routed)         1.487    14.961    datapath_inst/scopeFace_inst/CLK
    SLICE_X31Y21         FDRE                                         r  datapath_inst/scopeFace_inst/blue_reg[7]/C
                         clock pessimism              0.105    15.066    
                         clock uncertainty           -0.234    14.832    
    SLICE_X31Y21         FDRE (Setup_fdre_C_D)        0.031    14.863    datapath_inst/scopeFace_inst/blue_reg[7]
  -------------------------------------------------------------------
                         required time                         14.863    
                         arrival time                         -12.409    
  -------------------------------------------------------------------
                         slack                                  2.454    

Slack (MET) :             2.470ns  (required time - arrival time)
  Source:                 datapath_inst/ch2BRAM_inst/U0/inst_blk_mem_gen/gnbram.gnativebmg.native_blk_mem_gen/valid.cstr/ramloop[0].ram.r/prim_noinit.ram/DEVICE_7SERIES.NO_BMM_INFO.SDP.SIMPLE_PRIM18.ram/CLKBWRCLK
                            (rising edge-triggered cell RAMB18E1 clocked by clk_out1_clk_wiz_0  {rise@0.000ns fall@6.737ns period=13.474ns})
  Destination:            datapath_inst/scopeFace_inst/green_reg[7]/D
                            (rising edge-triggered cell FDRE clocked by clk_out1_clk_wiz_0  {rise@0.000ns fall@6.737ns period=13.474ns})
  Path Group:             clk_out1_clk_wiz_0
  Path Type:              Setup (Max at Slow Process Corner)
  Requirement:            13.474ns  (clk_out1_clk_wiz_0 rise@13.474ns - clk_out1_clk_wiz_0 rise@0.000ns)
  Data Path Delay:        10.728ns  (logic 6.299ns (58.715%)  route 4.429ns (41.285%))
  Logic Levels:           7  (CARRY4=1 DSP48E1=1 LUT2=2 LUT3=1 LUT5=1 LUT6=1)
  Clock Path Skew:        -0.116ns (DCD - SCD + CPR)
    Destination Clock Delay (DCD):    1.487ns = ( 14.961 - 13.474 ) 
    Source Clock Delay      (SCD):    1.708ns
    Clock Pessimism Removal (CPR):    0.105ns
  Clock Uncertainty:      0.234ns  ((TSJ^2 + DJ^2)^1/2) / 2 + PE
    Total System Jitter     (TSJ):    0.071ns
    Discrete Jitter          (DJ):    0.462ns
    Phase Error              (PE):    0.000ns

    Location             Delay type                Incr(ns)  Path(ns)    Netlist Resource(s)
  -------------------------------------------------------------------    -------------------
                         (clock clk_out1_clk_wiz_0 rise edge)
                                                      0.000     0.000 r  
    BUFGCTRL_X0Y2        BUFG                         0.000     0.000 r  clk_IBUF_BUFG_inst/O
                         net (fo=152, routed)         1.677     1.677    datapath_inst/vc/inst/clk_in1
    MMCME2_ADV_X0Y0      MMCME2_ADV (Prop_mmcme2_adv_CLKIN1_CLKOUT0)
                                                     -3.538    -1.861 r  datapath_inst/vc/inst/mmcm_adv_inst/CLKOUT0
                         net (fo=1, routed)           1.760    -0.101    datapath_inst/vc/inst/clk_out1_clk_wiz_0
    BUFGCTRL_X0Y0        BUFG (Prop_bufg_I_O)         0.101     0.000 r  datapath_inst/vc/inst/clkout1_buf/O
                         net (fo=223, routed)         1.708     1.708    datapath_inst/ch2BRAM_inst/U0/inst_blk_mem_gen/gnbram.gnativebmg.native_blk_mem_gen/valid.cstr/ramloop[0].ram.r/prim_noinit.ram/clkb
    RAMB18_X2Y7          RAMB18E1                                     r  datapath_inst/ch2BRAM_inst/U0/inst_blk_mem_gen/gnbram.gnativebmg.native_blk_mem_gen/valid.cstr/ramloop[0].ram.r/prim_noinit.ram/DEVICE_7SERIES.NO_BMM_INFO.SDP.SIMPLE_PRIM18.ram/CLKBWRCLK
  -------------------------------------------------------------------    -------------------
    RAMB18_X2Y7          RAMB18E1 (Prop_ramb18e1_CLKBWRCLK_DOBDO[12])
                                                      0.882     2.590 r  datapath_inst/ch2BRAM_inst/U0/inst_blk_mem_gen/gnbram.gnativebmg.native_blk_mem_gen/valid.cstr/ramloop[0].ram.r/prim_noinit.ram/DEVICE_7SERIES.NO_BMM_INFO.SDP.SIMPLE_PRIM18.ram/DOBDO[12]
                         net (fo=1, routed)           1.074     3.665    datapath_inst/ch2dataToPixel_inst/doutb[12]
    DSP48_X1Y9           DSP48E1 (Prop_dsp48e1_A[12]_P[20])
                                                      3.841     7.506 r  datapath_inst/ch2dataToPixel_inst/x_SIGNED32/P[20]
                         net (fo=10, routed)          0.857     8.363    datapath_inst/ch2dataToPixel_inst/P[4]
    SLICE_X31Y21         LUT2 (Prop_lut2_I0_O)        0.150     8.513 r  datapath_inst/ch2dataToPixel_inst/tmp1_carry__0_i_7__0/O
                         net (fo=1, routed)           0.433     8.946    datapath_inst/ch2dataToPixel_inst/tmp1_carry__0_i_7__0_n_0
    SLICE_X31Y21         LUT6 (Prop_lut6_I2_O)        0.326     9.272 r  datapath_inst/ch2dataToPixel_inst/tmp1_carry__0_i_5__0/O
                         net (fo=4, routed)           0.579     9.851    datapath_inst/videoSigGen_inst/ch2pixelHeight[0]
    SLICE_X30Y23         LUT2 (Prop_lut2_I1_O)        0.124     9.975 r  datapath_inst/videoSigGen_inst/tmp1_carry__0_i_3__0/O
                         net (fo=1, routed)           0.000     9.975    datapath_inst/ch2PixelCompare_inst/green_reg[6]_0[1]
    SLICE_X30Y23         CARRY4 (Prop_carry4_S[1]_CO[1])
                                                      0.492    10.467 f  datapath_inst/ch2PixelCompare_inst/tmp1_carry__0/CO[1]
                         net (fo=3, routed)           0.987    11.454    datapath_inst/ch2dataToPixel_inst/CO[0]
    SLICE_X30Y21         LUT5 (Prop_lut5_I0_O)        0.332    11.786 r  datapath_inst/ch2dataToPixel_inst/green[7]_i_2/O
                         net (fo=2, routed)           0.498    12.285    datapath_inst/videoSigGen_inst/green_reg[7]
    SLICE_X31Y21         LUT3 (Prop_lut3_I1_O)        0.152    12.437 r  datapath_inst/videoSigGen_inst/green[7]_i_1/O
                         net (fo=1, routed)           0.000    12.437    datapath_inst/scopeFace_inst/green_reg[7]_0
    SLICE_X31Y21         FDRE                                         r  datapath_inst/scopeFace_inst/green_reg[7]/D
  -------------------------------------------------------------------    -------------------

                         (clock clk_out1_clk_wiz_0 rise edge)
                                                     13.474    13.474 r  
    BUFGCTRL_X0Y2        BUFG                         0.000    13.474 r  clk_IBUF_BUFG_inst/O
                         net (fo=152, routed)         1.487    14.961    datapath_inst/vc/inst/clk_in1
    MMCME2_ADV_X0Y0      MMCME2_ADV (Prop_mmcme2_adv_CLKIN1_CLKOUT0)
                                                     -3.177    11.784 r  datapath_inst/vc/inst/mmcm_adv_inst/CLKOUT0
                         net (fo=1, routed)           1.599    13.383    datapath_inst/vc/inst/clk_out1_clk_wiz_0
    BUFGCTRL_X0Y0        BUFG (Prop_bufg_I_O)         0.091    13.474 r  datapath_inst/vc/inst/clkout1_buf/O
                         net (fo=223, routed)         1.487    14.961    datapath_inst/scopeFace_inst/CLK
    SLICE_X31Y21         FDRE                                         r  datapath_inst/scopeFace_inst/green_reg[7]/C
                         clock pessimism              0.105    15.066    
                         clock uncertainty           -0.234    14.832    
    SLICE_X31Y21         FDRE (Setup_fdre_C_D)        0.075    14.907    datapath_inst/scopeFace_inst/green_reg[7]
  -------------------------------------------------------------------
                         required time                         14.907    
                         arrival time                         -12.437    
  -------------------------------------------------------------------
                         slack                                  2.470    

Slack (MET) :             3.061ns  (required time - arrival time)
  Source:                 datapath_inst/ch1BRAM_inst/U0/inst_blk_mem_gen/gnbram.gnativebmg.native_blk_mem_gen/valid.cstr/ramloop[0].ram.r/prim_noinit.ram/DEVICE_7SERIES.NO_BMM_INFO.SDP.SIMPLE_PRIM18.ram/CLKBWRCLK
                            (rising edge-triggered cell RAMB18E1 clocked by clk_out1_clk_wiz_0  {rise@0.000ns fall@6.737ns period=13.474ns})
  Destination:            datapath_inst/scopeFace_inst/red_reg[6]/D
                            (rising edge-triggered cell FDRE clocked by clk_out1_clk_wiz_0  {rise@0.000ns fall@6.737ns period=13.474ns})
  Path Group:             clk_out1_clk_wiz_0
  Path Type:              Setup (Max at Slow Process Corner)
  Requirement:            13.474ns  (clk_out1_clk_wiz_0 rise@13.474ns - clk_out1_clk_wiz_0 rise@0.000ns)
  Data Path Delay:        10.144ns  (logic 6.109ns (60.222%)  route 4.035ns (39.778%))
  Logic Levels:           6  (CARRY4=1 DSP48E1=1 LUT3=1 LUT4=1 LUT5=1 LUT6=1)
  Clock Path Skew:        -0.115ns (DCD - SCD + CPR)
    Destination Clock Delay (DCD):    1.488ns = ( 14.962 - 13.474 ) 
    Source Clock Delay      (SCD):    1.708ns
    Clock Pessimism Removal (CPR):    0.105ns
  Clock Uncertainty:      0.234ns  ((TSJ^2 + DJ^2)^1/2) / 2 + PE
    Total System Jitter     (TSJ):    0.071ns
    Discrete Jitter          (DJ):    0.462ns
    Phase Error              (PE):    0.000ns

    Location             Delay type                Incr(ns)  Path(ns)    Netlist Resource(s)
  -------------------------------------------------------------------    -------------------
                         (clock clk_out1_clk_wiz_0 rise edge)
                                                      0.000     0.000 r  
    BUFGCTRL_X0Y2        BUFG                         0.000     0.000 r  clk_IBUF_BUFG_inst/O
                         net (fo=152, routed)         1.677     1.677    datapath_inst/vc/inst/clk_in1
    MMCME2_ADV_X0Y0      MMCME2_ADV (Prop_mmcme2_adv_CLKIN1_CLKOUT0)
                                                     -3.538    -1.861 r  datapath_inst/vc/inst/mmcm_adv_inst/CLKOUT0
                         net (fo=1, routed)           1.760    -0.101    datapath_inst/vc/inst/clk_out1_clk_wiz_0
    BUFGCTRL_X0Y0        BUFG (Prop_bufg_I_O)         0.101     0.000 r  datapath_inst/vc/inst/clkout1_buf/O
                         net (fo=223, routed)         1.708     1.708    datapath_inst/ch1BRAM_inst/U0/inst_blk_mem_gen/gnbram.gnativebmg.native_blk_mem_gen/valid.cstr/ramloop[0].ram.r/prim_noinit.ram/clkb
    RAMB18_X2Y6          RAMB18E1                                     r  datapath_inst/ch1BRAM_inst/U0/inst_blk_mem_gen/gnbram.gnativebmg.native_blk_mem_gen/valid.cstr/ramloop[0].ram.r/prim_noinit.ram/DEVICE_7SERIES.NO_BMM_INFO.SDP.SIMPLE_PRIM18.ram/CLKBWRCLK
  -------------------------------------------------------------------    -------------------
    RAMB18_X2Y6          RAMB18E1 (Prop_ramb18e1_CLKBWRCLK_DOBDO[15])
                                                      0.882     2.590 r  datapath_inst/ch1BRAM_inst/U0/inst_blk_mem_gen/gnbram.gnativebmg.native_blk_mem_gen/valid.cstr/ramloop[0].ram.r/prim_noinit.ram/DEVICE_7SERIES.NO_BMM_INFO.SDP.SIMPLE_PRIM18.ram/DOBDO[15]
                         net (fo=15, routed)          1.296     3.887    datapath_inst/ch1dataToPixel_inst/doutb[15]
    DSP48_X1Y8           DSP48E1 (Prop_dsp48e1_A[16]_P[22])
                                                      3.841     7.728 f  datapath_inst/ch1dataToPixel_inst/x_SIGNED32/P[22]
                         net (fo=6, routed)           1.104     8.831    datapath_inst/ch1dataToPixel_inst/p_0_in[6]
    SLICE_X28Y20         LUT4 (Prop_lut4_I3_O)        0.148     8.979 r  datapath_inst/ch1dataToPixel_inst/tmp1_carry__0_i_6/O
                         net (fo=4, routed)           0.662     9.642    datapath_inst/ch1dataToPixel_inst/tmp1_carry__0_i_6_n_0
    SLICE_X29Y20         LUT5 (Prop_lut5_I0_O)        0.328     9.970 r  datapath_inst/ch1dataToPixel_inst/i__carry__0_i_4/O
                         net (fo=1, routed)           0.000     9.970    datapath_inst/ch1PixelCompare_inst/green_reg[6]_2[0]
    SLICE_X29Y20         CARRY4 (Prop_carry4_S[0]_CO[1])
                                                      0.457    10.427 f  datapath_inst/ch1PixelCompare_inst/tmp1_inferred__0/i__carry__0/CO[1]
                         net (fo=3, routed)           0.516    10.943    datapath_inst/ch1dataToPixel_inst/red_reg[7][0]
    SLICE_X30Y21         LUT3 (Prop_lut3_I0_O)        0.329    11.272 f  datapath_inst/ch1dataToPixel_inst/red[7]_i_2/O
                         net (fo=2, routed)           0.457    11.729    datapath_inst/videoSigGen_inst/red_reg[7]
    SLICE_X30Y20         LUT6 (Prop_lut6_I1_O)        0.124    11.853 r  datapath_inst/videoSigGen_inst/red[6]_i_1/O
                         net (fo=1, routed)           0.000    11.853    datapath_inst/scopeFace_inst/D[0]
    SLICE_X30Y20         FDRE                                         r  datapath_inst/scopeFace_inst/red_reg[6]/D
  -------------------------------------------------------------------    -------------------

                         (clock clk_out1_clk_wiz_0 rise edge)
                                                     13.474    13.474 r  
    BUFGCTRL_X0Y2        BUFG                         0.000    13.474 r  clk_IBUF_BUFG_inst/O
                         net (fo=152, routed)         1.487    14.961    datapath_inst/vc/inst/clk_in1
    MMCME2_ADV_X0Y0      MMCME2_ADV (Prop_mmcme2_adv_CLKIN1_CLKOUT0)
                                                     -3.177    11.784 r  datapath_inst/vc/inst/mmcm_adv_inst/CLKOUT0
                         net (fo=1, routed)           1.599    13.383    datapath_inst/vc/inst/clk_out1_clk_wiz_0
    BUFGCTRL_X0Y0        BUFG (Prop_bufg_I_O)         0.091    13.474 r  datapath_inst/vc/inst/clkout1_buf/O
                         net (fo=223, routed)         1.488    14.962    datapath_inst/scopeFace_inst/CLK
    SLICE_X30Y20         FDRE                                         r  datapath_inst/scopeFace_inst/red_reg[6]/C
                         clock pessimism              0.105    15.067    
                         clock uncertainty           -0.234    14.833    
    SLICE_X30Y20         FDRE (Setup_fdre_C_D)        0.081    14.914    datapath_inst/scopeFace_inst/red_reg[6]
  -------------------------------------------------------------------
                         required time                         14.914    
                         arrival time                         -11.853    
  -------------------------------------------------------------------
                         slack                                  3.061    

Slack (MET) :             3.320ns  (required time - arrival time)
  Source:                 datapath_inst/ch2BRAM_inst/U0/inst_blk_mem_gen/gnbram.gnativebmg.native_blk_mem_gen/valid.cstr/ramloop[0].ram.r/prim_noinit.ram/DEVICE_7SERIES.NO_BMM_INFO.SDP.SIMPLE_PRIM18.ram/CLKBWRCLK
                            (rising edge-triggered cell RAMB18E1 clocked by clk_out1_clk_wiz_0  {rise@0.000ns fall@6.737ns period=13.474ns})
  Destination:            datapath_inst/scopeFace_inst/green_reg[6]/D
                            (rising edge-triggered cell FDRE clocked by clk_out1_clk_wiz_0  {rise@0.000ns fall@6.737ns period=13.474ns})
  Path Group:             clk_out1_clk_wiz_0
  Path Type:              Setup (Max at Slow Process Corner)
  Requirement:            13.474ns  (clk_out1_clk_wiz_0 rise@13.474ns - clk_out1_clk_wiz_0 rise@0.000ns)
  Data Path Delay:        9.884ns  (logic 6.143ns (62.148%)  route 3.741ns (37.852%))
  Logic Levels:           6  (CARRY4=1 DSP48E1=1 LUT2=2 LUT6=2)
  Clock Path Skew:        -0.116ns (DCD - SCD + CPR)
    Destination Clock Delay (DCD):    1.487ns = ( 14.961 - 13.474 ) 
    Source Clock Delay      (SCD):    1.708ns
    Clock Pessimism Removal (CPR):    0.105ns
  Clock Uncertainty:      0.234ns  ((TSJ^2 + DJ^2)^1/2) / 2 + PE
    Total System Jitter     (TSJ):    0.071ns
    Discrete Jitter          (DJ):    0.462ns
    Phase Error              (PE):    0.000ns

    Location             Delay type                Incr(ns)  Path(ns)    Netlist Resource(s)
  -------------------------------------------------------------------    -------------------
                         (clock clk_out1_clk_wiz_0 rise edge)
                                                      0.000     0.000 r  
    BUFGCTRL_X0Y2        BUFG                         0.000     0.000 r  clk_IBUF_BUFG_inst/O
                         net (fo=152, routed)         1.677     1.677    datapath_inst/vc/inst/clk_in1
    MMCME2_ADV_X0Y0      MMCME2_ADV (Prop_mmcme2_adv_CLKIN1_CLKOUT0)
                                                     -3.538    -1.861 r  datapath_inst/vc/inst/mmcm_adv_inst/CLKOUT0
                         net (fo=1, routed)           1.760    -0.101    datapath_inst/vc/inst/clk_out1_clk_wiz_0
    BUFGCTRL_X0Y0        BUFG (Prop_bufg_I_O)         0.101     0.000 r  datapath_inst/vc/inst/clkout1_buf/O
                         net (fo=223, routed)         1.708     1.708    datapath_inst/ch2BRAM_inst/U0/inst_blk_mem_gen/gnbram.gnativebmg.native_blk_mem_gen/valid.cstr/ramloop[0].ram.r/prim_noinit.ram/clkb
    RAMB18_X2Y7          RAMB18E1                                     r  datapath_inst/ch2BRAM_inst/U0/inst_blk_mem_gen/gnbram.gnativebmg.native_blk_mem_gen/valid.cstr/ramloop[0].ram.r/prim_noinit.ram/DEVICE_7SERIES.NO_BMM_INFO.SDP.SIMPLE_PRIM18.ram/CLKBWRCLK
  -------------------------------------------------------------------    -------------------
    RAMB18_X2Y7          RAMB18E1 (Prop_ramb18e1_CLKBWRCLK_DOBDO[12])
                                                      0.882     2.590 r  datapath_inst/ch2BRAM_inst/U0/inst_blk_mem_gen/gnbram.gnativebmg.native_blk_mem_gen/valid.cstr/ramloop[0].ram.r/prim_noinit.ram/DEVICE_7SERIES.NO_BMM_INFO.SDP.SIMPLE_PRIM18.ram/DOBDO[12]
                         net (fo=1, routed)           1.074     3.665    datapath_inst/ch2dataToPixel_inst/doutb[12]
    DSP48_X1Y9           DSP48E1 (Prop_dsp48e1_A[12]_P[20])
                                                      3.841     7.506 r  datapath_inst/ch2dataToPixel_inst/x_SIGNED32/P[20]
                         net (fo=10, routed)          0.857     8.363    datapath_inst/ch2dataToPixel_inst/P[4]
    SLICE_X31Y21         LUT2 (Prop_lut2_I0_O)        0.150     8.513 r  datapath_inst/ch2dataToPixel_inst/tmp1_carry__0_i_7__0/O
                         net (fo=1, routed)           0.433     8.946    datapath_inst/ch2dataToPixel_inst/tmp1_carry__0_i_7__0_n_0
    SLICE_X31Y21         LUT6 (Prop_lut6_I2_O)        0.326     9.272 r  datapath_inst/ch2dataToPixel_inst/tmp1_carry__0_i_5__0/O
                         net (fo=4, routed)           0.559     9.831    datapath_inst/ch2dataToPixel_inst/ch2pixelHeight[0]
    SLICE_X31Y23         LUT2 (Prop_lut2_I0_O)        0.124     9.955 r  datapath_inst/ch2dataToPixel_inst/i__carry__0_i_3__3/O
                         net (fo=1, routed)           0.000     9.955    datapath_inst/ch2PixelCompare_inst/green_reg[6]_2[1]
    SLICE_X31Y23         CARRY4 (Prop_carry4_S[1]_CO[1])
                                                      0.491    10.446 f  datapath_inst/ch2PixelCompare_inst/tmp1_inferred__0/i__carry__0/CO[1]
                         net (fo=3, routed)           0.818    11.264    datapath_inst/videoSigGen_inst/green_reg[6]_0[0]
    SLICE_X30Y21         LUT6 (Prop_lut6_I4_O)        0.329    11.593 r  datapath_inst/videoSigGen_inst/green[6]_i_1/O
                         net (fo=1, routed)           0.000    11.593    datapath_inst/scopeFace_inst/green_reg[6]_0
    SLICE_X30Y21         FDRE                                         r  datapath_inst/scopeFace_inst/green_reg[6]/D
  -------------------------------------------------------------------    -------------------

                         (clock clk_out1_clk_wiz_0 rise edge)
                                                     13.474    13.474 r  
    BUFGCTRL_X0Y2        BUFG                         0.000    13.474 r  clk_IBUF_BUFG_inst/O
                         net (fo=152, routed)         1.487    14.961    datapath_inst/vc/inst/clk_in1
    MMCME2_ADV_X0Y0      MMCME2_ADV (Prop_mmcme2_adv_CLKIN1_CLKOUT0)
                                                     -3.177    11.784 r  datapath_inst/vc/inst/mmcm_adv_inst/CLKOUT0
                         net (fo=1, routed)           1.599    13.383    datapath_inst/vc/inst/clk_out1_clk_wiz_0
    BUFGCTRL_X0Y0        BUFG (Prop_bufg_I_O)         0.091    13.474 r  datapath_inst/vc/inst/clkout1_buf/O
                         net (fo=223, routed)         1.487    14.961    datapath_inst/scopeFace_inst/CLK
    SLICE_X30Y21         FDRE                                         r  datapath_inst/scopeFace_inst/green_reg[6]/C
                         clock pessimism              0.105    15.066    
                         clock uncertainty           -0.234    14.832    
    SLICE_X30Y21         FDRE (Setup_fdre_C_D)        0.081    14.913    datapath_inst/scopeFace_inst/green_reg[6]
  -------------------------------------------------------------------
                         required time                         14.913    
                         arrival time                         -11.593    
  -------------------------------------------------------------------
                         slack                                  3.320    

Slack (MET) :             6.462ns  (required time - arrival time)
  Source:                 datapath_inst/videoSigGen_inst/pixelHorz_reg[0]/C
                            (rising edge-triggered cell FDRE clocked by clk_out1_clk_wiz_0  {rise@0.000ns fall@6.737ns period=13.474ns})
  Destination:            datapath_inst/scopeFace_inst/blue_reg[6]/D
                            (rising edge-triggered cell FDRE clocked by clk_out1_clk_wiz_0  {rise@0.000ns fall@6.737ns period=13.474ns})
  Path Group:             clk_out1_clk_wiz_0
  Path Type:              Setup (Max at Slow Process Corner)
  Requirement:            13.474ns  (clk_out1_clk_wiz_0 rise@13.474ns - clk_out1_clk_wiz_0 rise@0.000ns)
  Data Path Delay:        6.675ns  (logic 2.262ns (33.888%)  route 4.413ns (66.112%))
  Logic Levels:           7  (CARRY4=3 LUT1=1 LUT5=1 LUT6=2)
  Clock Path Skew:        -0.036ns (DCD - SCD + CPR)
    Destination Clock Delay (DCD):    1.567ns = ( 15.041 - 13.474 ) 
    Source Clock Delay      (SCD):    1.745ns
    Clock Pessimism Removal (CPR):    0.142ns
  Clock Uncertainty:      0.234ns  ((TSJ^2 + DJ^2)^1/2) / 2 + PE
    Total System Jitter     (TSJ):    0.071ns
    Discrete Jitter          (DJ):    0.462ns
    Phase Error              (PE):    0.000ns

    Location             Delay type                Incr(ns)  Path(ns)    Netlist Resource(s)
  -------------------------------------------------------------------    -------------------
                         (clock clk_out1_clk_wiz_0 rise edge)
                                                      0.000     0.000 r  
    BUFGCTRL_X0Y2        BUFG                         0.000     0.000 r  clk_IBUF_BUFG_inst/O
                         net (fo=152, routed)         1.677     1.677    datapath_inst/vc/inst/clk_in1
    MMCME2_ADV_X0Y0      MMCME2_ADV (Prop_mmcme2_adv_CLKIN1_CLKOUT0)
                                                     -3.538    -1.861 r  datapath_inst/vc/inst/mmcm_adv_inst/CLKOUT0
                         net (fo=1, routed)           1.760    -0.101    datapath_inst/vc/inst/clk_out1_clk_wiz_0
    BUFGCTRL_X0Y0        BUFG (Prop_bufg_I_O)         0.101     0.000 r  datapath_inst/vc/inst/clkout1_buf/O
                         net (fo=223, routed)         1.745     1.745    datapath_inst/videoSigGen_inst/CLK
    SLICE_X37Y15         FDRE                                         r  datapath_inst/videoSigGen_inst/pixelHorz_reg[0]/C
  -------------------------------------------------------------------    -------------------
    SLICE_X37Y15         FDRE (Prop_fdre_C_Q)         0.456     2.201 f  datapath_inst/videoSigGen_inst/pixelHorz_reg[0]/Q
                         net (fo=27, routed)          1.455     3.656    datapath_inst/videoSigGen_inst/pixelHorz_reg[10]_0[0]
    SLICE_X31Y16         LUT1 (Prop_lut1_I0_O)        0.149     3.805 r  datapath_inst/videoSigGen_inst/i__carry_i_1__3/O
                         net (fo=1, routed)           0.525     4.330    datapath_inst/scopeFace_inst/p_0_in__0[0]
    SLICE_X30Y17         CARRY4 (Prop_carry4_CYINIT_CO[3])
                                                      0.803     5.133 r  datapath_inst/scopeFace_inst/p_1_out_inferred__0/i__carry/CO[3]
                         net (fo=1, routed)           0.000     5.133    datapath_inst/scopeFace_inst/p_1_out_inferred__0/i__carry_n_0
    SLICE_X30Y18         CARRY4 (Prop_carry4_CI_CO[3])
                                                      0.117     5.250 r  datapath_inst/scopeFace_inst/p_1_out_inferred__0/i__carry__0/CO[3]
                         net (fo=1, routed)           0.000     5.250    datapath_inst/scopeFace_inst/p_1_out_inferred__0/i__carry__0_n_0
    SLICE_X30Y19         CARRY4 (Prop_carry4_CI_CO[1])
                                                      0.157     5.407 f  datapath_inst/scopeFace_inst/p_1_out_inferred__0/i__carry__1/CO[1]
                         net (fo=1, routed)           0.427     5.834    datapath_inst/videoSigGen_inst/red[7]_i_4_0[0]
    SLICE_X33Y19         LUT6 (Prop_lut6_I0_O)        0.332     6.166 r  datapath_inst/videoSigGen_inst/red[7]_i_13/O
                         net (fo=2, routed)           0.616     6.782    datapath_inst/videoSigGen_inst/red[7]_i_13_n_0
    SLICE_X32Y20         LUT5 (Prop_lut5_I1_O)        0.124     6.906 f  datapath_inst/videoSigGen_inst/red[6]_i_2/O
                         net (fo=2, routed)           0.460     7.366    datapath_inst/videoSigGen_inst/red[6]_i_2_n_0
    SLICE_X30Y20         LUT6 (Prop_lut6_I1_O)        0.124     7.490 r  datapath_inst/videoSigGen_inst/blue[6]_i_1/O
                         net (fo=4, routed)           0.930     8.420    datapath_inst/scopeFace_inst/blue_reg[7]_1[0]
    SLICE_X36Y17         FDRE                                         r  datapath_inst/scopeFace_inst/blue_reg[6]/D
  -------------------------------------------------------------------    -------------------

                         (clock clk_out1_clk_wiz_0 rise edge)
                                                     13.474    13.474 r  
    BUFGCTRL_X0Y2        BUFG                         0.000    13.474 r  clk_IBUF_BUFG_inst/O
                         net (fo=152, routed)         1.487    14.961    datapath_inst/vc/inst/clk_in1
    MMCME2_ADV_X0Y0      MMCME2_ADV (Prop_mmcme2_adv_CLKIN1_CLKOUT0)
                                                     -3.177    11.784 r  datapath_inst/vc/inst/mmcm_adv_inst/CLKOUT0
                         net (fo=1, routed)           1.599    13.383    datapath_inst/vc/inst/clk_out1_clk_wiz_0
    BUFGCTRL_X0Y0        BUFG (Prop_bufg_I_O)         0.091    13.474 r  datapath_inst/vc/inst/clkout1_buf/O
                         net (fo=223, routed)         1.567    15.041    datapath_inst/scopeFace_inst/CLK
    SLICE_X36Y17         FDRE                                         r  datapath_inst/scopeFace_inst/blue_reg[6]/C
                         clock pessimism              0.142    15.183    
                         clock uncertainty           -0.234    14.949    
    SLICE_X36Y17         FDRE (Setup_fdre_C_D)       -0.067    14.882    datapath_inst/scopeFace_inst/blue_reg[6]
  -------------------------------------------------------------------
                         required time                         14.882    
                         arrival time                          -8.420    
  -------------------------------------------------------------------
                         slack                                  6.462    

Slack (MET) :             7.003ns  (required time - arrival time)
  Source:                 datapath_inst/videoSigGen_inst/h_cnt_reg[10]/C
                            (rising edge-triggered cell FDRE clocked by clk_out1_clk_wiz_0  {rise@0.000ns fall@6.737ns period=13.474ns})
  Destination:            datapath_inst/videoSigGen_inst/v_cnt_reg[1]/R
                            (rising edge-triggered cell FDRE clocked by clk_out1_clk_wiz_0  {rise@0.000ns fall@6.737ns period=13.474ns})
  Path Group:             clk_out1_clk_wiz_0
  Path Type:              Setup (Max at Slow Process Corner)
  Requirement:            13.474ns  (clk_out1_clk_wiz_0 rise@13.474ns - clk_out1_clk_wiz_0 rise@0.000ns)
  Data Path Delay:        5.724ns  (logic 1.182ns (20.650%)  route 4.542ns (79.350%))
  Logic Levels:           4  (LUT2=1 LUT4=1 LUT5=2)
  Clock Path Skew:        -0.084ns (DCD - SCD + CPR)
    Destination Clock Delay (DCD):    1.558ns = ( 15.032 - 13.474 ) 
    Source Clock Delay      (SCD):    1.747ns
    Clock Pessimism Removal (CPR):    0.105ns
  Clock Uncertainty:      0.234ns  ((TSJ^2 + DJ^2)^1/2) / 2 + PE
    Total System Jitter     (TSJ):    0.071ns
    Discrete Jitter          (DJ):    0.462ns
    Phase Error              (PE):    0.000ns

    Location             Delay type                Incr(ns)  Path(ns)    Netlist Resource(s)
  -------------------------------------------------------------------    -------------------
                         (clock clk_out1_clk_wiz_0 rise edge)
                                                      0.000     0.000 r  
    BUFGCTRL_X0Y2        BUFG                         0.000     0.000 r  clk_IBUF_BUFG_inst/O
                         net (fo=152, routed)         1.677     1.677    datapath_inst/vc/inst/clk_in1
    MMCME2_ADV_X0Y0      MMCME2_ADV (Prop_mmcme2_adv_CLKIN1_CLKOUT0)
                                                     -3.538    -1.861 r  datapath_inst/vc/inst/mmcm_adv_inst/CLKOUT0
                         net (fo=1, routed)           1.760    -0.101    datapath_inst/vc/inst/clk_out1_clk_wiz_0
    BUFGCTRL_X0Y0        BUFG (Prop_bufg_I_O)         0.101     0.000 r  datapath_inst/vc/inst/clkout1_buf/O
                         net (fo=223, routed)         1.747     1.747    datapath_inst/videoSigGen_inst/CLK
    SLICE_X36Y14         FDRE                                         r  datapath_inst/videoSigGen_inst/h_cnt_reg[10]/C
  -------------------------------------------------------------------    -------------------
    SLICE_X36Y14         FDRE (Prop_fdre_C_Q)         0.456     2.203 f  datapath_inst/videoSigGen_inst/h_cnt_reg[10]/Q
                         net (fo=6, routed)           1.158     3.361    datapath_inst/videoSigGen_inst/h_cnt_reg[10]
    SLICE_X36Y14         LUT4 (Prop_lut4_I2_O)        0.152     3.513 r  datapath_inst/videoSigGen_inst/v_cnt[10]_i_5/O
                         net (fo=2, routed)           0.819     4.331    datapath_inst/videoSigGen_inst/v_cnt[10]_i_5_n_0
    SLICE_X36Y15         LUT5 (Prop_lut5_I0_O)        0.326     4.657 r  datapath_inst/videoSigGen_inst/v_cnt[10]_i_2/O
                         net (fo=16, routed)          1.211     5.869    datapath_inst/videoSigGen_inst/eqOp3_in
    SLICE_X37Y24         LUT5 (Prop_lut5_I0_O)        0.124     5.993 r  datapath_inst/videoSigGen_inst/v_cnt[10]_i_4/O
                         net (fo=2, routed)           0.310     6.303    datapath_inst/videoSigGen_inst/v_cnt[10]_i_4_n_0
    SLICE_X38Y24         LUT2 (Prop_lut2_I0_O)        0.124     6.427 r  datapath_inst/videoSigGen_inst/v_cnt[10]_i_1/O
                         net (fo=11, routed)          1.044     7.471    datapath_inst/videoSigGen_inst/v_cnt[10]_i_1_n_0
    SLICE_X36Y25         FDRE                                         r  datapath_inst/videoSigGen_inst/v_cnt_reg[1]/R
  -------------------------------------------------------------------    -------------------

                         (clock clk_out1_clk_wiz_0 rise edge)
                                                     13.474    13.474 r  
    BUFGCTRL_X0Y2        BUFG                         0.000    13.474 r  clk_IBUF_BUFG_inst/O
                         net (fo=152, routed)         1.487    14.961    datapath_inst/vc/inst/clk_in1
    MMCME2_ADV_X0Y0      MMCME2_ADV (Prop_mmcme2_adv_CLKIN1_CLKOUT0)
                                                     -3.177    11.784 r  datapath_inst/vc/inst/mmcm_adv_inst/CLKOUT0
                         net (fo=1, routed)           1.599    13.383    datapath_inst/vc/inst/clk_out1_clk_wiz_0
    BUFGCTRL_X0Y0        BUFG (Prop_bufg_I_O)         0.091    13.474 r  datapath_inst/vc/inst/clkout1_buf/O
                         net (fo=223, routed)         1.558    15.032    datapath_inst/videoSigGen_inst/CLK
    SLICE_X36Y25         FDRE                                         r  datapath_inst/videoSigGen_inst/v_cnt_reg[1]/C
                         clock pessimism              0.105    15.137    
                         clock uncertainty           -0.234    14.903    
    SLICE_X36Y25         FDRE (Setup_fdre_C_R)       -0.429    14.474    datapath_inst/videoSigGen_inst/v_cnt_reg[1]
  -------------------------------------------------------------------
                         required time                         14.474    
                         arrival time                          -7.471    
  -------------------------------------------------------------------
                         slack                                  7.003    

Slack (MET) :             7.003ns  (required time - arrival time)
  Source:                 datapath_inst/videoSigGen_inst/h_cnt_reg[10]/C
                            (rising edge-triggered cell FDRE clocked by clk_out1_clk_wiz_0  {rise@0.000ns fall@6.737ns period=13.474ns})
  Destination:            datapath_inst/videoSigGen_inst/v_cnt_reg[2]/R
                            (rising edge-triggered cell FDRE clocked by clk_out1_clk_wiz_0  {rise@0.000ns fall@6.737ns period=13.474ns})
  Path Group:             clk_out1_clk_wiz_0
  Path Type:              Setup (Max at Slow Process Corner)
  Requirement:            13.474ns  (clk_out1_clk_wiz_0 rise@13.474ns - clk_out1_clk_wiz_0 rise@0.000ns)
  Data Path Delay:        5.724ns  (logic 1.182ns (20.650%)  route 4.542ns (79.350%))
  Logic Levels:           4  (LUT2=1 LUT4=1 LUT5=2)
  Clock Path Skew:        -0.084ns (DCD - SCD + CPR)
    Destination Clock Delay (DCD):    1.558ns = ( 15.032 - 13.474 ) 
    Source Clock Delay      (SCD):    1.747ns
    Clock Pessimism Removal (CPR):    0.105ns
  Clock Uncertainty:      0.234ns  ((TSJ^2 + DJ^2)^1/2) / 2 + PE
    Total System Jitter     (TSJ):    0.071ns
    Discrete Jitter          (DJ):    0.462ns
    Phase Error              (PE):    0.000ns

    Location             Delay type                Incr(ns)  Path(ns)    Netlist Resource(s)
  -------------------------------------------------------------------    -------------------
                         (clock clk_out1_clk_wiz_0 rise edge)
                                                      0.000     0.000 r  
    BUFGCTRL_X0Y2        BUFG                         0.000     0.000 r  clk_IBUF_BUFG_inst/O
                         net (fo=152, routed)         1.677     1.677    datapath_inst/vc/inst/clk_in1
    MMCME2_ADV_X0Y0      MMCME2_ADV (Prop_mmcme2_adv_CLKIN1_CLKOUT0)
                                                     -3.538    -1.861 r  datapath_inst/vc/inst/mmcm_adv_inst/CLKOUT0
                         net (fo=1, routed)           1.760    -0.101    datapath_inst/vc/inst/clk_out1_clk_wiz_0
    BUFGCTRL_X0Y0        BUFG (Prop_bufg_I_O)         0.101     0.000 r  datapath_inst/vc/inst/clkout1_buf/O
                         net (fo=223, routed)         1.747     1.747    datapath_inst/videoSigGen_inst/CLK
    SLICE_X36Y14         FDRE                                         r  datapath_inst/videoSigGen_inst/h_cnt_reg[10]/C
  -------------------------------------------------------------------    -------------------
    SLICE_X36Y14         FDRE (Prop_fdre_C_Q)         0.456     2.203 f  datapath_inst/videoSigGen_inst/h_cnt_reg[10]/Q
                         net (fo=6, routed)           1.158     3.361    datapath_inst/videoSigGen_inst/h_cnt_reg[10]
    SLICE_X36Y14         LUT4 (Prop_lut4_I2_O)        0.152     3.513 r  datapath_inst/videoSigGen_inst/v_cnt[10]_i_5/O
                         net (fo=2, routed)           0.819     4.331    datapath_inst/videoSigGen_inst/v_cnt[10]_i_5_n_0
    SLICE_X36Y15         LUT5 (Prop_lut5_I0_O)        0.326     4.657 r  datapath_inst/videoSigGen_inst/v_cnt[10]_i_2/O
                         net (fo=16, routed)          1.211     5.869    datapath_inst/videoSigGen_inst/eqOp3_in
    SLICE_X37Y24         LUT5 (Prop_lut5_I0_O)        0.124     5.993 r  datapath_inst/videoSigGen_inst/v_cnt[10]_i_4/O
                         net (fo=2, routed)           0.310     6.303    datapath_inst/videoSigGen_inst/v_cnt[10]_i_4_n_0
    SLICE_X38Y24         LUT2 (Prop_lut2_I0_O)        0.124     6.427 r  datapath_inst/videoSigGen_inst/v_cnt[10]_i_1/O
                         net (fo=11, routed)          1.044     7.471    datapath_inst/videoSigGen_inst/v_cnt[10]_i_1_n_0
    SLICE_X36Y25         FDRE                                         r  datapath_inst/videoSigGen_inst/v_cnt_reg[2]/R
  -------------------------------------------------------------------    -------------------

                         (clock clk_out1_clk_wiz_0 rise edge)
                                                     13.474    13.474 r  
    BUFGCTRL_X0Y2        BUFG                         0.000    13.474 r  clk_IBUF_BUFG_inst/O
                         net (fo=152, routed)         1.487    14.961    datapath_inst/vc/inst/clk_in1
    MMCME2_ADV_X0Y0      MMCME2_ADV (Prop_mmcme2_adv_CLKIN1_CLKOUT0)
                                                     -3.177    11.784 r  datapath_inst/vc/inst/mmcm_adv_inst/CLKOUT0
                         net (fo=1, routed)           1.599    13.383    datapath_inst/vc/inst/clk_out1_clk_wiz_0
    BUFGCTRL_X0Y0        BUFG (Prop_bufg_I_O)         0.091    13.474 r  datapath_inst/vc/inst/clkout1_buf/O
                         net (fo=223, routed)         1.558    15.032    datapath_inst/videoSigGen_inst/CLK
    SLICE_X36Y25         FDRE                                         r  datapath_inst/videoSigGen_inst/v_cnt_reg[2]/C
                         clock pessimism              0.105    15.137    
                         clock uncertainty           -0.234    14.903    
    SLICE_X36Y25         FDRE (Setup_fdre_C_R)       -0.429    14.474    datapath_inst/videoSigGen_inst/v_cnt_reg[2]
  -------------------------------------------------------------------
                         required time                         14.474    
                         arrival time                          -7.471    
  -------------------------------------------------------------------
                         slack                                  7.003    

Slack (MET) :             7.254ns  (required time - arrival time)
  Source:                 datapath_inst/videoSigGen_inst/h_cnt_reg[10]/C
                            (rising edge-triggered cell FDRE clocked by clk_out1_clk_wiz_0  {rise@0.000ns fall@6.737ns period=13.474ns})
  Destination:            datapath_inst/videoSigGen_inst/v_cnt_reg[10]/R
                            (rising edge-triggered cell FDRE clocked by clk_out1_clk_wiz_0  {rise@0.000ns fall@6.737ns period=13.474ns})
  Path Group:             clk_out1_clk_wiz_0
  Path Type:              Setup (Max at Slow Process Corner)
  Requirement:            13.474ns  (clk_out1_clk_wiz_0 rise@13.474ns - clk_out1_clk_wiz_0 rise@0.000ns)
  Data Path Delay:        5.512ns  (logic 1.182ns (21.443%)  route 4.330ns (78.557%))
  Logic Levels:           4  (LUT2=1 LUT4=1 LUT5=2)
  Clock Path Skew:        -0.045ns (DCD - SCD + CPR)
    Destination Clock Delay (DCD):    1.560ns = ( 15.034 - 13.474 ) 
    Source Clock Delay      (SCD):    1.747ns
    Clock Pessimism Removal (CPR):    0.142ns
  Clock Uncertainty:      0.234ns  ((TSJ^2 + DJ^2)^1/2) / 2 + PE
    Total System Jitter     (TSJ):    0.071ns
    Discrete Jitter          (DJ):    0.462ns
    Phase Error              (PE):    0.000ns

    Location             Delay type                Incr(ns)  Path(ns)    Netlist Resource(s)
  -------------------------------------------------------------------    -------------------
                         (clock clk_out1_clk_wiz_0 rise edge)
                                                      0.000     0.000 r  
    BUFGCTRL_X0Y2        BUFG                         0.000     0.000 r  clk_IBUF_BUFG_inst/O
                         net (fo=152, routed)         1.677     1.677    datapath_inst/vc/inst/clk_in1
    MMCME2_ADV_X0Y0      MMCME2_ADV (Prop_mmcme2_adv_CLKIN1_CLKOUT0)
                                                     -3.538    -1.861 r  datapath_inst/vc/inst/mmcm_adv_inst/CLKOUT0
                         net (fo=1, routed)           1.760    -0.101    datapath_inst/vc/inst/clk_out1_clk_wiz_0
    BUFGCTRL_X0Y0        BUFG (Prop_bufg_I_O)         0.101     0.000 r  datapath_inst/vc/inst/clkout1_buf/O
                         net (fo=223, routed)         1.747     1.747    datapath_inst/videoSigGen_inst/CLK
    SLICE_X36Y14         FDRE                                         r  datapath_inst/videoSigGen_inst/h_cnt_reg[10]/C
  -------------------------------------------------------------------    -------------------
    SLICE_X36Y14         FDRE (Prop_fdre_C_Q)         0.456     2.203 f  datapath_inst/videoSigGen_inst/h_cnt_reg[10]/Q
                         net (fo=6, routed)           1.158     3.361    datapath_inst/videoSigGen_inst/h_cnt_reg[10]
    SLICE_X36Y14         LUT4 (Prop_lut4_I2_O)        0.152     3.513 r  datapath_inst/videoSigGen_inst/v_cnt[10]_i_5/O
                         net (fo=2, routed)           0.819     4.331    datapath_inst/videoSigGen_inst/v_cnt[10]_i_5_n_0
    SLICE_X36Y15         LUT5 (Prop_lut5_I0_O)        0.326     4.657 r  datapath_inst/videoSigGen_inst/v_cnt[10]_i_2/O
                         net (fo=16, routed)          1.211     5.869    datapath_inst/videoSigGen_inst/eqOp3_in
    SLICE_X37Y24         LUT5 (Prop_lut5_I0_O)        0.124     5.993 r  datapath_inst/videoSigGen_inst/v_cnt[10]_i_4/O
                         net (fo=2, routed)           0.310     6.303    datapath_inst/videoSigGen_inst/v_cnt[10]_i_4_n_0
    SLICE_X38Y24         LUT2 (Prop_lut2_I0_O)        0.124     6.427 r  datapath_inst/videoSigGen_inst/v_cnt[10]_i_1/O
                         net (fo=11, routed)          0.832     7.259    datapath_inst/videoSigGen_inst/v_cnt[10]_i_1_n_0
    SLICE_X36Y23         FDRE                                         r  datapath_inst/videoSigGen_inst/v_cnt_reg[10]/R
  -------------------------------------------------------------------    -------------------

                         (clock clk_out1_clk_wiz_0 rise edge)
                                                     13.474    13.474 r  
    BUFGCTRL_X0Y2        BUFG                         0.000    13.474 r  clk_IBUF_BUFG_inst/O
                         net (fo=152, routed)         1.487    14.961    datapath_inst/vc/inst/clk_in1
    MMCME2_ADV_X0Y0      MMCME2_ADV (Prop_mmcme2_adv_CLKIN1_CLKOUT0)
                                                     -3.177    11.784 r  datapath_inst/vc/inst/mmcm_adv_inst/CLKOUT0
                         net (fo=1, routed)           1.599    13.383    datapath_inst/vc/inst/clk_out1_clk_wiz_0
    BUFGCTRL_X0Y0        BUFG (Prop_bufg_I_O)         0.091    13.474 r  datapath_inst/vc/inst/clkout1_buf/O
                         net (fo=223, routed)         1.560    15.034    datapath_inst/videoSigGen_inst/CLK
    SLICE_X36Y23         FDRE                                         r  datapath_inst/videoSigGen_inst/v_cnt_reg[10]/C
                         clock pessimism              0.142    15.176    
                         clock uncertainty           -0.234    14.942    
    SLICE_X36Y23         FDRE (Setup_fdre_C_R)       -0.429    14.513    datapath_inst/videoSigGen_inst/v_cnt_reg[10]
  -------------------------------------------------------------------
                         required time                         14.513    
                         arrival time                          -7.259    
  -------------------------------------------------------------------
                         slack                                  7.254    

Slack (MET) :             7.254ns  (required time - arrival time)
  Source:                 datapath_inst/videoSigGen_inst/h_cnt_reg[10]/C
                            (rising edge-triggered cell FDRE clocked by clk_out1_clk_wiz_0  {rise@0.000ns fall@6.737ns period=13.474ns})
  Destination:            datapath_inst/videoSigGen_inst/v_cnt_reg[3]/R
                            (rising edge-triggered cell FDRE clocked by clk_out1_clk_wiz_0  {rise@0.000ns fall@6.737ns period=13.474ns})
  Path Group:             clk_out1_clk_wiz_0
  Path Type:              Setup (Max at Slow Process Corner)
  Requirement:            13.474ns  (clk_out1_clk_wiz_0 rise@13.474ns - clk_out1_clk_wiz_0 rise@0.000ns)
  Data Path Delay:        5.512ns  (logic 1.182ns (21.443%)  route 4.330ns (78.557%))
  Logic Levels:           4  (LUT2=1 LUT4=1 LUT5=2)
  Clock Path Skew:        -0.045ns (DCD - SCD + CPR)
    Destination Clock Delay (DCD):    1.560ns = ( 15.034 - 13.474 ) 
    Source Clock Delay      (SCD):    1.747ns
    Clock Pessimism Removal (CPR):    0.142ns
  Clock Uncertainty:      0.234ns  ((TSJ^2 + DJ^2)^1/2) / 2 + PE
    Total System Jitter     (TSJ):    0.071ns
    Discrete Jitter          (DJ):    0.462ns
    Phase Error              (PE):    0.000ns

    Location             Delay type                Incr(ns)  Path(ns)    Netlist Resource(s)
  -------------------------------------------------------------------    -------------------
                         (clock clk_out1_clk_wiz_0 rise edge)
                                                      0.000     0.000 r  
    BUFGCTRL_X0Y2        BUFG                         0.000     0.000 r  clk_IBUF_BUFG_inst/O
                         net (fo=152, routed)         1.677     1.677    datapath_inst/vc/inst/clk_in1
    MMCME2_ADV_X0Y0      MMCME2_ADV (Prop_mmcme2_adv_CLKIN1_CLKOUT0)
                                                     -3.538    -1.861 r  datapath_inst/vc/inst/mmcm_adv_inst/CLKOUT0
                         net (fo=1, routed)           1.760    -0.101    datapath_inst/vc/inst/clk_out1_clk_wiz_0
    BUFGCTRL_X0Y0        BUFG (Prop_bufg_I_O)         0.101     0.000 r  datapath_inst/vc/inst/clkout1_buf/O
                         net (fo=223, routed)         1.747     1.747    datapath_inst/videoSigGen_inst/CLK
    SLICE_X36Y14         FDRE                                         r  datapath_inst/videoSigGen_inst/h_cnt_reg[10]/C
  -------------------------------------------------------------------    -------------------
    SLICE_X36Y14         FDRE (Prop_fdre_C_Q)         0.456     2.203 f  datapath_inst/videoSigGen_inst/h_cnt_reg[10]/Q
                         net (fo=6, routed)           1.158     3.361    datapath_inst/videoSigGen_inst/h_cnt_reg[10]
    SLICE_X36Y14         LUT4 (Prop_lut4_I2_O)        0.152     3.513 r  datapath_inst/videoSigGen_inst/v_cnt[10]_i_5/O
                         net (fo=2, routed)           0.819     4.331    datapath_inst/videoSigGen_inst/v_cnt[10]_i_5_n_0
    SLICE_X36Y15         LUT5 (Prop_lut5_I0_O)        0.326     4.657 r  datapath_inst/videoSigGen_inst/v_cnt[10]_i_2/O
                         net (fo=16, routed)          1.211     5.869    datapath_inst/videoSigGen_inst/eqOp3_in
    SLICE_X37Y24         LUT5 (Prop_lut5_I0_O)        0.124     5.993 r  datapath_inst/videoSigGen_inst/v_cnt[10]_i_4/O
                         net (fo=2, routed)           0.310     6.303    datapath_inst/videoSigGen_inst/v_cnt[10]_i_4_n_0
    SLICE_X38Y24         LUT2 (Prop_lut2_I0_O)        0.124     6.427 r  datapath_inst/videoSigGen_inst/v_cnt[10]_i_1/O
                         net (fo=11, routed)          0.832     7.259    datapath_inst/videoSigGen_inst/v_cnt[10]_i_1_n_0
    SLICE_X36Y23         FDRE                                         r  datapath_inst/videoSigGen_inst/v_cnt_reg[3]/R
  -------------------------------------------------------------------    -------------------

                         (clock clk_out1_clk_wiz_0 rise edge)
                                                     13.474    13.474 r  
    BUFGCTRL_X0Y2        BUFG                         0.000    13.474 r  clk_IBUF_BUFG_inst/O
                         net (fo=152, routed)         1.487    14.961    datapath_inst/vc/inst/clk_in1
    MMCME2_ADV_X0Y0      MMCME2_ADV (Prop_mmcme2_adv_CLKIN1_CLKOUT0)
                                                     -3.177    11.784 r  datapath_inst/vc/inst/mmcm_adv_inst/CLKOUT0
                         net (fo=1, routed)           1.599    13.383    datapath_inst/vc/inst/clk_out1_clk_wiz_0
    BUFGCTRL_X0Y0        BUFG (Prop_bufg_I_O)         0.091    13.474 r  datapath_inst/vc/inst/clkout1_buf/O
                         net (fo=223, routed)         1.560    15.034    datapath_inst/videoSigGen_inst/CLK
    SLICE_X36Y23         FDRE                                         r  datapath_inst/videoSigGen_inst/v_cnt_reg[3]/C
                         clock pessimism              0.142    15.176    
                         clock uncertainty           -0.234    14.942    
    SLICE_X36Y23         FDRE (Setup_fdre_C_R)       -0.429    14.513    datapath_inst/videoSigGen_inst/v_cnt_reg[3]
  -------------------------------------------------------------------
                         required time                         14.513    
                         arrival time                          -7.259    
  -------------------------------------------------------------------
                         slack                                  7.254    





Min Delay Paths
--------------------------------------------------------------------------------------
Slack (MET) :             0.136ns  (arrival time - required time)
  Source:                 datapath_inst/scopeFace_inst/blue_reg[6]/C
                            (rising edge-triggered cell FDRE clocked by clk_out1_clk_wiz_0  {rise@0.000ns fall@6.737ns period=13.474ns})
  Destination:            datapath_inst/hdmi0_inst/inst/srldly_0/srl[33].srl16_i/D
                            (rising edge-triggered cell SRL16E clocked by clk_out1_clk_wiz_0  {rise@0.000ns fall@6.737ns period=13.474ns})
  Path Group:             clk_out1_clk_wiz_0
  Path Type:              Hold (Min at Fast Process Corner)
  Requirement:            0.000ns  (clk_out1_clk_wiz_0 rise@0.000ns - clk_out1_clk_wiz_0 rise@0.000ns)
  Data Path Delay:        0.259ns  (logic 0.141ns (54.487%)  route 0.118ns (45.513%))
  Logic Levels:           0  
  Clock Path Skew:        0.014ns (DCD - SCD - CPR)
    Destination Clock Delay (DCD):    0.851ns
    Source Clock Delay      (SCD):    0.584ns
    Clock Pessimism Removal (CPR):    0.253ns

    Location             Delay type                Incr(ns)  Path(ns)    Netlist Resource(s)
  -------------------------------------------------------------------    -------------------
                         (clock clk_out1_clk_wiz_0 rise edge)
                                                      0.000     0.000 r  
    BUFGCTRL_X0Y2        BUFG                         0.000     0.000 r  clk_IBUF_BUFG_inst/O
                         net (fo=152, routed)         0.546     0.546    datapath_inst/vc/inst/clk_in1
    MMCME2_ADV_X0Y0      MMCME2_ADV (Prop_mmcme2_adv_CLKIN1_CLKOUT0)
                                                     -1.053    -0.508 r  datapath_inst/vc/inst/mmcm_adv_inst/CLKOUT0
                         net (fo=1, routed)           0.482    -0.026    datapath_inst/vc/inst/clk_out1_clk_wiz_0
    BUFGCTRL_X0Y0        BUFG (Prop_bufg_I_O)         0.026     0.000 r  datapath_inst/vc/inst/clkout1_buf/O
                         net (fo=223, routed)         0.584     0.584    datapath_inst/scopeFace_inst/CLK
    SLICE_X36Y17         FDRE                                         r  datapath_inst/scopeFace_inst/blue_reg[6]/C
  -------------------------------------------------------------------    -------------------
    SLICE_X36Y17         FDRE (Prop_fdre_C_Q)         0.141     0.725 r  datapath_inst/scopeFace_inst/blue_reg[6]/Q
                         net (fo=6, routed)           0.118     0.842    datapath_inst/hdmi0_inst/inst/srldly_0/data_i[31]
    SLICE_X38Y17         SRL16E                                       r  datapath_inst/hdmi0_inst/inst/srldly_0/srl[33].srl16_i/D
  -------------------------------------------------------------------    -------------------

                         (clock clk_out1_clk_wiz_0 rise edge)
                                                      0.000     0.000 r  
    BUFGCTRL_X0Y2        BUFG                         0.000     0.000 r  clk_IBUF_BUFG_inst/O
                         net (fo=152, routed)         0.812     0.812    datapath_inst/vc/inst/clk_in1
    MMCME2_ADV_X0Y0      MMCME2_ADV (Prop_mmcme2_adv_CLKIN1_CLKOUT0)
                                                     -1.369    -0.557 r  datapath_inst/vc/inst/mmcm_adv_inst/CLKOUT0
                         net (fo=1, routed)           0.528    -0.029    datapath_inst/vc/inst/clk_out1_clk_wiz_0
    BUFGCTRL_X0Y0        BUFG (Prop_bufg_I_O)         0.029    -0.000 r  datapath_inst/vc/inst/clkout1_buf/O
                         net (fo=223, routed)         0.851     0.851    datapath_inst/hdmi0_inst/inst/srldly_0/pix_clk
    SLICE_X38Y17         SRL16E                                       r  datapath_inst/hdmi0_inst/inst/srldly_0/srl[33].srl16_i/CLK
                         clock pessimism             -0.253     0.598    
    SLICE_X38Y17         SRL16E (Hold_srl16e_CLK_D)
                                                      0.109     0.707    datapath_inst/hdmi0_inst/inst/srldly_0/srl[33].srl16_i
  -------------------------------------------------------------------
                         required time                         -0.707    
                         arrival time                           0.842    
  -------------------------------------------------------------------
                         slack                                  0.136    

Slack (MET) :             0.154ns  (arrival time - required time)
  Source:                 datapath_inst/hdmi0_inst/inst/encb/q_m_reg_reg[3]/C
                            (rising edge-triggered cell FDRE clocked by clk_out1_clk_wiz_0  {rise@0.000ns fall@6.737ns period=13.474ns})
  Destination:            datapath_inst/hdmi0_inst/inst/encb/dout_reg[3]/D
                            (rising edge-triggered cell FDCE clocked by clk_out1_clk_wiz_0  {rise@0.000ns fall@6.737ns period=13.474ns})
  Path Group:             clk_out1_clk_wiz_0
  Path Type:              Hold (Min at Fast Process Corner)
  Requirement:            0.000ns  (clk_out1_clk_wiz_0 rise@0.000ns - clk_out1_clk_wiz_0 rise@0.000ns)
  Data Path Delay:        0.259ns  (logic 0.209ns (80.663%)  route 0.050ns (19.337%))
  Logic Levels:           1  (LUT4=1)
  Clock Path Skew:        0.013ns (DCD - SCD - CPR)
    Destination Clock Delay (DCD):    0.853ns
    Source Clock Delay      (SCD):    0.586ns
    Clock Pessimism Removal (CPR):    0.254ns

    Location             Delay type                Incr(ns)  Path(ns)    Netlist Resource(s)
  -------------------------------------------------------------------    -------------------
                         (clock clk_out1_clk_wiz_0 rise edge)
                                                      0.000     0.000 r  
    BUFGCTRL_X0Y2        BUFG                         0.000     0.000 r  clk_IBUF_BUFG_inst/O
                         net (fo=152, routed)         0.546     0.546    datapath_inst/vc/inst/clk_in1
    MMCME2_ADV_X0Y0      MMCME2_ADV (Prop_mmcme2_adv_CLKIN1_CLKOUT0)
                                                     -1.053    -0.508 r  datapath_inst/vc/inst/mmcm_adv_inst/CLKOUT0
                         net (fo=1, routed)           0.482    -0.026    datapath_inst/vc/inst/clk_out1_clk_wiz_0
    BUFGCTRL_X0Y0        BUFG (Prop_bufg_I_O)         0.026     0.000 r  datapath_inst/vc/inst/clkout1_buf/O
                         net (fo=223, routed)         0.586     0.586    datapath_inst/hdmi0_inst/inst/encb/pix_clk
    SLICE_X42Y17         FDRE                                         r  datapath_inst/hdmi0_inst/inst/encb/q_m_reg_reg[3]/C
  -------------------------------------------------------------------    -------------------
    SLICE_X42Y17         FDRE (Prop_fdre_C_Q)         0.164     0.750 r  datapath_inst/hdmi0_inst/inst/encb/q_m_reg_reg[3]/Q
                         net (fo=1, routed)           0.050     0.800    datapath_inst/hdmi0_inst/inst/encb/q_m_reg_reg_n_0_[3]
    SLICE_X43Y17         LUT4 (Prop_lut4_I0_O)        0.045     0.845 r  datapath_inst/hdmi0_inst/inst/encb/dout[3]_i_1/O
                         net (fo=1, routed)           0.000     0.845    datapath_inst/hdmi0_inst/inst/encb/dout[3]_i_1_n_0
    SLICE_X43Y17         FDCE                                         r  datapath_inst/hdmi0_inst/inst/encb/dout_reg[3]/D
  -------------------------------------------------------------------    -------------------

                         (clock clk_out1_clk_wiz_0 rise edge)
                                                      0.000     0.000 r  
    BUFGCTRL_X0Y2        BUFG                         0.000     0.000 r  clk_IBUF_BUFG_inst/O
                         net (fo=152, routed)         0.812     0.812    datapath_inst/vc/inst/clk_in1
    MMCME2_ADV_X0Y0      MMCME2_ADV (Prop_mmcme2_adv_CLKIN1_CLKOUT0)
                                                     -1.369    -0.557 r  datapath_inst/vc/inst/mmcm_adv_inst/CLKOUT0
                         net (fo=1, routed)           0.528    -0.029    datapath_inst/vc/inst/clk_out1_clk_wiz_0
    BUFGCTRL_X0Y0        BUFG (Prop_bufg_I_O)         0.029    -0.000 r  datapath_inst/vc/inst/clkout1_buf/O
                         net (fo=223, routed)         0.853     0.853    datapath_inst/hdmi0_inst/inst/encb/pix_clk
    SLICE_X43Y17         FDCE                                         r  datapath_inst/hdmi0_inst/inst/encb/dout_reg[3]/C
                         clock pessimism             -0.254     0.599    
    SLICE_X43Y17         FDCE (Hold_fdce_C_D)         0.092     0.691    datapath_inst/hdmi0_inst/inst/encb/dout_reg[3]
  -------------------------------------------------------------------
                         required time                         -0.691    
                         arrival time                           0.845    
  -------------------------------------------------------------------
                         slack                                  0.154    

Slack (MET) :             0.157ns  (arrival time - required time)
  Source:                 datapath_inst/videoSigGen_inst/de_reg/C
                            (rising edge-triggered cell FDRE clocked by clk_out1_clk_wiz_0  {rise@0.000ns fall@6.737ns period=13.474ns})
  Destination:            datapath_inst/hdmi0_inst/inst/encg/c0_q_reg_srl2/D
                            (rising edge-triggered cell SRL16E clocked by clk_out1_clk_wiz_0  {rise@0.000ns fall@6.737ns period=13.474ns})
  Path Group:             clk_out1_clk_wiz_0
  Path Type:              Hold (Min at Fast Process Corner)
  Requirement:            0.000ns  (clk_out1_clk_wiz_0 rise@0.000ns - clk_out1_clk_wiz_0 rise@0.000ns)
  Data Path Delay:        0.310ns  (logic 0.141ns (45.420%)  route 0.169ns (54.580%))
  Logic Levels:           0  
  Clock Path Skew:        0.036ns (DCD - SCD - CPR)
    Destination Clock Delay (DCD):    0.849ns
    Source Clock Delay      (SCD):    0.580ns
    Clock Pessimism Removal (CPR):    0.233ns

    Location             Delay type                Incr(ns)  Path(ns)    Netlist Resource(s)
  -------------------------------------------------------------------    -------------------
                         (clock clk_out1_clk_wiz_0 rise edge)
                                                      0.000     0.000 r  
    BUFGCTRL_X0Y2        BUFG                         0.000     0.000 r  clk_IBUF_BUFG_inst/O
                         net (fo=152, routed)         0.546     0.546    datapath_inst/vc/inst/clk_in1
    MMCME2_ADV_X0Y0      MMCME2_ADV (Prop_mmcme2_adv_CLKIN1_CLKOUT0)
                                                     -1.053    -0.508 r  datapath_inst/vc/inst/mmcm_adv_inst/CLKOUT0
                         net (fo=1, routed)           0.482    -0.026    datapath_inst/vc/inst/clk_out1_clk_wiz_0
    BUFGCTRL_X0Y0        BUFG (Prop_bufg_I_O)         0.026     0.000 r  datapath_inst/vc/inst/clkout1_buf/O
                         net (fo=223, routed)         0.580     0.580    datapath_inst/videoSigGen_inst/CLK
    SLICE_X37Y22         FDRE                                         r  datapath_inst/videoSigGen_inst/de_reg/C
  -------------------------------------------------------------------    -------------------
    SLICE_X37Y22         FDRE (Prop_fdre_C_Q)         0.141     0.721 r  datapath_inst/videoSigGen_inst/de_reg/Q
                         net (fo=2, routed)           0.169     0.890    datapath_inst/hdmi0_inst/inst/encg/data_i[1]
    SLICE_X42Y21         SRL16E                                       r  datapath_inst/hdmi0_inst/inst/encg/c0_q_reg_srl2/D
  -------------------------------------------------------------------    -------------------

                         (clock clk_out1_clk_wiz_0 rise edge)
                                                      0.000     0.000 r  
    BUFGCTRL_X0Y2        BUFG                         0.000     0.000 r  clk_IBUF_BUFG_inst/O
                         net (fo=152, routed)         0.812     0.812    datapath_inst/vc/inst/clk_in1
    MMCME2_ADV_X0Y0      MMCME2_ADV (Prop_mmcme2_adv_CLKIN1_CLKOUT0)
                                                     -1.369    -0.557 r  datapath_inst/vc/inst/mmcm_adv_inst/CLKOUT0
                         net (fo=1, routed)           0.528    -0.029    datapath_inst/vc/inst/clk_out1_clk_wiz_0
    BUFGCTRL_X0Y0        BUFG (Prop_bufg_I_O)         0.029    -0.000 r  datapath_inst/vc/inst/clkout1_buf/O
                         net (fo=223, routed)         0.849     0.849    datapath_inst/hdmi0_inst/inst/encg/pix_clk
    SLICE_X42Y21         SRL16E                                       r  datapath_inst/hdmi0_inst/inst/encg/c0_q_reg_srl2/CLK
                         clock pessimism             -0.233     0.616    
    SLICE_X42Y21         SRL16E (Hold_srl16e_CLK_D)
                                                      0.117     0.733    datapath_inst/hdmi0_inst/inst/encg/c0_q_reg_srl2
  -------------------------------------------------------------------
                         required time                         -0.733    
                         arrival time                           0.890    
  -------------------------------------------------------------------
                         slack                                  0.157    

Slack (MET) :             0.179ns  (arrival time - required time)
  Source:                 datapath_inst/scopeFace_inst/blue_reg[6]/C
                            (rising edge-triggered cell FDRE clocked by clk_out1_clk_wiz_0  {rise@0.000ns fall@6.737ns period=13.474ns})
  Destination:            datapath_inst/hdmi0_inst/inst/srldly_0/srl[36].srl16_i/D
                            (rising edge-triggered cell SRL16E clocked by clk_out1_clk_wiz_0  {rise@0.000ns fall@6.737ns period=13.474ns})
  Path Group:             clk_out1_clk_wiz_0
  Path Type:              Hold (Min at Fast Process Corner)
  Requirement:            0.000ns  (clk_out1_clk_wiz_0 rise@0.000ns - clk_out1_clk_wiz_0 rise@0.000ns)
  Data Path Delay:        0.310ns  (logic 0.141ns (45.506%)  route 0.169ns (54.494%))
  Logic Levels:           0  
  Clock Path Skew:        0.014ns (DCD - SCD - CPR)
    Destination Clock Delay (DCD):    0.851ns
    Source Clock Delay      (SCD):    0.584ns
    Clock Pessimism Removal (CPR):    0.253ns

    Location             Delay type                Incr(ns)  Path(ns)    Netlist Resource(s)
  -------------------------------------------------------------------    -------------------
                         (clock clk_out1_clk_wiz_0 rise edge)
                                                      0.000     0.000 r  
    BUFGCTRL_X0Y2        BUFG                         0.000     0.000 r  clk_IBUF_BUFG_inst/O
                         net (fo=152, routed)         0.546     0.546    datapath_inst/vc/inst/clk_in1
    MMCME2_ADV_X0Y0      MMCME2_ADV (Prop_mmcme2_adv_CLKIN1_CLKOUT0)
                                                     -1.053    -0.508 r  datapath_inst/vc/inst/mmcm_adv_inst/CLKOUT0
                         net (fo=1, routed)           0.482    -0.026    datapath_inst/vc/inst/clk_out1_clk_wiz_0
    BUFGCTRL_X0Y0        BUFG (Prop_bufg_I_O)         0.026     0.000 r  datapath_inst/vc/inst/clkout1_buf/O
                         net (fo=223, routed)         0.584     0.584    datapath_inst/scopeFace_inst/CLK
    SLICE_X36Y17         FDRE                                         r  datapath_inst/scopeFace_inst/blue_reg[6]/C
  -------------------------------------------------------------------    -------------------
    SLICE_X36Y17         FDRE (Prop_fdre_C_Q)         0.141     0.725 r  datapath_inst/scopeFace_inst/blue_reg[6]/Q
                         net (fo=6, routed)           0.169     0.893    datapath_inst/hdmi0_inst/inst/srldly_0/data_i[34]
    SLICE_X38Y17         SRL16E                                       r  datapath_inst/hdmi0_inst/inst/srldly_0/srl[36].srl16_i/D
  -------------------------------------------------------------------    -------------------

                         (clock clk_out1_clk_wiz_0 rise edge)
                                                      0.000     0.000 r  
    BUFGCTRL_X0Y2        BUFG                         0.000     0.000 r  clk_IBUF_BUFG_inst/O
                         net (fo=152, routed)         0.812     0.812    datapath_inst/vc/inst/clk_in1
    MMCME2_ADV_X0Y0      MMCME2_ADV (Prop_mmcme2_adv_CLKIN1_CLKOUT0)
                                                     -1.369    -0.557 r  datapath_inst/vc/inst/mmcm_adv_inst/CLKOUT0
                         net (fo=1, routed)           0.528    -0.029    datapath_inst/vc/inst/clk_out1_clk_wiz_0
    BUFGCTRL_X0Y0        BUFG (Prop_bufg_I_O)         0.029    -0.000 r  datapath_inst/vc/inst/clkout1_buf/O
                         net (fo=223, routed)         0.851     0.851    datapath_inst/hdmi0_inst/inst/srldly_0/pix_clk
    SLICE_X38Y17         SRL16E                                       r  datapath_inst/hdmi0_inst/inst/srldly_0/srl[36].srl16_i/CLK
                         clock pessimism             -0.253     0.598    
    SLICE_X38Y17         SRL16E (Hold_srl16e_CLK_D)
                                                      0.117     0.715    datapath_inst/hdmi0_inst/inst/srldly_0/srl[36].srl16_i
  -------------------------------------------------------------------
                         required time                         -0.715    
                         arrival time                           0.893    
  -------------------------------------------------------------------
                         slack                                  0.179    

Slack (MET) :             0.180ns  (arrival time - required time)
  Source:                 datapath_inst/hdmi0_inst/inst/encb/n1d_reg[2]/C
                            (rising edge-triggered cell FDRE clocked by clk_out1_clk_wiz_0  {rise@0.000ns fall@6.737ns period=13.474ns})
  Destination:            datapath_inst/hdmi0_inst/inst/encb/q_m_reg_reg[1]/D
                            (rising edge-triggered cell FDRE clocked by clk_out1_clk_wiz_0  {rise@0.000ns fall@6.737ns period=13.474ns})
  Path Group:             clk_out1_clk_wiz_0
  Path Type:              Hold (Min at Fast Process Corner)
  Requirement:            0.000ns  (clk_out1_clk_wiz_0 rise@0.000ns - clk_out1_clk_wiz_0 rise@0.000ns)
  Data Path Delay:        0.285ns  (logic 0.186ns (65.306%)  route 0.099ns (34.694%))
  Logic Levels:           1  (LUT6=1)
  Clock Path Skew:        0.013ns (DCD - SCD - CPR)
    Destination Clock Delay (DCD):    0.853ns
    Source Clock Delay      (SCD):    0.586ns
    Clock Pessimism Removal (CPR):    0.254ns

    Location             Delay type                Incr(ns)  Path(ns)    Netlist Resource(s)
  -------------------------------------------------------------------    -------------------
                         (clock clk_out1_clk_wiz_0 rise edge)
                                                      0.000     0.000 r  
    BUFGCTRL_X0Y2        BUFG                         0.000     0.000 r  clk_IBUF_BUFG_inst/O
                         net (fo=152, routed)         0.546     0.546    datapath_inst/vc/inst/clk_in1
    MMCME2_ADV_X0Y0      MMCME2_ADV (Prop_mmcme2_adv_CLKIN1_CLKOUT0)
                                                     -1.053    -0.508 r  datapath_inst/vc/inst/mmcm_adv_inst/CLKOUT0
                         net (fo=1, routed)           0.482    -0.026    datapath_inst/vc/inst/clk_out1_clk_wiz_0
    BUFGCTRL_X0Y0        BUFG (Prop_bufg_I_O)         0.026     0.000 r  datapath_inst/vc/inst/clkout1_buf/O
                         net (fo=223, routed)         0.586     0.586    datapath_inst/hdmi0_inst/inst/encb/pix_clk
    SLICE_X40Y17         FDRE                                         r  datapath_inst/hdmi0_inst/inst/encb/n1d_reg[2]/C
  -------------------------------------------------------------------    -------------------
    SLICE_X40Y17         FDRE (Prop_fdre_C_Q)         0.141     0.727 r  datapath_inst/hdmi0_inst/inst/encb/n1d_reg[2]/Q
                         net (fo=4, routed)           0.099     0.825    datapath_inst/hdmi0_inst/inst/encb/n1d[2]
    SLICE_X41Y17         LUT6 (Prop_lut6_I0_O)        0.045     0.870 r  datapath_inst/hdmi0_inst/inst/encb/q_m_reg[1]_i_1/O
                         net (fo=1, routed)           0.000     0.870    datapath_inst/hdmi0_inst/inst/encb/q_m_1
    SLICE_X41Y17         FDRE                                         r  datapath_inst/hdmi0_inst/inst/encb/q_m_reg_reg[1]/D
  -------------------------------------------------------------------    -------------------

                         (clock clk_out1_clk_wiz_0 rise edge)
                                                      0.000     0.000 r  
    BUFGCTRL_X0Y2        BUFG                         0.000     0.000 r  clk_IBUF_BUFG_inst/O
                         net (fo=152, routed)         0.812     0.812    datapath_inst/vc/inst/clk_in1
    MMCME2_ADV_X0Y0      MMCME2_ADV (Prop_mmcme2_adv_CLKIN1_CLKOUT0)
                                                     -1.369    -0.557 r  datapath_inst/vc/inst/mmcm_adv_inst/CLKOUT0
                         net (fo=1, routed)           0.528    -0.029    datapath_inst/vc/inst/clk_out1_clk_wiz_0
    BUFGCTRL_X0Y0        BUFG (Prop_bufg_I_O)         0.029    -0.000 r  datapath_inst/vc/inst/clkout1_buf/O
                         net (fo=223, routed)         0.853     0.853    datapath_inst/hdmi0_inst/inst/encb/pix_clk
    SLICE_X41Y17         FDRE                                         r  datapath_inst/hdmi0_inst/inst/encb/q_m_reg_reg[1]/C
                         clock pessimism             -0.254     0.599    
    SLICE_X41Y17         FDRE (Hold_fdre_C_D)         0.092     0.691    datapath_inst/hdmi0_inst/inst/encb/q_m_reg_reg[1]
  -------------------------------------------------------------------
                         required time                         -0.691    
                         arrival time                           0.870    
  -------------------------------------------------------------------
                         slack                                  0.180    

Slack (MET) :             0.187ns  (arrival time - required time)
  Source:                 datapath_inst/hdmi0_inst/inst/encb/q_m_reg_reg[7]/C
                            (rising edge-triggered cell FDRE clocked by clk_out1_clk_wiz_0  {rise@0.000ns fall@6.737ns period=13.474ns})
  Destination:            datapath_inst/hdmi0_inst/inst/encb/dout_reg[7]/D
                            (rising edge-triggered cell FDCE clocked by clk_out1_clk_wiz_0  {rise@0.000ns fall@6.737ns period=13.474ns})
  Path Group:             clk_out1_clk_wiz_0
  Path Type:              Hold (Min at Fast Process Corner)
  Requirement:            0.000ns  (clk_out1_clk_wiz_0 rise@0.000ns - clk_out1_clk_wiz_0 rise@0.000ns)
  Data Path Delay:        0.291ns  (logic 0.209ns (71.796%)  route 0.082ns (28.204%))
  Logic Levels:           1  (LUT4=1)
  Clock Path Skew:        0.013ns (DCD - SCD - CPR)
    Destination Clock Delay (DCD):    0.854ns
    Source Clock Delay      (SCD):    0.587ns
    Clock Pessimism Removal (CPR):    0.254ns

    Location             Delay type                Incr(ns)  Path(ns)    Netlist Resource(s)
  -------------------------------------------------------------------    -------------------
                         (clock clk_out1_clk_wiz_0 rise edge)
                                                      0.000     0.000 r  
    BUFGCTRL_X0Y2        BUFG                         0.000     0.000 r  clk_IBUF_BUFG_inst/O
                         net (fo=152, routed)         0.546     0.546    datapath_inst/vc/inst/clk_in1
    MMCME2_ADV_X0Y0      MMCME2_ADV (Prop_mmcme2_adv_CLKIN1_CLKOUT0)
                                                     -1.053    -0.508 r  datapath_inst/vc/inst/mmcm_adv_inst/CLKOUT0
                         net (fo=1, routed)           0.482    -0.026    datapath_inst/vc/inst/clk_out1_clk_wiz_0
    BUFGCTRL_X0Y0        BUFG (Prop_bufg_I_O)         0.026     0.000 r  datapath_inst/vc/inst/clkout1_buf/O
                         net (fo=223, routed)         0.587     0.587    datapath_inst/hdmi0_inst/inst/encb/pix_clk
    SLICE_X42Y16         FDRE                                         r  datapath_inst/hdmi0_inst/inst/encb/q_m_reg_reg[7]/C
  -------------------------------------------------------------------    -------------------
    SLICE_X42Y16         FDRE (Prop_fdre_C_Q)         0.164     0.751 r  datapath_inst/hdmi0_inst/inst/encb/q_m_reg_reg[7]/Q
                         net (fo=1, routed)           0.082     0.833    datapath_inst/hdmi0_inst/inst/encb/q_m_reg_reg_n_0_[7]
    SLICE_X43Y16         LUT4 (Prop_lut4_I0_O)        0.045     0.878 r  datapath_inst/hdmi0_inst/inst/encb/dout[7]_i_1/O
                         net (fo=1, routed)           0.000     0.878    datapath_inst/hdmi0_inst/inst/encb/dout[7]_i_1_n_0
    SLICE_X43Y16         FDCE                                         r  datapath_inst/hdmi0_inst/inst/encb/dout_reg[7]/D
  -------------------------------------------------------------------    -------------------

                         (clock clk_out1_clk_wiz_0 rise edge)
                                                      0.000     0.000 r  
    BUFGCTRL_X0Y2        BUFG                         0.000     0.000 r  clk_IBUF_BUFG_inst/O
                         net (fo=152, routed)         0.812     0.812    datapath_inst/vc/inst/clk_in1
    MMCME2_ADV_X0Y0      MMCME2_ADV (Prop_mmcme2_adv_CLKIN1_CLKOUT0)
                                                     -1.369    -0.557 r  datapath_inst/vc/inst/mmcm_adv_inst/CLKOUT0
                         net (fo=1, routed)           0.528    -0.029    datapath_inst/vc/inst/clk_out1_clk_wiz_0
    BUFGCTRL_X0Y0        BUFG (Prop_bufg_I_O)         0.029    -0.000 r  datapath_inst/vc/inst/clkout1_buf/O
                         net (fo=223, routed)         0.854     0.854    datapath_inst/hdmi0_inst/inst/encb/pix_clk
    SLICE_X43Y16         FDCE                                         r  datapath_inst/hdmi0_inst/inst/encb/dout_reg[7]/C
                         clock pessimism             -0.254     0.600    
    SLICE_X43Y16         FDCE (Hold_fdce_C_D)         0.091     0.691    datapath_inst/hdmi0_inst/inst/encb/dout_reg[7]
  -------------------------------------------------------------------
                         required time                         -0.691    
                         arrival time                           0.878    
  -------------------------------------------------------------------
                         slack                                  0.187    

Slack (MET) :             0.197ns  (arrival time - required time)
  Source:                 datapath_inst/hdmi0_inst/inst/encb/c1_q_reg/C
                            (rising edge-triggered cell FDRE clocked by clk_out1_clk_wiz_0  {rise@0.000ns fall@6.737ns period=13.474ns})
  Destination:            datapath_inst/hdmi0_inst/inst/encb/c1_reg_reg/D
                            (rising edge-triggered cell FDRE clocked by clk_out1_clk_wiz_0  {rise@0.000ns fall@6.737ns period=13.474ns})
  Path Group:             clk_out1_clk_wiz_0
  Path Type:              Hold (Min at Fast Process Corner)
  Requirement:            0.000ns  (clk_out1_clk_wiz_0 rise@0.000ns - clk_out1_clk_wiz_0 rise@0.000ns)
  Data Path Delay:        0.276ns  (logic 0.164ns (59.419%)  route 0.112ns (40.581%))
  Logic Levels:           0  
  Clock Path Skew:        0.013ns (DCD - SCD - CPR)
    Destination Clock Delay (DCD):    0.851ns
    Source Clock Delay      (SCD):    0.585ns
    Clock Pessimism Removal (CPR):    0.253ns

    Location             Delay type                Incr(ns)  Path(ns)    Netlist Resource(s)
  -------------------------------------------------------------------    -------------------
                         (clock clk_out1_clk_wiz_0 rise edge)
                                                      0.000     0.000 r  
    BUFGCTRL_X0Y2        BUFG                         0.000     0.000 r  clk_IBUF_BUFG_inst/O
                         net (fo=152, routed)         0.546     0.546    datapath_inst/vc/inst/clk_in1
    MMCME2_ADV_X0Y0      MMCME2_ADV (Prop_mmcme2_adv_CLKIN1_CLKOUT0)
                                                     -1.053    -0.508 r  datapath_inst/vc/inst/mmcm_adv_inst/CLKOUT0
                         net (fo=1, routed)           0.482    -0.026    datapath_inst/vc/inst/clk_out1_clk_wiz_0
    BUFGCTRL_X0Y0        BUFG (Prop_bufg_I_O)         0.026     0.000 r  datapath_inst/vc/inst/clkout1_buf/O
                         net (fo=223, routed)         0.585     0.585    datapath_inst/hdmi0_inst/inst/encb/pix_clk
    SLICE_X42Y18         FDRE                                         r  datapath_inst/hdmi0_inst/inst/encb/c1_q_reg/C
  -------------------------------------------------------------------    -------------------
    SLICE_X42Y18         FDRE (Prop_fdre_C_Q)         0.164     0.749 r  datapath_inst/hdmi0_inst/inst/encb/c1_q_reg/Q
                         net (fo=1, routed)           0.112     0.861    datapath_inst/hdmi0_inst/inst/encb/c1_q
    SLICE_X43Y19         FDRE                                         r  datapath_inst/hdmi0_inst/inst/encb/c1_reg_reg/D
  -------------------------------------------------------------------    -------------------

                         (clock clk_out1_clk_wiz_0 rise edge)
                                                      0.000     0.000 r  
    BUFGCTRL_X0Y2        BUFG                         0.000     0.000 r  clk_IBUF_BUFG_inst/O
                         net (fo=152, routed)         0.812     0.812    datapath_inst/vc/inst/clk_in1
    MMCME2_ADV_X0Y0      MMCME2_ADV (Prop_mmcme2_adv_CLKIN1_CLKOUT0)
                                                     -1.369    -0.557 r  datapath_inst/vc/inst/mmcm_adv_inst/CLKOUT0
                         net (fo=1, routed)           0.528    -0.029    datapath_inst/vc/inst/clk_out1_clk_wiz_0
    BUFGCTRL_X0Y0        BUFG (Prop_bufg_I_O)         0.029    -0.000 r  datapath_inst/vc/inst/clkout1_buf/O
                         net (fo=223, routed)         0.851     0.851    datapath_inst/hdmi0_inst/inst/encb/pix_clk
    SLICE_X43Y19         FDRE                                         r  datapath_inst/hdmi0_inst/inst/encb/c1_reg_reg/C
                         clock pessimism             -0.253     0.598    
    SLICE_X43Y19         FDRE (Hold_fdre_C_D)         0.066     0.664    datapath_inst/hdmi0_inst/inst/encb/c1_reg_reg
  -------------------------------------------------------------------
                         required time                         -0.664    
                         arrival time                           0.861    
  -------------------------------------------------------------------
                         slack                                  0.197    

Slack (MET) :             0.199ns  (arrival time - required time)
  Source:                 datapath_inst/hdmi0_inst/inst/encg/n1d_reg[0]/C
                            (rising edge-triggered cell FDRE clocked by clk_out1_clk_wiz_0  {rise@0.000ns fall@6.737ns period=13.474ns})
  Destination:            datapath_inst/hdmi0_inst/inst/encg/q_m_reg_reg[1]/D
                            (rising edge-triggered cell FDRE clocked by clk_out1_clk_wiz_0  {rise@0.000ns fall@6.737ns period=13.474ns})
  Path Group:             clk_out1_clk_wiz_0
  Path Type:              Hold (Min at Fast Process Corner)
  Requirement:            0.000ns  (clk_out1_clk_wiz_0 rise@0.000ns - clk_out1_clk_wiz_0 rise@0.000ns)
  Data Path Delay:        0.304ns  (logic 0.209ns (68.682%)  route 0.095ns (31.318%))
  Logic Levels:           1  (LUT6=1)
  Clock Path Skew:        0.013ns (DCD - SCD - CPR)
    Destination Clock Delay (DCD):    0.849ns
    Source Clock Delay      (SCD):    0.582ns
    Clock Pessimism Removal (CPR):    0.254ns

    Location             Delay type                Incr(ns)  Path(ns)    Netlist Resource(s)
  -------------------------------------------------------------------    -------------------
                         (clock clk_out1_clk_wiz_0 rise edge)
                                                      0.000     0.000 r  
    BUFGCTRL_X0Y2        BUFG                         0.000     0.000 r  clk_IBUF_BUFG_inst/O
                         net (fo=152, routed)         0.546     0.546    datapath_inst/vc/inst/clk_in1
    MMCME2_ADV_X0Y0      MMCME2_ADV (Prop_mmcme2_adv_CLKIN1_CLKOUT0)
                                                     -1.053    -0.508 r  datapath_inst/vc/inst/mmcm_adv_inst/CLKOUT0
                         net (fo=1, routed)           0.482    -0.026    datapath_inst/vc/inst/clk_out1_clk_wiz_0
    BUFGCTRL_X0Y0        BUFG (Prop_bufg_I_O)         0.026     0.000 r  datapath_inst/vc/inst/clkout1_buf/O
                         net (fo=223, routed)         0.582     0.582    datapath_inst/hdmi0_inst/inst/encg/pix_clk
    SLICE_X38Y19         FDRE                                         r  datapath_inst/hdmi0_inst/inst/encg/n1d_reg[0]/C
  -------------------------------------------------------------------    -------------------
    SLICE_X38Y19         FDRE (Prop_fdre_C_Q)         0.164     0.746 r  datapath_inst/hdmi0_inst/inst/encg/n1d_reg[0]/Q
                         net (fo=4, routed)           0.095     0.841    datapath_inst/hdmi0_inst/inst/encg/n1d[0]
    SLICE_X39Y19         LUT6 (Prop_lut6_I1_O)        0.045     0.886 r  datapath_inst/hdmi0_inst/inst/encg/q_m_reg[1]_i_1__0/O
                         net (fo=1, routed)           0.000     0.886    datapath_inst/hdmi0_inst/inst/encg/q_m_1
    SLICE_X39Y19         FDRE                                         r  datapath_inst/hdmi0_inst/inst/encg/q_m_reg_reg[1]/D
  -------------------------------------------------------------------    -------------------

                         (clock clk_out1_clk_wiz_0 rise edge)
                                                      0.000     0.000 r  
    BUFGCTRL_X0Y2        BUFG                         0.000     0.000 r  clk_IBUF_BUFG_inst/O
                         net (fo=152, routed)         0.812     0.812    datapath_inst/vc/inst/clk_in1
    MMCME2_ADV_X0Y0      MMCME2_ADV (Prop_mmcme2_adv_CLKIN1_CLKOUT0)
                                                     -1.369    -0.557 r  datapath_inst/vc/inst/mmcm_adv_inst/CLKOUT0
                         net (fo=1, routed)           0.528    -0.029    datapath_inst/vc/inst/clk_out1_clk_wiz_0
    BUFGCTRL_X0Y0        BUFG (Prop_bufg_I_O)         0.029    -0.000 r  datapath_inst/vc/inst/clkout1_buf/O
                         net (fo=223, routed)         0.849     0.849    datapath_inst/hdmi0_inst/inst/encg/pix_clk
    SLICE_X39Y19         FDRE                                         r  datapath_inst/hdmi0_inst/inst/encg/q_m_reg_reg[1]/C
                         clock pessimism             -0.254     0.595    
    SLICE_X39Y19         FDRE (Hold_fdre_C_D)         0.092     0.687    datapath_inst/hdmi0_inst/inst/encg/q_m_reg_reg[1]
  -------------------------------------------------------------------
                         required time                         -0.687    
                         arrival time                           0.886    
  -------------------------------------------------------------------
                         slack                                  0.199    

Slack (MET) :             0.199ns  (arrival time - required time)
  Source:                 datapath_inst/hdmi0_inst/inst/encr/n1d_reg[3]/C
                            (rising edge-triggered cell FDRE clocked by clk_out1_clk_wiz_0  {rise@0.000ns fall@6.737ns period=13.474ns})
  Destination:            datapath_inst/hdmi0_inst/inst/encr/q_m_reg_reg[1]/D
                            (rising edge-triggered cell FDRE clocked by clk_out1_clk_wiz_0  {rise@0.000ns fall@6.737ns period=13.474ns})
  Path Group:             clk_out1_clk_wiz_0
  Path Type:              Hold (Min at Fast Process Corner)
  Requirement:            0.000ns  (clk_out1_clk_wiz_0 rise@0.000ns - clk_out1_clk_wiz_0 rise@0.000ns)
  Data Path Delay:        0.326ns  (logic 0.186ns (56.977%)  route 0.140ns (43.023%))
  Logic Levels:           1  (LUT6=1)
  Clock Path Skew:        0.035ns (DCD - SCD - CPR)
    Destination Clock Delay (DCD):    0.845ns
    Source Clock Delay      (SCD):    0.577ns
    Clock Pessimism Removal (CPR):    0.233ns

    Location             Delay type                Incr(ns)  Path(ns)    Netlist Resource(s)
  -------------------------------------------------------------------    -------------------
                         (clock clk_out1_clk_wiz_0 rise edge)
                                                      0.000     0.000 r  
    BUFGCTRL_X0Y2        BUFG                         0.000     0.000 r  clk_IBUF_BUFG_inst/O
                         net (fo=152, routed)         0.546     0.546    datapath_inst/vc/inst/clk_in1
    MMCME2_ADV_X0Y0      MMCME2_ADV (Prop_mmcme2_adv_CLKIN1_CLKOUT0)
                                                     -1.053    -0.508 r  datapath_inst/vc/inst/mmcm_adv_inst/CLKOUT0
                         net (fo=1, routed)           0.482    -0.026    datapath_inst/vc/inst/clk_out1_clk_wiz_0
    BUFGCTRL_X0Y0        BUFG (Prop_bufg_I_O)         0.026     0.000 r  datapath_inst/vc/inst/clkout1_buf/O
                         net (fo=223, routed)         0.577     0.577    datapath_inst/hdmi0_inst/inst/encr/pix_clk
    SLICE_X39Y24         FDRE                                         r  datapath_inst/hdmi0_inst/inst/encr/n1d_reg[3]/C
  -------------------------------------------------------------------    -------------------
    SLICE_X39Y24         FDRE (Prop_fdre_C_Q)         0.141     0.718 r  datapath_inst/hdmi0_inst/inst/encr/n1d_reg[3]/Q
                         net (fo=4, routed)           0.140     0.858    datapath_inst/hdmi0_inst/inst/encr/n1d[3]
    SLICE_X40Y24         LUT6 (Prop_lut6_I3_O)        0.045     0.903 r  datapath_inst/hdmi0_inst/inst/encr/q_m_reg[1]_i_1__1/O
                         net (fo=1, routed)           0.000     0.903    datapath_inst/hdmi0_inst/inst/encr/q_m_1
    SLICE_X40Y24         FDRE                                         r  datapath_inst/hdmi0_inst/inst/encr/q_m_reg_reg[1]/D
  -------------------------------------------------------------------    -------------------

                         (clock clk_out1_clk_wiz_0 rise edge)
                                                      0.000     0.000 r  
    BUFGCTRL_X0Y2        BUFG                         0.000     0.000 r  clk_IBUF_BUFG_inst/O
                         net (fo=152, routed)         0.812     0.812    datapath_inst/vc/inst/clk_in1
    MMCME2_ADV_X0Y0      MMCME2_ADV (Prop_mmcme2_adv_CLKIN1_CLKOUT0)
                                                     -1.369    -0.557 r  datapath_inst/vc/inst/mmcm_adv_inst/CLKOUT0
                         net (fo=1, routed)           0.528    -0.029    datapath_inst/vc/inst/clk_out1_clk_wiz_0
    BUFGCTRL_X0Y0        BUFG (Prop_bufg_I_O)         0.029    -0.000 r  datapath_inst/vc/inst/clkout1_buf/O
                         net (fo=223, routed)         0.845     0.845    datapath_inst/hdmi0_inst/inst/encr/pix_clk
    SLICE_X40Y24         FDRE                                         r  datapath_inst/hdmi0_inst/inst/encr/q_m_reg_reg[1]/C
                         clock pessimism             -0.233     0.612    
    SLICE_X40Y24         FDRE (Hold_fdre_C_D)         0.092     0.704    datapath_inst/hdmi0_inst/inst/encr/q_m_reg_reg[1]
  -------------------------------------------------------------------
                         required time                         -0.704    
                         arrival time                           0.903    
  -------------------------------------------------------------------
                         slack                                  0.199    

Slack (MET) :             0.200ns  (arrival time - required time)
  Source:                 datapath_inst/videoSigGen_inst/h_cnt_reg[2]/C
                            (rising edge-triggered cell FDRE clocked by clk_out1_clk_wiz_0  {rise@0.000ns fall@6.737ns period=13.474ns})
  Destination:            datapath_inst/videoSigGen_inst/h_cnt_reg[4]/D
                            (rising edge-triggered cell FDRE clocked by clk_out1_clk_wiz_0  {rise@0.000ns fall@6.737ns period=13.474ns})
  Path Group:             clk_out1_clk_wiz_0
  Path Type:              Hold (Min at Fast Process Corner)
  Requirement:            0.000ns  (clk_out1_clk_wiz_0 rise@0.000ns - clk_out1_clk_wiz_0 rise@0.000ns)
  Data Path Delay:        0.320ns  (logic 0.189ns (59.077%)  route 0.131ns (40.923%))
  Logic Levels:           1  (LUT5=1)
  Clock Path Skew:        0.013ns (DCD - SCD - CPR)
    Destination Clock Delay (DCD):    0.854ns
    Source Clock Delay      (SCD):    0.586ns
    Clock Pessimism Removal (CPR):    0.255ns

    Location             Delay type                Incr(ns)  Path(ns)    Netlist Resource(s)
  -------------------------------------------------------------------    -------------------
                         (clock clk_out1_clk_wiz_0 rise edge)
                                                      0.000     0.000 r  
    BUFGCTRL_X0Y2        BUFG                         0.000     0.000 r  clk_IBUF_BUFG_inst/O
                         net (fo=152, routed)         0.546     0.546    datapath_inst/vc/inst/clk_in1
    MMCME2_ADV_X0Y0      MMCME2_ADV (Prop_mmcme2_adv_CLKIN1_CLKOUT0)
                                                     -1.053    -0.508 r  datapath_inst/vc/inst/mmcm_adv_inst/CLKOUT0
                         net (fo=1, routed)           0.482    -0.026    datapath_inst/vc/inst/clk_out1_clk_wiz_0
    BUFGCTRL_X0Y0        BUFG (Prop_bufg_I_O)         0.026     0.000 r  datapath_inst/vc/inst/clkout1_buf/O
                         net (fo=223, routed)         0.586     0.586    datapath_inst/videoSigGen_inst/CLK
    SLICE_X36Y14         FDRE                                         r  datapath_inst/videoSigGen_inst/h_cnt_reg[2]/C
  -------------------------------------------------------------------    -------------------
    SLICE_X36Y14         FDRE (Prop_fdre_C_Q)         0.141     0.727 r  datapath_inst/videoSigGen_inst/h_cnt_reg[2]/Q
                         net (fo=13, routed)          0.131     0.858    datapath_inst/videoSigGen_inst/h_cnt_reg[2]
    SLICE_X37Y14         LUT5 (Prop_lut5_I4_O)        0.048     0.906 r  datapath_inst/videoSigGen_inst/h_cnt[4]_i_1/O
                         net (fo=1, routed)           0.000     0.906    datapath_inst/videoSigGen_inst/h_cnt[4]_i_1_n_0
    SLICE_X37Y14         FDRE                                         r  datapath_inst/videoSigGen_inst/h_cnt_reg[4]/D
  -------------------------------------------------------------------    -------------------

                         (clock clk_out1_clk_wiz_0 rise edge)
                                                      0.000     0.000 r  
    BUFGCTRL_X0Y2        BUFG                         0.000     0.000 r  clk_IBUF_BUFG_inst/O
                         net (fo=152, routed)         0.812     0.812    datapath_inst/vc/inst/clk_in1
    MMCME2_ADV_X0Y0      MMCME2_ADV (Prop_mmcme2_adv_CLKIN1_CLKOUT0)
                                                     -1.369    -0.557 r  datapath_inst/vc/inst/mmcm_adv_inst/CLKOUT0
                         net (fo=1, routed)           0.528    -0.029    datapath_inst/vc/inst/clk_out1_clk_wiz_0
    BUFGCTRL_X0Y0        BUFG (Prop_bufg_I_O)         0.029    -0.000 r  datapath_inst/vc/inst/clkout1_buf/O
                         net (fo=223, routed)         0.854     0.854    datapath_inst/videoSigGen_inst/CLK
    SLICE_X37Y14         FDRE                                         r  datapath_inst/videoSigGen_inst/h_cnt_reg[4]/C
                         clock pessimism             -0.255     0.599    
    SLICE_X37Y14         FDRE (Hold_fdre_C_D)         0.107     0.706    datapath_inst/videoSigGen_inst/h_cnt_reg[4]
  -------------------------------------------------------------------
                         required time                         -0.706    
                         arrival time                           0.906    
  -------------------------------------------------------------------
                         slack                                  0.200    





Pulse Width Checks
--------------------------------------------------------------------------------------
Clock Name:         clk_out1_clk_wiz_0
Waveform(ns):       { 0.000 6.737 }
Period(ns):         13.474
Sources:            { datapath_inst/vc/inst/mmcm_adv_inst/CLKOUT0 }

Check Type        Corner  Lib Pin             Reference Pin  Required(ns)  Actual(ns)  Slack(ns)  Location         Pin
Min Period        n/a     RAMB18E1/CLKBWRCLK  n/a            2.576         13.474      10.898     RAMB18_X2Y6      datapath_inst/ch1BRAM_inst/U0/inst_blk_mem_gen/gnbram.gnativebmg.native_blk_mem_gen/valid.cstr/ramloop[0].ram.r/prim_noinit.ram/DEVICE_7SERIES.NO_BMM_INFO.SDP.SIMPLE_PRIM18.ram/CLKBWRCLK
Min Period        n/a     RAMB18E1/CLKBWRCLK  n/a            2.576         13.474      10.898     RAMB18_X2Y7      datapath_inst/ch2BRAM_inst/U0/inst_blk_mem_gen/gnbram.gnativebmg.native_blk_mem_gen/valid.cstr/ramloop[0].ram.r/prim_noinit.ram/DEVICE_7SERIES.NO_BMM_INFO.SDP.SIMPLE_PRIM18.ram/CLKBWRCLK
Min Period        n/a     BUFG/I              n/a            2.155         13.474      11.318     BUFGCTRL_X0Y0    datapath_inst/vc/inst/clkout1_buf/I
Min Period        n/a     OSERDESE2/CLKDIV    n/a            1.667         13.474      11.807     OLOGIC_X0Y18     datapath_inst/hdmi0_inst/inst/serial_b/oserdes_m/CLKDIV
Min Period        n/a     OSERDESE2/CLKDIV    n/a            1.667         13.474      11.807     OLOGIC_X0Y17     datapath_inst/hdmi0_inst/inst/serial_b/oserdes_s/CLKDIV
Min Period        n/a     OSERDESE2/CLKDIV    n/a            1.667         13.474      11.807     OLOGIC_X0Y24     datapath_inst/hdmi0_inst/inst/serial_clk/oserdes_m/CLKDIV
Min Period        n/a     OSERDESE2/CLKDIV    n/a            1.667         13.474      11.807     OLOGIC_X0Y23     datapath_inst/hdmi0_inst/inst/serial_clk/oserdes_s/CLKDIV
Min Period        n/a     OSERDESE2/CLKDIV    n/a            1.667         13.474      11.807     OLOGIC_X0Y20     datapath_inst/hdmi0_inst/inst/serial_g/oserdes_m/CLKDIV
Min Period        n/a     OSERDESE2/CLKDIV    n/a            1.667         13.474      11.807     OLOGIC_X0Y19     datapath_inst/hdmi0_inst/inst/serial_g/oserdes_s/CLKDIV
Min Period        n/a     OSERDESE2/CLKDIV    n/a            1.667         13.474      11.807     OLOGIC_X0Y22     datapath_inst/hdmi0_inst/inst/serial_r/oserdes_m/CLKDIV
Max Period        n/a     MMCME2_ADV/CLKOUT0  n/a            213.360       13.474      199.886    MMCME2_ADV_X0Y0  datapath_inst/vc/inst/mmcm_adv_inst/CLKOUT0
Low Pulse Width   Slow    SRL16E/CLK          n/a            0.980         6.737       5.757      SLICE_X42Y21     datapath_inst/hdmi0_inst/inst/encg/c0_q_reg_srl2/CLK
Low Pulse Width   Fast    SRL16E/CLK          n/a            0.980         6.737       5.757      SLICE_X42Y21     datapath_inst/hdmi0_inst/inst/encg/c0_q_reg_srl2/CLK
Low Pulse Width   Slow    SRL16E/CLK          n/a            0.980         6.737       5.757      SLICE_X38Y23     datapath_inst/hdmi0_inst/inst/srldly_0/srl[16].srl16_i/CLK
Low Pulse Width   Fast    SRL16E/CLK          n/a            0.980         6.737       5.757      SLICE_X38Y23     datapath_inst/hdmi0_inst/inst/srldly_0/srl[16].srl16_i/CLK
Low Pulse Width   Slow    SRL16E/CLK          n/a            0.980         6.737       5.757      SLICE_X38Y23     datapath_inst/hdmi0_inst/inst/srldly_0/srl[17].srl16_i/CLK
Low Pulse Width   Fast    SRL16E/CLK          n/a            0.980         6.737       5.757      SLICE_X38Y23     datapath_inst/hdmi0_inst/inst/srldly_0/srl[17].srl16_i/CLK
Low Pulse Width   Slow    SRL16E/CLK          n/a            0.980         6.737       5.757      SLICE_X38Y23     datapath_inst/hdmi0_inst/inst/srldly_0/srl[18].srl16_i/CLK
Low Pulse Width   Fast    SRL16E/CLK          n/a            0.980         6.737       5.757      SLICE_X38Y23     datapath_inst/hdmi0_inst/inst/srldly_0/srl[18].srl16_i/CLK
Low Pulse Width   Slow    SRL16E/CLK          n/a            0.980         6.737       5.757      SLICE_X38Y23     datapath_inst/hdmi0_inst/inst/srldly_0/srl[19].srl16_i/CLK
Low Pulse Width   Fast    SRL16E/CLK          n/a            0.980         6.737       5.757      SLICE_X38Y23     datapath_inst/hdmi0_inst/inst/srldly_0/srl[19].srl16_i/CLK
High Pulse Width  Slow    SRL16E/CLK          n/a            0.980         6.737       5.757      SLICE_X42Y21     datapath_inst/hdmi0_inst/inst/encg/c0_q_reg_srl2/CLK
High Pulse Width  Fast    SRL16E/CLK          n/a            0.980         6.737       5.757      SLICE_X42Y21     datapath_inst/hdmi0_inst/inst/encg/c0_q_reg_srl2/CLK
High Pulse Width  Slow    SRL16E/CLK          n/a            0.980         6.737       5.757      SLICE_X38Y23     datapath_inst/hdmi0_inst/inst/srldly_0/srl[16].srl16_i/CLK
High Pulse Width  Fast    SRL16E/CLK          n/a            0.980         6.737       5.757      SLICE_X38Y23     datapath_inst/hdmi0_inst/inst/srldly_0/srl[16].srl16_i/CLK
High Pulse Width  Slow    SRL16E/CLK          n/a            0.980         6.737       5.757      SLICE_X38Y23     datapath_inst/hdmi0_inst/inst/srldly_0/srl[17].srl16_i/CLK
High Pulse Width  Fast    SRL16E/CLK          n/a            0.980         6.737       5.757      SLICE_X38Y23     datapath_inst/hdmi0_inst/inst/srldly_0/srl[17].srl16_i/CLK
High Pulse Width  Slow    SRL16E/CLK          n/a            0.980         6.737       5.757      SLICE_X38Y23     datapath_inst/hdmi0_inst/inst/srldly_0/srl[18].srl16_i/CLK
High Pulse Width  Fast    SRL16E/CLK          n/a            0.980         6.737       5.757      SLICE_X38Y23     datapath_inst/hdmi0_inst/inst/srldly_0/srl[18].srl16_i/CLK
High Pulse Width  Slow    SRL16E/CLK          n/a            0.980         6.737       5.757      SLICE_X38Y23     datapath_inst/hdmi0_inst/inst/srldly_0/srl[19].srl16_i/CLK
High Pulse Width  Fast    SRL16E/CLK          n/a            0.980         6.737       5.757      SLICE_X38Y23     datapath_inst/hdmi0_inst/inst/srldly_0/srl[19].srl16_i/CLK



---------------------------------------------------------------------------------------------------
From Clock:  clk_out2_clk_wiz_0
  To Clock:  clk_out2_clk_wiz_0

Setup :           NA  Failing Endpoints,  Worst Slack           NA  ,  Total Violation           NA
Hold  :           NA  Failing Endpoints,  Worst Slack           NA  ,  Total Violation           NA
PW    :            0  Failing Endpoints,  Worst Slack        0.540ns,  Total Violation        0.000ns
---------------------------------------------------------------------------------------------------


Pulse Width Checks
--------------------------------------------------------------------------------------
Clock Name:         clk_out2_clk_wiz_0
Waveform(ns):       { 0.000 1.347 }
Period(ns):         2.695
Sources:            { datapath_inst/vc/inst/mmcm_adv_inst/CLKOUT1 }

Check Type  Corner  Lib Pin             Reference Pin  Required(ns)  Actual(ns)  Slack(ns)  Location         Pin
Min Period  n/a     BUFG/I              n/a            2.155         2.695       0.540      BUFGCTRL_X0Y1    datapath_inst/vc/inst/clkout2_buf/I
Min Period  n/a     OSERDESE2/CLK       n/a            1.667         2.695       1.028      OLOGIC_X0Y18     datapath_inst/hdmi0_inst/inst/serial_b/oserdes_m/CLK
Min Period  n/a     OSERDESE2/CLK       n/a            1.667         2.695       1.028      OLOGIC_X0Y17     datapath_inst/hdmi0_inst/inst/serial_b/oserdes_s/CLK
Min Period  n/a     OSERDESE2/CLK       n/a            1.667         2.695       1.028      OLOGIC_X0Y24     datapath_inst/hdmi0_inst/inst/serial_clk/oserdes_m/CLK
Min Period  n/a     OSERDESE2/CLK       n/a            1.667         2.695       1.028      OLOGIC_X0Y23     datapath_inst/hdmi0_inst/inst/serial_clk/oserdes_s/CLK
Min Period  n/a     OSERDESE2/CLK       n/a            1.667         2.695       1.028      OLOGIC_X0Y20     datapath_inst/hdmi0_inst/inst/serial_g/oserdes_m/CLK
Min Period  n/a     OSERDESE2/CLK       n/a            1.667         2.695       1.028      OLOGIC_X0Y19     datapath_inst/hdmi0_inst/inst/serial_g/oserdes_s/CLK
Min Period  n/a     OSERDESE2/CLK       n/a            1.667         2.695       1.028      OLOGIC_X0Y22     datapath_inst/hdmi0_inst/inst/serial_r/oserdes_m/CLK
Min Period  n/a     OSERDESE2/CLK       n/a            1.667         2.695       1.028      OLOGIC_X0Y21     datapath_inst/hdmi0_inst/inst/serial_r/oserdes_s/CLK
Min Period  n/a     MMCME2_ADV/CLKOUT1  n/a            1.249         2.695       1.446      MMCME2_ADV_X0Y0  datapath_inst/vc/inst/mmcm_adv_inst/CLKOUT1
Max Period  n/a     MMCME2_ADV/CLKOUT1  n/a            213.360       2.695       210.665    MMCME2_ADV_X0Y0  datapath_inst/vc/inst/mmcm_adv_inst/CLKOUT1



---------------------------------------------------------------------------------------------------
From Clock:  clkfbout_clk_wiz_0
  To Clock:  clkfbout_clk_wiz_0

Setup :           NA  Failing Endpoints,  Worst Slack           NA  ,  Total Violation           NA
Hold  :           NA  Failing Endpoints,  Worst Slack           NA  ,  Total Violation           NA
PW    :            0  Failing Endpoints,  Worst Slack       20.000ns,  Total Violation        0.000ns
---------------------------------------------------------------------------------------------------


Pulse Width Checks
--------------------------------------------------------------------------------------
Clock Name:         clkfbout_clk_wiz_0
Waveform(ns):       { 0.000 40.000 }
Period(ns):         80.000
Sources:            { datapath_inst/vc/inst/mmcm_adv_inst/CLKFBOUT }

Check Type  Corner  Lib Pin              Reference Pin  Required(ns)  Actual(ns)  Slack(ns)  Location         Pin
Min Period  n/a     BUFG/I               n/a            2.155         80.000      77.845     BUFGCTRL_X0Y3    datapath_inst/vc/inst/clkf_buf/I
Min Period  n/a     MMCME2_ADV/CLKFBOUT  n/a            1.249         80.000      78.751     MMCME2_ADV_X0Y0  datapath_inst/vc/inst/mmcm_adv_inst/CLKFBOUT
Min Period  n/a     MMCME2_ADV/CLKFBIN   n/a            1.249         80.000      78.751     MMCME2_ADV_X0Y0  datapath_inst/vc/inst/mmcm_adv_inst/CLKFBIN
Max Period  n/a     MMCME2_ADV/CLKFBIN   n/a            100.000       80.000      20.000     MMCME2_ADV_X0Y0  datapath_inst/vc/inst/mmcm_adv_inst/CLKFBIN
Max Period  n/a     MMCME2_ADV/CLKFBOUT  n/a            213.360       80.000      133.360    MMCME2_ADV_X0Y0  datapath_inst/vc/inst/mmcm_adv_inst/CLKFBOUT



--------------------------------------------------------------------------------------
Path Group:  (none)
From Clock:  clk
  To Clock:  

Max Delay             8 Endpoints
Min Delay             8 Endpoints
--------------------------------------------------------------------------------------


Max Delay Paths
--------------------------------------------------------------------------------------
Slack:                    inf
  Source:                 datapath_inst/ch1TriggerRegPrev_inst/q_reg[15]/C
                            (rising edge-triggered cell FDRE clocked by clk  {rise@0.000ns fall@10.000ns period=20.000ns})
  Destination:            triggerCh1
                            (output port)
  Path Group:             (none)
  Path Type:              Max at Slow Process Corner
  Data Path Delay:        9.827ns  (logic 4.804ns (48.887%)  route 5.023ns (51.113%))
  Logic Levels:           4  (CARRY4=1 LUT2=1 LUT3=1 OBUF=1)
  Clock Uncertainty:      0.025ns  ((TSJ^2 + TIJ^2)^1/2 + DJ) / 2 + PE
    Total System Jitter     (TSJ):    0.050ns
    Total Input Jitter      (TIJ):    0.000ns
    Discrete Jitter          (DJ):    0.000ns
    Phase Error              (PE):    0.000ns

    Location             Delay type                Incr(ns)  Path(ns)    Netlist Resource(s)
  -------------------------------------------------------------------    -------------------
                         (clock clk rise edge)        0.000     0.000 r  
    U18                                               0.000     0.000 r  clk (IN)
                         net (fo=0)                   0.000     0.000    clk
    U18                  IBUF (Prop_ibuf_I_O)         1.530     1.530 r  clk_IBUF_inst/O
                         net (fo=1, routed)           2.076     3.606    clk_IBUF
    BUFGCTRL_X0Y2        BUFG (Prop_bufg_I_O)         0.101     3.707 r  clk_IBUF_BUFG_inst/O
                         net (fo=152, routed)         1.745     5.452    datapath_inst/ch1TriggerRegPrev_inst/clk
    SLICE_X38Y15         FDRE                                         r  datapath_inst/ch1TriggerRegPrev_inst/q_reg[15]/C
  -------------------------------------------------------------------    -------------------
    SLICE_X38Y15         FDRE (Prop_fdre_C_Q)         0.478     5.930 f  datapath_inst/ch1TriggerRegPrev_inst/q_reg[15]/Q
                         net (fo=3, routed)           0.947     6.877    datapath_inst/ch1TriggerRegPrev_inst/prevDataCH1[15]
    SLICE_X38Y14         LUT2 (Prop_lut2_I1_O)        0.295     7.172 r  datapath_inst/ch1TriggerRegPrev_inst/i__carry__0_i_5__3/O
                         net (fo=1, routed)           0.000     7.172    datapath_inst/ch1TriggerPrevCompare_inst/triggerCh1_OBUF_inst_i_1_0[3]
    SLICE_X38Y14         CARRY4 (Prop_carry4_S[3]_CO[3])
                                                      0.376     7.548 f  datapath_inst/ch1TriggerPrevCompare_inst/tmp1_inferred__0/i__carry__0/CO[3]
                         net (fo=1, routed)           1.244     8.792    datapath_inst/ch1TriggerRegPrev_inst/triggerCh1[0]
    SLICE_X39Y15         LUT3 (Prop_lut3_I2_O)        0.124     8.916 r  datapath_inst/ch1TriggerRegPrev_inst/triggerCh1_OBUF_inst_i_1/O
                         net (fo=2, routed)           2.832    11.748    triggerCh1_OBUF
    M14                  OBUF (Prop_obuf_I_O)         3.531    15.279 r  triggerCh1_OBUF_inst/O
                         net (fo=0)                   0.000    15.279    triggerCh1
    M14                                                               r  triggerCh1 (OUT)
  -------------------------------------------------------------------    -------------------

Slack:                    inf
  Source:                 datapath_inst/ch2TriggerRegCurr_inst/q_reg[3]/C
                            (rising edge-triggered cell FDRE clocked by clk  {rise@0.000ns fall@10.000ns period=20.000ns})
  Destination:            triggerCh2
                            (output port)
  Path Group:             (none)
  Path Type:              Max at Slow Process Corner
  Data Path Delay:        9.795ns  (logic 4.969ns (50.731%)  route 4.826ns (49.269%))
  Logic Levels:           5  (CARRY4=2 LUT2=1 LUT3=1 OBUF=1)
  Clock Uncertainty:      0.025ns  ((TSJ^2 + TIJ^2)^1/2 + DJ) / 2 + PE
    Total System Jitter     (TSJ):    0.050ns
    Total Input Jitter      (TIJ):    0.000ns
    Discrete Jitter          (DJ):    0.000ns
    Phase Error              (PE):    0.000ns

    Location             Delay type                Incr(ns)  Path(ns)    Netlist Resource(s)
  -------------------------------------------------------------------    -------------------
                         (clock clk rise edge)        0.000     0.000 r  
    U18                                               0.000     0.000 r  clk (IN)
                         net (fo=0)                   0.000     0.000    clk
    U18                  IBUF (Prop_ibuf_I_O)         1.530     1.530 r  clk_IBUF_inst/O
                         net (fo=1, routed)           2.076     3.606    clk_IBUF
    BUFGCTRL_X0Y2        BUFG (Prop_bufg_I_O)         0.101     3.707 r  clk_IBUF_BUFG_inst/O
                         net (fo=152, routed)         1.662     5.369    datapath_inst/ch2TriggerRegCurr_inst/clk
    SLICE_X30Y19         FDRE                                         r  datapath_inst/ch2TriggerRegCurr_inst/q_reg[3]/C
  -------------------------------------------------------------------    -------------------
    SLICE_X30Y19         FDRE (Prop_fdre_C_Q)         0.518     5.887 f  datapath_inst/ch2TriggerRegCurr_inst/q_reg[3]/Q
                         net (fo=3, routed)           0.893     6.780    datapath_inst/ch2TriggerRegCurr_inst/Q[3]
    SLICE_X27Y20         LUT2 (Prop_lut2_I1_O)        0.124     6.904 r  datapath_inst/ch2TriggerRegCurr_inst/i__carry_i_7__2/O
                         net (fo=1, routed)           0.000     6.904    datapath_inst/ch2TriggerCurrCompare_inst/S[1]
    SLICE_X27Y20         CARRY4 (Prop_carry4_S[1]_CO[3])
                                                      0.550     7.454 r  datapath_inst/ch2TriggerCurrCompare_inst/tmp1_inferred__0/i__carry/CO[3]
                         net (fo=1, routed)           0.000     7.454    datapath_inst/ch2TriggerCurrCompare_inst/tmp1_inferred__0/i__carry_n_0
    SLICE_X27Y21         CARRY4 (Prop_carry4_CI_CO[3])
                                                      0.114     7.568 r  datapath_inst/ch2TriggerCurrCompare_inst/tmp1_inferred__0/i__carry__0/CO[3]
                         net (fo=1, routed)           0.770     8.339    datapath_inst/ch2TriggerRegPrev_inst/CO[0]
    SLICE_X27Y22         LUT3 (Prop_lut3_I0_O)        0.124     8.463 r  datapath_inst/ch2TriggerRegPrev_inst/triggerCh2_OBUF_inst_i_1/O
                         net (fo=1, routed)           3.163    11.625    triggerCh2_OBUF
    M15                  OBUF (Prop_obuf_I_O)         3.539    15.164 r  triggerCh2_OBUF_inst/O
                         net (fo=0)                   0.000    15.164    triggerCh2
    M15                                                               r  triggerCh2 (OUT)
  -------------------------------------------------------------------    -------------------

Slack:                    inf
  Source:                 control_inst/FSM_sequential_state_reg[4]/C
                            (rising edge-triggered cell FDRE clocked by clk  {rise@0.000ns fall@10.000ns period=20.000ns})
  Destination:            sampleTimerRollover
                            (output port)
  Path Group:             (none)
  Path Type:              Max at Slow Process Corner
  Data Path Delay:        9.475ns  (logic 4.337ns (45.776%)  route 5.138ns (54.224%))
  Logic Levels:           2  (LUT5=1 OBUF=1)
  Clock Uncertainty:      0.025ns  ((TSJ^2 + TIJ^2)^1/2 + DJ) / 2 + PE
    Total System Jitter     (TSJ):    0.050ns
    Total Input Jitter      (TIJ):    0.000ns
    Discrete Jitter          (DJ):    0.000ns
    Phase Error              (PE):    0.000ns

    Location             Delay type                Incr(ns)  Path(ns)    Netlist Resource(s)
  -------------------------------------------------------------------    -------------------
                         (clock clk rise edge)        0.000     0.000 r  
    U18                                               0.000     0.000 r  clk (IN)
                         net (fo=0)                   0.000     0.000    clk
    U18                  IBUF (Prop_ibuf_I_O)         1.530     1.530 r  clk_IBUF_inst/O
                         net (fo=1, routed)           2.076     3.606    clk_IBUF
    BUFGCTRL_X0Y2        BUFG (Prop_bufg_I_O)         0.101     3.707 r  clk_IBUF_BUFG_inst/O
                         net (fo=152, routed)         1.671     5.378    control_inst/clk
    SLICE_X35Y11         FDRE                                         r  control_inst/FSM_sequential_state_reg[4]/C
  -------------------------------------------------------------------    -------------------
    SLICE_X35Y11         FDRE (Prop_fdre_C_Q)         0.456     5.834 f  control_inst/FSM_sequential_state_reg[4]/Q
                         net (fo=80, routed)          2.278     8.112    control_inst/Q[0]
    SLICE_X37Y20         LUT5 (Prop_lut5_I3_O)        0.152     8.264 r  control_inst/sampleTimerRollover_OBUF_inst_i_1/O
                         net (fo=1, routed)           2.860    11.124    sampleTimerRollover_OBUF
    J16                  OBUF (Prop_obuf_I_O)         3.729    14.853 r  sampleTimerRollover_OBUF_inst/O
                         net (fo=0)                   0.000    14.853    sampleTimerRollover
    J16                                                               r  sampleTimerRollover (OUT)
  -------------------------------------------------------------------    -------------------

Slack:                    inf
  Source:                 control_inst/FSM_sequential_state_reg[3]/C
                            (rising edge-triggered cell FDRE clocked by clk  {rise@0.000ns fall@10.000ns period=20.000ns})
  Destination:            conversionPlusReadoutTime
                            (output port)
  Path Group:             (none)
  Path Type:              Max at Slow Process Corner
  Data Path Delay:        9.325ns  (logic 4.461ns (47.838%)  route 4.864ns (52.162%))
  Logic Levels:           2  (LUT5=1 OBUF=1)
  Clock Uncertainty:      0.025ns  ((TSJ^2 + TIJ^2)^1/2 + DJ) / 2 + PE
    Total System Jitter     (TSJ):    0.050ns
    Total Input Jitter      (TIJ):    0.000ns
    Discrete Jitter          (DJ):    0.000ns
    Phase Error              (PE):    0.000ns

    Location             Delay type                Incr(ns)  Path(ns)    Netlist Resource(s)
  -------------------------------------------------------------------    -------------------
                         (clock clk rise edge)        0.000     0.000 r  
    U18                                               0.000     0.000 r  clk (IN)
                         net (fo=0)                   0.000     0.000    clk
    U18                  IBUF (Prop_ibuf_I_O)         1.530     1.530 r  clk_IBUF_inst/O
                         net (fo=1, routed)           2.076     3.606    clk_IBUF
    BUFGCTRL_X0Y2        BUFG (Prop_bufg_I_O)         0.101     3.707 r  clk_IBUF_BUFG_inst/O
                         net (fo=152, routed)         1.671     5.378    control_inst/clk
    SLICE_X33Y11         FDRE                                         r  control_inst/FSM_sequential_state_reg[3]/C
  -------------------------------------------------------------------    -------------------
    SLICE_X33Y11         FDRE (Prop_fdre_C_Q)         0.419     5.797 r  control_inst/FSM_sequential_state_reg[3]/Q
                         net (fo=79, routed)          1.823     7.620    control_inst/state[3]
    SLICE_X36Y17         LUT5 (Prop_lut5_I2_O)        0.327     7.947 r  control_inst/conversionPlusReadoutTime_OBUF_inst_i_1/O
                         net (fo=1, routed)           3.042    10.988    conversionPlusReadoutTime_OBUF
    K16                  OBUF (Prop_obuf_I_O)         3.715    14.703 r  conversionPlusReadoutTime_OBUF_inst/O
                         net (fo=0)                   0.000    14.703    conversionPlusReadoutTime
    K16                                                               r  conversionPlusReadoutTime (OUT)
  -------------------------------------------------------------------    -------------------

Slack:                    inf
  Source:                 control_inst/FSM_sequential_state_reg[2]/C
                            (rising edge-triggered cell FDRE clocked by clk  {rise@0.000ns fall@10.000ns period=20.000ns})
  Destination:            an7606convst
                            (output port)
  Path Group:             (none)
  Path Type:              Max at Slow Process Corner
  Data Path Delay:        9.290ns  (logic 4.373ns (47.075%)  route 4.917ns (52.925%))
  Logic Levels:           2  (LUT5=1 OBUF=1)
  Clock Uncertainty:      0.025ns  ((TSJ^2 + TIJ^2)^1/2 + DJ) / 2 + PE
    Total System Jitter     (TSJ):    0.050ns
    Total Input Jitter      (TIJ):    0.000ns
    Discrete Jitter          (DJ):    0.000ns
    Phase Error              (PE):    0.000ns

    Location             Delay type                Incr(ns)  Path(ns)    Netlist Resource(s)
  -------------------------------------------------------------------    -------------------
                         (clock clk rise edge)        0.000     0.000 r  
    U18                                               0.000     0.000 r  clk (IN)
                         net (fo=0)                   0.000     0.000    clk
    U18                  IBUF (Prop_ibuf_I_O)         1.530     1.530 r  clk_IBUF_inst/O
                         net (fo=1, routed)           2.076     3.606    clk_IBUF
    BUFGCTRL_X0Y2        BUFG (Prop_bufg_I_O)         0.101     3.707 r  clk_IBUF_BUFG_inst/O
                         net (fo=152, routed)         1.671     5.378    control_inst/clk
    SLICE_X33Y11         FDRE                                         r  control_inst/FSM_sequential_state_reg[2]/C
  -------------------------------------------------------------------    -------------------
    SLICE_X33Y11         FDRE (Prop_fdre_C_Q)         0.456     5.834 f  control_inst/FSM_sequential_state_reg[2]/Q
                         net (fo=80, routed)          2.326     8.160    control_inst/state[2]
    SLICE_X30Y20         LUT5 (Prop_lut5_I4_O)        0.146     8.306 r  control_inst/an7606convst_OBUF_inst_i_1/O
                         net (fo=1, routed)           2.591    10.897    an7606convst_OBUF
    R14                  OBUF (Prop_obuf_I_O)         3.771    14.668 r  an7606convst_OBUF_inst/O
                         net (fo=0)                   0.000    14.668    an7606convst
    R14                                                               r  an7606convst (OUT)
  -------------------------------------------------------------------    -------------------

Slack:                    inf
  Source:                 control_inst/FSM_sequential_state_reg[4]/C
                            (rising edge-triggered cell FDRE clocked by clk  {rise@0.000ns fall@10.000ns period=20.000ns})
  Destination:            an7606rd
                            (output port)
  Path Group:             (none)
  Path Type:              Max at Slow Process Corner
  Data Path Delay:        8.990ns  (logic 4.423ns (49.200%)  route 4.567ns (50.800%))
  Logic Levels:           2  (LUT5=1 OBUF=1)
  Clock Uncertainty:      0.025ns  ((TSJ^2 + TIJ^2)^1/2 + DJ) / 2 + PE
    Total System Jitter     (TSJ):    0.050ns
    Total Input Jitter      (TIJ):    0.000ns
    Discrete Jitter          (DJ):    0.000ns
    Phase Error              (PE):    0.000ns

    Location             Delay type                Incr(ns)  Path(ns)    Netlist Resource(s)
  -------------------------------------------------------------------    -------------------
                         (clock clk rise edge)        0.000     0.000 r  
    U18                                               0.000     0.000 r  clk (IN)
                         net (fo=0)                   0.000     0.000    clk
    U18                  IBUF (Prop_ibuf_I_O)         1.530     1.530 r  clk_IBUF_inst/O
                         net (fo=1, routed)           2.076     3.606    clk_IBUF
    BUFGCTRL_X0Y2        BUFG (Prop_bufg_I_O)         0.101     3.707 r  clk_IBUF_BUFG_inst/O
                         net (fo=152, routed)         1.671     5.378    control_inst/clk
    SLICE_X35Y11         FDRE                                         r  control_inst/FSM_sequential_state_reg[4]/C
  -------------------------------------------------------------------    -------------------
    SLICE_X35Y11         FDRE (Prop_fdre_C_Q)         0.456     5.834 r  control_inst/FSM_sequential_state_reg[4]/Q
                         net (fo=80, routed)          2.273     8.107    control_inst/Q[0]
    SLICE_X37Y20         LUT5 (Prop_lut5_I2_O)        0.150     8.257 r  control_inst/an7606rd_OBUF_inst_i_1/O
                         net (fo=1, routed)           2.294    10.551    an7606rd_OBUF
    Y17                  OBUF (Prop_obuf_I_O)         3.817    14.368 r  an7606rd_OBUF_inst/O
                         net (fo=0)                   0.000    14.368    an7606rd
    Y17                                                               r  an7606rd (OUT)
  -------------------------------------------------------------------    -------------------

Slack:                    inf
  Source:                 control_inst/FSM_sequential_state_reg[4]/C
                            (rising edge-triggered cell FDRE clocked by clk  {rise@0.000ns fall@10.000ns period=20.000ns})
  Destination:            an7606reset
                            (output port)
  Path Group:             (none)
  Path Type:              Max at Slow Process Corner
  Data Path Delay:        8.767ns  (logic 4.202ns (47.929%)  route 4.565ns (52.071%))
  Logic Levels:           2  (LUT5=1 OBUF=1)
  Clock Uncertainty:      0.025ns  ((TSJ^2 + TIJ^2)^1/2 + DJ) / 2 + PE
    Total System Jitter     (TSJ):    0.050ns
    Total Input Jitter      (TIJ):    0.000ns
    Discrete Jitter          (DJ):    0.000ns
    Phase Error              (PE):    0.000ns

    Location             Delay type                Incr(ns)  Path(ns)    Netlist Resource(s)
  -------------------------------------------------------------------    -------------------
                         (clock clk rise edge)        0.000     0.000 r  
    U18                                               0.000     0.000 r  clk (IN)
                         net (fo=0)                   0.000     0.000    clk
    U18                  IBUF (Prop_ibuf_I_O)         1.530     1.530 r  clk_IBUF_inst/O
                         net (fo=1, routed)           2.076     3.606    clk_IBUF
    BUFGCTRL_X0Y2        BUFG (Prop_bufg_I_O)         0.101     3.707 r  clk_IBUF_BUFG_inst/O
                         net (fo=152, routed)         1.671     5.378    control_inst/clk
    SLICE_X35Y11         FDRE                                         r  control_inst/FSM_sequential_state_reg[4]/C
  -------------------------------------------------------------------    -------------------
    SLICE_X35Y11         FDRE (Prop_fdre_C_Q)         0.456     5.834 f  control_inst/FSM_sequential_state_reg[4]/Q
                         net (fo=80, routed)          2.278     8.112    control_inst/Q[0]
    SLICE_X37Y20         LUT5 (Prop_lut5_I3_O)        0.124     8.236 r  control_inst/an7606reset_OBUF_inst_i_1/O
                         net (fo=1, routed)           2.287    10.523    an7606reset_OBUF
    Y16                  OBUF (Prop_obuf_I_O)         3.622    14.145 r  an7606reset_OBUF_inst/O
                         net (fo=0)                   0.000    14.145    an7606reset
    Y16                                                               r  an7606reset (OUT)
  -------------------------------------------------------------------    -------------------

Slack:                    inf
  Source:                 control_inst/FSM_sequential_state_reg[4]/C
                            (rising edge-triggered cell FDRE clocked by clk  {rise@0.000ns fall@10.000ns period=20.000ns})
  Destination:            an7606cs
                            (output port)
  Path Group:             (none)
  Path Type:              Max at Slow Process Corner
  Data Path Delay:        8.576ns  (logic 4.204ns (49.018%)  route 4.372ns (50.982%))
  Logic Levels:           2  (LUT5=1 OBUF=1)
  Clock Uncertainty:      0.025ns  ((TSJ^2 + TIJ^2)^1/2 + DJ) / 2 + PE
    Total System Jitter     (TSJ):    0.050ns
    Total Input Jitter      (TIJ):    0.000ns
    Discrete Jitter          (DJ):    0.000ns
    Phase Error              (PE):    0.000ns

    Location             Delay type                Incr(ns)  Path(ns)    Netlist Resource(s)
  -------------------------------------------------------------------    -------------------
                         (clock clk rise edge)        0.000     0.000 r  
    U18                                               0.000     0.000 r  clk (IN)
                         net (fo=0)                   0.000     0.000    clk
    U18                  IBUF (Prop_ibuf_I_O)         1.530     1.530 r  clk_IBUF_inst/O
                         net (fo=1, routed)           2.076     3.606    clk_IBUF
    BUFGCTRL_X0Y2        BUFG (Prop_bufg_I_O)         0.101     3.707 r  clk_IBUF_BUFG_inst/O
                         net (fo=152, routed)         1.671     5.378    control_inst/clk
    SLICE_X35Y11         FDRE                                         r  control_inst/FSM_sequential_state_reg[4]/C
  -------------------------------------------------------------------    -------------------
    SLICE_X35Y11         FDRE (Prop_fdre_C_Q)         0.456     5.834 r  control_inst/FSM_sequential_state_reg[4]/Q
                         net (fo=80, routed)          2.273     8.107    control_inst/Q[0]
    SLICE_X37Y20         LUT5 (Prop_lut5_I0_O)        0.124     8.231 r  control_inst/an7606cs_OBUF_inst_i_1/O
                         net (fo=1, routed)           2.100    10.330    an7606cs_OBUF
    V15                  OBUF (Prop_obuf_I_O)         3.624    13.954 r  an7606cs_OBUF_inst/O
                         net (fo=0)                   0.000    13.954    an7606cs
    V15                                                               r  an7606cs (OUT)
  -------------------------------------------------------------------    -------------------





Min Delay Paths
--------------------------------------------------------------------------------------
Slack:                    inf
  Source:                 datapath_inst/ch1TriggerRegPrev_inst/q_reg[15]/C
                            (rising edge-triggered cell FDRE clocked by clk  {rise@0.000ns fall@10.000ns period=20.000ns})
  Destination:            triggerCh1
                            (output port)
  Path Group:             (none)
  Path Type:              Min at Fast Process Corner
  Data Path Delay:        2.712ns  (logic 1.478ns (54.495%)  route 1.234ns (45.505%))
  Logic Levels:           2  (LUT3=1 OBUF=1)
  Clock Uncertainty:      0.025ns  ((TSJ^2 + TIJ^2)^1/2 + DJ) / 2 + PE
    Total System Jitter     (TSJ):    0.050ns
    Total Input Jitter      (TIJ):    0.000ns
    Discrete Jitter          (DJ):    0.000ns
    Phase Error              (PE):    0.000ns

    Location             Delay type                Incr(ns)  Path(ns)    Netlist Resource(s)
  -------------------------------------------------------------------    -------------------
                         (clock clk rise edge)        0.000     0.000 r  
    U18                                               0.000     0.000 r  clk (IN)
                         net (fo=0)                   0.000     0.000    clk
    U18                  IBUF (Prop_ibuf_I_O)         0.297     0.297 r  clk_IBUF_inst/O
                         net (fo=1, routed)           0.627     0.925    clk_IBUF
    BUFGCTRL_X0Y2        BUFG (Prop_bufg_I_O)         0.026     0.951 r  clk_IBUF_BUFG_inst/O
                         net (fo=152, routed)         0.586     1.536    datapath_inst/ch1TriggerRegPrev_inst/clk
    SLICE_X38Y15         FDRE                                         r  datapath_inst/ch1TriggerRegPrev_inst/q_reg[15]/C
  -------------------------------------------------------------------    -------------------
    SLICE_X38Y15         FDRE (Prop_fdre_C_Q)         0.148     1.684 r  datapath_inst/ch1TriggerRegPrev_inst/q_reg[15]/Q
                         net (fo=3, routed)           0.410     2.094    datapath_inst/ch1TriggerRegPrev_inst/prevDataCH1[15]
    SLICE_X39Y15         LUT3 (Prop_lut3_I1_O)        0.098     2.192 r  datapath_inst/ch1TriggerRegPrev_inst/triggerCh1_OBUF_inst_i_1/O
                         net (fo=2, routed)           0.824     3.016    triggerCh1_OBUF
    M14                  OBUF (Prop_obuf_I_O)         1.232     4.248 r  triggerCh1_OBUF_inst/O
                         net (fo=0)                   0.000     4.248    triggerCh1
    M14                                                               r  triggerCh1 (OUT)
  -------------------------------------------------------------------    -------------------

Slack:                    inf
  Source:                 control_inst/FSM_sequential_state_reg[0]/C
                            (rising edge-triggered cell FDRE clocked by clk  {rise@0.000ns fall@10.000ns period=20.000ns})
  Destination:            an7606cs
                            (output port)
  Path Group:             (none)
  Path Type:              Min at Fast Process Corner
  Data Path Delay:        2.839ns  (logic 1.533ns (53.996%)  route 1.306ns (46.004%))
  Logic Levels:           2  (LUT5=1 OBUF=1)
  Clock Uncertainty:      0.025ns  ((TSJ^2 + TIJ^2)^1/2 + DJ) / 2 + PE
    Total System Jitter     (TSJ):    0.050ns
    Total Input Jitter      (TIJ):    0.000ns
    Discrete Jitter          (DJ):    0.000ns
    Phase Error              (PE):    0.000ns

    Location             Delay type                Incr(ns)  Path(ns)    Netlist Resource(s)
  -------------------------------------------------------------------    -------------------
                         (clock clk rise edge)        0.000     0.000 r  
    U18                                               0.000     0.000 r  clk (IN)
                         net (fo=0)                   0.000     0.000    clk
    U18                  IBUF (Prop_ibuf_I_O)         0.297     0.297 r  clk_IBUF_inst/O
                         net (fo=1, routed)           0.627     0.925    clk_IBUF
    BUFGCTRL_X0Y2        BUFG (Prop_bufg_I_O)         0.026     0.951 r  clk_IBUF_BUFG_inst/O
                         net (fo=152, routed)         0.561     1.511    control_inst/clk
    SLICE_X34Y11         FDRE                                         r  control_inst/FSM_sequential_state_reg[0]/C
  -------------------------------------------------------------------    -------------------
    SLICE_X34Y11         FDRE (Prop_fdre_C_Q)         0.164     1.675 f  control_inst/FSM_sequential_state_reg[0]/Q
                         net (fo=82, routed)          0.767     2.442    control_inst/state[0]
    SLICE_X37Y20         LUT5 (Prop_lut5_I3_O)        0.045     2.487 r  control_inst/an7606cs_OBUF_inst_i_1/O
                         net (fo=1, routed)           0.539     3.026    an7606cs_OBUF
    V15                  OBUF (Prop_obuf_I_O)         1.324     4.350 r  an7606cs_OBUF_inst/O
                         net (fo=0)                   0.000     4.350    an7606cs
    V15                                                               r  an7606cs (OUT)
  -------------------------------------------------------------------    -------------------

Slack:                    inf
  Source:                 control_inst/FSM_sequential_state_reg[1]/C
                            (rising edge-triggered cell FDRE clocked by clk  {rise@0.000ns fall@10.000ns period=20.000ns})
  Destination:            an7606convst
                            (output port)
  Path Group:             (none)
  Path Type:              Min at Fast Process Corner
  Data Path Delay:        2.842ns  (logic 1.521ns (53.505%)  route 1.322ns (46.495%))
  Logic Levels:           2  (LUT5=1 OBUF=1)
  Clock Uncertainty:      0.025ns  ((TSJ^2 + TIJ^2)^1/2 + DJ) / 2 + PE
    Total System Jitter     (TSJ):    0.050ns
    Total Input Jitter      (TIJ):    0.000ns
    Discrete Jitter          (DJ):    0.000ns
    Phase Error              (PE):    0.000ns

    Location             Delay type                Incr(ns)  Path(ns)    Netlist Resource(s)
  -------------------------------------------------------------------    -------------------
                         (clock clk rise edge)        0.000     0.000 r  
    U18                                               0.000     0.000 r  clk (IN)
                         net (fo=0)                   0.000     0.000    clk
    U18                  IBUF (Prop_ibuf_I_O)         0.297     0.297 r  clk_IBUF_inst/O
                         net (fo=1, routed)           0.627     0.925    clk_IBUF
    BUFGCTRL_X0Y2        BUFG (Prop_bufg_I_O)         0.026     0.951 r  clk_IBUF_BUFG_inst/O
                         net (fo=152, routed)         0.561     1.511    control_inst/clk
    SLICE_X33Y11         FDRE                                         r  control_inst/FSM_sequential_state_reg[1]/C
  -------------------------------------------------------------------    -------------------
    SLICE_X33Y11         FDRE (Prop_fdre_C_Q)         0.141     1.652 f  control_inst/FSM_sequential_state_reg[1]/Q
                         net (fo=83, routed)          0.533     2.185    control_inst/state[1]
    SLICE_X30Y20         LUT5 (Prop_lut5_I0_O)        0.046     2.231 r  control_inst/an7606convst_OBUF_inst_i_1/O
                         net (fo=1, routed)           0.789     3.020    an7606convst_OBUF
    R14                  OBUF (Prop_obuf_I_O)         1.334     4.353 r  an7606convst_OBUF_inst/O
                         net (fo=0)                   0.000     4.353    an7606convst
    R14                                                               r  an7606convst (OUT)
  -------------------------------------------------------------------    -------------------

Slack:                    inf
  Source:                 control_inst/FSM_sequential_state_reg[0]/C
                            (rising edge-triggered cell FDRE clocked by clk  {rise@0.000ns fall@10.000ns period=20.000ns})
  Destination:            an7606reset
                            (output port)
  Path Group:             (none)
  Path Type:              Min at Fast Process Corner
  Data Path Delay:        2.918ns  (logic 1.531ns (52.455%)  route 1.387ns (47.545%))
  Logic Levels:           2  (LUT5=1 OBUF=1)
  Clock Uncertainty:      0.025ns  ((TSJ^2 + TIJ^2)^1/2 + DJ) / 2 + PE
    Total System Jitter     (TSJ):    0.050ns
    Total Input Jitter      (TIJ):    0.000ns
    Discrete Jitter          (DJ):    0.000ns
    Phase Error              (PE):    0.000ns

    Location             Delay type                Incr(ns)  Path(ns)    Netlist Resource(s)
  -------------------------------------------------------------------    -------------------
                         (clock clk rise edge)        0.000     0.000 r  
    U18                                               0.000     0.000 r  clk (IN)
                         net (fo=0)                   0.000     0.000    clk
    U18                  IBUF (Prop_ibuf_I_O)         0.297     0.297 r  clk_IBUF_inst/O
                         net (fo=1, routed)           0.627     0.925    clk_IBUF
    BUFGCTRL_X0Y2        BUFG (Prop_bufg_I_O)         0.026     0.951 r  clk_IBUF_BUFG_inst/O
                         net (fo=152, routed)         0.561     1.511    control_inst/clk
    SLICE_X34Y11         FDRE                                         r  control_inst/FSM_sequential_state_reg[0]/C
  -------------------------------------------------------------------    -------------------
    SLICE_X34Y11         FDRE (Prop_fdre_C_Q)         0.164     1.675 f  control_inst/FSM_sequential_state_reg[0]/Q
                         net (fo=82, routed)          0.768     2.443    control_inst/state[0]
    SLICE_X37Y20         LUT5 (Prop_lut5_I1_O)        0.045     2.488 r  control_inst/an7606reset_OBUF_inst_i_1/O
                         net (fo=1, routed)           0.619     3.108    an7606reset_OBUF
    Y16                  OBUF (Prop_obuf_I_O)         1.322     4.429 r  an7606reset_OBUF_inst/O
                         net (fo=0)                   0.000     4.429    an7606reset
    Y16                                                               r  an7606reset (OUT)
  -------------------------------------------------------------------    -------------------

Slack:                    inf
  Source:                 control_inst/FSM_sequential_state_reg[0]/C
                            (rising edge-triggered cell FDRE clocked by clk  {rise@0.000ns fall@10.000ns period=20.000ns})
  Destination:            an7606rd
                            (output port)
  Path Group:             (none)
  Path Type:              Min at Fast Process Corner
  Data Path Delay:        2.958ns  (logic 1.589ns (53.709%)  route 1.370ns (46.291%))
  Logic Levels:           2  (LUT5=1 OBUF=1)
  Clock Uncertainty:      0.025ns  ((TSJ^2 + TIJ^2)^1/2 + DJ) / 2 + PE
    Total System Jitter     (TSJ):    0.050ns
    Total Input Jitter      (TIJ):    0.000ns
    Discrete Jitter          (DJ):    0.000ns
    Phase Error              (PE):    0.000ns

    Location             Delay type                Incr(ns)  Path(ns)    Netlist Resource(s)
  -------------------------------------------------------------------    -------------------
                         (clock clk rise edge)        0.000     0.000 r  
    U18                                               0.000     0.000 r  clk (IN)
                         net (fo=0)                   0.000     0.000    clk
    U18                  IBUF (Prop_ibuf_I_O)         0.297     0.297 r  clk_IBUF_inst/O
                         net (fo=1, routed)           0.627     0.925    clk_IBUF
    BUFGCTRL_X0Y2        BUFG (Prop_bufg_I_O)         0.026     0.951 r  clk_IBUF_BUFG_inst/O
                         net (fo=152, routed)         0.561     1.511    control_inst/clk
    SLICE_X34Y11         FDRE                                         r  control_inst/FSM_sequential_state_reg[0]/C
  -------------------------------------------------------------------    -------------------
    SLICE_X34Y11         FDRE (Prop_fdre_C_Q)         0.164     1.675 r  control_inst/FSM_sequential_state_reg[0]/Q
                         net (fo=82, routed)          0.767     2.442    control_inst/state[0]
    SLICE_X37Y20         LUT5 (Prop_lut5_I4_O)        0.048     2.490 r  control_inst/an7606rd_OBUF_inst_i_1/O
                         net (fo=1, routed)           0.602     3.093    an7606rd_OBUF
    Y17                  OBUF (Prop_obuf_I_O)         1.377     4.470 r  an7606rd_OBUF_inst/O
                         net (fo=0)                   0.000     4.470    an7606rd
    Y17                                                               r  an7606rd (OUT)
  -------------------------------------------------------------------    -------------------

Slack:                    inf
  Source:                 datapath_inst/ch2TriggerRegPrev_inst/q_reg[15]/C
                            (rising edge-triggered cell FDRE clocked by clk  {rise@0.000ns fall@10.000ns period=20.000ns})
  Destination:            triggerCh2
                            (output port)
  Path Group:             (none)
  Path Type:              Min at Fast Process Corner
  Data Path Delay:        2.968ns  (logic 1.426ns (48.044%)  route 1.542ns (51.956%))
  Logic Levels:           2  (LUT3=1 OBUF=1)
  Clock Uncertainty:      0.025ns  ((TSJ^2 + TIJ^2)^1/2 + DJ) / 2 + PE
    Total System Jitter     (TSJ):    0.050ns
    Total Input Jitter      (TIJ):    0.000ns
    Discrete Jitter          (DJ):    0.000ns
    Phase Error              (PE):    0.000ns

    Location             Delay type                Incr(ns)  Path(ns)    Netlist Resource(s)
  -------------------------------------------------------------------    -------------------
                         (clock clk rise edge)        0.000     0.000 r  
    U18                                               0.000     0.000 r  clk (IN)
                         net (fo=0)                   0.000     0.000    clk
    U18                  IBUF (Prop_ibuf_I_O)         0.297     0.297 r  clk_IBUF_inst/O
                         net (fo=1, routed)           0.627     0.925    clk_IBUF
    BUFGCTRL_X0Y2        BUFG (Prop_bufg_I_O)         0.026     0.951 r  clk_IBUF_BUFG_inst/O
                         net (fo=152, routed)         0.553     1.503    datapath_inst/ch2TriggerRegPrev_inst/clk
    SLICE_X27Y21         FDRE                                         r  datapath_inst/ch2TriggerRegPrev_inst/q_reg[15]/C
  -------------------------------------------------------------------    -------------------
    SLICE_X27Y21         FDRE (Prop_fdre_C_Q)         0.141     1.644 r  datapath_inst/ch2TriggerRegPrev_inst/q_reg[15]/Q
                         net (fo=3, routed)           0.501     2.145    datapath_inst/ch2TriggerRegPrev_inst/prevDataCH2[15]
    SLICE_X27Y22         LUT3 (Prop_lut3_I1_O)        0.045     2.190 r  datapath_inst/ch2TriggerRegPrev_inst/triggerCh2_OBUF_inst_i_1/O
                         net (fo=1, routed)           1.042     3.231    triggerCh2_OBUF
    M15                  OBUF (Prop_obuf_I_O)         1.240     4.471 r  triggerCh2_OBUF_inst/O
                         net (fo=0)                   0.000     4.471    triggerCh2
    M15                                                               r  triggerCh2 (OUT)
  -------------------------------------------------------------------    -------------------

Slack:                    inf
  Source:                 control_inst/FSM_sequential_state_reg[0]/C
                            (rising edge-triggered cell FDRE clocked by clk  {rise@0.000ns fall@10.000ns period=20.000ns})
  Destination:            sampleTimerRollover
                            (output port)
  Path Group:             (none)
  Path Type:              Min at Fast Process Corner
  Data Path Delay:        3.110ns  (logic 1.502ns (48.295%)  route 1.608ns (51.705%))
  Logic Levels:           2  (LUT5=1 OBUF=1)
  Clock Uncertainty:      0.025ns  ((TSJ^2 + TIJ^2)^1/2 + DJ) / 2 + PE
    Total System Jitter     (TSJ):    0.050ns
    Total Input Jitter      (TIJ):    0.000ns
    Discrete Jitter          (DJ):    0.000ns
    Phase Error              (PE):    0.000ns

    Location             Delay type                Incr(ns)  Path(ns)    Netlist Resource(s)
  -------------------------------------------------------------------    -------------------
                         (clock clk rise edge)        0.000     0.000 r  
    U18                                               0.000     0.000 r  clk (IN)
                         net (fo=0)                   0.000     0.000    clk
    U18                  IBUF (Prop_ibuf_I_O)         0.297     0.297 r  clk_IBUF_inst/O
                         net (fo=1, routed)           0.627     0.925    clk_IBUF
    BUFGCTRL_X0Y2        BUFG (Prop_bufg_I_O)         0.026     0.951 r  clk_IBUF_BUFG_inst/O
                         net (fo=152, routed)         0.561     1.511    control_inst/clk
    SLICE_X34Y11         FDRE                                         r  control_inst/FSM_sequential_state_reg[0]/C
  -------------------------------------------------------------------    -------------------
    SLICE_X34Y11         FDRE (Prop_fdre_C_Q)         0.164     1.675 r  control_inst/FSM_sequential_state_reg[0]/Q
                         net (fo=82, routed)          0.768     2.443    control_inst/state[0]
    SLICE_X37Y20         LUT5 (Prop_lut5_I1_O)        0.049     2.492 r  control_inst/sampleTimerRollover_OBUF_inst_i_1/O
                         net (fo=1, routed)           0.840     3.332    sampleTimerRollover_OBUF
    J16                  OBUF (Prop_obuf_I_O)         1.289     4.622 r  sampleTimerRollover_OBUF_inst/O
                         net (fo=0)                   0.000     4.622    sampleTimerRollover
    J16                                                               r  sampleTimerRollover (OUT)
  -------------------------------------------------------------------    -------------------

Slack:                    inf
  Source:                 control_inst/FSM_sequential_state_reg[0]/C
                            (rising edge-triggered cell FDRE clocked by clk  {rise@0.000ns fall@10.000ns period=20.000ns})
  Destination:            conversionPlusReadoutTime
                            (output port)
  Path Group:             (none)
  Path Type:              Min at Fast Process Corner
  Data Path Delay:        3.127ns  (logic 1.482ns (47.398%)  route 1.645ns (52.602%))
  Logic Levels:           2  (LUT5=1 OBUF=1)
  Clock Uncertainty:      0.025ns  ((TSJ^2 + TIJ^2)^1/2 + DJ) / 2 + PE
    Total System Jitter     (TSJ):    0.050ns
    Total Input Jitter      (TIJ):    0.000ns
    Discrete Jitter          (DJ):    0.000ns
    Phase Error              (PE):    0.000ns

    Location             Delay type                Incr(ns)  Path(ns)    Netlist Resource(s)
  -------------------------------------------------------------------    -------------------
                         (clock clk rise edge)        0.000     0.000 r  
    U18                                               0.000     0.000 r  clk (IN)
                         net (fo=0)                   0.000     0.000    clk
    U18                  IBUF (Prop_ibuf_I_O)         0.297     0.297 r  clk_IBUF_inst/O
                         net (fo=1, routed)           0.627     0.925    clk_IBUF
    BUFGCTRL_X0Y2        BUFG (Prop_bufg_I_O)         0.026     0.951 r  clk_IBUF_BUFG_inst/O
                         net (fo=152, routed)         0.561     1.511    control_inst/clk
    SLICE_X34Y11         FDRE                                         r  control_inst/FSM_sequential_state_reg[0]/C
  -------------------------------------------------------------------    -------------------
    SLICE_X34Y11         FDRE (Prop_fdre_C_Q)         0.164     1.675 f  control_inst/FSM_sequential_state_reg[0]/Q
                         net (fo=82, routed)          0.730     2.405    control_inst/state[0]
    SLICE_X36Y17         LUT5 (Prop_lut5_I0_O)        0.042     2.447 r  control_inst/conversionPlusReadoutTime_OBUF_inst_i_1/O
                         net (fo=1, routed)           0.915     3.362    conversionPlusReadoutTime_OBUF
    K16                  OBUF (Prop_obuf_I_O)         1.276     4.638 r  conversionPlusReadoutTime_OBUF_inst/O
                         net (fo=0)                   0.000     4.638    conversionPlusReadoutTime
    K16                                                               r  conversionPlusReadoutTime (OUT)
  -------------------------------------------------------------------    -------------------





--------------------------------------------------------------------------------------
Path Group:  (none)
From Clock:  clk_out2_clk_wiz_0
  To Clock:  

Max Delay             8 Endpoints
Min Delay             8 Endpoints
--------------------------------------------------------------------------------------


Max Delay Paths
--------------------------------------------------------------------------------------
Slack:                    inf
  Source:                 datapath_inst/hdmi0_inst/inst/serial_b/oserdes_m/CLK
                            (rising edge-triggered cell OSERDESE2 clocked by clk_out2_clk_wiz_0  {rise@0.000ns fall@1.347ns period=2.695ns})
  Destination:            tmdsDataN[0]
                            (output port)
  Path Group:             (none)
  Path Type:              Max at Slow Process Corner
  Data Path Delay:        2.347ns  (logic 2.346ns (99.957%)  route 0.001ns (0.043%))
  Logic Levels:           1  (OBUFDS=1)
  Clock Uncertainty:      0.799ns  ((TSJ^2 + DJ^2)^1/2) / 2 + PE
    Total System Jitter     (TSJ):    0.050ns
    Discrete Jitter          (DJ):    0.373ns
    Phase Error              (PE):    0.611ns

    Location             Delay type                Incr(ns)  Path(ns)    Netlist Resource(s)
  -------------------------------------------------------------------    -------------------
                         (clock clk_out2_clk_wiz_0 rise edge)
                                                      0.000     0.000 r  
    BUFGCTRL_X0Y2        BUFG                         0.000     0.000 r  clk_IBUF_BUFG_inst/O
                         net (fo=152, routed)         1.677     1.677    datapath_inst/vc/inst/clk_in1
    MMCME2_ADV_X0Y0      MMCME2_ADV (Prop_mmcme2_adv_CLKIN1_CLKOUT1)
                                                     -3.538    -1.861 r  datapath_inst/vc/inst/mmcm_adv_inst/CLKOUT1
                         net (fo=1, routed)           1.760    -0.101    datapath_inst/vc/inst/clk_out2_clk_wiz_0
    BUFGCTRL_X0Y1        BUFG (Prop_bufg_I_O)         0.101     0.000 r  datapath_inst/vc/inst/clkout2_buf/O
                         net (fo=8, routed)           1.766     1.766    datapath_inst/hdmi0_inst/inst/serial_b/pix_clkx5
    OLOGIC_X0Y18         OSERDESE2                                    r  datapath_inst/hdmi0_inst/inst/serial_b/oserdes_m/CLK
  -------------------------------------------------------------------    -------------------
    OLOGIC_X0Y18         OSERDESE2 (Prop_oserdese2_CLK_OQ)
                                                      0.472     2.238 r  datapath_inst/hdmi0_inst/inst/serial_b/oserdes_m/OQ
                         net (fo=1, routed)           0.001     2.239    datapath_inst/hdmi0_inst/inst/TMDSINT_0
    V20                  OBUFDS (Prop_obufds_I_OB)    1.874     4.113 r  datapath_inst/hdmi0_inst/inst/OBUFDS_B/OB
                         net (fo=0)                   0.000     4.113    tmdsDataN[0]
    W20                                                               r  tmdsDataN[0] (OUT)
  -------------------------------------------------------------------    -------------------

Slack:                    inf
  Source:                 datapath_inst/hdmi0_inst/inst/serial_b/oserdes_m/CLK
                            (rising edge-triggered cell OSERDESE2 clocked by clk_out2_clk_wiz_0  {rise@0.000ns fall@1.347ns period=2.695ns})
  Destination:            tmdsDataP[0]
                            (output port)
  Path Group:             (none)
  Path Type:              Max at Slow Process Corner
  Data Path Delay:        2.346ns  (logic 2.345ns (99.957%)  route 0.001ns (0.043%))
  Logic Levels:           1  (OBUFDS=1)
  Clock Uncertainty:      0.799ns  ((TSJ^2 + DJ^2)^1/2) / 2 + PE
    Total System Jitter     (TSJ):    0.050ns
    Discrete Jitter          (DJ):    0.373ns
    Phase Error              (PE):    0.611ns

    Location             Delay type                Incr(ns)  Path(ns)    Netlist Resource(s)
  -------------------------------------------------------------------    -------------------
                         (clock clk_out2_clk_wiz_0 rise edge)
                                                      0.000     0.000 r  
    BUFGCTRL_X0Y2        BUFG                         0.000     0.000 r  clk_IBUF_BUFG_inst/O
                         net (fo=152, routed)         1.677     1.677    datapath_inst/vc/inst/clk_in1
    MMCME2_ADV_X0Y0      MMCME2_ADV (Prop_mmcme2_adv_CLKIN1_CLKOUT1)
                                                     -3.538    -1.861 r  datapath_inst/vc/inst/mmcm_adv_inst/CLKOUT1
                         net (fo=1, routed)           1.760    -0.101    datapath_inst/vc/inst/clk_out2_clk_wiz_0
    BUFGCTRL_X0Y1        BUFG (Prop_bufg_I_O)         0.101     0.000 r  datapath_inst/vc/inst/clkout2_buf/O
                         net (fo=8, routed)           1.766     1.766    datapath_inst/hdmi0_inst/inst/serial_b/pix_clkx5
    OLOGIC_X0Y18         OSERDESE2                                    r  datapath_inst/hdmi0_inst/inst/serial_b/oserdes_m/CLK
  -------------------------------------------------------------------    -------------------
    OLOGIC_X0Y18         OSERDESE2 (Prop_oserdese2_CLK_OQ)
                                                      0.472     2.238 r  datapath_inst/hdmi0_inst/inst/serial_b/oserdes_m/OQ
                         net (fo=1, routed)           0.001     2.239    datapath_inst/hdmi0_inst/inst/TMDSINT_0
    V20                  OBUFDS (Prop_obufds_I_O)     1.873     4.112 r  datapath_inst/hdmi0_inst/inst/OBUFDS_B/O
                         net (fo=0)                   0.000     4.112    tmdsDataP[0]
    V20                                                               r  tmdsDataP[0] (OUT)
  -------------------------------------------------------------------    -------------------

Slack:                    inf
  Source:                 datapath_inst/hdmi0_inst/inst/serial_r/oserdes_m/CLK
                            (rising edge-triggered cell OSERDESE2 clocked by clk_out2_clk_wiz_0  {rise@0.000ns fall@1.347ns period=2.695ns})
  Destination:            tmdsDataN[2]
                            (output port)
  Path Group:             (none)
  Path Type:              Max at Slow Process Corner
  Data Path Delay:        2.351ns  (logic 2.350ns (99.957%)  route 0.001ns (0.043%))
  Logic Levels:           1  (OBUFDS=1)
  Clock Uncertainty:      0.799ns  ((TSJ^2 + DJ^2)^1/2) / 2 + PE
    Total System Jitter     (TSJ):    0.050ns
    Discrete Jitter          (DJ):    0.373ns
    Phase Error              (PE):    0.611ns

    Location             Delay type                Incr(ns)  Path(ns)    Netlist Resource(s)
  -------------------------------------------------------------------    -------------------
                         (clock clk_out2_clk_wiz_0 rise edge)
                                                      0.000     0.000 r  
    BUFGCTRL_X0Y2        BUFG                         0.000     0.000 r  clk_IBUF_BUFG_inst/O
                         net (fo=152, routed)         1.677     1.677    datapath_inst/vc/inst/clk_in1
    MMCME2_ADV_X0Y0      MMCME2_ADV (Prop_mmcme2_adv_CLKIN1_CLKOUT1)
                                                     -3.538    -1.861 r  datapath_inst/vc/inst/mmcm_adv_inst/CLKOUT1
                         net (fo=1, routed)           1.760    -0.101    datapath_inst/vc/inst/clk_out2_clk_wiz_0
    BUFGCTRL_X0Y1        BUFG (Prop_bufg_I_O)         0.101     0.000 r  datapath_inst/vc/inst/clkout2_buf/O
                         net (fo=8, routed)           1.760     1.760    datapath_inst/hdmi0_inst/inst/serial_r/pix_clkx5
    OLOGIC_X0Y22         OSERDESE2                                    r  datapath_inst/hdmi0_inst/inst/serial_r/oserdes_m/CLK
  -------------------------------------------------------------------    -------------------
    OLOGIC_X0Y22         OSERDESE2 (Prop_oserdese2_CLK_OQ)
                                                      0.472     2.232 r  datapath_inst/hdmi0_inst/inst/serial_r/oserdes_m/OQ
                         net (fo=1, routed)           0.001     2.233    datapath_inst/hdmi0_inst/inst/TMDSINT_2
    N20                  OBUFDS (Prop_obufds_I_OB)    1.878     4.111 r  datapath_inst/hdmi0_inst/inst/OBUFDS_R/OB
                         net (fo=0)                   0.000     4.111    tmdsDataN[2]
    P20                                                               r  tmdsDataN[2] (OUT)
  -------------------------------------------------------------------    -------------------

Slack:                    inf
  Source:                 datapath_inst/hdmi0_inst/inst/serial_r/oserdes_m/CLK
                            (rising edge-triggered cell OSERDESE2 clocked by clk_out2_clk_wiz_0  {rise@0.000ns fall@1.347ns period=2.695ns})
  Destination:            tmdsDataP[2]
                            (output port)
  Path Group:             (none)
  Path Type:              Max at Slow Process Corner
  Data Path Delay:        2.350ns  (logic 2.349ns (99.957%)  route 0.001ns (0.043%))
  Logic Levels:           1  (OBUFDS=1)
  Clock Uncertainty:      0.799ns  ((TSJ^2 + DJ^2)^1/2) / 2 + PE
    Total System Jitter     (TSJ):    0.050ns
    Discrete Jitter          (DJ):    0.373ns
    Phase Error              (PE):    0.611ns

    Location             Delay type                Incr(ns)  Path(ns)    Netlist Resource(s)
  -------------------------------------------------------------------    -------------------
                         (clock clk_out2_clk_wiz_0 rise edge)
                                                      0.000     0.000 r  
    BUFGCTRL_X0Y2        BUFG                         0.000     0.000 r  clk_IBUF_BUFG_inst/O
                         net (fo=152, routed)         1.677     1.677    datapath_inst/vc/inst/clk_in1
    MMCME2_ADV_X0Y0      MMCME2_ADV (Prop_mmcme2_adv_CLKIN1_CLKOUT1)
                                                     -3.538    -1.861 r  datapath_inst/vc/inst/mmcm_adv_inst/CLKOUT1
                         net (fo=1, routed)           1.760    -0.101    datapath_inst/vc/inst/clk_out2_clk_wiz_0
    BUFGCTRL_X0Y1        BUFG (Prop_bufg_I_O)         0.101     0.000 r  datapath_inst/vc/inst/clkout2_buf/O
                         net (fo=8, routed)           1.760     1.760    datapath_inst/hdmi0_inst/inst/serial_r/pix_clkx5
    OLOGIC_X0Y22         OSERDESE2                                    r  datapath_inst/hdmi0_inst/inst/serial_r/oserdes_m/CLK
  -------------------------------------------------------------------    -------------------
    OLOGIC_X0Y22         OSERDESE2 (Prop_oserdese2_CLK_OQ)
                                                      0.472     2.232 r  datapath_inst/hdmi0_inst/inst/serial_r/oserdes_m/OQ
                         net (fo=1, routed)           0.001     2.233    datapath_inst/hdmi0_inst/inst/TMDSINT_2
    N20                  OBUFDS (Prop_obufds_I_O)     1.877     4.110 r  datapath_inst/hdmi0_inst/inst/OBUFDS_R/O
                         net (fo=0)                   0.000     4.110    tmdsDataP[2]
    N20                                                               r  tmdsDataP[2] (OUT)
  -------------------------------------------------------------------    -------------------

Slack:                    inf
  Source:                 datapath_inst/hdmi0_inst/inst/serial_clk/oserdes_m/CLK
                            (rising edge-triggered cell OSERDESE2 clocked by clk_out2_clk_wiz_0  {rise@0.000ns fall@1.347ns period=2.695ns})
  Destination:            tmdsClkN
                            (output port)
  Path Group:             (none)
  Path Type:              Max at Slow Process Corner
  Data Path Delay:        2.349ns  (logic 2.348ns (99.957%)  route 0.001ns (0.043%))
  Logic Levels:           1  (OBUFDS=1)
  Clock Uncertainty:      0.799ns  ((TSJ^2 + DJ^2)^1/2) / 2 + PE
    Total System Jitter     (TSJ):    0.050ns
    Discrete Jitter          (DJ):    0.373ns
    Phase Error              (PE):    0.611ns

    Location             Delay type                Incr(ns)  Path(ns)    Netlist Resource(s)
  -------------------------------------------------------------------    -------------------
                         (clock clk_out2_clk_wiz_0 rise edge)
                                                      0.000     0.000 r  
    BUFGCTRL_X0Y2        BUFG                         0.000     0.000 r  clk_IBUF_BUFG_inst/O
                         net (fo=152, routed)         1.677     1.677    datapath_inst/vc/inst/clk_in1
    MMCME2_ADV_X0Y0      MMCME2_ADV (Prop_mmcme2_adv_CLKIN1_CLKOUT1)
                                                     -3.538    -1.861 r  datapath_inst/vc/inst/mmcm_adv_inst/CLKOUT1
                         net (fo=1, routed)           1.760    -0.101    datapath_inst/vc/inst/clk_out2_clk_wiz_0
    BUFGCTRL_X0Y1        BUFG (Prop_bufg_I_O)         0.101     0.000 r  datapath_inst/vc/inst/clkout2_buf/O
                         net (fo=8, routed)           1.758     1.758    datapath_inst/hdmi0_inst/inst/serial_clk/pix_clkx5
    OLOGIC_X0Y24         OSERDESE2                                    r  datapath_inst/hdmi0_inst/inst/serial_clk/oserdes_m/CLK
  -------------------------------------------------------------------    -------------------
    OLOGIC_X0Y24         OSERDESE2 (Prop_oserdese2_CLK_OQ)
                                                      0.472     2.230 r  datapath_inst/hdmi0_inst/inst/serial_clk/oserdes_m/OQ
                         net (fo=1, routed)           0.001     2.231    datapath_inst/hdmi0_inst/inst/tmdsclk
    N18                  OBUFDS (Prop_obufds_I_OB)    1.876     4.107 r  datapath_inst/hdmi0_inst/inst/OBUFDS_CLK/OB
                         net (fo=0)                   0.000     4.107    tmdsClkN
    P19                                                               r  tmdsClkN (OUT)
  -------------------------------------------------------------------    -------------------

Slack:                    inf
  Source:                 datapath_inst/hdmi0_inst/inst/serial_clk/oserdes_m/CLK
                            (rising edge-triggered cell OSERDESE2 clocked by clk_out2_clk_wiz_0  {rise@0.000ns fall@1.347ns period=2.695ns})
  Destination:            tmdsClkP
                            (output port)
  Path Group:             (none)
  Path Type:              Max at Slow Process Corner
  Data Path Delay:        2.348ns  (logic 2.347ns (99.957%)  route 0.001ns (0.043%))
  Logic Levels:           1  (OBUFDS=1)
  Clock Uncertainty:      0.799ns  ((TSJ^2 + DJ^2)^1/2) / 2 + PE
    Total System Jitter     (TSJ):    0.050ns
    Discrete Jitter          (DJ):    0.373ns
    Phase Error              (PE):    0.611ns

    Location             Delay type                Incr(ns)  Path(ns)    Netlist Resource(s)
  -------------------------------------------------------------------    -------------------
                         (clock clk_out2_clk_wiz_0 rise edge)
                                                      0.000     0.000 r  
    BUFGCTRL_X0Y2        BUFG                         0.000     0.000 r  clk_IBUF_BUFG_inst/O
                         net (fo=152, routed)         1.677     1.677    datapath_inst/vc/inst/clk_in1
    MMCME2_ADV_X0Y0      MMCME2_ADV (Prop_mmcme2_adv_CLKIN1_CLKOUT1)
                                                     -3.538    -1.861 r  datapath_inst/vc/inst/mmcm_adv_inst/CLKOUT1
                         net (fo=1, routed)           1.760    -0.101    datapath_inst/vc/inst/clk_out2_clk_wiz_0
    BUFGCTRL_X0Y1        BUFG (Prop_bufg_I_O)         0.101     0.000 r  datapath_inst/vc/inst/clkout2_buf/O
                         net (fo=8, routed)           1.758     1.758    datapath_inst/hdmi0_inst/inst/serial_clk/pix_clkx5
    OLOGIC_X0Y24         OSERDESE2                                    r  datapath_inst/hdmi0_inst/inst/serial_clk/oserdes_m/CLK
  -------------------------------------------------------------------    -------------------
    OLOGIC_X0Y24         OSERDESE2 (Prop_oserdese2_CLK_OQ)
                                                      0.472     2.230 r  datapath_inst/hdmi0_inst/inst/serial_clk/oserdes_m/OQ
                         net (fo=1, routed)           0.001     2.231    datapath_inst/hdmi0_inst/inst/tmdsclk
    N18                  OBUFDS (Prop_obufds_I_O)     1.875     4.106 r  datapath_inst/hdmi0_inst/inst/OBUFDS_CLK/O
                         net (fo=0)                   0.000     4.106    tmdsClkP
    N18                                                               r  tmdsClkP (OUT)
  -------------------------------------------------------------------    -------------------

Slack:                    inf
  Source:                 datapath_inst/hdmi0_inst/inst/serial_g/oserdes_m/CLK
                            (rising edge-triggered cell OSERDESE2 clocked by clk_out2_clk_wiz_0  {rise@0.000ns fall@1.347ns period=2.695ns})
  Destination:            tmdsDataN[1]
                            (output port)
  Path Group:             (none)
  Path Type:              Max at Slow Process Corner
  Data Path Delay:        2.339ns  (logic 2.338ns (99.957%)  route 0.001ns (0.043%))
  Logic Levels:           1  (OBUFDS=1)
  Clock Uncertainty:      0.799ns  ((TSJ^2 + DJ^2)^1/2) / 2 + PE
    Total System Jitter     (TSJ):    0.050ns
    Discrete Jitter          (DJ):    0.373ns
    Phase Error              (PE):    0.611ns

    Location             Delay type                Incr(ns)  Path(ns)    Netlist Resource(s)
  -------------------------------------------------------------------    -------------------
                         (clock clk_out2_clk_wiz_0 rise edge)
                                                      0.000     0.000 r  
    BUFGCTRL_X0Y2        BUFG                         0.000     0.000 r  clk_IBUF_BUFG_inst/O
                         net (fo=152, routed)         1.677     1.677    datapath_inst/vc/inst/clk_in1
    MMCME2_ADV_X0Y0      MMCME2_ADV (Prop_mmcme2_adv_CLKIN1_CLKOUT1)
                                                     -3.538    -1.861 r  datapath_inst/vc/inst/mmcm_adv_inst/CLKOUT1
                         net (fo=1, routed)           1.760    -0.101    datapath_inst/vc/inst/clk_out2_clk_wiz_0
    BUFGCTRL_X0Y1        BUFG (Prop_bufg_I_O)         0.101     0.000 r  datapath_inst/vc/inst/clkout2_buf/O
                         net (fo=8, routed)           1.762     1.762    datapath_inst/hdmi0_inst/inst/serial_g/pix_clkx5
    OLOGIC_X0Y20         OSERDESE2                                    r  datapath_inst/hdmi0_inst/inst/serial_g/oserdes_m/CLK
  -------------------------------------------------------------------    -------------------
    OLOGIC_X0Y20         OSERDESE2 (Prop_oserdese2_CLK_OQ)
                                                      0.472     2.234 r  datapath_inst/hdmi0_inst/inst/serial_g/oserdes_m/OQ
                         net (fo=1, routed)           0.001     2.235    datapath_inst/hdmi0_inst/inst/TMDSINT_1
    T20                  OBUFDS (Prop_obufds_I_OB)    1.866     4.102 r  datapath_inst/hdmi0_inst/inst/OBUFDS_G/OB
                         net (fo=0)                   0.000     4.102    tmdsDataN[1]
    U20                                                               r  tmdsDataN[1] (OUT)
  -------------------------------------------------------------------    -------------------

Slack:                    inf
  Source:                 datapath_inst/hdmi0_inst/inst/serial_g/oserdes_m/CLK
                            (rising edge-triggered cell OSERDESE2 clocked by clk_out2_clk_wiz_0  {rise@0.000ns fall@1.347ns period=2.695ns})
  Destination:            tmdsDataP[1]
                            (output port)
  Path Group:             (none)
  Path Type:              Max at Slow Process Corner
  Data Path Delay:        2.338ns  (logic 2.337ns (99.957%)  route 0.001ns (0.043%))
  Logic Levels:           1  (OBUFDS=1)
  Clock Uncertainty:      0.799ns  ((TSJ^2 + DJ^2)^1/2) / 2 + PE
    Total System Jitter     (TSJ):    0.050ns
    Discrete Jitter          (DJ):    0.373ns
    Phase Error              (PE):    0.611ns

    Location             Delay type                Incr(ns)  Path(ns)    Netlist Resource(s)
  -------------------------------------------------------------------    -------------------
                         (clock clk_out2_clk_wiz_0 rise edge)
                                                      0.000     0.000 r  
    BUFGCTRL_X0Y2        BUFG                         0.000     0.000 r  clk_IBUF_BUFG_inst/O
                         net (fo=152, routed)         1.677     1.677    datapath_inst/vc/inst/clk_in1
    MMCME2_ADV_X0Y0      MMCME2_ADV (Prop_mmcme2_adv_CLKIN1_CLKOUT1)
                                                     -3.538    -1.861 r  datapath_inst/vc/inst/mmcm_adv_inst/CLKOUT1
                         net (fo=1, routed)           1.760    -0.101    datapath_inst/vc/inst/clk_out2_clk_wiz_0
    BUFGCTRL_X0Y1        BUFG (Prop_bufg_I_O)         0.101     0.000 r  datapath_inst/vc/inst/clkout2_buf/O
                         net (fo=8, routed)           1.762     1.762    datapath_inst/hdmi0_inst/inst/serial_g/pix_clkx5
    OLOGIC_X0Y20         OSERDESE2                                    r  datapath_inst/hdmi0_inst/inst/serial_g/oserdes_m/CLK
  -------------------------------------------------------------------    -------------------
    OLOGIC_X0Y20         OSERDESE2 (Prop_oserdese2_CLK_OQ)
                                                      0.472     2.234 r  datapath_inst/hdmi0_inst/inst/serial_g/oserdes_m/OQ
                         net (fo=1, routed)           0.001     2.235    datapath_inst/hdmi0_inst/inst/TMDSINT_1
    T20                  OBUFDS (Prop_obufds_I_O)     1.865     4.101 r  datapath_inst/hdmi0_inst/inst/OBUFDS_G/O
                         net (fo=0)                   0.000     4.101    tmdsDataP[1]
    T20                                                               r  tmdsDataP[1] (OUT)
  -------------------------------------------------------------------    -------------------





Min Delay Paths
--------------------------------------------------------------------------------------
Slack:                    inf
  Source:                 datapath_inst/hdmi0_inst/inst/serial_g/oserdes_m/CLK
                            (rising edge-triggered cell OSERDESE2 clocked by clk_out2_clk_wiz_0  {rise@0.000ns fall@1.347ns period=2.695ns})
  Destination:            tmdsDataP[1]
                            (output port)
  Path Group:             (none)
  Path Type:              Min at Fast Process Corner
  Data Path Delay:        0.992ns  (logic 0.991ns (99.899%)  route 0.001ns (0.101%))
  Logic Levels:           1  (OBUFDS=1)
  Clock Uncertainty:      0.799ns  ((TSJ^2 + DJ^2)^1/2) / 2 + PE
    Total System Jitter     (TSJ):    0.050ns
    Discrete Jitter          (DJ):    0.373ns
    Phase Error              (PE):    0.611ns

    Location             Delay type                Incr(ns)  Path(ns)    Netlist Resource(s)
  -------------------------------------------------------------------    -------------------
                         (clock clk_out2_clk_wiz_0 rise edge)
                                                      0.000     0.000 r  
    BUFGCTRL_X0Y2        BUFG                         0.000     0.000 r  clk_IBUF_BUFG_inst/O
                         net (fo=152, routed)         0.546     0.546    datapath_inst/vc/inst/clk_in1
    MMCME2_ADV_X0Y0      MMCME2_ADV (Prop_mmcme2_adv_CLKIN1_CLKOUT1)
                                                     -1.053    -0.508 r  datapath_inst/vc/inst/mmcm_adv_inst/CLKOUT1
                         net (fo=1, routed)           0.482    -0.026    datapath_inst/vc/inst/clk_out2_clk_wiz_0
    BUFGCTRL_X0Y1        BUFG (Prop_bufg_I_O)         0.026     0.000 r  datapath_inst/vc/inst/clkout2_buf/O
                         net (fo=8, routed)           0.576     0.576    datapath_inst/hdmi0_inst/inst/serial_g/pix_clkx5
    OLOGIC_X0Y20         OSERDESE2                                    r  datapath_inst/hdmi0_inst/inst/serial_g/oserdes_m/CLK
  -------------------------------------------------------------------    -------------------
    OLOGIC_X0Y20         OSERDESE2 (Prop_oserdese2_CLK_OQ)
                                                      0.177     0.753 r  datapath_inst/hdmi0_inst/inst/serial_g/oserdes_m/OQ
                         net (fo=1, routed)           0.001     0.754    datapath_inst/hdmi0_inst/inst/TMDSINT_1
    T20                  OBUFDS (Prop_obufds_I_O)     0.814     1.568 r  datapath_inst/hdmi0_inst/inst/OBUFDS_G/O
                         net (fo=0)                   0.000     1.568    tmdsDataP[1]
    T20                                                               r  tmdsDataP[1] (OUT)
  -------------------------------------------------------------------    -------------------

Slack:                    inf
  Source:                 datapath_inst/hdmi0_inst/inst/serial_g/oserdes_m/CLK
                            (rising edge-triggered cell OSERDESE2 clocked by clk_out2_clk_wiz_0  {rise@0.000ns fall@1.347ns period=2.695ns})
  Destination:            tmdsDataN[1]
                            (output port)
  Path Group:             (none)
  Path Type:              Min at Fast Process Corner
  Data Path Delay:        0.993ns  (logic 0.992ns (99.899%)  route 0.001ns (0.101%))
  Logic Levels:           1  (OBUFDS=1)
  Clock Uncertainty:      0.799ns  ((TSJ^2 + DJ^2)^1/2) / 2 + PE
    Total System Jitter     (TSJ):    0.050ns
    Discrete Jitter          (DJ):    0.373ns
    Phase Error              (PE):    0.611ns

    Location             Delay type                Incr(ns)  Path(ns)    Netlist Resource(s)
  -------------------------------------------------------------------    -------------------
                         (clock clk_out2_clk_wiz_0 rise edge)
                                                      0.000     0.000 r  
    BUFGCTRL_X0Y2        BUFG                         0.000     0.000 r  clk_IBUF_BUFG_inst/O
                         net (fo=152, routed)         0.546     0.546    datapath_inst/vc/inst/clk_in1
    MMCME2_ADV_X0Y0      MMCME2_ADV (Prop_mmcme2_adv_CLKIN1_CLKOUT1)
                                                     -1.053    -0.508 r  datapath_inst/vc/inst/mmcm_adv_inst/CLKOUT1
                         net (fo=1, routed)           0.482    -0.026    datapath_inst/vc/inst/clk_out2_clk_wiz_0
    BUFGCTRL_X0Y1        BUFG (Prop_bufg_I_O)         0.026     0.000 r  datapath_inst/vc/inst/clkout2_buf/O
                         net (fo=8, routed)           0.576     0.576    datapath_inst/hdmi0_inst/inst/serial_g/pix_clkx5
    OLOGIC_X0Y20         OSERDESE2                                    r  datapath_inst/hdmi0_inst/inst/serial_g/oserdes_m/CLK
  -------------------------------------------------------------------    -------------------
    OLOGIC_X0Y20         OSERDESE2 (Prop_oserdese2_CLK_OQ)
                                                      0.177     0.753 r  datapath_inst/hdmi0_inst/inst/serial_g/oserdes_m/OQ
                         net (fo=1, routed)           0.001     0.754    datapath_inst/hdmi0_inst/inst/TMDSINT_1
    T20                  OBUFDS (Prop_obufds_I_OB)    0.815     1.569 r  datapath_inst/hdmi0_inst/inst/OBUFDS_G/OB
                         net (fo=0)                   0.000     1.569    tmdsDataN[1]
    U20                                                               r  tmdsDataN[1] (OUT)
  -------------------------------------------------------------------    -------------------

Slack:                    inf
  Source:                 datapath_inst/hdmi0_inst/inst/serial_clk/oserdes_m/CLK
                            (rising edge-triggered cell OSERDESE2 clocked by clk_out2_clk_wiz_0  {rise@0.000ns fall@1.347ns period=2.695ns})
  Destination:            tmdsClkP
                            (output port)
  Path Group:             (none)
  Path Type:              Min at Fast Process Corner
  Data Path Delay:        1.002ns  (logic 1.001ns (99.900%)  route 0.001ns (0.100%))
  Logic Levels:           1  (OBUFDS=1)
  Clock Uncertainty:      0.799ns  ((TSJ^2 + DJ^2)^1/2) / 2 + PE
    Total System Jitter     (TSJ):    0.050ns
    Discrete Jitter          (DJ):    0.373ns
    Phase Error              (PE):    0.611ns

    Location             Delay type                Incr(ns)  Path(ns)    Netlist Resource(s)
  -------------------------------------------------------------------    -------------------
                         (clock clk_out2_clk_wiz_0 rise edge)
                                                      0.000     0.000 r  
    BUFGCTRL_X0Y2        BUFG                         0.000     0.000 r  clk_IBUF_BUFG_inst/O
                         net (fo=152, routed)         0.546     0.546    datapath_inst/vc/inst/clk_in1
    MMCME2_ADV_X0Y0      MMCME2_ADV (Prop_mmcme2_adv_CLKIN1_CLKOUT1)
                                                     -1.053    -0.508 r  datapath_inst/vc/inst/mmcm_adv_inst/CLKOUT1
                         net (fo=1, routed)           0.482    -0.026    datapath_inst/vc/inst/clk_out2_clk_wiz_0
    BUFGCTRL_X0Y1        BUFG (Prop_bufg_I_O)         0.026     0.000 r  datapath_inst/vc/inst/clkout2_buf/O
                         net (fo=8, routed)           0.575     0.575    datapath_inst/hdmi0_inst/inst/serial_clk/pix_clkx5
    OLOGIC_X0Y24         OSERDESE2                                    r  datapath_inst/hdmi0_inst/inst/serial_clk/oserdes_m/CLK
  -------------------------------------------------------------------    -------------------
    OLOGIC_X0Y24         OSERDESE2 (Prop_oserdese2_CLK_OQ)
                                                      0.177     0.752 r  datapath_inst/hdmi0_inst/inst/serial_clk/oserdes_m/OQ
                         net (fo=1, routed)           0.001     0.753    datapath_inst/hdmi0_inst/inst/tmdsclk
    N18                  OBUFDS (Prop_obufds_I_O)     0.824     1.576 r  datapath_inst/hdmi0_inst/inst/OBUFDS_CLK/O
                         net (fo=0)                   0.000     1.576    tmdsClkP
    N18                                                               r  tmdsClkP (OUT)
  -------------------------------------------------------------------    -------------------

Slack:                    inf
  Source:                 datapath_inst/hdmi0_inst/inst/serial_b/oserdes_m/CLK
                            (rising edge-triggered cell OSERDESE2 clocked by clk_out2_clk_wiz_0  {rise@0.000ns fall@1.347ns period=2.695ns})
  Destination:            tmdsDataP[0]
                            (output port)
  Path Group:             (none)
  Path Type:              Min at Fast Process Corner
  Data Path Delay:        0.999ns  (logic 0.998ns (99.900%)  route 0.001ns (0.100%))
  Logic Levels:           1  (OBUFDS=1)
  Clock Uncertainty:      0.799ns  ((TSJ^2 + DJ^2)^1/2) / 2 + PE
    Total System Jitter     (TSJ):    0.050ns
    Discrete Jitter          (DJ):    0.373ns
    Phase Error              (PE):    0.611ns

    Location             Delay type                Incr(ns)  Path(ns)    Netlist Resource(s)
  -------------------------------------------------------------------    -------------------
                         (clock clk_out2_clk_wiz_0 rise edge)
                                                      0.000     0.000 r  
    BUFGCTRL_X0Y2        BUFG                         0.000     0.000 r  clk_IBUF_BUFG_inst/O
                         net (fo=152, routed)         0.546     0.546    datapath_inst/vc/inst/clk_in1
    MMCME2_ADV_X0Y0      MMCME2_ADV (Prop_mmcme2_adv_CLKIN1_CLKOUT1)
                                                     -1.053    -0.508 r  datapath_inst/vc/inst/mmcm_adv_inst/CLKOUT1
                         net (fo=1, routed)           0.482    -0.026    datapath_inst/vc/inst/clk_out2_clk_wiz_0
    BUFGCTRL_X0Y1        BUFG (Prop_bufg_I_O)         0.026     0.000 r  datapath_inst/vc/inst/clkout2_buf/O
                         net (fo=8, routed)           0.578     0.578    datapath_inst/hdmi0_inst/inst/serial_b/pix_clkx5
    OLOGIC_X0Y18         OSERDESE2                                    r  datapath_inst/hdmi0_inst/inst/serial_b/oserdes_m/CLK
  -------------------------------------------------------------------    -------------------
    OLOGIC_X0Y18         OSERDESE2 (Prop_oserdese2_CLK_OQ)
                                                      0.177     0.755 r  datapath_inst/hdmi0_inst/inst/serial_b/oserdes_m/OQ
                         net (fo=1, routed)           0.001     0.756    datapath_inst/hdmi0_inst/inst/TMDSINT_0
    V20                  OBUFDS (Prop_obufds_I_O)     0.821     1.577 r  datapath_inst/hdmi0_inst/inst/OBUFDS_B/O
                         net (fo=0)                   0.000     1.577    tmdsDataP[0]
    V20                                                               r  tmdsDataP[0] (OUT)
  -------------------------------------------------------------------    -------------------

Slack:                    inf
  Source:                 datapath_inst/hdmi0_inst/inst/serial_clk/oserdes_m/CLK
                            (rising edge-triggered cell OSERDESE2 clocked by clk_out2_clk_wiz_0  {rise@0.000ns fall@1.347ns period=2.695ns})
  Destination:            tmdsClkN
                            (output port)
  Path Group:             (none)
  Path Type:              Min at Fast Process Corner
  Data Path Delay:        1.003ns  (logic 1.002ns (99.900%)  route 0.001ns (0.100%))
  Logic Levels:           1  (OBUFDS=1)
  Clock Uncertainty:      0.799ns  ((TSJ^2 + DJ^2)^1/2) / 2 + PE
    Total System Jitter     (TSJ):    0.050ns
    Discrete Jitter          (DJ):    0.373ns
    Phase Error              (PE):    0.611ns

    Location             Delay type                Incr(ns)  Path(ns)    Netlist Resource(s)
  -------------------------------------------------------------------    -------------------
                         (clock clk_out2_clk_wiz_0 rise edge)
                                                      0.000     0.000 r  
    BUFGCTRL_X0Y2        BUFG                         0.000     0.000 r  clk_IBUF_BUFG_inst/O
                         net (fo=152, routed)         0.546     0.546    datapath_inst/vc/inst/clk_in1
    MMCME2_ADV_X0Y0      MMCME2_ADV (Prop_mmcme2_adv_CLKIN1_CLKOUT1)
                                                     -1.053    -0.508 r  datapath_inst/vc/inst/mmcm_adv_inst/CLKOUT1
                         net (fo=1, routed)           0.482    -0.026    datapath_inst/vc/inst/clk_out2_clk_wiz_0
    BUFGCTRL_X0Y1        BUFG (Prop_bufg_I_O)         0.026     0.000 r  datapath_inst/vc/inst/clkout2_buf/O
                         net (fo=8, routed)           0.575     0.575    datapath_inst/hdmi0_inst/inst/serial_clk/pix_clkx5
    OLOGIC_X0Y24         OSERDESE2                                    r  datapath_inst/hdmi0_inst/inst/serial_clk/oserdes_m/CLK
  -------------------------------------------------------------------    -------------------
    OLOGIC_X0Y24         OSERDESE2 (Prop_oserdese2_CLK_OQ)
                                                      0.177     0.752 r  datapath_inst/hdmi0_inst/inst/serial_clk/oserdes_m/OQ
                         net (fo=1, routed)           0.001     0.753    datapath_inst/hdmi0_inst/inst/tmdsclk
    N18                  OBUFDS (Prop_obufds_I_OB)    0.825     1.577 r  datapath_inst/hdmi0_inst/inst/OBUFDS_CLK/OB
                         net (fo=0)                   0.000     1.577    tmdsClkN
    P19                                                               r  tmdsClkN (OUT)
  -------------------------------------------------------------------    -------------------

Slack:                    inf
  Source:                 datapath_inst/hdmi0_inst/inst/serial_b/oserdes_m/CLK
                            (rising edge-triggered cell OSERDESE2 clocked by clk_out2_clk_wiz_0  {rise@0.000ns fall@1.347ns period=2.695ns})
  Destination:            tmdsDataN[0]
                            (output port)
  Path Group:             (none)
  Path Type:              Min at Fast Process Corner
  Data Path Delay:        1.000ns  (logic 0.999ns (99.900%)  route 0.001ns (0.100%))
  Logic Levels:           1  (OBUFDS=1)
  Clock Uncertainty:      0.799ns  ((TSJ^2 + DJ^2)^1/2) / 2 + PE
    Total System Jitter     (TSJ):    0.050ns
    Discrete Jitter          (DJ):    0.373ns
    Phase Error              (PE):    0.611ns

    Location             Delay type                Incr(ns)  Path(ns)    Netlist Resource(s)
  -------------------------------------------------------------------    -------------------
                         (clock clk_out2_clk_wiz_0 rise edge)
                                                      0.000     0.000 r  
    BUFGCTRL_X0Y2        BUFG                         0.000     0.000 r  clk_IBUF_BUFG_inst/O
                         net (fo=152, routed)         0.546     0.546    datapath_inst/vc/inst/clk_in1
    MMCME2_ADV_X0Y0      MMCME2_ADV (Prop_mmcme2_adv_CLKIN1_CLKOUT1)
                                                     -1.053    -0.508 r  datapath_inst/vc/inst/mmcm_adv_inst/CLKOUT1
                         net (fo=1, routed)           0.482    -0.026    datapath_inst/vc/inst/clk_out2_clk_wiz_0
    BUFGCTRL_X0Y1        BUFG (Prop_bufg_I_O)         0.026     0.000 r  datapath_inst/vc/inst/clkout2_buf/O
                         net (fo=8, routed)           0.578     0.578    datapath_inst/hdmi0_inst/inst/serial_b/pix_clkx5
    OLOGIC_X0Y18         OSERDESE2                                    r  datapath_inst/hdmi0_inst/inst/serial_b/oserdes_m/CLK
  -------------------------------------------------------------------    -------------------
    OLOGIC_X0Y18         OSERDESE2 (Prop_oserdese2_CLK_OQ)
                                                      0.177     0.755 r  datapath_inst/hdmi0_inst/inst/serial_b/oserdes_m/OQ
                         net (fo=1, routed)           0.001     0.756    datapath_inst/hdmi0_inst/inst/TMDSINT_0
    V20                  OBUFDS (Prop_obufds_I_OB)    0.822     1.578 r  datapath_inst/hdmi0_inst/inst/OBUFDS_B/OB
                         net (fo=0)                   0.000     1.578    tmdsDataN[0]
    W20                                                               r  tmdsDataN[0] (OUT)
  -------------------------------------------------------------------    -------------------

Slack:                    inf
  Source:                 datapath_inst/hdmi0_inst/inst/serial_r/oserdes_m/CLK
                            (rising edge-triggered cell OSERDESE2 clocked by clk_out2_clk_wiz_0  {rise@0.000ns fall@1.347ns period=2.695ns})
  Destination:            tmdsDataP[2]
                            (output port)
  Path Group:             (none)
  Path Type:              Min at Fast Process Corner
  Data Path Delay:        1.004ns  (logic 1.003ns (99.900%)  route 0.001ns (0.100%))
  Logic Levels:           1  (OBUFDS=1)
  Clock Uncertainty:      0.799ns  ((TSJ^2 + DJ^2)^1/2) / 2 + PE
    Total System Jitter     (TSJ):    0.050ns
    Discrete Jitter          (DJ):    0.373ns
    Phase Error              (PE):    0.611ns

    Location             Delay type                Incr(ns)  Path(ns)    Netlist Resource(s)
  -------------------------------------------------------------------    -------------------
                         (clock clk_out2_clk_wiz_0 rise edge)
                                                      0.000     0.000 r  
    BUFGCTRL_X0Y2        BUFG                         0.000     0.000 r  clk_IBUF_BUFG_inst/O
                         net (fo=152, routed)         0.546     0.546    datapath_inst/vc/inst/clk_in1
    MMCME2_ADV_X0Y0      MMCME2_ADV (Prop_mmcme2_adv_CLKIN1_CLKOUT1)
                                                     -1.053    -0.508 r  datapath_inst/vc/inst/mmcm_adv_inst/CLKOUT1
                         net (fo=1, routed)           0.482    -0.026    datapath_inst/vc/inst/clk_out2_clk_wiz_0
    BUFGCTRL_X0Y1        BUFG (Prop_bufg_I_O)         0.026     0.000 r  datapath_inst/vc/inst/clkout2_buf/O
                         net (fo=8, routed)           0.575     0.575    datapath_inst/hdmi0_inst/inst/serial_r/pix_clkx5
    OLOGIC_X0Y22         OSERDESE2                                    r  datapath_inst/hdmi0_inst/inst/serial_r/oserdes_m/CLK
  -------------------------------------------------------------------    -------------------
    OLOGIC_X0Y22         OSERDESE2 (Prop_oserdese2_CLK_OQ)
                                                      0.177     0.752 r  datapath_inst/hdmi0_inst/inst/serial_r/oserdes_m/OQ
                         net (fo=1, routed)           0.001     0.753    datapath_inst/hdmi0_inst/inst/TMDSINT_2
    N20                  OBUFDS (Prop_obufds_I_O)     0.826     1.578 r  datapath_inst/hdmi0_inst/inst/OBUFDS_R/O
                         net (fo=0)                   0.000     1.578    tmdsDataP[2]
    N20                                                               r  tmdsDataP[2] (OUT)
  -------------------------------------------------------------------    -------------------

Slack:                    inf
  Source:                 datapath_inst/hdmi0_inst/inst/serial_r/oserdes_m/CLK
                            (rising edge-triggered cell OSERDESE2 clocked by clk_out2_clk_wiz_0  {rise@0.000ns fall@1.347ns period=2.695ns})
  Destination:            tmdsDataN[2]
                            (output port)
  Path Group:             (none)
  Path Type:              Min at Fast Process Corner
  Data Path Delay:        1.005ns  (logic 1.004ns (99.900%)  route 0.001ns (0.100%))
  Logic Levels:           1  (OBUFDS=1)
  Clock Uncertainty:      0.799ns  ((TSJ^2 + DJ^2)^1/2) / 2 + PE
    Total System Jitter     (TSJ):    0.050ns
    Discrete Jitter          (DJ):    0.373ns
    Phase Error              (PE):    0.611ns

    Location             Delay type                Incr(ns)  Path(ns)    Netlist Resource(s)
  -------------------------------------------------------------------    -------------------
                         (clock clk_out2_clk_wiz_0 rise edge)
                                                      0.000     0.000 r  
    BUFGCTRL_X0Y2        BUFG                         0.000     0.000 r  clk_IBUF_BUFG_inst/O
                         net (fo=152, routed)         0.546     0.546    datapath_inst/vc/inst/clk_in1
    MMCME2_ADV_X0Y0      MMCME2_ADV (Prop_mmcme2_adv_CLKIN1_CLKOUT1)
                                                     -1.053    -0.508 r  datapath_inst/vc/inst/mmcm_adv_inst/CLKOUT1
                         net (fo=1, routed)           0.482    -0.026    datapath_inst/vc/inst/clk_out2_clk_wiz_0
    BUFGCTRL_X0Y1        BUFG (Prop_bufg_I_O)         0.026     0.000 r  datapath_inst/vc/inst/clkout2_buf/O
                         net (fo=8, routed)           0.575     0.575    datapath_inst/hdmi0_inst/inst/serial_r/pix_clkx5
    OLOGIC_X0Y22         OSERDESE2                                    r  datapath_inst/hdmi0_inst/inst/serial_r/oserdes_m/CLK
  -------------------------------------------------------------------    -------------------
    OLOGIC_X0Y22         OSERDESE2 (Prop_oserdese2_CLK_OQ)
                                                      0.177     0.752 r  datapath_inst/hdmi0_inst/inst/serial_r/oserdes_m/OQ
                         net (fo=1, routed)           0.001     0.753    datapath_inst/hdmi0_inst/inst/TMDSINT_2
    N20                  OBUFDS (Prop_obufds_I_OB)    0.827     1.579 r  datapath_inst/hdmi0_inst/inst/OBUFDS_R/OB
                         net (fo=0)                   0.000     1.579    tmdsDataN[2]
    P20                                                               r  tmdsDataN[2] (OUT)
  -------------------------------------------------------------------    -------------------





--------------------------------------------------------------------------------------
Path Group:  (none)
From Clock:  clkfbout_clk_wiz_0
  To Clock:  

Max Delay             1 Endpoint
Min Delay             1 Endpoint
--------------------------------------------------------------------------------------


Max Delay Paths
--------------------------------------------------------------------------------------
Slack:                    inf
  Source:                 datapath_inst/vc/inst/mmcm_adv_inst/CLKFBOUT
                            (clock source 'clkfbout_clk_wiz_0'  {rise@0.000ns fall@40.000ns period=80.000ns})
  Destination:            datapath_inst/vc/inst/mmcm_adv_inst/CLKFBIN
  Path Group:             (none)
  Path Type:              Max at Slow Process Corner
  Data Path Delay:        3.538ns  (logic 0.101ns (2.855%)  route 3.437ns (97.145%))
  Logic Levels:           1  (BUFG=1)
  Clock Uncertainty:      0.783ns  ((TSJ^2 + DJ^2)^1/2) / 2 + PE
    Total System Jitter     (TSJ):    0.050ns
    Discrete Jitter          (DJ):    0.340ns
    Phase Error              (PE):    0.611ns

    Location             Delay type                Incr(ns)  Path(ns)    Netlist Resource(s)
  -------------------------------------------------------------------    -------------------
                         (clock clkfbout_clk_wiz_0 fall edge)
                                                     40.000    40.000 f  
    BUFGCTRL_X0Y2        BUFG                         0.000    40.000 f  clk_IBUF_BUFG_inst/O
                         net (fo=152, routed)         1.677    41.677    datapath_inst/vc/inst/clk_in1
  -------------------------------------------------------------------    -------------------
    MMCME2_ADV_X0Y0      MMCME2_ADV (Prop_mmcme2_adv_CLKIN1_CLKFBOUT)
                                                     -3.538    38.139 f  datapath_inst/vc/inst/mmcm_adv_inst/CLKFBOUT
                         net (fo=1, routed)           1.760    39.899    datapath_inst/vc/inst/clkfbout_clk_wiz_0
    BUFGCTRL_X0Y3        BUFG (Prop_bufg_I_O)         0.101    40.000 f  datapath_inst/vc/inst/clkf_buf/O
                         net (fo=1, routed)           1.677    41.677    datapath_inst/vc/inst/clkfbout_buf_clk_wiz_0
    MMCME2_ADV_X0Y0      MMCME2_ADV                                   f  datapath_inst/vc/inst/mmcm_adv_inst/CLKFBIN
  -------------------------------------------------------------------    -------------------





Min Delay Paths
--------------------------------------------------------------------------------------
Slack:                    inf
  Source:                 datapath_inst/vc/inst/mmcm_adv_inst/CLKFBOUT
                            (clock source 'clkfbout_clk_wiz_0'  {rise@0.000ns fall@40.000ns period=80.000ns})
  Destination:            datapath_inst/vc/inst/mmcm_adv_inst/CLKFBIN
  Path Group:             (none)
  Path Type:              Min at Fast Process Corner
  Data Path Delay:        1.053ns  (logic 0.026ns (2.468%)  route 1.028ns (97.532%))
  Logic Levels:           1  (BUFG=1)
  Clock Uncertainty:      0.783ns  ((TSJ^2 + DJ^2)^1/2) / 2 + PE
    Total System Jitter     (TSJ):    0.050ns
    Discrete Jitter          (DJ):    0.340ns
    Phase Error              (PE):    0.611ns

    Location             Delay type                Incr(ns)  Path(ns)    Netlist Resource(s)
  -------------------------------------------------------------------    -------------------
                         (clock clkfbout_clk_wiz_0 rise edge)
                                                      0.000     0.000 r  
    BUFGCTRL_X0Y2        BUFG                         0.000     0.000 r  clk_IBUF_BUFG_inst/O
                         net (fo=152, routed)         0.546     0.546    datapath_inst/vc/inst/clk_in1
  -------------------------------------------------------------------    -------------------
    MMCME2_ADV_X0Y0      MMCME2_ADV (Prop_mmcme2_adv_CLKIN1_CLKFBOUT)
                                                     -1.053    -0.508 r  datapath_inst/vc/inst/mmcm_adv_inst/CLKFBOUT
                         net (fo=1, routed)           0.482    -0.026    datapath_inst/vc/inst/clkfbout_clk_wiz_0
    BUFGCTRL_X0Y3        BUFG (Prop_bufg_I_O)         0.026     0.000 r  datapath_inst/vc/inst/clkf_buf/O
                         net (fo=1, routed)           0.546     0.546    datapath_inst/vc/inst/clkfbout_buf_clk_wiz_0
    MMCME2_ADV_X0Y0      MMCME2_ADV                                   r  datapath_inst/vc/inst/mmcm_adv_inst/CLKFBIN
  -------------------------------------------------------------------    -------------------





--------------------------------------------------------------------------------------
Path Group:  (none)
From Clock:  
  To Clock:  clk

Max Delay           222 Endpoints
Min Delay           222 Endpoints
--------------------------------------------------------------------------------------


Max Delay Paths
--------------------------------------------------------------------------------------
Slack:                    inf
  Source:                 resetn
                            (input port)
  Destination:            datapath_inst/ch2TriggerRegCurr_inst/q_reg[10]/R
                            (rising edge-triggered cell FDRE clocked by clk  {rise@0.000ns fall@10.000ns period=20.000ns})
  Path Group:             (none)
  Path Type:              Setup (Max at Slow Process Corner)
  Data Path Delay:        6.924ns  (logic 1.631ns (23.553%)  route 5.293ns (76.447%))
  Logic Levels:           2  (IBUF=1 LUT1=1)
  Clock Path Skew:        4.917ns (DCD - SCD + CPR)
    Destination Clock Delay (DCD):    4.917ns
    Source Clock Delay      (SCD):    0.000ns
    Clock Pessimism Removal (CPR):    0.000ns
  Clock Uncertainty:      0.025ns  ((TSJ^2 + TIJ^2)^1/2 + DJ) / 2 + PE
    Total System Jitter     (TSJ):    0.050ns
    Total Input Jitter      (TIJ):    0.000ns
    Discrete Jitter          (DJ):    0.000ns
    Phase Error              (PE):    0.000ns

    Location             Delay type                Incr(ns)  Path(ns)    Netlist Resource(s)
  -------------------------------------------------------------------    -------------------
    N15                                               0.000     0.000 f  resetn (IN)
                         net (fo=0)                   0.000     0.000    resetn
    N15                  IBUF (Prop_ibuf_I_O)         1.477     1.477 f  resetn_IBUF_inst/O
                         net (fo=5, routed)           2.985     4.462    datapath_inst/sampleIntervalCounter_inst/resetn_IBUF
    SLICE_X37Y14         LUT1 (Prop_lut1_I0_O)        0.154     4.616 r  datapath_inst/sampleIntervalCounter_inst/hdmi0_inst_i_1/O
                         net (fo=182, routed)         2.308     6.924    datapath_inst/ch2TriggerRegCurr_inst/SR[0]
    SLICE_X29Y21         FDRE                                         r  datapath_inst/ch2TriggerRegCurr_inst/q_reg[10]/R
  -------------------------------------------------------------------    -------------------

                         (clock clk rise edge)        0.000     0.000 r  
    U18                                               0.000     0.000 r  clk (IN)
                         net (fo=0)                   0.000     0.000    clk
    U18                  IBUF (Prop_ibuf_I_O)         1.459     1.459 r  clk_IBUF_inst/O
                         net (fo=1, routed)           1.880     3.339    clk_IBUF
    BUFGCTRL_X0Y2        BUFG (Prop_bufg_I_O)         0.091     3.430 r  clk_IBUF_BUFG_inst/O
                         net (fo=152, routed)         1.487     4.917    datapath_inst/ch2TriggerRegCurr_inst/clk
    SLICE_X29Y21         FDRE                                         r  datapath_inst/ch2TriggerRegCurr_inst/q_reg[10]/C

Slack:                    inf
  Source:                 resetn
                            (input port)
  Destination:            datapath_inst/ch2TriggerRegCurr_inst/q_reg[11]/R
                            (rising edge-triggered cell FDRE clocked by clk  {rise@0.000ns fall@10.000ns period=20.000ns})
  Path Group:             (none)
  Path Type:              Setup (Max at Slow Process Corner)
  Data Path Delay:        6.924ns  (logic 1.631ns (23.553%)  route 5.293ns (76.447%))
  Logic Levels:           2  (IBUF=1 LUT1=1)
  Clock Path Skew:        4.917ns (DCD - SCD + CPR)
    Destination Clock Delay (DCD):    4.917ns
    Source Clock Delay      (SCD):    0.000ns
    Clock Pessimism Removal (CPR):    0.000ns
  Clock Uncertainty:      0.025ns  ((TSJ^2 + TIJ^2)^1/2 + DJ) / 2 + PE
    Total System Jitter     (TSJ):    0.050ns
    Total Input Jitter      (TIJ):    0.000ns
    Discrete Jitter          (DJ):    0.000ns
    Phase Error              (PE):    0.000ns

    Location             Delay type                Incr(ns)  Path(ns)    Netlist Resource(s)
  -------------------------------------------------------------------    -------------------
    N15                                               0.000     0.000 f  resetn (IN)
                         net (fo=0)                   0.000     0.000    resetn
    N15                  IBUF (Prop_ibuf_I_O)         1.477     1.477 f  resetn_IBUF_inst/O
                         net (fo=5, routed)           2.985     4.462    datapath_inst/sampleIntervalCounter_inst/resetn_IBUF
    SLICE_X37Y14         LUT1 (Prop_lut1_I0_O)        0.154     4.616 r  datapath_inst/sampleIntervalCounter_inst/hdmi0_inst_i_1/O
                         net (fo=182, routed)         2.308     6.924    datapath_inst/ch2TriggerRegCurr_inst/SR[0]
    SLICE_X29Y21         FDRE                                         r  datapath_inst/ch2TriggerRegCurr_inst/q_reg[11]/R
  -------------------------------------------------------------------    -------------------

                         (clock clk rise edge)        0.000     0.000 r  
    U18                                               0.000     0.000 r  clk (IN)
                         net (fo=0)                   0.000     0.000    clk
    U18                  IBUF (Prop_ibuf_I_O)         1.459     1.459 r  clk_IBUF_inst/O
                         net (fo=1, routed)           1.880     3.339    clk_IBUF
    BUFGCTRL_X0Y2        BUFG (Prop_bufg_I_O)         0.091     3.430 r  clk_IBUF_BUFG_inst/O
                         net (fo=152, routed)         1.487     4.917    datapath_inst/ch2TriggerRegCurr_inst/clk
    SLICE_X29Y21         FDRE                                         r  datapath_inst/ch2TriggerRegCurr_inst/q_reg[11]/C

Slack:                    inf
  Source:                 resetn
                            (input port)
  Destination:            datapath_inst/ch2TriggerRegCurr_inst/q_reg[12]/R
                            (rising edge-triggered cell FDRE clocked by clk  {rise@0.000ns fall@10.000ns period=20.000ns})
  Path Group:             (none)
  Path Type:              Setup (Max at Slow Process Corner)
  Data Path Delay:        6.924ns  (logic 1.631ns (23.553%)  route 5.293ns (76.447%))
  Logic Levels:           2  (IBUF=1 LUT1=1)
  Clock Path Skew:        4.917ns (DCD - SCD + CPR)
    Destination Clock Delay (DCD):    4.917ns
    Source Clock Delay      (SCD):    0.000ns
    Clock Pessimism Removal (CPR):    0.000ns
  Clock Uncertainty:      0.025ns  ((TSJ^2 + TIJ^2)^1/2 + DJ) / 2 + PE
    Total System Jitter     (TSJ):    0.050ns
    Total Input Jitter      (TIJ):    0.000ns
    Discrete Jitter          (DJ):    0.000ns
    Phase Error              (PE):    0.000ns

    Location             Delay type                Incr(ns)  Path(ns)    Netlist Resource(s)
  -------------------------------------------------------------------    -------------------
    N15                                               0.000     0.000 f  resetn (IN)
                         net (fo=0)                   0.000     0.000    resetn
    N15                  IBUF (Prop_ibuf_I_O)         1.477     1.477 f  resetn_IBUF_inst/O
                         net (fo=5, routed)           2.985     4.462    datapath_inst/sampleIntervalCounter_inst/resetn_IBUF
    SLICE_X37Y14         LUT1 (Prop_lut1_I0_O)        0.154     4.616 r  datapath_inst/sampleIntervalCounter_inst/hdmi0_inst_i_1/O
                         net (fo=182, routed)         2.308     6.924    datapath_inst/ch2TriggerRegCurr_inst/SR[0]
    SLICE_X29Y21         FDRE                                         r  datapath_inst/ch2TriggerRegCurr_inst/q_reg[12]/R
  -------------------------------------------------------------------    -------------------

                         (clock clk rise edge)        0.000     0.000 r  
    U18                                               0.000     0.000 r  clk (IN)
                         net (fo=0)                   0.000     0.000    clk
    U18                  IBUF (Prop_ibuf_I_O)         1.459     1.459 r  clk_IBUF_inst/O
                         net (fo=1, routed)           1.880     3.339    clk_IBUF
    BUFGCTRL_X0Y2        BUFG (Prop_bufg_I_O)         0.091     3.430 r  clk_IBUF_BUFG_inst/O
                         net (fo=152, routed)         1.487     4.917    datapath_inst/ch2TriggerRegCurr_inst/clk
    SLICE_X29Y21         FDRE                                         r  datapath_inst/ch2TriggerRegCurr_inst/q_reg[12]/C

Slack:                    inf
  Source:                 resetn
                            (input port)
  Destination:            datapath_inst/ch2TriggerRegCurr_inst/q_reg[9]/R
                            (rising edge-triggered cell FDRE clocked by clk  {rise@0.000ns fall@10.000ns period=20.000ns})
  Path Group:             (none)
  Path Type:              Setup (Max at Slow Process Corner)
  Data Path Delay:        6.886ns  (logic 1.631ns (23.683%)  route 5.255ns (76.317%))
  Logic Levels:           2  (IBUF=1 LUT1=1)
  Clock Path Skew:        4.915ns (DCD - SCD + CPR)
    Destination Clock Delay (DCD):    4.915ns
    Source Clock Delay      (SCD):    0.000ns
    Clock Pessimism Removal (CPR):    0.000ns
  Clock Uncertainty:      0.025ns  ((TSJ^2 + TIJ^2)^1/2 + DJ) / 2 + PE
    Total System Jitter     (TSJ):    0.050ns
    Total Input Jitter      (TIJ):    0.000ns
    Discrete Jitter          (DJ):    0.000ns
    Phase Error              (PE):    0.000ns

    Location             Delay type                Incr(ns)  Path(ns)    Netlist Resource(s)
  -------------------------------------------------------------------    -------------------
    N15                                               0.000     0.000 f  resetn (IN)
                         net (fo=0)                   0.000     0.000    resetn
    N15                  IBUF (Prop_ibuf_I_O)         1.477     1.477 f  resetn_IBUF_inst/O
                         net (fo=5, routed)           2.985     4.462    datapath_inst/sampleIntervalCounter_inst/resetn_IBUF
    SLICE_X37Y14         LUT1 (Prop_lut1_I0_O)        0.154     4.616 r  datapath_inst/sampleIntervalCounter_inst/hdmi0_inst_i_1/O
                         net (fo=182, routed)         2.270     6.886    datapath_inst/ch2TriggerRegCurr_inst/SR[0]
    SLICE_X30Y22         FDRE                                         r  datapath_inst/ch2TriggerRegCurr_inst/q_reg[9]/R
  -------------------------------------------------------------------    -------------------

                         (clock clk rise edge)        0.000     0.000 r  
    U18                                               0.000     0.000 r  clk (IN)
                         net (fo=0)                   0.000     0.000    clk
    U18                  IBUF (Prop_ibuf_I_O)         1.459     1.459 r  clk_IBUF_inst/O
                         net (fo=1, routed)           1.880     3.339    clk_IBUF
    BUFGCTRL_X0Y2        BUFG (Prop_bufg_I_O)         0.091     3.430 r  clk_IBUF_BUFG_inst/O
                         net (fo=152, routed)         1.485     4.915    datapath_inst/ch2TriggerRegCurr_inst/clk
    SLICE_X30Y22         FDRE                                         r  datapath_inst/ch2TriggerRegCurr_inst/q_reg[9]/C

Slack:                    inf
  Source:                 resetn
                            (input port)
  Destination:            datapath_inst/sampleIntervalCounter_inst/tmp_reg[25]/R
                            (rising edge-triggered cell FDRE clocked by clk  {rise@0.000ns fall@10.000ns period=20.000ns})
  Path Group:             (none)
  Path Type:              Setup (Max at Slow Process Corner)
  Data Path Delay:        6.855ns  (logic 1.631ns (23.791%)  route 5.224ns (76.209%))
  Logic Levels:           2  (IBUF=1 LUT1=1)
  Clock Path Skew:        4.923ns (DCD - SCD + CPR)
    Destination Clock Delay (DCD):    4.923ns
    Source Clock Delay      (SCD):    0.000ns
    Clock Pessimism Removal (CPR):    0.000ns
  Clock Uncertainty:      0.025ns  ((TSJ^2 + TIJ^2)^1/2 + DJ) / 2 + PE
    Total System Jitter     (TSJ):    0.050ns
    Total Input Jitter      (TIJ):    0.000ns
    Discrete Jitter          (DJ):    0.000ns
    Phase Error              (PE):    0.000ns

    Location             Delay type                Incr(ns)  Path(ns)    Netlist Resource(s)
  -------------------------------------------------------------------    -------------------
    N15                                               0.000     0.000 f  resetn (IN)
                         net (fo=0)                   0.000     0.000    resetn
    N15                  IBUF (Prop_ibuf_I_O)         1.477     1.477 f  resetn_IBUF_inst/O
                         net (fo=5, routed)           2.985     4.462    datapath_inst/sampleIntervalCounter_inst/resetn_IBUF
    SLICE_X37Y14         LUT1 (Prop_lut1_I0_O)        0.154     4.616 r  datapath_inst/sampleIntervalCounter_inst/hdmi0_inst_i_1/O
                         net (fo=182, routed)         2.239     6.855    datapath_inst/sampleIntervalCounter_inst/SR[0]
    SLICE_X28Y15         FDRE                                         r  datapath_inst/sampleIntervalCounter_inst/tmp_reg[25]/R
  -------------------------------------------------------------------    -------------------

                         (clock clk rise edge)        0.000     0.000 r  
    U18                                               0.000     0.000 r  clk (IN)
                         net (fo=0)                   0.000     0.000    clk
    U18                  IBUF (Prop_ibuf_I_O)         1.459     1.459 r  clk_IBUF_inst/O
                         net (fo=1, routed)           1.880     3.339    clk_IBUF
    BUFGCTRL_X0Y2        BUFG (Prop_bufg_I_O)         0.091     3.430 r  clk_IBUF_BUFG_inst/O
                         net (fo=152, routed)         1.493     4.923    datapath_inst/sampleIntervalCounter_inst/clk
    SLICE_X28Y15         FDRE                                         r  datapath_inst/sampleIntervalCounter_inst/tmp_reg[25]/C

Slack:                    inf
  Source:                 resetn
                            (input port)
  Destination:            datapath_inst/sampleIntervalCounter_inst/tmp_reg[29]/R
                            (rising edge-triggered cell FDRE clocked by clk  {rise@0.000ns fall@10.000ns period=20.000ns})
  Path Group:             (none)
  Path Type:              Setup (Max at Slow Process Corner)
  Data Path Delay:        6.819ns  (logic 1.631ns (23.914%)  route 5.189ns (76.086%))
  Logic Levels:           2  (IBUF=1 LUT1=1)
  Clock Path Skew:        4.922ns (DCD - SCD + CPR)
    Destination Clock Delay (DCD):    4.922ns
    Source Clock Delay      (SCD):    0.000ns
    Clock Pessimism Removal (CPR):    0.000ns
  Clock Uncertainty:      0.025ns  ((TSJ^2 + TIJ^2)^1/2 + DJ) / 2 + PE
    Total System Jitter     (TSJ):    0.050ns
    Total Input Jitter      (TIJ):    0.000ns
    Discrete Jitter          (DJ):    0.000ns
    Phase Error              (PE):    0.000ns

    Location             Delay type                Incr(ns)  Path(ns)    Netlist Resource(s)
  -------------------------------------------------------------------    -------------------
    N15                                               0.000     0.000 f  resetn (IN)
                         net (fo=0)                   0.000     0.000    resetn
    N15                  IBUF (Prop_ibuf_I_O)         1.477     1.477 f  resetn_IBUF_inst/O
                         net (fo=5, routed)           2.985     4.462    datapath_inst/sampleIntervalCounter_inst/resetn_IBUF
    SLICE_X37Y14         LUT1 (Prop_lut1_I0_O)        0.154     4.616 r  datapath_inst/sampleIntervalCounter_inst/hdmi0_inst_i_1/O
                         net (fo=182, routed)         2.203     6.819    datapath_inst/sampleIntervalCounter_inst/SR[0]
    SLICE_X26Y16         FDRE                                         r  datapath_inst/sampleIntervalCounter_inst/tmp_reg[29]/R
  -------------------------------------------------------------------    -------------------

                         (clock clk rise edge)        0.000     0.000 r  
    U18                                               0.000     0.000 r  clk (IN)
                         net (fo=0)                   0.000     0.000    clk
    U18                  IBUF (Prop_ibuf_I_O)         1.459     1.459 r  clk_IBUF_inst/O
                         net (fo=1, routed)           1.880     3.339    clk_IBUF
    BUFGCTRL_X0Y2        BUFG (Prop_bufg_I_O)         0.091     3.430 r  clk_IBUF_BUFG_inst/O
                         net (fo=152, routed)         1.492     4.922    datapath_inst/sampleIntervalCounter_inst/clk
    SLICE_X26Y16         FDRE                                         r  datapath_inst/sampleIntervalCounter_inst/tmp_reg[29]/C

Slack:                    inf
  Source:                 resetn
                            (input port)
  Destination:            datapath_inst/sampleIntervalCounter_inst/tmp_reg[30]/R
                            (rising edge-triggered cell FDRE clocked by clk  {rise@0.000ns fall@10.000ns period=20.000ns})
  Path Group:             (none)
  Path Type:              Setup (Max at Slow Process Corner)
  Data Path Delay:        6.819ns  (logic 1.631ns (23.914%)  route 5.189ns (76.086%))
  Logic Levels:           2  (IBUF=1 LUT1=1)
  Clock Path Skew:        4.922ns (DCD - SCD + CPR)
    Destination Clock Delay (DCD):    4.922ns
    Source Clock Delay      (SCD):    0.000ns
    Clock Pessimism Removal (CPR):    0.000ns
  Clock Uncertainty:      0.025ns  ((TSJ^2 + TIJ^2)^1/2 + DJ) / 2 + PE
    Total System Jitter     (TSJ):    0.050ns
    Total Input Jitter      (TIJ):    0.000ns
    Discrete Jitter          (DJ):    0.000ns
    Phase Error              (PE):    0.000ns

    Location             Delay type                Incr(ns)  Path(ns)    Netlist Resource(s)
  -------------------------------------------------------------------    -------------------
    N15                                               0.000     0.000 f  resetn (IN)
                         net (fo=0)                   0.000     0.000    resetn
    N15                  IBUF (Prop_ibuf_I_O)         1.477     1.477 f  resetn_IBUF_inst/O
                         net (fo=5, routed)           2.985     4.462    datapath_inst/sampleIntervalCounter_inst/resetn_IBUF
    SLICE_X37Y14         LUT1 (Prop_lut1_I0_O)        0.154     4.616 r  datapath_inst/sampleIntervalCounter_inst/hdmi0_inst_i_1/O
                         net (fo=182, routed)         2.203     6.819    datapath_inst/sampleIntervalCounter_inst/SR[0]
    SLICE_X26Y16         FDRE                                         r  datapath_inst/sampleIntervalCounter_inst/tmp_reg[30]/R
  -------------------------------------------------------------------    -------------------

                         (clock clk rise edge)        0.000     0.000 r  
    U18                                               0.000     0.000 r  clk (IN)
                         net (fo=0)                   0.000     0.000    clk
    U18                  IBUF (Prop_ibuf_I_O)         1.459     1.459 r  clk_IBUF_inst/O
                         net (fo=1, routed)           1.880     3.339    clk_IBUF
    BUFGCTRL_X0Y2        BUFG (Prop_bufg_I_O)         0.091     3.430 r  clk_IBUF_BUFG_inst/O
                         net (fo=152, routed)         1.492     4.922    datapath_inst/sampleIntervalCounter_inst/clk
    SLICE_X26Y16         FDRE                                         r  datapath_inst/sampleIntervalCounter_inst/tmp_reg[30]/C

Slack:                    inf
  Source:                 resetn
                            (input port)
  Destination:            datapath_inst/sampleIntervalCounter_inst/tmp_reg[31]/R
                            (rising edge-triggered cell FDRE clocked by clk  {rise@0.000ns fall@10.000ns period=20.000ns})
  Path Group:             (none)
  Path Type:              Setup (Max at Slow Process Corner)
  Data Path Delay:        6.819ns  (logic 1.631ns (23.914%)  route 5.189ns (76.086%))
  Logic Levels:           2  (IBUF=1 LUT1=1)
  Clock Path Skew:        4.922ns (DCD - SCD + CPR)
    Destination Clock Delay (DCD):    4.922ns
    Source Clock Delay      (SCD):    0.000ns
    Clock Pessimism Removal (CPR):    0.000ns
  Clock Uncertainty:      0.025ns  ((TSJ^2 + TIJ^2)^1/2 + DJ) / 2 + PE
    Total System Jitter     (TSJ):    0.050ns
    Total Input Jitter      (TIJ):    0.000ns
    Discrete Jitter          (DJ):    0.000ns
    Phase Error              (PE):    0.000ns

    Location             Delay type                Incr(ns)  Path(ns)    Netlist Resource(s)
  -------------------------------------------------------------------    -------------------
    N15                                               0.000     0.000 f  resetn (IN)
                         net (fo=0)                   0.000     0.000    resetn
    N15                  IBUF (Prop_ibuf_I_O)         1.477     1.477 f  resetn_IBUF_inst/O
                         net (fo=5, routed)           2.985     4.462    datapath_inst/sampleIntervalCounter_inst/resetn_IBUF
    SLICE_X37Y14         LUT1 (Prop_lut1_I0_O)        0.154     4.616 r  datapath_inst/sampleIntervalCounter_inst/hdmi0_inst_i_1/O
                         net (fo=182, routed)         2.203     6.819    datapath_inst/sampleIntervalCounter_inst/SR[0]
    SLICE_X26Y16         FDRE                                         r  datapath_inst/sampleIntervalCounter_inst/tmp_reg[31]/R
  -------------------------------------------------------------------    -------------------

                         (clock clk rise edge)        0.000     0.000 r  
    U18                                               0.000     0.000 r  clk (IN)
                         net (fo=0)                   0.000     0.000    clk
    U18                  IBUF (Prop_ibuf_I_O)         1.459     1.459 r  clk_IBUF_inst/O
                         net (fo=1, routed)           1.880     3.339    clk_IBUF
    BUFGCTRL_X0Y2        BUFG (Prop_bufg_I_O)         0.091     3.430 r  clk_IBUF_BUFG_inst/O
                         net (fo=152, routed)         1.492     4.922    datapath_inst/sampleIntervalCounter_inst/clk
    SLICE_X26Y16         FDRE                                         r  datapath_inst/sampleIntervalCounter_inst/tmp_reg[31]/C

Slack:                    inf
  Source:                 resetn
                            (input port)
  Destination:            datapath_inst/sampleIntervalCounter_inst/tmp_reg[22]/R
                            (rising edge-triggered cell FDRE clocked by clk  {rise@0.000ns fall@10.000ns period=20.000ns})
  Path Group:             (none)
  Path Type:              Setup (Max at Slow Process Corner)
  Data Path Delay:        6.716ns  (logic 1.631ns (24.281%)  route 5.085ns (75.719%))
  Logic Levels:           2  (IBUF=1 LUT1=1)
  Clock Path Skew:        4.924ns (DCD - SCD + CPR)
    Destination Clock Delay (DCD):    4.924ns
    Source Clock Delay      (SCD):    0.000ns
    Clock Pessimism Removal (CPR):    0.000ns
  Clock Uncertainty:      0.025ns  ((TSJ^2 + TIJ^2)^1/2 + DJ) / 2 + PE
    Total System Jitter     (TSJ):    0.050ns
    Total Input Jitter      (TIJ):    0.000ns
    Discrete Jitter          (DJ):    0.000ns
    Phase Error              (PE):    0.000ns

    Location             Delay type                Incr(ns)  Path(ns)    Netlist Resource(s)
  -------------------------------------------------------------------    -------------------
    N15                                               0.000     0.000 f  resetn (IN)
                         net (fo=0)                   0.000     0.000    resetn
    N15                  IBUF (Prop_ibuf_I_O)         1.477     1.477 f  resetn_IBUF_inst/O
                         net (fo=5, routed)           2.985     4.462    datapath_inst/sampleIntervalCounter_inst/resetn_IBUF
    SLICE_X37Y14         LUT1 (Prop_lut1_I0_O)        0.154     4.616 r  datapath_inst/sampleIntervalCounter_inst/hdmi0_inst_i_1/O
                         net (fo=182, routed)         2.100     6.716    datapath_inst/sampleIntervalCounter_inst/SR[0]
    SLICE_X28Y14         FDRE                                         r  datapath_inst/sampleIntervalCounter_inst/tmp_reg[22]/R
  -------------------------------------------------------------------    -------------------

                         (clock clk rise edge)        0.000     0.000 r  
    U18                                               0.000     0.000 r  clk (IN)
                         net (fo=0)                   0.000     0.000    clk
    U18                  IBUF (Prop_ibuf_I_O)         1.459     1.459 r  clk_IBUF_inst/O
                         net (fo=1, routed)           1.880     3.339    clk_IBUF
    BUFGCTRL_X0Y2        BUFG (Prop_bufg_I_O)         0.091     3.430 r  clk_IBUF_BUFG_inst/O
                         net (fo=152, routed)         1.494     4.924    datapath_inst/sampleIntervalCounter_inst/clk
    SLICE_X28Y14         FDRE                                         r  datapath_inst/sampleIntervalCounter_inst/tmp_reg[22]/C

Slack:                    inf
  Source:                 resetn
                            (input port)
  Destination:            datapath_inst/sampleIntervalCounter_inst/tmp_reg[26]/R
                            (rising edge-triggered cell FDRE clocked by clk  {rise@0.000ns fall@10.000ns period=20.000ns})
  Path Group:             (none)
  Path Type:              Setup (Max at Slow Process Corner)
  Data Path Delay:        6.716ns  (logic 1.631ns (24.281%)  route 5.085ns (75.719%))
  Logic Levels:           2  (IBUF=1 LUT1=1)
  Clock Path Skew:        4.924ns (DCD - SCD + CPR)
    Destination Clock Delay (DCD):    4.924ns
    Source Clock Delay      (SCD):    0.000ns
    Clock Pessimism Removal (CPR):    0.000ns
  Clock Uncertainty:      0.025ns  ((TSJ^2 + TIJ^2)^1/2 + DJ) / 2 + PE
    Total System Jitter     (TSJ):    0.050ns
    Total Input Jitter      (TIJ):    0.000ns
    Discrete Jitter          (DJ):    0.000ns
    Phase Error              (PE):    0.000ns

    Location             Delay type                Incr(ns)  Path(ns)    Netlist Resource(s)
  -------------------------------------------------------------------    -------------------
    N15                                               0.000     0.000 f  resetn (IN)
                         net (fo=0)                   0.000     0.000    resetn
    N15                  IBUF (Prop_ibuf_I_O)         1.477     1.477 f  resetn_IBUF_inst/O
                         net (fo=5, routed)           2.985     4.462    datapath_inst/sampleIntervalCounter_inst/resetn_IBUF
    SLICE_X37Y14         LUT1 (Prop_lut1_I0_O)        0.154     4.616 r  datapath_inst/sampleIntervalCounter_inst/hdmi0_inst_i_1/O
                         net (fo=182, routed)         2.100     6.716    datapath_inst/sampleIntervalCounter_inst/SR[0]
    SLICE_X28Y14         FDRE                                         r  datapath_inst/sampleIntervalCounter_inst/tmp_reg[26]/R
  -------------------------------------------------------------------    -------------------

                         (clock clk rise edge)        0.000     0.000 r  
    U18                                               0.000     0.000 r  clk (IN)
                         net (fo=0)                   0.000     0.000    clk
    U18                  IBUF (Prop_ibuf_I_O)         1.459     1.459 r  clk_IBUF_inst/O
                         net (fo=1, routed)           1.880     3.339    clk_IBUF
    BUFGCTRL_X0Y2        BUFG (Prop_bufg_I_O)         0.091     3.430 r  clk_IBUF_BUFG_inst/O
                         net (fo=152, routed)         1.494     4.924    datapath_inst/sampleIntervalCounter_inst/clk
    SLICE_X28Y14         FDRE                                         r  datapath_inst/sampleIntervalCounter_inst/tmp_reg[26]/C





Min Delay Paths
--------------------------------------------------------------------------------------
Slack:                    inf
  Source:                 btn[1]
                            (input port)
  Destination:            btnPrev_reg[1]/D
                            (rising edge-triggered cell FDSE clocked by clk  {rise@0.000ns fall@10.000ns period=20.000ns})
  Path Group:             (none)
  Path Type:              Hold (Min at Fast Process Corner)
  Data Path Delay:        0.639ns  (logic 0.226ns (35.318%)  route 0.413ns (64.682%))
  Logic Levels:           1  (IBUF=1)
  Clock Path Skew:        2.055ns (DCD - SCD - CPR)
    Destination Clock Delay (DCD):    2.055ns
    Source Clock Delay      (SCD):    0.000ns
    Clock Pessimism Removal (CPR):    -0.000ns

    Location             Delay type                Incr(ns)  Path(ns)    Netlist Resource(s)
  -------------------------------------------------------------------    -------------------
    T17                                               0.000     0.000 r  btn[1] (IN)
                         net (fo=0)                   0.000     0.000    btn[1]
    T17                  IBUF (Prop_ibuf_I_O)         0.226     0.226 r  btn_IBUF[1]_inst/O
                         net (fo=2, routed)           0.413     0.639    btn_IBUF[1]
    SLICE_X36Y11         FDSE                                         r  btnPrev_reg[1]/D
  -------------------------------------------------------------------    -------------------

                         (clock clk rise edge)        0.000     0.000 r  
    U18                                               0.000     0.000 r  clk (IN)
                         net (fo=0)                   0.000     0.000    clk
    U18                  IBUF (Prop_ibuf_I_O)         0.486     0.486 r  clk_IBUF_inst/O
                         net (fo=1, routed)           0.683     1.169    clk_IBUF
    BUFGCTRL_X0Y2        BUFG (Prop_bufg_I_O)         0.029     1.198 r  clk_IBUF_BUFG_inst/O
                         net (fo=152, routed)         0.857     2.055    clk_IBUF_BUFG
    SLICE_X36Y11         FDSE                                         r  btnPrev_reg[1]/C

Slack:                    inf
  Source:                 btn[1]
                            (input port)
  Destination:            forcedMode_reg/D
                            (rising edge-triggered cell FDRE clocked by clk  {rise@0.000ns fall@10.000ns period=20.000ns})
  Path Group:             (none)
  Path Type:              Hold (Min at Fast Process Corner)
  Data Path Delay:        0.660ns  (logic 0.271ns (41.033%)  route 0.389ns (58.967%))
  Logic Levels:           2  (IBUF=1 LUT4=1)
  Clock Path Skew:        2.055ns (DCD - SCD - CPR)
    Destination Clock Delay (DCD):    2.055ns
    Source Clock Delay      (SCD):    0.000ns
    Clock Pessimism Removal (CPR):    -0.000ns

    Location             Delay type                Incr(ns)  Path(ns)    Netlist Resource(s)
  -------------------------------------------------------------------    -------------------
    T17                                               0.000     0.000 r  btn[1] (IN)
                         net (fo=0)                   0.000     0.000    btn[1]
    T17                  IBUF (Prop_ibuf_I_O)         0.226     0.226 r  btn_IBUF[1]_inst/O
                         net (fo=2, routed)           0.389     0.615    btn_IBUF[1]
    SLICE_X36Y11         LUT4 (Prop_lut4_I2_O)        0.045     0.660 r  forcedMode_i_1/O
                         net (fo=1, routed)           0.000     0.660    forcedMode_i_1_n_0
    SLICE_X36Y11         FDRE                                         r  forcedMode_reg/D
  -------------------------------------------------------------------    -------------------

                         (clock clk rise edge)        0.000     0.000 r  
    U18                                               0.000     0.000 r  clk (IN)
                         net (fo=0)                   0.000     0.000    clk
    U18                  IBUF (Prop_ibuf_I_O)         0.486     0.486 r  clk_IBUF_inst/O
                         net (fo=1, routed)           0.683     1.169    clk_IBUF
    BUFGCTRL_X0Y2        BUFG (Prop_bufg_I_O)         0.029     1.198 r  clk_IBUF_BUFG_inst/O
                         net (fo=152, routed)         0.857     2.055    clk_IBUF_BUFG
    SLICE_X36Y11         FDRE                                         r  forcedMode_reg/C

Slack:                    inf
  Source:                 an7606data[7]
                            (input port)
  Destination:            datapath_inst/ch1TriggerRegCurr_inst/q_reg[7]/D
                            (rising edge-triggered cell FDRE clocked by clk  {rise@0.000ns fall@10.000ns period=20.000ns})
  Path Group:             (none)
  Path Type:              Hold (Min at Fast Process Corner)
  Data Path Delay:        0.683ns  (logic 0.244ns (35.661%)  route 0.440ns (64.339%))
  Logic Levels:           1  (IBUF=1)
  Clock Path Skew:        2.054ns (DCD - SCD - CPR)
    Destination Clock Delay (DCD):    2.054ns
    Source Clock Delay      (SCD):    0.000ns
    Clock Pessimism Removal (CPR):    -0.000ns

    Location             Delay type                Incr(ns)  Path(ns)    Netlist Resource(s)
  -------------------------------------------------------------------    -------------------
    V17                                               0.000     0.000 r  an7606data[7] (IN)
                         net (fo=0)                   0.000     0.000    an7606data[7]
    V17                  IBUF (Prop_ibuf_I_O)         0.244     0.244 r  an7606data_IBUF[7]_inst/O
                         net (fo=4, routed)           0.440     0.683    datapath_inst/ch1TriggerRegCurr_inst/D[7]
    SLICE_X40Y14         FDRE                                         r  datapath_inst/ch1TriggerRegCurr_inst/q_reg[7]/D
  -------------------------------------------------------------------    -------------------

                         (clock clk rise edge)        0.000     0.000 r  
    U18                                               0.000     0.000 r  clk (IN)
                         net (fo=0)                   0.000     0.000    clk
    U18                  IBUF (Prop_ibuf_I_O)         0.486     0.486 r  clk_IBUF_inst/O
                         net (fo=1, routed)           0.683     1.169    clk_IBUF
    BUFGCTRL_X0Y2        BUFG (Prop_bufg_I_O)         0.029     1.198 r  clk_IBUF_BUFG_inst/O
                         net (fo=152, routed)         0.856     2.054    datapath_inst/ch1TriggerRegCurr_inst/clk
    SLICE_X40Y14         FDRE                                         r  datapath_inst/ch1TriggerRegCurr_inst/q_reg[7]/C

Slack:                    inf
  Source:                 an7606data[3]
                            (input port)
  Destination:            datapath_inst/ch1TriggerRegCurr_inst/q_reg[3]/D
                            (rising edge-triggered cell FDRE clocked by clk  {rise@0.000ns fall@10.000ns period=20.000ns})
  Path Group:             (none)
  Path Type:              Hold (Min at Fast Process Corner)
  Data Path Delay:        0.731ns  (logic 0.219ns (29.938%)  route 0.512ns (70.062%))
  Logic Levels:           1  (IBUF=1)
  Clock Path Skew:        2.052ns (DCD - SCD - CPR)
    Destination Clock Delay (DCD):    2.052ns
    Source Clock Delay      (SCD):    0.000ns
    Clock Pessimism Removal (CPR):    -0.000ns

    Location             Delay type                Incr(ns)  Path(ns)    Netlist Resource(s)
  -------------------------------------------------------------------    -------------------
    P15                                               0.000     0.000 r  an7606data[3] (IN)
                         net (fo=0)                   0.000     0.000    an7606data[3]
    P15                  IBUF (Prop_ibuf_I_O)         0.219     0.219 r  an7606data_IBUF[3]_inst/O
                         net (fo=4, routed)           0.512     0.731    datapath_inst/ch1TriggerRegCurr_inst/D[3]
    SLICE_X38Y13         FDRE                                         r  datapath_inst/ch1TriggerRegCurr_inst/q_reg[3]/D
  -------------------------------------------------------------------    -------------------

                         (clock clk rise edge)        0.000     0.000 r  
    U18                                               0.000     0.000 r  clk (IN)
                         net (fo=0)                   0.000     0.000    clk
    U18                  IBUF (Prop_ibuf_I_O)         0.486     0.486 r  clk_IBUF_inst/O
                         net (fo=1, routed)           0.683     1.169    clk_IBUF
    BUFGCTRL_X0Y2        BUFG (Prop_bufg_I_O)         0.029     1.198 r  clk_IBUF_BUFG_inst/O
                         net (fo=152, routed)         0.854     2.052    datapath_inst/ch1TriggerRegCurr_inst/clk
    SLICE_X38Y13         FDRE                                         r  datapath_inst/ch1TriggerRegCurr_inst/q_reg[3]/C

Slack:                    inf
  Source:                 an7606data[6]
                            (input port)
  Destination:            datapath_inst/ch1TriggerRegCurr_inst/q_reg[6]/D
                            (rising edge-triggered cell FDRE clocked by clk  {rise@0.000ns fall@10.000ns period=20.000ns})
  Path Group:             (none)
  Path Type:              Hold (Min at Fast Process Corner)
  Data Path Delay:        0.731ns  (logic 0.240ns (32.855%)  route 0.491ns (67.145%))
  Logic Levels:           1  (IBUF=1)
  Clock Path Skew:        2.052ns (DCD - SCD - CPR)
    Destination Clock Delay (DCD):    2.052ns
    Source Clock Delay      (SCD):    0.000ns
    Clock Pessimism Removal (CPR):    -0.000ns

    Location             Delay type                Incr(ns)  Path(ns)    Netlist Resource(s)
  -------------------------------------------------------------------    -------------------
    V18                                               0.000     0.000 r  an7606data[6] (IN)
                         net (fo=0)                   0.000     0.000    an7606data[6]
    V18                  IBUF (Prop_ibuf_I_O)         0.240     0.240 r  an7606data_IBUF[6]_inst/O
                         net (fo=4, routed)           0.491     0.731    datapath_inst/ch1TriggerRegCurr_inst/D[6]
    SLICE_X39Y13         FDRE                                         r  datapath_inst/ch1TriggerRegCurr_inst/q_reg[6]/D
  -------------------------------------------------------------------    -------------------

                         (clock clk rise edge)        0.000     0.000 r  
    U18                                               0.000     0.000 r  clk (IN)
                         net (fo=0)                   0.000     0.000    clk
    U18                  IBUF (Prop_ibuf_I_O)         0.486     0.486 r  clk_IBUF_inst/O
                         net (fo=1, routed)           0.683     1.169    clk_IBUF
    BUFGCTRL_X0Y2        BUFG (Prop_bufg_I_O)         0.029     1.198 r  clk_IBUF_BUFG_inst/O
                         net (fo=152, routed)         0.854     2.052    datapath_inst/ch1TriggerRegCurr_inst/clk
    SLICE_X39Y13         FDRE                                         r  datapath_inst/ch1TriggerRegCurr_inst/q_reg[6]/C

Slack:                    inf
  Source:                 an7606data[2]
                            (input port)
  Destination:            datapath_inst/ch1TriggerRegCurr_inst/q_reg[2]/D
                            (rising edge-triggered cell FDRE clocked by clk  {rise@0.000ns fall@10.000ns period=20.000ns})
  Path Group:             (none)
  Path Type:              Hold (Min at Fast Process Corner)
  Data Path Delay:        0.741ns  (logic 0.222ns (29.888%)  route 0.520ns (70.112%))
  Logic Levels:           1  (IBUF=1)
  Clock Path Skew:        2.052ns (DCD - SCD - CPR)
    Destination Clock Delay (DCD):    2.052ns
    Source Clock Delay      (SCD):    0.000ns
    Clock Pessimism Removal (CPR):    -0.000ns

    Location             Delay type                Incr(ns)  Path(ns)    Netlist Resource(s)
  -------------------------------------------------------------------    -------------------
    P16                                               0.000     0.000 r  an7606data[2] (IN)
                         net (fo=0)                   0.000     0.000    an7606data[2]
    P16                  IBUF (Prop_ibuf_I_O)         0.222     0.222 r  an7606data_IBUF[2]_inst/O
                         net (fo=4, routed)           0.520     0.741    datapath_inst/ch1TriggerRegCurr_inst/D[2]
    SLICE_X39Y13         FDRE                                         r  datapath_inst/ch1TriggerRegCurr_inst/q_reg[2]/D
  -------------------------------------------------------------------    -------------------

                         (clock clk rise edge)        0.000     0.000 r  
    U18                                               0.000     0.000 r  clk (IN)
                         net (fo=0)                   0.000     0.000    clk
    U18                  IBUF (Prop_ibuf_I_O)         0.486     0.486 r  clk_IBUF_inst/O
                         net (fo=1, routed)           0.683     1.169    clk_IBUF
    BUFGCTRL_X0Y2        BUFG (Prop_bufg_I_O)         0.029     1.198 r  clk_IBUF_BUFG_inst/O
                         net (fo=152, routed)         0.854     2.052    datapath_inst/ch1TriggerRegCurr_inst/clk
    SLICE_X39Y13         FDRE                                         r  datapath_inst/ch1TriggerRegCurr_inst/q_reg[2]/C

Slack:                    inf
  Source:                 btn[0]
                            (input port)
  Destination:            btnPrev_reg[0]/D
                            (rising edge-triggered cell FDSE clocked by clk  {rise@0.000ns fall@10.000ns period=20.000ns})
  Path Group:             (none)
  Path Type:              Hold (Min at Fast Process Corner)
  Data Path Delay:        0.844ns  (logic 0.215ns (25.490%)  route 0.629ns (74.510%))
  Logic Levels:           1  (IBUF=1)
  Clock Path Skew:        2.025ns (DCD - SCD - CPR)
    Destination Clock Delay (DCD):    2.025ns
    Source Clock Delay      (SCD):    0.000ns
    Clock Pessimism Removal (CPR):    -0.000ns

    Location             Delay type                Incr(ns)  Path(ns)    Netlist Resource(s)
  -------------------------------------------------------------------    -------------------
    R17                                               0.000     0.000 r  btn[0] (IN)
                         net (fo=0)                   0.000     0.000    btn[0]
    R17                  IBUF (Prop_ibuf_I_O)         0.215     0.215 r  btn_IBUF[0]_inst/O
                         net (fo=2, routed)           0.629     0.844    btn_IBUF[0]
    SLICE_X31Y12         FDSE                                         r  btnPrev_reg[0]/D
  -------------------------------------------------------------------    -------------------

                         (clock clk rise edge)        0.000     0.000 r  
    U18                                               0.000     0.000 r  clk (IN)
                         net (fo=0)                   0.000     0.000    clk
    U18                  IBUF (Prop_ibuf_I_O)         0.486     0.486 r  clk_IBUF_inst/O
                         net (fo=1, routed)           0.683     1.169    clk_IBUF
    BUFGCTRL_X0Y2        BUFG (Prop_bufg_I_O)         0.029     1.198 r  clk_IBUF_BUFG_inst/O
                         net (fo=152, routed)         0.827     2.025    clk_IBUF_BUFG
    SLICE_X31Y12         FDSE                                         r  btnPrev_reg[0]/C

Slack:                    inf
  Source:                 btn[0]
                            (input port)
  Destination:            single_reg/D
                            (rising edge-triggered cell FDRE clocked by clk  {rise@0.000ns fall@10.000ns period=20.000ns})
  Path Group:             (none)
  Path Type:              Hold (Min at Fast Process Corner)
  Data Path Delay:        0.907ns  (logic 0.260ns (28.659%)  route 0.647ns (71.341%))
  Logic Levels:           2  (IBUF=1 LUT2=1)
  Clock Path Skew:        2.025ns (DCD - SCD - CPR)
    Destination Clock Delay (DCD):    2.025ns
    Source Clock Delay      (SCD):    0.000ns
    Clock Pessimism Removal (CPR):    -0.000ns

    Location             Delay type                Incr(ns)  Path(ns)    Netlist Resource(s)
  -------------------------------------------------------------------    -------------------
    R17                                               0.000     0.000 f  btn[0] (IN)
                         net (fo=0)                   0.000     0.000    btn[0]
    R17                  IBUF (Prop_ibuf_I_O)         0.215     0.215 f  btn_IBUF[0]_inst/O
                         net (fo=2, routed)           0.647     0.862    btn_IBUF[0]
    SLICE_X31Y12         LUT2 (Prop_lut2_I1_O)        0.045     0.907 r  single_i_1/O
                         net (fo=1, routed)           0.000     0.907    single_i_1_n_0
    SLICE_X31Y12         FDRE                                         r  single_reg/D
  -------------------------------------------------------------------    -------------------

                         (clock clk rise edge)        0.000     0.000 r  
    U18                                               0.000     0.000 r  clk (IN)
                         net (fo=0)                   0.000     0.000    clk
    U18                  IBUF (Prop_ibuf_I_O)         0.486     0.486 r  clk_IBUF_inst/O
                         net (fo=1, routed)           0.683     1.169    clk_IBUF
    BUFGCTRL_X0Y2        BUFG (Prop_bufg_I_O)         0.029     1.198 r  clk_IBUF_BUFG_inst/O
                         net (fo=152, routed)         0.827     2.025    clk_IBUF_BUFG
    SLICE_X31Y12         FDRE                                         r  single_reg/C

Slack:                    inf
  Source:                 an7606data[1]
                            (input port)
  Destination:            datapath_inst/ch1TriggerRegCurr_inst/q_reg[1]/D
                            (rising edge-triggered cell FDRE clocked by clk  {rise@0.000ns fall@10.000ns period=20.000ns})
  Path Group:             (none)
  Path Type:              Hold (Min at Fast Process Corner)
  Data Path Delay:        0.917ns  (logic 0.328ns (35.782%)  route 0.589ns (64.218%))
  Logic Levels:           1  (IBUF=1)
  Clock Path Skew:        2.051ns (DCD - SCD - CPR)
    Destination Clock Delay (DCD):    2.051ns
    Source Clock Delay      (SCD):    0.000ns
    Clock Pessimism Removal (CPR):    -0.000ns

    Location             Delay type                Incr(ns)  Path(ns)    Netlist Resource(s)
  -------------------------------------------------------------------    -------------------
    U14                                               0.000     0.000 r  an7606data[1] (IN)
                         net (fo=0)                   0.000     0.000    an7606data[1]
    U14                  IBUF (Prop_ibuf_I_O)         0.328     0.328 r  an7606data_IBUF[1]_inst/O
                         net (fo=4, routed)           0.589     0.917    datapath_inst/ch1TriggerRegCurr_inst/D[1]
    SLICE_X38Y15         FDRE                                         r  datapath_inst/ch1TriggerRegCurr_inst/q_reg[1]/D
  -------------------------------------------------------------------    -------------------

                         (clock clk rise edge)        0.000     0.000 r  
    U18                                               0.000     0.000 r  clk (IN)
                         net (fo=0)                   0.000     0.000    clk
    U18                  IBUF (Prop_ibuf_I_O)         0.486     0.486 r  clk_IBUF_inst/O
                         net (fo=1, routed)           0.683     1.169    clk_IBUF
    BUFGCTRL_X0Y2        BUFG (Prop_bufg_I_O)         0.029     1.198 r  clk_IBUF_BUFG_inst/O
                         net (fo=152, routed)         0.853     2.051    datapath_inst/ch1TriggerRegCurr_inst/clk
    SLICE_X38Y15         FDRE                                         r  datapath_inst/ch1TriggerRegCurr_inst/q_reg[1]/C

Slack:                    inf
  Source:                 an7606data[2]
                            (input port)
  Destination:            datapath_inst/ch1BRAM_inst/U0/inst_blk_mem_gen/gnbram.gnativebmg.native_blk_mem_gen/valid.cstr/ramloop[0].ram.r/prim_noinit.ram/DEVICE_7SERIES.NO_BMM_INFO.SDP.SIMPLE_PRIM18.ram/DIADI[2]
                            (rising edge-triggered cell RAMB18E1 clocked by clk  {rise@0.000ns fall@10.000ns period=20.000ns})
  Path Group:             (none)
  Path Type:              Hold (Min at Fast Process Corner)
  Data Path Delay:        0.919ns  (logic 0.222ns (24.115%)  route 0.697ns (75.885%))
  Logic Levels:           1  (IBUF=1)
  Clock Path Skew:        2.063ns (DCD - SCD - CPR)
    Destination Clock Delay (DCD):    2.063ns
    Source Clock Delay      (SCD):    0.000ns
    Clock Pessimism Removal (CPR):    -0.000ns

    Location             Delay type                Incr(ns)  Path(ns)    Netlist Resource(s)
  -------------------------------------------------------------------    -------------------
    P16                                               0.000     0.000 r  an7606data[2] (IN)
                         net (fo=0)                   0.000     0.000    an7606data[2]
    P16                  IBUF (Prop_ibuf_I_O)         0.222     0.222 r  an7606data_IBUF[2]_inst/O
                         net (fo=4, routed)           0.697     0.919    datapath_inst/ch1BRAM_inst/U0/inst_blk_mem_gen/gnbram.gnativebmg.native_blk_mem_gen/valid.cstr/ramloop[0].ram.r/prim_noinit.ram/dina[2]
    RAMB18_X2Y6          RAMB18E1                                     r  datapath_inst/ch1BRAM_inst/U0/inst_blk_mem_gen/gnbram.gnativebmg.native_blk_mem_gen/valid.cstr/ramloop[0].ram.r/prim_noinit.ram/DEVICE_7SERIES.NO_BMM_INFO.SDP.SIMPLE_PRIM18.ram/DIADI[2]
  -------------------------------------------------------------------    -------------------

                         (clock clk rise edge)        0.000     0.000 r  
    U18                                               0.000     0.000 r  clk (IN)
                         net (fo=0)                   0.000     0.000    clk
    U18                  IBUF (Prop_ibuf_I_O)         0.486     0.486 r  clk_IBUF_inst/O
                         net (fo=1, routed)           0.683     1.169    clk_IBUF
    BUFGCTRL_X0Y2        BUFG (Prop_bufg_I_O)         0.029     1.198 r  clk_IBUF_BUFG_inst/O
                         net (fo=152, routed)         0.865     2.063    datapath_inst/ch1BRAM_inst/U0/inst_blk_mem_gen/gnbram.gnativebmg.native_blk_mem_gen/valid.cstr/ramloop[0].ram.r/prim_noinit.ram/clka
    RAMB18_X2Y6          RAMB18E1                                     r  datapath_inst/ch1BRAM_inst/U0/inst_blk_mem_gen/gnbram.gnativebmg.native_blk_mem_gen/valid.cstr/ramloop[0].ram.r/prim_noinit.ram/DEVICE_7SERIES.NO_BMM_INFO.SDP.SIMPLE_PRIM18.ram/CLKARDCLK





--------------------------------------------------------------------------------------
Path Group:  (none)
From Clock:  
  To Clock:  clk_out1_clk_wiz_0

Max Delay           105 Endpoints
Min Delay           105 Endpoints
--------------------------------------------------------------------------------------


Max Delay Paths
--------------------------------------------------------------------------------------
Slack:                    inf
  Source:                 resetn
                            (input port)
  Destination:            datapath_inst/videoSigGen_inst/pixelVert_reg[0]/R
                            (rising edge-triggered cell FDRE clocked by clk_out1_clk_wiz_0  {rise@0.000ns fall@6.737ns period=13.474ns})
  Path Group:             (none)
  Path Type:              Setup (Max at Slow Process Corner)
  Data Path Delay:        7.304ns  (logic 1.631ns (22.326%)  route 5.674ns (77.674%))
  Logic Levels:           2  (IBUF=1 LUT1=1)
  Clock Path Skew:        1.483ns (DCD - SCD + CPR)
    Destination Clock Delay (DCD):    1.483ns
    Source Clock Delay      (SCD):    0.000ns
    Clock Pessimism Removal (CPR):    0.000ns
  Clock Uncertainty:      0.843ns  ((TSJ^2 + DJ^2)^1/2) / 2 + PE
    Total System Jitter     (TSJ):    0.050ns
    Discrete Jitter          (DJ):    0.462ns
    Phase Error              (PE):    0.611ns

    Location             Delay type                Incr(ns)  Path(ns)    Netlist Resource(s)
  -------------------------------------------------------------------    -------------------
    N15                                               0.000     0.000 f  resetn (IN)
                         net (fo=0)                   0.000     0.000    resetn
    N15                  IBUF (Prop_ibuf_I_O)         1.477     1.477 f  resetn_IBUF_inst/O
                         net (fo=5, routed)           2.985     4.462    datapath_inst/sampleIntervalCounter_inst/resetn_IBUF
    SLICE_X37Y14         LUT1 (Prop_lut1_I0_O)        0.154     4.616 r  datapath_inst/sampleIntervalCounter_inst/hdmi0_inst_i_1/O
                         net (fo=182, routed)         2.689     7.304    datapath_inst/videoSigGen_inst/SR[0]
    SLICE_X34Y24         FDRE                                         r  datapath_inst/videoSigGen_inst/pixelVert_reg[0]/R
  -------------------------------------------------------------------    -------------------

                         (clock clk_out1_clk_wiz_0 rise edge)
                                                      0.000     0.000 r  
    BUFGCTRL_X0Y2        BUFG                         0.000     0.000 r  clk_IBUF_BUFG_inst/O
                         net (fo=152, routed)         1.487     1.487    datapath_inst/vc/inst/clk_in1
    MMCME2_ADV_X0Y0      MMCME2_ADV (Prop_mmcme2_adv_CLKIN1_CLKOUT0)
                                                     -3.177    -1.690 r  datapath_inst/vc/inst/mmcm_adv_inst/CLKOUT0
                         net (fo=1, routed)           1.599    -0.091    datapath_inst/vc/inst/clk_out1_clk_wiz_0
    BUFGCTRL_X0Y0        BUFG (Prop_bufg_I_O)         0.091     0.000 r  datapath_inst/vc/inst/clkout1_buf/O
                         net (fo=223, routed)         1.483     1.483    datapath_inst/videoSigGen_inst/CLK
    SLICE_X34Y24         FDRE                                         r  datapath_inst/videoSigGen_inst/pixelVert_reg[0]/C

Slack:                    inf
  Source:                 resetn
                            (input port)
  Destination:            datapath_inst/videoSigGen_inst/pixelVert_reg[10]/R
                            (rising edge-triggered cell FDRE clocked by clk_out1_clk_wiz_0  {rise@0.000ns fall@6.737ns period=13.474ns})
  Path Group:             (none)
  Path Type:              Setup (Max at Slow Process Corner)
  Data Path Delay:        7.304ns  (logic 1.631ns (22.326%)  route 5.674ns (77.674%))
  Logic Levels:           2  (IBUF=1 LUT1=1)
  Clock Path Skew:        1.483ns (DCD - SCD + CPR)
    Destination Clock Delay (DCD):    1.483ns
    Source Clock Delay      (SCD):    0.000ns
    Clock Pessimism Removal (CPR):    0.000ns
  Clock Uncertainty:      0.843ns  ((TSJ^2 + DJ^2)^1/2) / 2 + PE
    Total System Jitter     (TSJ):    0.050ns
    Discrete Jitter          (DJ):    0.462ns
    Phase Error              (PE):    0.611ns

    Location             Delay type                Incr(ns)  Path(ns)    Netlist Resource(s)
  -------------------------------------------------------------------    -------------------
    N15                                               0.000     0.000 f  resetn (IN)
                         net (fo=0)                   0.000     0.000    resetn
    N15                  IBUF (Prop_ibuf_I_O)         1.477     1.477 f  resetn_IBUF_inst/O
                         net (fo=5, routed)           2.985     4.462    datapath_inst/sampleIntervalCounter_inst/resetn_IBUF
    SLICE_X37Y14         LUT1 (Prop_lut1_I0_O)        0.154     4.616 r  datapath_inst/sampleIntervalCounter_inst/hdmi0_inst_i_1/O
                         net (fo=182, routed)         2.689     7.304    datapath_inst/videoSigGen_inst/SR[0]
    SLICE_X34Y24         FDRE                                         r  datapath_inst/videoSigGen_inst/pixelVert_reg[10]/R
  -------------------------------------------------------------------    -------------------

                         (clock clk_out1_clk_wiz_0 rise edge)
                                                      0.000     0.000 r  
    BUFGCTRL_X0Y2        BUFG                         0.000     0.000 r  clk_IBUF_BUFG_inst/O
                         net (fo=152, routed)         1.487     1.487    datapath_inst/vc/inst/clk_in1
    MMCME2_ADV_X0Y0      MMCME2_ADV (Prop_mmcme2_adv_CLKIN1_CLKOUT0)
                                                     -3.177    -1.690 r  datapath_inst/vc/inst/mmcm_adv_inst/CLKOUT0
                         net (fo=1, routed)           1.599    -0.091    datapath_inst/vc/inst/clk_out1_clk_wiz_0
    BUFGCTRL_X0Y0        BUFG (Prop_bufg_I_O)         0.091     0.000 r  datapath_inst/vc/inst/clkout1_buf/O
                         net (fo=223, routed)         1.483     1.483    datapath_inst/videoSigGen_inst/CLK
    SLICE_X34Y24         FDRE                                         r  datapath_inst/videoSigGen_inst/pixelVert_reg[10]/C

Slack:                    inf
  Source:                 resetn
                            (input port)
  Destination:            datapath_inst/videoSigGen_inst/pixelVert_reg[6]/R
                            (rising edge-triggered cell FDRE clocked by clk_out1_clk_wiz_0  {rise@0.000ns fall@6.737ns period=13.474ns})
  Path Group:             (none)
  Path Type:              Setup (Max at Slow Process Corner)
  Data Path Delay:        7.304ns  (logic 1.631ns (22.326%)  route 5.674ns (77.674%))
  Logic Levels:           2  (IBUF=1 LUT1=1)
  Clock Path Skew:        1.483ns (DCD - SCD + CPR)
    Destination Clock Delay (DCD):    1.483ns
    Source Clock Delay      (SCD):    0.000ns
    Clock Pessimism Removal (CPR):    0.000ns
  Clock Uncertainty:      0.843ns  ((TSJ^2 + DJ^2)^1/2) / 2 + PE
    Total System Jitter     (TSJ):    0.050ns
    Discrete Jitter          (DJ):    0.462ns
    Phase Error              (PE):    0.611ns

    Location             Delay type                Incr(ns)  Path(ns)    Netlist Resource(s)
  -------------------------------------------------------------------    -------------------
    N15                                               0.000     0.000 f  resetn (IN)
                         net (fo=0)                   0.000     0.000    resetn
    N15                  IBUF (Prop_ibuf_I_O)         1.477     1.477 f  resetn_IBUF_inst/O
                         net (fo=5, routed)           2.985     4.462    datapath_inst/sampleIntervalCounter_inst/resetn_IBUF
    SLICE_X37Y14         LUT1 (Prop_lut1_I0_O)        0.154     4.616 r  datapath_inst/sampleIntervalCounter_inst/hdmi0_inst_i_1/O
                         net (fo=182, routed)         2.689     7.304    datapath_inst/videoSigGen_inst/SR[0]
    SLICE_X35Y24         FDRE                                         r  datapath_inst/videoSigGen_inst/pixelVert_reg[6]/R
  -------------------------------------------------------------------    -------------------

                         (clock clk_out1_clk_wiz_0 rise edge)
                                                      0.000     0.000 r  
    BUFGCTRL_X0Y2        BUFG                         0.000     0.000 r  clk_IBUF_BUFG_inst/O
                         net (fo=152, routed)         1.487     1.487    datapath_inst/vc/inst/clk_in1
    MMCME2_ADV_X0Y0      MMCME2_ADV (Prop_mmcme2_adv_CLKIN1_CLKOUT0)
                                                     -3.177    -1.690 r  datapath_inst/vc/inst/mmcm_adv_inst/CLKOUT0
                         net (fo=1, routed)           1.599    -0.091    datapath_inst/vc/inst/clk_out1_clk_wiz_0
    BUFGCTRL_X0Y0        BUFG (Prop_bufg_I_O)         0.091     0.000 r  datapath_inst/vc/inst/clkout1_buf/O
                         net (fo=223, routed)         1.483     1.483    datapath_inst/videoSigGen_inst/CLK
    SLICE_X35Y24         FDRE                                         r  datapath_inst/videoSigGen_inst/pixelVert_reg[6]/C

Slack:                    inf
  Source:                 resetn
                            (input port)
  Destination:            datapath_inst/videoSigGen_inst/pixelVert_reg[7]/R
                            (rising edge-triggered cell FDRE clocked by clk_out1_clk_wiz_0  {rise@0.000ns fall@6.737ns period=13.474ns})
  Path Group:             (none)
  Path Type:              Setup (Max at Slow Process Corner)
  Data Path Delay:        7.304ns  (logic 1.631ns (22.326%)  route 5.674ns (77.674%))
  Logic Levels:           2  (IBUF=1 LUT1=1)
  Clock Path Skew:        1.483ns (DCD - SCD + CPR)
    Destination Clock Delay (DCD):    1.483ns
    Source Clock Delay      (SCD):    0.000ns
    Clock Pessimism Removal (CPR):    0.000ns
  Clock Uncertainty:      0.843ns  ((TSJ^2 + DJ^2)^1/2) / 2 + PE
    Total System Jitter     (TSJ):    0.050ns
    Discrete Jitter          (DJ):    0.462ns
    Phase Error              (PE):    0.611ns

    Location             Delay type                Incr(ns)  Path(ns)    Netlist Resource(s)
  -------------------------------------------------------------------    -------------------
    N15                                               0.000     0.000 f  resetn (IN)
                         net (fo=0)                   0.000     0.000    resetn
    N15                  IBUF (Prop_ibuf_I_O)         1.477     1.477 f  resetn_IBUF_inst/O
                         net (fo=5, routed)           2.985     4.462    datapath_inst/sampleIntervalCounter_inst/resetn_IBUF
    SLICE_X37Y14         LUT1 (Prop_lut1_I0_O)        0.154     4.616 r  datapath_inst/sampleIntervalCounter_inst/hdmi0_inst_i_1/O
                         net (fo=182, routed)         2.689     7.304    datapath_inst/videoSigGen_inst/SR[0]
    SLICE_X35Y24         FDRE                                         r  datapath_inst/videoSigGen_inst/pixelVert_reg[7]/R
  -------------------------------------------------------------------    -------------------

                         (clock clk_out1_clk_wiz_0 rise edge)
                                                      0.000     0.000 r  
    BUFGCTRL_X0Y2        BUFG                         0.000     0.000 r  clk_IBUF_BUFG_inst/O
                         net (fo=152, routed)         1.487     1.487    datapath_inst/vc/inst/clk_in1
    MMCME2_ADV_X0Y0      MMCME2_ADV (Prop_mmcme2_adv_CLKIN1_CLKOUT0)
                                                     -3.177    -1.690 r  datapath_inst/vc/inst/mmcm_adv_inst/CLKOUT0
                         net (fo=1, routed)           1.599    -0.091    datapath_inst/vc/inst/clk_out1_clk_wiz_0
    BUFGCTRL_X0Y0        BUFG (Prop_bufg_I_O)         0.091     0.000 r  datapath_inst/vc/inst/clkout1_buf/O
                         net (fo=223, routed)         1.483     1.483    datapath_inst/videoSigGen_inst/CLK
    SLICE_X35Y24         FDRE                                         r  datapath_inst/videoSigGen_inst/pixelVert_reg[7]/C

Slack:                    inf
  Source:                 resetn
                            (input port)
  Destination:            datapath_inst/videoSigGen_inst/pixelVert_reg[8]/R
                            (rising edge-triggered cell FDRE clocked by clk_out1_clk_wiz_0  {rise@0.000ns fall@6.737ns period=13.474ns})
  Path Group:             (none)
  Path Type:              Setup (Max at Slow Process Corner)
  Data Path Delay:        7.304ns  (logic 1.631ns (22.326%)  route 5.674ns (77.674%))
  Logic Levels:           2  (IBUF=1 LUT1=1)
  Clock Path Skew:        1.483ns (DCD - SCD + CPR)
    Destination Clock Delay (DCD):    1.483ns
    Source Clock Delay      (SCD):    0.000ns
    Clock Pessimism Removal (CPR):    0.000ns
  Clock Uncertainty:      0.843ns  ((TSJ^2 + DJ^2)^1/2) / 2 + PE
    Total System Jitter     (TSJ):    0.050ns
    Discrete Jitter          (DJ):    0.462ns
    Phase Error              (PE):    0.611ns

    Location             Delay type                Incr(ns)  Path(ns)    Netlist Resource(s)
  -------------------------------------------------------------------    -------------------
    N15                                               0.000     0.000 f  resetn (IN)
                         net (fo=0)                   0.000     0.000    resetn
    N15                  IBUF (Prop_ibuf_I_O)         1.477     1.477 f  resetn_IBUF_inst/O
                         net (fo=5, routed)           2.985     4.462    datapath_inst/sampleIntervalCounter_inst/resetn_IBUF
    SLICE_X37Y14         LUT1 (Prop_lut1_I0_O)        0.154     4.616 r  datapath_inst/sampleIntervalCounter_inst/hdmi0_inst_i_1/O
                         net (fo=182, routed)         2.689     7.304    datapath_inst/videoSigGen_inst/SR[0]
    SLICE_X35Y24         FDRE                                         r  datapath_inst/videoSigGen_inst/pixelVert_reg[8]/R
  -------------------------------------------------------------------    -------------------

                         (clock clk_out1_clk_wiz_0 rise edge)
                                                      0.000     0.000 r  
    BUFGCTRL_X0Y2        BUFG                         0.000     0.000 r  clk_IBUF_BUFG_inst/O
                         net (fo=152, routed)         1.487     1.487    datapath_inst/vc/inst/clk_in1
    MMCME2_ADV_X0Y0      MMCME2_ADV (Prop_mmcme2_adv_CLKIN1_CLKOUT0)
                                                     -3.177    -1.690 r  datapath_inst/vc/inst/mmcm_adv_inst/CLKOUT0
                         net (fo=1, routed)           1.599    -0.091    datapath_inst/vc/inst/clk_out1_clk_wiz_0
    BUFGCTRL_X0Y0        BUFG (Prop_bufg_I_O)         0.091     0.000 r  datapath_inst/vc/inst/clkout1_buf/O
                         net (fo=223, routed)         1.483     1.483    datapath_inst/videoSigGen_inst/CLK
    SLICE_X35Y24         FDRE                                         r  datapath_inst/videoSigGen_inst/pixelVert_reg[8]/C

Slack:                    inf
  Source:                 resetn
                            (input port)
  Destination:            datapath_inst/videoSigGen_inst/pixelVert_reg[9]/R
                            (rising edge-triggered cell FDRE clocked by clk_out1_clk_wiz_0  {rise@0.000ns fall@6.737ns period=13.474ns})
  Path Group:             (none)
  Path Type:              Setup (Max at Slow Process Corner)
  Data Path Delay:        7.304ns  (logic 1.631ns (22.326%)  route 5.674ns (77.674%))
  Logic Levels:           2  (IBUF=1 LUT1=1)
  Clock Path Skew:        1.483ns (DCD - SCD + CPR)
    Destination Clock Delay (DCD):    1.483ns
    Source Clock Delay      (SCD):    0.000ns
    Clock Pessimism Removal (CPR):    0.000ns
  Clock Uncertainty:      0.843ns  ((TSJ^2 + DJ^2)^1/2) / 2 + PE
    Total System Jitter     (TSJ):    0.050ns
    Discrete Jitter          (DJ):    0.462ns
    Phase Error              (PE):    0.611ns

    Location             Delay type                Incr(ns)  Path(ns)    Netlist Resource(s)
  -------------------------------------------------------------------    -------------------
    N15                                               0.000     0.000 f  resetn (IN)
                         net (fo=0)                   0.000     0.000    resetn
    N15                  IBUF (Prop_ibuf_I_O)         1.477     1.477 f  resetn_IBUF_inst/O
                         net (fo=5, routed)           2.985     4.462    datapath_inst/sampleIntervalCounter_inst/resetn_IBUF
    SLICE_X37Y14         LUT1 (Prop_lut1_I0_O)        0.154     4.616 r  datapath_inst/sampleIntervalCounter_inst/hdmi0_inst_i_1/O
                         net (fo=182, routed)         2.689     7.304    datapath_inst/videoSigGen_inst/SR[0]
    SLICE_X35Y24         FDRE                                         r  datapath_inst/videoSigGen_inst/pixelVert_reg[9]/R
  -------------------------------------------------------------------    -------------------

                         (clock clk_out1_clk_wiz_0 rise edge)
                                                      0.000     0.000 r  
    BUFGCTRL_X0Y2        BUFG                         0.000     0.000 r  clk_IBUF_BUFG_inst/O
                         net (fo=152, routed)         1.487     1.487    datapath_inst/vc/inst/clk_in1
    MMCME2_ADV_X0Y0      MMCME2_ADV (Prop_mmcme2_adv_CLKIN1_CLKOUT0)
                                                     -3.177    -1.690 r  datapath_inst/vc/inst/mmcm_adv_inst/CLKOUT0
                         net (fo=1, routed)           1.599    -0.091    datapath_inst/vc/inst/clk_out1_clk_wiz_0
    BUFGCTRL_X0Y0        BUFG (Prop_bufg_I_O)         0.091     0.000 r  datapath_inst/vc/inst/clkout1_buf/O
                         net (fo=223, routed)         1.483     1.483    datapath_inst/videoSigGen_inst/CLK
    SLICE_X35Y24         FDRE                                         r  datapath_inst/videoSigGen_inst/pixelVert_reg[9]/C

Slack:                    inf
  Source:                 resetn
                            (input port)
  Destination:            datapath_inst/hdmi0_inst/inst/serial_clk/oserdes_m/RST
                            (rising edge-triggered cell OSERDESE2 clocked by clk_out1_clk_wiz_0  {rise@0.000ns fall@6.737ns period=13.474ns})
  Path Group:             (none)
  Path Type:              Setup (Max at Slow Process Corner)
  Data Path Delay:        7.168ns  (logic 1.601ns (22.332%)  route 5.567ns (77.668%))
  Logic Levels:           2  (IBUF=1 LUT2=1)
  Clock Path Skew:        1.543ns (DCD - SCD + CPR)
    Destination Clock Delay (DCD):    1.543ns
    Source Clock Delay      (SCD):    0.000ns
    Clock Pessimism Removal (CPR):    0.000ns
  Clock Uncertainty:      0.843ns  ((TSJ^2 + DJ^2)^1/2) / 2 + PE
    Total System Jitter     (TSJ):    0.050ns
    Discrete Jitter          (DJ):    0.462ns
    Phase Error              (PE):    0.611ns

    Location             Delay type                Incr(ns)  Path(ns)    Netlist Resource(s)
  -------------------------------------------------------------------    -------------------
    N15                                               0.000     0.000 f  resetn (IN)
                         net (fo=0)                   0.000     0.000    resetn
    N15                  IBUF (Prop_ibuf_I_O)         1.477     1.477 f  resetn_IBUF_inst/O
                         net (fo=5, routed)           2.871     4.348    datapath_inst/hdmi0_inst/inst/encr/lopt
    SLICE_X43Y6          LUT2 (Prop_lut2_I0_O)        0.124     4.472 r  datapath_inst/hdmi0_inst/inst/encr/oserdes_m_i_1/O
                         net (fo=50, routed)          2.696     7.168    datapath_inst/hdmi0_inst/inst/serial_clk/AR[0]
    OLOGIC_X0Y24         OSERDESE2                                    r  datapath_inst/hdmi0_inst/inst/serial_clk/oserdes_m/RST
  -------------------------------------------------------------------    -------------------

                         (clock clk_out1_clk_wiz_0 rise edge)
                                                      0.000     0.000 r  
    BUFGCTRL_X0Y2        BUFG                         0.000     0.000 r  clk_IBUF_BUFG_inst/O
                         net (fo=152, routed)         1.487     1.487    datapath_inst/vc/inst/clk_in1
    MMCME2_ADV_X0Y0      MMCME2_ADV (Prop_mmcme2_adv_CLKIN1_CLKOUT0)
                                                     -3.177    -1.690 r  datapath_inst/vc/inst/mmcm_adv_inst/CLKOUT0
                         net (fo=1, routed)           1.599    -0.091    datapath_inst/vc/inst/clk_out1_clk_wiz_0
    BUFGCTRL_X0Y0        BUFG (Prop_bufg_I_O)         0.091     0.000 r  datapath_inst/vc/inst/clkout1_buf/O
                         net (fo=223, routed)         1.543     1.543    datapath_inst/hdmi0_inst/inst/serial_clk/pix_clk
    OLOGIC_X0Y24         OSERDESE2                                    r  datapath_inst/hdmi0_inst/inst/serial_clk/oserdes_m/CLKDIV

Slack:                    inf
  Source:                 resetn
                            (input port)
  Destination:            datapath_inst/videoSigGen_inst/pixelVert_reg[1]/R
                            (rising edge-triggered cell FDRE clocked by clk_out1_clk_wiz_0  {rise@0.000ns fall@6.737ns period=13.474ns})
  Path Group:             (none)
  Path Type:              Setup (Max at Slow Process Corner)
  Data Path Delay:        7.159ns  (logic 1.631ns (22.781%)  route 5.528ns (77.219%))
  Logic Levels:           2  (IBUF=1 LUT1=1)
  Clock Path Skew:        1.485ns (DCD - SCD + CPR)
    Destination Clock Delay (DCD):    1.485ns
    Source Clock Delay      (SCD):    0.000ns
    Clock Pessimism Removal (CPR):    0.000ns
  Clock Uncertainty:      0.843ns  ((TSJ^2 + DJ^2)^1/2) / 2 + PE
    Total System Jitter     (TSJ):    0.050ns
    Discrete Jitter          (DJ):    0.462ns
    Phase Error              (PE):    0.611ns

    Location             Delay type                Incr(ns)  Path(ns)    Netlist Resource(s)
  -------------------------------------------------------------------    -------------------
    N15                                               0.000     0.000 f  resetn (IN)
                         net (fo=0)                   0.000     0.000    resetn
    N15                  IBUF (Prop_ibuf_I_O)         1.477     1.477 f  resetn_IBUF_inst/O
                         net (fo=5, routed)           2.985     4.462    datapath_inst/sampleIntervalCounter_inst/resetn_IBUF
    SLICE_X37Y14         LUT1 (Prop_lut1_I0_O)        0.154     4.616 r  datapath_inst/sampleIntervalCounter_inst/hdmi0_inst_i_1/O
                         net (fo=182, routed)         2.543     7.159    datapath_inst/videoSigGen_inst/SR[0]
    SLICE_X35Y23         FDRE                                         r  datapath_inst/videoSigGen_inst/pixelVert_reg[1]/R
  -------------------------------------------------------------------    -------------------

                         (clock clk_out1_clk_wiz_0 rise edge)
                                                      0.000     0.000 r  
    BUFGCTRL_X0Y2        BUFG                         0.000     0.000 r  clk_IBUF_BUFG_inst/O
                         net (fo=152, routed)         1.487     1.487    datapath_inst/vc/inst/clk_in1
    MMCME2_ADV_X0Y0      MMCME2_ADV (Prop_mmcme2_adv_CLKIN1_CLKOUT0)
                                                     -3.177    -1.690 r  datapath_inst/vc/inst/mmcm_adv_inst/CLKOUT0
                         net (fo=1, routed)           1.599    -0.091    datapath_inst/vc/inst/clk_out1_clk_wiz_0
    BUFGCTRL_X0Y0        BUFG (Prop_bufg_I_O)         0.091     0.000 r  datapath_inst/vc/inst/clkout1_buf/O
                         net (fo=223, routed)         1.485     1.485    datapath_inst/videoSigGen_inst/CLK
    SLICE_X35Y23         FDRE                                         r  datapath_inst/videoSigGen_inst/pixelVert_reg[1]/C

Slack:                    inf
  Source:                 resetn
                            (input port)
  Destination:            datapath_inst/videoSigGen_inst/pixelVert_reg[2]/R
                            (rising edge-triggered cell FDRE clocked by clk_out1_clk_wiz_0  {rise@0.000ns fall@6.737ns period=13.474ns})
  Path Group:             (none)
  Path Type:              Setup (Max at Slow Process Corner)
  Data Path Delay:        7.159ns  (logic 1.631ns (22.781%)  route 5.528ns (77.219%))
  Logic Levels:           2  (IBUF=1 LUT1=1)
  Clock Path Skew:        1.485ns (DCD - SCD + CPR)
    Destination Clock Delay (DCD):    1.485ns
    Source Clock Delay      (SCD):    0.000ns
    Clock Pessimism Removal (CPR):    0.000ns
  Clock Uncertainty:      0.843ns  ((TSJ^2 + DJ^2)^1/2) / 2 + PE
    Total System Jitter     (TSJ):    0.050ns
    Discrete Jitter          (DJ):    0.462ns
    Phase Error              (PE):    0.611ns

    Location             Delay type                Incr(ns)  Path(ns)    Netlist Resource(s)
  -------------------------------------------------------------------    -------------------
    N15                                               0.000     0.000 f  resetn (IN)
                         net (fo=0)                   0.000     0.000    resetn
    N15                  IBUF (Prop_ibuf_I_O)         1.477     1.477 f  resetn_IBUF_inst/O
                         net (fo=5, routed)           2.985     4.462    datapath_inst/sampleIntervalCounter_inst/resetn_IBUF
    SLICE_X37Y14         LUT1 (Prop_lut1_I0_O)        0.154     4.616 r  datapath_inst/sampleIntervalCounter_inst/hdmi0_inst_i_1/O
                         net (fo=182, routed)         2.543     7.159    datapath_inst/videoSigGen_inst/SR[0]
    SLICE_X35Y23         FDRE                                         r  datapath_inst/videoSigGen_inst/pixelVert_reg[2]/R
  -------------------------------------------------------------------    -------------------

                         (clock clk_out1_clk_wiz_0 rise edge)
                                                      0.000     0.000 r  
    BUFGCTRL_X0Y2        BUFG                         0.000     0.000 r  clk_IBUF_BUFG_inst/O
                         net (fo=152, routed)         1.487     1.487    datapath_inst/vc/inst/clk_in1
    MMCME2_ADV_X0Y0      MMCME2_ADV (Prop_mmcme2_adv_CLKIN1_CLKOUT0)
                                                     -3.177    -1.690 r  datapath_inst/vc/inst/mmcm_adv_inst/CLKOUT0
                         net (fo=1, routed)           1.599    -0.091    datapath_inst/vc/inst/clk_out1_clk_wiz_0
    BUFGCTRL_X0Y0        BUFG (Prop_bufg_I_O)         0.091     0.000 r  datapath_inst/vc/inst/clkout1_buf/O
                         net (fo=223, routed)         1.485     1.485    datapath_inst/videoSigGen_inst/CLK
    SLICE_X35Y23         FDRE                                         r  datapath_inst/videoSigGen_inst/pixelVert_reg[2]/C

Slack:                    inf
  Source:                 resetn
                            (input port)
  Destination:            datapath_inst/videoSigGen_inst/pixelVert_reg[3]/R
                            (rising edge-triggered cell FDRE clocked by clk_out1_clk_wiz_0  {rise@0.000ns fall@6.737ns period=13.474ns})
  Path Group:             (none)
  Path Type:              Setup (Max at Slow Process Corner)
  Data Path Delay:        7.159ns  (logic 1.631ns (22.781%)  route 5.528ns (77.219%))
  Logic Levels:           2  (IBUF=1 LUT1=1)
  Clock Path Skew:        1.485ns (DCD - SCD + CPR)
    Destination Clock Delay (DCD):    1.485ns
    Source Clock Delay      (SCD):    0.000ns
    Clock Pessimism Removal (CPR):    0.000ns
  Clock Uncertainty:      0.843ns  ((TSJ^2 + DJ^2)^1/2) / 2 + PE
    Total System Jitter     (TSJ):    0.050ns
    Discrete Jitter          (DJ):    0.462ns
    Phase Error              (PE):    0.611ns

    Location             Delay type                Incr(ns)  Path(ns)    Netlist Resource(s)
  -------------------------------------------------------------------    -------------------
    N15                                               0.000     0.000 f  resetn (IN)
                         net (fo=0)                   0.000     0.000    resetn
    N15                  IBUF (Prop_ibuf_I_O)         1.477     1.477 f  resetn_IBUF_inst/O
                         net (fo=5, routed)           2.985     4.462    datapath_inst/sampleIntervalCounter_inst/resetn_IBUF
    SLICE_X37Y14         LUT1 (Prop_lut1_I0_O)        0.154     4.616 r  datapath_inst/sampleIntervalCounter_inst/hdmi0_inst_i_1/O
                         net (fo=182, routed)         2.543     7.159    datapath_inst/videoSigGen_inst/SR[0]
    SLICE_X35Y23         FDRE                                         r  datapath_inst/videoSigGen_inst/pixelVert_reg[3]/R
  -------------------------------------------------------------------    -------------------

                         (clock clk_out1_clk_wiz_0 rise edge)
                                                      0.000     0.000 r  
    BUFGCTRL_X0Y2        BUFG                         0.000     0.000 r  clk_IBUF_BUFG_inst/O
                         net (fo=152, routed)         1.487     1.487    datapath_inst/vc/inst/clk_in1
    MMCME2_ADV_X0Y0      MMCME2_ADV (Prop_mmcme2_adv_CLKIN1_CLKOUT0)
                                                     -3.177    -1.690 r  datapath_inst/vc/inst/mmcm_adv_inst/CLKOUT0
                         net (fo=1, routed)           1.599    -0.091    datapath_inst/vc/inst/clk_out1_clk_wiz_0
    BUFGCTRL_X0Y0        BUFG (Prop_bufg_I_O)         0.091     0.000 r  datapath_inst/vc/inst/clkout1_buf/O
                         net (fo=223, routed)         1.485     1.485    datapath_inst/videoSigGen_inst/CLK
    SLICE_X35Y23         FDRE                                         r  datapath_inst/videoSigGen_inst/pixelVert_reg[3]/C





Min Delay Paths
--------------------------------------------------------------------------------------
Slack:                    inf
  Source:                 datapath_inst/vc/inst/mmcm_adv_inst/LOCKED
                            (internal pin)
  Destination:            datapath_inst/hdmi0_inst/inst/encb/cnt_reg[2]/CLR
                            (removal check against rising-edge clock clk_out1_clk_wiz_0  {rise@0.000ns fall@6.737ns period=13.474ns})
  Path Group:             (none)
  Path Type:              Removal (Min at Fast Process Corner)
  Data Path Delay:        0.661ns  (logic 0.045ns (6.813%)  route 0.616ns (93.187%))
  Logic Levels:           1  (LUT2=1)
  Clock Uncertainty:      0.843ns  ((TSJ^2 + DJ^2)^1/2) / 2 + PE
    Total System Jitter     (TSJ):    0.050ns
    Discrete Jitter          (DJ):    0.462ns
    Phase Error              (PE):    0.611ns

    Location             Delay type                Incr(ns)  Path(ns)    Netlist Resource(s)
  -------------------------------------------------------------------    -------------------
    MMCME2_ADV_X0Y0      MMCME2_ADV                   0.000     0.000 r  datapath_inst/vc/inst/mmcm_adv_inst/LOCKED
                         net (fo=1, routed)           0.341     0.341    datapath_inst/hdmi0_inst/inst/encr/pix_clk_locked
    SLICE_X43Y6          LUT2 (Prop_lut2_I1_O)        0.045     0.386 f  datapath_inst/hdmi0_inst/inst/encr/oserdes_m_i_1/O
                         net (fo=50, routed)          0.275     0.661    datapath_inst/hdmi0_inst/inst/encb/AR[0]
    SLICE_X42Y12         FDCE                                         f  datapath_inst/hdmi0_inst/inst/encb/cnt_reg[2]/CLR
  -------------------------------------------------------------------    -------------------

                         (clock clk_out1_clk_wiz_0 rise edge)
                                                      0.000     0.000 r  
    BUFGCTRL_X0Y2        BUFG                         0.000     0.000 r  clk_IBUF_BUFG_inst/O
                         net (fo=152, routed)         0.812     0.812    datapath_inst/vc/inst/clk_in1
    MMCME2_ADV_X0Y0      MMCME2_ADV (Prop_mmcme2_adv_CLKIN1_CLKOUT0)
                                                     -1.369    -0.557 r  datapath_inst/vc/inst/mmcm_adv_inst/CLKOUT0
                         net (fo=1, routed)           0.528    -0.029    datapath_inst/vc/inst/clk_out1_clk_wiz_0
    BUFGCTRL_X0Y0        BUFG (Prop_bufg_I_O)         0.029    -0.000 r  datapath_inst/vc/inst/clkout1_buf/O
                         net (fo=223, routed)         0.857     0.857    datapath_inst/hdmi0_inst/inst/encb/pix_clk
    SLICE_X42Y12         FDCE                                         r  datapath_inst/hdmi0_inst/inst/encb/cnt_reg[2]/C

Slack:                    inf
  Source:                 datapath_inst/vc/inst/mmcm_adv_inst/LOCKED
                            (internal pin)
  Destination:            datapath_inst/hdmi0_inst/inst/encb/cnt_reg[1]/CLR
                            (removal check against rising-edge clock clk_out1_clk_wiz_0  {rise@0.000ns fall@6.737ns period=13.474ns})
  Path Group:             (none)
  Path Type:              Removal (Min at Fast Process Corner)
  Data Path Delay:        0.715ns  (logic 0.045ns (6.290%)  route 0.670ns (93.710%))
  Logic Levels:           1  (LUT2=1)
  Clock Uncertainty:      0.843ns  ((TSJ^2 + DJ^2)^1/2) / 2 + PE
    Total System Jitter     (TSJ):    0.050ns
    Discrete Jitter          (DJ):    0.462ns
    Phase Error              (PE):    0.611ns

    Location             Delay type                Incr(ns)  Path(ns)    Netlist Resource(s)
  -------------------------------------------------------------------    -------------------
    MMCME2_ADV_X0Y0      MMCME2_ADV                   0.000     0.000 r  datapath_inst/vc/inst/mmcm_adv_inst/LOCKED
                         net (fo=1, routed)           0.341     0.341    datapath_inst/hdmi0_inst/inst/encr/pix_clk_locked
    SLICE_X43Y6          LUT2 (Prop_lut2_I1_O)        0.045     0.386 f  datapath_inst/hdmi0_inst/inst/encr/oserdes_m_i_1/O
                         net (fo=50, routed)          0.330     0.715    datapath_inst/hdmi0_inst/inst/encb/AR[0]
    SLICE_X42Y13         FDCE                                         f  datapath_inst/hdmi0_inst/inst/encb/cnt_reg[1]/CLR
  -------------------------------------------------------------------    -------------------

                         (clock clk_out1_clk_wiz_0 rise edge)
                                                      0.000     0.000 r  
    BUFGCTRL_X0Y2        BUFG                         0.000     0.000 r  clk_IBUF_BUFG_inst/O
                         net (fo=152, routed)         0.812     0.812    datapath_inst/vc/inst/clk_in1
    MMCME2_ADV_X0Y0      MMCME2_ADV (Prop_mmcme2_adv_CLKIN1_CLKOUT0)
                                                     -1.369    -0.557 r  datapath_inst/vc/inst/mmcm_adv_inst/CLKOUT0
                         net (fo=1, routed)           0.528    -0.029    datapath_inst/vc/inst/clk_out1_clk_wiz_0
    BUFGCTRL_X0Y0        BUFG (Prop_bufg_I_O)         0.029    -0.000 r  datapath_inst/vc/inst/clkout1_buf/O
                         net (fo=223, routed)         0.856     0.856    datapath_inst/hdmi0_inst/inst/encb/pix_clk
    SLICE_X42Y13         FDCE                                         r  datapath_inst/hdmi0_inst/inst/encb/cnt_reg[1]/C

Slack:                    inf
  Source:                 datapath_inst/vc/inst/mmcm_adv_inst/LOCKED
                            (internal pin)
  Destination:            datapath_inst/hdmi0_inst/inst/encb/cnt_reg[3]/CLR
                            (removal check against rising-edge clock clk_out1_clk_wiz_0  {rise@0.000ns fall@6.737ns period=13.474ns})
  Path Group:             (none)
  Path Type:              Removal (Min at Fast Process Corner)
  Data Path Delay:        0.729ns  (logic 0.045ns (6.172%)  route 0.684ns (93.828%))
  Logic Levels:           1  (LUT2=1)
  Clock Uncertainty:      0.843ns  ((TSJ^2 + DJ^2)^1/2) / 2 + PE
    Total System Jitter     (TSJ):    0.050ns
    Discrete Jitter          (DJ):    0.462ns
    Phase Error              (PE):    0.611ns

    Location             Delay type                Incr(ns)  Path(ns)    Netlist Resource(s)
  -------------------------------------------------------------------    -------------------
    MMCME2_ADV_X0Y0      MMCME2_ADV                   0.000     0.000 r  datapath_inst/vc/inst/mmcm_adv_inst/LOCKED
                         net (fo=1, routed)           0.341     0.341    datapath_inst/hdmi0_inst/inst/encr/pix_clk_locked
    SLICE_X43Y6          LUT2 (Prop_lut2_I1_O)        0.045     0.386 f  datapath_inst/hdmi0_inst/inst/encr/oserdes_m_i_1/O
                         net (fo=50, routed)          0.343     0.729    datapath_inst/hdmi0_inst/inst/encb/AR[0]
    SLICE_X42Y14         FDCE                                         f  datapath_inst/hdmi0_inst/inst/encb/cnt_reg[3]/CLR
  -------------------------------------------------------------------    -------------------

                         (clock clk_out1_clk_wiz_0 rise edge)
                                                      0.000     0.000 r  
    BUFGCTRL_X0Y2        BUFG                         0.000     0.000 r  clk_IBUF_BUFG_inst/O
                         net (fo=152, routed)         0.812     0.812    datapath_inst/vc/inst/clk_in1
    MMCME2_ADV_X0Y0      MMCME2_ADV (Prop_mmcme2_adv_CLKIN1_CLKOUT0)
                                                     -1.369    -0.557 r  datapath_inst/vc/inst/mmcm_adv_inst/CLKOUT0
                         net (fo=1, routed)           0.528    -0.029    datapath_inst/vc/inst/clk_out1_clk_wiz_0
    BUFGCTRL_X0Y0        BUFG (Prop_bufg_I_O)         0.029    -0.000 r  datapath_inst/vc/inst/clkout1_buf/O
                         net (fo=223, routed)         0.856     0.856    datapath_inst/hdmi0_inst/inst/encb/pix_clk
    SLICE_X42Y14         FDCE                                         r  datapath_inst/hdmi0_inst/inst/encb/cnt_reg[3]/C

Slack:                    inf
  Source:                 datapath_inst/vc/inst/mmcm_adv_inst/LOCKED
                            (internal pin)
  Destination:            datapath_inst/hdmi0_inst/inst/encb/cnt_reg[4]/CLR
                            (removal check against rising-edge clock clk_out1_clk_wiz_0  {rise@0.000ns fall@6.737ns period=13.474ns})
  Path Group:             (none)
  Path Type:              Removal (Min at Fast Process Corner)
  Data Path Delay:        0.762ns  (logic 0.045ns (5.904%)  route 0.717ns (94.096%))
  Logic Levels:           1  (LUT2=1)
  Clock Uncertainty:      0.843ns  ((TSJ^2 + DJ^2)^1/2) / 2 + PE
    Total System Jitter     (TSJ):    0.050ns
    Discrete Jitter          (DJ):    0.462ns
    Phase Error              (PE):    0.611ns

    Location             Delay type                Incr(ns)  Path(ns)    Netlist Resource(s)
  -------------------------------------------------------------------    -------------------
    MMCME2_ADV_X0Y0      MMCME2_ADV                   0.000     0.000 r  datapath_inst/vc/inst/mmcm_adv_inst/LOCKED
                         net (fo=1, routed)           0.341     0.341    datapath_inst/hdmi0_inst/inst/encr/pix_clk_locked
    SLICE_X43Y6          LUT2 (Prop_lut2_I1_O)        0.045     0.386 f  datapath_inst/hdmi0_inst/inst/encr/oserdes_m_i_1/O
                         net (fo=50, routed)          0.376     0.762    datapath_inst/hdmi0_inst/inst/encb/AR[0]
    SLICE_X41Y14         FDCE                                         f  datapath_inst/hdmi0_inst/inst/encb/cnt_reg[4]/CLR
  -------------------------------------------------------------------    -------------------

                         (clock clk_out1_clk_wiz_0 rise edge)
                                                      0.000     0.000 r  
    BUFGCTRL_X0Y2        BUFG                         0.000     0.000 r  clk_IBUF_BUFG_inst/O
                         net (fo=152, routed)         0.812     0.812    datapath_inst/vc/inst/clk_in1
    MMCME2_ADV_X0Y0      MMCME2_ADV (Prop_mmcme2_adv_CLKIN1_CLKOUT0)
                                                     -1.369    -0.557 r  datapath_inst/vc/inst/mmcm_adv_inst/CLKOUT0
                         net (fo=1, routed)           0.528    -0.029    datapath_inst/vc/inst/clk_out1_clk_wiz_0
    BUFGCTRL_X0Y0        BUFG (Prop_bufg_I_O)         0.029    -0.000 r  datapath_inst/vc/inst/clkout1_buf/O
                         net (fo=223, routed)         0.856     0.856    datapath_inst/hdmi0_inst/inst/encb/pix_clk
    SLICE_X41Y14         FDCE                                         r  datapath_inst/hdmi0_inst/inst/encb/cnt_reg[4]/C

Slack:                    inf
  Source:                 datapath_inst/vc/inst/mmcm_adv_inst/LOCKED
                            (internal pin)
  Destination:            datapath_inst/hdmi0_inst/inst/encb/dout_reg[4]/CLR
                            (removal check against rising-edge clock clk_out1_clk_wiz_0  {rise@0.000ns fall@6.737ns period=13.474ns})
  Path Group:             (none)
  Path Type:              Removal (Min at Fast Process Corner)
  Data Path Delay:        0.792ns  (logic 0.045ns (5.679%)  route 0.747ns (94.321%))
  Logic Levels:           1  (LUT2=1)
  Clock Uncertainty:      0.843ns  ((TSJ^2 + DJ^2)^1/2) / 2 + PE
    Total System Jitter     (TSJ):    0.050ns
    Discrete Jitter          (DJ):    0.462ns
    Phase Error              (PE):    0.611ns

    Location             Delay type                Incr(ns)  Path(ns)    Netlist Resource(s)
  -------------------------------------------------------------------    -------------------
    MMCME2_ADV_X0Y0      MMCME2_ADV                   0.000     0.000 r  datapath_inst/vc/inst/mmcm_adv_inst/LOCKED
                         net (fo=1, routed)           0.341     0.341    datapath_inst/hdmi0_inst/inst/encr/pix_clk_locked
    SLICE_X43Y6          LUT2 (Prop_lut2_I1_O)        0.045     0.386 f  datapath_inst/hdmi0_inst/inst/encr/oserdes_m_i_1/O
                         net (fo=50, routed)          0.407     0.792    datapath_inst/hdmi0_inst/inst/encb/AR[0]
    SLICE_X42Y15         FDCE                                         f  datapath_inst/hdmi0_inst/inst/encb/dout_reg[4]/CLR
  -------------------------------------------------------------------    -------------------

                         (clock clk_out1_clk_wiz_0 rise edge)
                                                      0.000     0.000 r  
    BUFGCTRL_X0Y2        BUFG                         0.000     0.000 r  clk_IBUF_BUFG_inst/O
                         net (fo=152, routed)         0.812     0.812    datapath_inst/vc/inst/clk_in1
    MMCME2_ADV_X0Y0      MMCME2_ADV (Prop_mmcme2_adv_CLKIN1_CLKOUT0)
                                                     -1.369    -0.557 r  datapath_inst/vc/inst/mmcm_adv_inst/CLKOUT0
                         net (fo=1, routed)           0.528    -0.029    datapath_inst/vc/inst/clk_out1_clk_wiz_0
    BUFGCTRL_X0Y0        BUFG (Prop_bufg_I_O)         0.029    -0.000 r  datapath_inst/vc/inst/clkout1_buf/O
                         net (fo=223, routed)         0.855     0.855    datapath_inst/hdmi0_inst/inst/encb/pix_clk
    SLICE_X42Y15         FDCE                                         r  datapath_inst/hdmi0_inst/inst/encb/dout_reg[4]/C

Slack:                    inf
  Source:                 datapath_inst/vc/inst/mmcm_adv_inst/LOCKED
                            (internal pin)
  Destination:            datapath_inst/hdmi0_inst/inst/encb/dout_reg[7]/CLR
                            (removal check against rising-edge clock clk_out1_clk_wiz_0  {rise@0.000ns fall@6.737ns period=13.474ns})
  Path Group:             (none)
  Path Type:              Removal (Min at Fast Process Corner)
  Data Path Delay:        0.856ns  (logic 0.045ns (5.259%)  route 0.811ns (94.741%))
  Logic Levels:           1  (LUT2=1)
  Clock Uncertainty:      0.843ns  ((TSJ^2 + DJ^2)^1/2) / 2 + PE
    Total System Jitter     (TSJ):    0.050ns
    Discrete Jitter          (DJ):    0.462ns
    Phase Error              (PE):    0.611ns

    Location             Delay type                Incr(ns)  Path(ns)    Netlist Resource(s)
  -------------------------------------------------------------------    -------------------
    MMCME2_ADV_X0Y0      MMCME2_ADV                   0.000     0.000 r  datapath_inst/vc/inst/mmcm_adv_inst/LOCKED
                         net (fo=1, routed)           0.341     0.341    datapath_inst/hdmi0_inst/inst/encr/pix_clk_locked
    SLICE_X43Y6          LUT2 (Prop_lut2_I1_O)        0.045     0.386 f  datapath_inst/hdmi0_inst/inst/encr/oserdes_m_i_1/O
                         net (fo=50, routed)          0.470     0.856    datapath_inst/hdmi0_inst/inst/encb/AR[0]
    SLICE_X43Y16         FDCE                                         f  datapath_inst/hdmi0_inst/inst/encb/dout_reg[7]/CLR
  -------------------------------------------------------------------    -------------------

                         (clock clk_out1_clk_wiz_0 rise edge)
                                                      0.000     0.000 r  
    BUFGCTRL_X0Y2        BUFG                         0.000     0.000 r  clk_IBUF_BUFG_inst/O
                         net (fo=152, routed)         0.812     0.812    datapath_inst/vc/inst/clk_in1
    MMCME2_ADV_X0Y0      MMCME2_ADV (Prop_mmcme2_adv_CLKIN1_CLKOUT0)
                                                     -1.369    -0.557 r  datapath_inst/vc/inst/mmcm_adv_inst/CLKOUT0
                         net (fo=1, routed)           0.528    -0.029    datapath_inst/vc/inst/clk_out1_clk_wiz_0
    BUFGCTRL_X0Y0        BUFG (Prop_bufg_I_O)         0.029    -0.000 r  datapath_inst/vc/inst/clkout1_buf/O
                         net (fo=223, routed)         0.854     0.854    datapath_inst/hdmi0_inst/inst/encb/pix_clk
    SLICE_X43Y16         FDCE                                         r  datapath_inst/hdmi0_inst/inst/encb/dout_reg[7]/C

Slack:                    inf
  Source:                 datapath_inst/vc/inst/mmcm_adv_inst/LOCKED
                            (internal pin)
  Destination:            datapath_inst/hdmi0_inst/inst/encb/dout_reg[8]/CLR
                            (removal check against rising-edge clock clk_out1_clk_wiz_0  {rise@0.000ns fall@6.737ns period=13.474ns})
  Path Group:             (none)
  Path Type:              Removal (Min at Fast Process Corner)
  Data Path Delay:        0.856ns  (logic 0.045ns (5.259%)  route 0.811ns (94.741%))
  Logic Levels:           1  (LUT2=1)
  Clock Uncertainty:      0.843ns  ((TSJ^2 + DJ^2)^1/2) / 2 + PE
    Total System Jitter     (TSJ):    0.050ns
    Discrete Jitter          (DJ):    0.462ns
    Phase Error              (PE):    0.611ns

    Location             Delay type                Incr(ns)  Path(ns)    Netlist Resource(s)
  -------------------------------------------------------------------    -------------------
    MMCME2_ADV_X0Y0      MMCME2_ADV                   0.000     0.000 r  datapath_inst/vc/inst/mmcm_adv_inst/LOCKED
                         net (fo=1, routed)           0.341     0.341    datapath_inst/hdmi0_inst/inst/encr/pix_clk_locked
    SLICE_X43Y6          LUT2 (Prop_lut2_I1_O)        0.045     0.386 f  datapath_inst/hdmi0_inst/inst/encr/oserdes_m_i_1/O
                         net (fo=50, routed)          0.470     0.856    datapath_inst/hdmi0_inst/inst/encb/AR[0]
    SLICE_X43Y16         FDCE                                         f  datapath_inst/hdmi0_inst/inst/encb/dout_reg[8]/CLR
  -------------------------------------------------------------------    -------------------

                         (clock clk_out1_clk_wiz_0 rise edge)
                                                      0.000     0.000 r  
    BUFGCTRL_X0Y2        BUFG                         0.000     0.000 r  clk_IBUF_BUFG_inst/O
                         net (fo=152, routed)         0.812     0.812    datapath_inst/vc/inst/clk_in1
    MMCME2_ADV_X0Y0      MMCME2_ADV (Prop_mmcme2_adv_CLKIN1_CLKOUT0)
                                                     -1.369    -0.557 r  datapath_inst/vc/inst/mmcm_adv_inst/CLKOUT0
                         net (fo=1, routed)           0.528    -0.029    datapath_inst/vc/inst/clk_out1_clk_wiz_0
    BUFGCTRL_X0Y0        BUFG (Prop_bufg_I_O)         0.029    -0.000 r  datapath_inst/vc/inst/clkout1_buf/O
                         net (fo=223, routed)         0.854     0.854    datapath_inst/hdmi0_inst/inst/encb/pix_clk
    SLICE_X43Y16         FDCE                                         r  datapath_inst/hdmi0_inst/inst/encb/dout_reg[8]/C

Slack:                    inf
  Source:                 datapath_inst/vc/inst/mmcm_adv_inst/LOCKED
                            (internal pin)
  Destination:            datapath_inst/hdmi0_inst/inst/encb/dout_reg[9]/CLR
                            (removal check against rising-edge clock clk_out1_clk_wiz_0  {rise@0.000ns fall@6.737ns period=13.474ns})
  Path Group:             (none)
  Path Type:              Removal (Min at Fast Process Corner)
  Data Path Delay:        0.856ns  (logic 0.045ns (5.259%)  route 0.811ns (94.741%))
  Logic Levels:           1  (LUT2=1)
  Clock Uncertainty:      0.843ns  ((TSJ^2 + DJ^2)^1/2) / 2 + PE
    Total System Jitter     (TSJ):    0.050ns
    Discrete Jitter          (DJ):    0.462ns
    Phase Error              (PE):    0.611ns

    Location             Delay type                Incr(ns)  Path(ns)    Netlist Resource(s)
  -------------------------------------------------------------------    -------------------
    MMCME2_ADV_X0Y0      MMCME2_ADV                   0.000     0.000 r  datapath_inst/vc/inst/mmcm_adv_inst/LOCKED
                         net (fo=1, routed)           0.341     0.341    datapath_inst/hdmi0_inst/inst/encr/pix_clk_locked
    SLICE_X43Y6          LUT2 (Prop_lut2_I1_O)        0.045     0.386 f  datapath_inst/hdmi0_inst/inst/encr/oserdes_m_i_1/O
                         net (fo=50, routed)          0.470     0.856    datapath_inst/hdmi0_inst/inst/encb/AR[0]
    SLICE_X43Y16         FDCE                                         f  datapath_inst/hdmi0_inst/inst/encb/dout_reg[9]/CLR
  -------------------------------------------------------------------    -------------------

                         (clock clk_out1_clk_wiz_0 rise edge)
                                                      0.000     0.000 r  
    BUFGCTRL_X0Y2        BUFG                         0.000     0.000 r  clk_IBUF_BUFG_inst/O
                         net (fo=152, routed)         0.812     0.812    datapath_inst/vc/inst/clk_in1
    MMCME2_ADV_X0Y0      MMCME2_ADV (Prop_mmcme2_adv_CLKIN1_CLKOUT0)
                                                     -1.369    -0.557 r  datapath_inst/vc/inst/mmcm_adv_inst/CLKOUT0
                         net (fo=1, routed)           0.528    -0.029    datapath_inst/vc/inst/clk_out1_clk_wiz_0
    BUFGCTRL_X0Y0        BUFG (Prop_bufg_I_O)         0.029    -0.000 r  datapath_inst/vc/inst/clkout1_buf/O
                         net (fo=223, routed)         0.854     0.854    datapath_inst/hdmi0_inst/inst/encb/pix_clk
    SLICE_X43Y16         FDCE                                         r  datapath_inst/hdmi0_inst/inst/encb/dout_reg[9]/C

Slack:                    inf
  Source:                 datapath_inst/vc/inst/mmcm_adv_inst/LOCKED
                            (internal pin)
  Destination:            datapath_inst/hdmi0_inst/inst/encb/dout_reg[0]/CLR
                            (removal check against rising-edge clock clk_out1_clk_wiz_0  {rise@0.000ns fall@6.737ns period=13.474ns})
  Path Group:             (none)
  Path Type:              Removal (Min at Fast Process Corner)
  Data Path Delay:        0.929ns  (logic 0.045ns (4.844%)  route 0.884ns (95.156%))
  Logic Levels:           1  (LUT2=1)
  Clock Uncertainty:      0.843ns  ((TSJ^2 + DJ^2)^1/2) / 2 + PE
    Total System Jitter     (TSJ):    0.050ns
    Discrete Jitter          (DJ):    0.462ns
    Phase Error              (PE):    0.611ns

    Location             Delay type                Incr(ns)  Path(ns)    Netlist Resource(s)
  -------------------------------------------------------------------    -------------------
    MMCME2_ADV_X0Y0      MMCME2_ADV                   0.000     0.000 r  datapath_inst/vc/inst/mmcm_adv_inst/LOCKED
                         net (fo=1, routed)           0.341     0.341    datapath_inst/hdmi0_inst/inst/encr/pix_clk_locked
    SLICE_X43Y6          LUT2 (Prop_lut2_I1_O)        0.045     0.386 f  datapath_inst/hdmi0_inst/inst/encr/oserdes_m_i_1/O
                         net (fo=50, routed)          0.543     0.929    datapath_inst/hdmi0_inst/inst/encb/AR[0]
    SLICE_X43Y17         FDCE                                         f  datapath_inst/hdmi0_inst/inst/encb/dout_reg[0]/CLR
  -------------------------------------------------------------------    -------------------

                         (clock clk_out1_clk_wiz_0 rise edge)
                                                      0.000     0.000 r  
    BUFGCTRL_X0Y2        BUFG                         0.000     0.000 r  clk_IBUF_BUFG_inst/O
                         net (fo=152, routed)         0.812     0.812    datapath_inst/vc/inst/clk_in1
    MMCME2_ADV_X0Y0      MMCME2_ADV (Prop_mmcme2_adv_CLKIN1_CLKOUT0)
                                                     -1.369    -0.557 r  datapath_inst/vc/inst/mmcm_adv_inst/CLKOUT0
                         net (fo=1, routed)           0.528    -0.029    datapath_inst/vc/inst/clk_out1_clk_wiz_0
    BUFGCTRL_X0Y0        BUFG (Prop_bufg_I_O)         0.029    -0.000 r  datapath_inst/vc/inst/clkout1_buf/O
                         net (fo=223, routed)         0.853     0.853    datapath_inst/hdmi0_inst/inst/encb/pix_clk
    SLICE_X43Y17         FDCE                                         r  datapath_inst/hdmi0_inst/inst/encb/dout_reg[0]/C

Slack:                    inf
  Source:                 datapath_inst/vc/inst/mmcm_adv_inst/LOCKED
                            (internal pin)
  Destination:            datapath_inst/hdmi0_inst/inst/encb/dout_reg[1]/CLR
                            (removal check against rising-edge clock clk_out1_clk_wiz_0  {rise@0.000ns fall@6.737ns period=13.474ns})
  Path Group:             (none)
  Path Type:              Removal (Min at Fast Process Corner)
  Data Path Delay:        0.929ns  (logic 0.045ns (4.844%)  route 0.884ns (95.156%))
  Logic Levels:           1  (LUT2=1)
  Clock Uncertainty:      0.843ns  ((TSJ^2 + DJ^2)^1/2) / 2 + PE
    Total System Jitter     (TSJ):    0.050ns
    Discrete Jitter          (DJ):    0.462ns
    Phase Error              (PE):    0.611ns

    Location             Delay type                Incr(ns)  Path(ns)    Netlist Resource(s)
  -------------------------------------------------------------------    -------------------
    MMCME2_ADV_X0Y0      MMCME2_ADV                   0.000     0.000 r  datapath_inst/vc/inst/mmcm_adv_inst/LOCKED
                         net (fo=1, routed)           0.341     0.341    datapath_inst/hdmi0_inst/inst/encr/pix_clk_locked
    SLICE_X43Y6          LUT2 (Prop_lut2_I1_O)        0.045     0.386 f  datapath_inst/hdmi0_inst/inst/encr/oserdes_m_i_1/O
                         net (fo=50, routed)          0.543     0.929    datapath_inst/hdmi0_inst/inst/encb/AR[0]
    SLICE_X43Y17         FDCE                                         f  datapath_inst/hdmi0_inst/inst/encb/dout_reg[1]/CLR
  -------------------------------------------------------------------    -------------------

                         (clock clk_out1_clk_wiz_0 rise edge)
                                                      0.000     0.000 r  
    BUFGCTRL_X0Y2        BUFG                         0.000     0.000 r  clk_IBUF_BUFG_inst/O
                         net (fo=152, routed)         0.812     0.812    datapath_inst/vc/inst/clk_in1
    MMCME2_ADV_X0Y0      MMCME2_ADV (Prop_mmcme2_adv_CLKIN1_CLKOUT0)
                                                     -1.369    -0.557 r  datapath_inst/vc/inst/mmcm_adv_inst/CLKOUT0
                         net (fo=1, routed)           0.528    -0.029    datapath_inst/vc/inst/clk_out1_clk_wiz_0
    BUFGCTRL_X0Y0        BUFG (Prop_bufg_I_O)         0.029    -0.000 r  datapath_inst/vc/inst/clkout1_buf/O
                         net (fo=223, routed)         0.853     0.853    datapath_inst/hdmi0_inst/inst/encb/pix_clk
    SLICE_X43Y17         FDCE                                         r  datapath_inst/hdmi0_inst/inst/encb/dout_reg[1]/C





