#
# A fatal error has been detected by the Java Runtime Environment:
#
#  EXCEPTION_ACCESS_VIOLATION (0xc0000005) at pc=0x00007ffe441133df, pid=132, tid=10424
#
# JRE version: OpenJDK Runtime Environment Temurin-17.0.3+7 (17.0.3+7) (build 17.0.3+7)
# Java VM: OpenJDK 64-Bit Server VM Temurin-17.0.3+7 (17.0.3+7, mixed mode, sharing, tiered, compressed oops, compressed class ptrs, g1 gc, windows-amd64)
# Problematic frame:
# C  [librdi_coregen.dll+0x4f33df]
#
# No core dump will be written. Minidumps are not enabled by default on client versions of Windows
#
# If you would like to submit a bug report, please visit:
#   https://github.com/adoptium/adoptium-support/issues
# The crash happened outside the Java Virtual Machine in native code.
# See problematic frame for where to report the bug.
#

---------------  S U M M A R Y ------------

Command Line: -Dsun.java2d.pmoffscreen=false -Dhttps.protocols=TLSv1,TLSv1.1,TLSv1.2 -Dsun.java2d.xrender=false -Dsun.java2d.d3d=false -Dsun.awt.nopixfmt=true -Dsun.java2d.dpiaware=true -Dsun.java2d.uiScale.enabled=false -Dswing.aatext=true -XX:-UsePerfData -Djdk.map.althashing.threshold=512 -XX:StringTableSize=4072 -XX:+UseStringDeduplication -XX:MaxGCPauseMillis=200 -XX:+ParallelRefProcEnabled --add-opens=java.desktop/javax.swing.plaf.synth=ALL-UNNAMED --add-opens=java.base/java.nio=ALL-UNNAMED --add-opens=java.desktop/sun.swing=ALL-UNNAMED --add-opens=java.desktop/javax.swing=ALL-UNNAMED --add-opens=java.desktop/javax.swing.tree=ALL-UNNAMED --add-opens=java.desktop/javax.swing.plaf.basic=ALL-UNNAMED --add-opens=java.desktop/javax.swing.plaf.synth=ALL-UNNAMED --add-opens=java.desktop/javax.swing.plaf.basic=ALL-UNNAMED --add-opens=java.desktop/javax.swing=ALL-UNNAMED --add-opens=java.desktop/javax.swing.tree=ALL-UNNAMED --add-opens=java.desktop/java.awt.event=ALL-UNNAMED --add-exports=java.desktop/javax.swing.plaf.synth=ALL-UNNAMED --add-exports=java.base/java.nio=ALL-UNNAMED --add-exports=java.desktop/sun.swing=ALL-UNNAMED --add-exports=java.desktop/javax.swing=ALL-UNNAMED --add-exports=java.desktop/javax.swing.tree=ALL-UNNAMED --add-exports=java.desktop/javax.swing.plaf.basic=ALL-UNNAMED --add-exports=java.desktop/sun.swing=ALL-UNNAMED --add-exports=java.desktop/sun.swing.table=ALL-UNNAMED --add-exports=java.desktop/sun.swing.plaf.synth=ALL-UNNAMED --add-exports=java.desktop/sun.awt.shell=ALL-UNNAMED --add-exports=java.base/sun.security.action=ALL-UNNAMED --add-exports=java.desktop/sun.font=ALL-UNNAMED -XX:NewSize=80m -XX:MaxNewSize=80m -Xms512m -Xmx4072m -Xss10m 

Host: AMD Ryzen 5 5500U with Radeon Graphics         , 12 cores, 15G,  Windows 11 , 64 bit Build 26100 (10.0.26100.5074)
Time: Mon Sep 29 01:05:43 2025 Mountain Daylight Time elapsed time: 9797.969877 seconds (0d 2h 43m 17s)

---------------  T H R E A D  ---------------

Current thread (0x000001da7411ca30):  JavaThread "AWT-EventQueue-0" [_thread_in_native, id=10424, stack(0x0000009ab4400000,0x0000009ab4e00000)]

Stack: [0x0000009ab4400000,0x0000009ab4e00000],  sp=0x0000009ab4dfd820,  free space=10230k
Native frames: (J=compiled Java code, j=interpreted, Vv=VM code, C=native code)
C  [librdi_coregen.dll+0x4f33df]
C  0x000001da0000d621

Java frames: (J=compiled Java code, j=interpreted, Vv=VM code)
j  ui.customizerjni.HACGCJModelJNI.HACGCGuiCommon_getName(JLui/customizerjni/HACGCGuiCommon;)Ljava/lang/String;+0
j  ui.customizerjni.HACGCGuiCommon.getName()Ljava/lang/String;+5
j  ui.data.coregen.a.D$a.getListCellRendererComponent(Ljavax/swing/JList;Ljava/lang/Object;IZZ)Ljava/awt/Component;+39
J 22048 c2 javax.swing.plaf.basic.BasicListUI.maybeUpdateLayoutState()V java.desktop@17.0.3 (17 bytes) @ 0x000001da08e68cb0 [0x000001da08e680c0+0x0000000000000bf0]
J 26532 c1 javax.swing.plaf.basic.BasicListUI$Handler.valueChanged(Ljavax/swing/event/ListSelectionEvent;)V java.desktop@17.0.3 (109 bytes) @ 0x000001da012265b4 [0x000001da012264a0+0x0000000000000114]
J 20281 c1 javax.swing.DefaultListSelectionModel.fireValueChanged(IIZ)V java.desktop@17.0.3 (76 bytes) @ 0x000001da02649a64 [0x000001da02649580+0x00000000000004e4]
J 20295 c1 javax.swing.DefaultListSelectionModel.fireValueChanged(II)V java.desktop@17.0.3 (11 bytes) @ 0x000001da0264f454 [0x000001da0264f2c0+0x0000000000000194]
J 20138 c2 javax.swing.DefaultListSelectionModel.fireValueChanged()V java.desktop@17.0.3 (74 bytes) @ 0x000001da08c05c2c [0x000001da08c05ba0+0x000000000000008c]
J 22735 c1 javax.swing.DefaultListSelectionModel.changeSelection(IIIIZ)V java.desktop@17.0.3 (96 bytes) @ 0x000001da028a1344 [0x000001da028a0da0+0x00000000000005a4]
J 22586 c1 javax.swing.DefaultListSelectionModel.changeSelection(IIII)V java.desktop@17.0.3 (11 bytes) @ 0x000001da01ae1714 [0x000001da01ae16a0+0x0000000000000074]
J 25383 c1 javax.swing.DefaultListSelectionModel.setSelectionInterval(II)V java.desktop@17.0.3 (63 bytes) @ 0x000001da0214dd14 [0x000001da0214d9e0+0x0000000000000334]
J 26188 c1 javax.swing.plaf.basic.BasicComboPopup.configureList()V java.desktop@17.0.3 (122 bytes) @ 0x000001da02c7ed3c [0x000001da02c7cbe0+0x000000000000215c]
J 26172 c1 javax.swing.plaf.basic.BasicComboPopup.<init>(Ljavax/swing/JComboBox;)V java.desktop@17.0.3 (101 bytes) @ 0x000001da02c70e3c [0x000001da02c70700+0x000000000000073c]
J 26234 c1 ui.utils.lnf.HSyntheticaComboBoxUI.createPopup()Ljavax/swing/plaf/basic/ComboPopup; (26 bytes) @ 0x000001da02c9ada4 [0x000001da02c9ac40+0x0000000000000164]
J 26171 c1 javax.swing.plaf.basic.BasicComboBoxUI.installUI(Ljavax/swing/JComponent;)V java.desktop@17.0.3 (225 bytes) @ 0x000001da02c6d934 [0x000001da02c6d640+0x00000000000002f4]
J 26229 c1 javax.swing.plaf.synth.SynthComboBoxUI.installUI(Ljavax/swing/JComponent;)V java.desktop@17.0.3 (18 bytes) @ 0x000001da02c9840c [0x000001da02c98260+0x00000000000001ac]
J 14454 c2 javax.swing.JComponent.setUI(Ljavax/swing/plaf/ComponentUI;)V java.desktop@17.0.3 (72 bytes) @ 0x000001da08563eec [0x000001da085634c0+0x0000000000000a2c]
J 27060 c1 javax.swing.JComboBox.updateUI()V java.desktop@17.0.3 (59 bytes) @ 0x000001da01e0ef5c [0x000001da01e0ecc0+0x000000000000029c]
j  ui.utils.swing.e.d.updateUI()V+1
J 29502 c1 javax.swing.SwingUtilities.updateComponentTreeUI0(Ljava/awt/Component;)V java.desktop@17.0.3 (100 bytes) @ 0x000001da0221a31c [0x000001da0221a000+0x000000000000031c]
J 29502 c1 javax.swing.SwingUtilities.updateComponentTreeUI0(Ljava/awt/Component;)V java.desktop@17.0.3 (100 bytes) @ 0x000001da0221b5ec [0x000001da0221a000+0x00000000000015ec]
J 29502 c1 javax.swing.SwingUtilities.updateComponentTreeUI0(Ljava/awt/Component;)V java.desktop@17.0.3 (100 bytes) @ 0x000001da0221b5ec [0x000001da0221a000+0x00000000000015ec]
J 29502 c1 javax.swing.SwingUtilities.updateComponentTreeUI0(Ljava/awt/Component;)V java.desktop@17.0.3 (100 bytes) @ 0x000001da0221b5ec [0x000001da0221a000+0x00000000000015ec]
J 29502 c1 javax.swing.SwingUtilities.updateComponentTreeUI0(Ljava/awt/Component;)V java.desktop@17.0.3 (100 bytes) @ 0x000001da0221b5ec [0x000001da0221a000+0x00000000000015ec]
J 29502 c1 javax.swing.SwingUtilities.updateComponentTreeUI0(Ljava/awt/Component;)V java.desktop@17.0.3 (100 bytes) @ 0x000001da0221b5ec [0x000001da0221a000+0x00000000000015ec]
J 29502 c1 javax.swing.SwingUtilities.updateComponentTreeUI0(Ljava/awt/Component;)V java.desktop@17.0.3 (100 bytes) @ 0x000001da0221b5ec [0x000001da0221a000+0x00000000000015ec]
J 29502 c1 javax.swing.SwingUtilities.updateComponentTreeUI0(Ljava/awt/Component;)V java.desktop@17.0.3 (100 bytes) @ 0x000001da0221b5ec [0x000001da0221a000+0x00000000000015ec]
J 29502 c1 javax.swing.SwingUtilities.updateComponentTreeUI0(Ljava/awt/Component;)V java.desktop@17.0.3 (100 bytes) @ 0x000001da0221b5ec [0x000001da0221a000+0x00000000000015ec]
J 29502 c1 javax.swing.SwingUtilities.updateComponentTreeUI0(Ljava/awt/Component;)V java.desktop@17.0.3 (100 bytes) @ 0x000001da0221b5ec [0x000001da0221a000+0x00000000000015ec]
J 29502 c1 javax.swing.SwingUtilities.updateComponentTreeUI0(Ljava/awt/Component;)V java.desktop@17.0.3 (100 bytes) @ 0x000001da0221b5ec [0x000001da0221a000+0x00000000000015ec]
J 29502 c1 javax.swing.SwingUtilities.updateComponentTreeUI0(Ljava/awt/Component;)V java.desktop@17.0.3 (100 bytes) @ 0x000001da0221b5ec [0x000001da0221a000+0x00000000000015ec]
J 29502 c1 javax.swing.SwingUtilities.updateComponentTreeUI0(Ljava/awt/Component;)V java.desktop@17.0.3 (100 bytes) @ 0x000001da0221b5ec [0x000001da0221a000+0x00000000000015ec]
J 29502 c1 javax.swing.SwingUtilities.updateComponentTreeUI0(Ljava/awt/Component;)V java.desktop@17.0.3 (100 bytes) @ 0x000001da0221b5ec [0x000001da0221a000+0x00000000000015ec]
J 29502 c1 javax.swing.SwingUtilities.updateComponentTreeUI0(Ljava/awt/Component;)V java.desktop@17.0.3 (100 bytes) @ 0x000001da0221b5ec [0x000001da0221a000+0x00000000000015ec]
J 29502 c1 javax.swing.SwingUtilities.updateComponentTreeUI0(Ljava/awt/Component;)V java.desktop@17.0.3 (100 bytes) @ 0x000001da0221b5ec [0x000001da0221a000+0x00000000000015ec]
J 17959 c1 javax.swing.SwingUtilities.updateComponentTreeUI(Ljava/awt/Component;)V java.desktop@17.0.3 (17 bytes) @ 0x000001da00c5b1bc [0x000001da00c5b160+0x000000000000005c]
j  com.jidesoft.plaf.WindowsDesktopProperty.updateWindowUI(Ljava/awt/Window;)V+1
j  com.jidesoft.plaf.WindowsDesktopProperty.updateWindowUI(Ljava/awt/Window;)V+31
j  com.jidesoft.plaf.WindowsDesktopProperty.updateAllUIs()V+23
j  com.jidesoft.plaf.WindowsDesktopProperty.access$000()V+0
j  com.jidesoft.plaf.WindowsDesktopProperty$1.run()V+0
J 13891 c2 java.awt.EventQueue.dispatchEvent(Ljava/awt/AWTEvent;)V java.desktop@17.0.3 (80 bytes) @ 0x000001da084f3de8 [0x000001da084f34e0+0x0000000000000908]
j  ui.frmwork.a.d.dispatchEvent(Ljava/awt/AWTEvent;)V+15
J 23204% c2 java.awt.EventDispatchThread.pumpEventsForFilter(ILjava/awt/Conditional;Ljava/awt/EventFilter;)V java.desktop@17.0.3 (47 bytes) @ 0x000001da08ff400c [0x000001da08ff3ae0+0x000000000000052c]
j  java.awt.EventDispatchThread.pumpEventsForHierarchy(ILjava/awt/Conditional;Ljava/awt/Component;)V+11 java.desktop@17.0.3
j  java.awt.EventDispatchThread.pumpEvents(ILjava/awt/Conditional;)V+4 java.desktop@17.0.3
j  java.awt.EventDispatchThread.pumpEvents(Ljava/awt/Conditional;)V+3 java.desktop@17.0.3
j  java.awt.EventDispatchThread.run()V+9 java.desktop@17.0.3
v  ~StubRoutines::call_stub

siginfo: EXCEPTION_ACCESS_VIOLATION (0xc0000005), reading address 0xffffffffffffffff


Register to memory mapping:

RIP=0x00007ffe441133df librdi_coregen.dll
RAX=0x20474e45452f3a43 is an unknown value
RBX={method} {0x000001da3a26a048} 'HACGCGuiCommon_getName' '(JLui/customizerjni/HACGCGuiCommon;)Ljava/lang/String;' in 'ui/customizerjni/HACGCJModelJNI'
RCX=0x000001da309a9820 points into unknown readable memory: 0x20474e45452f3a43 | 43 3a 2f 45 45 4e 47 20
RDX=0x0000009ab4dfd880 is pointing into the stack for thread: 0x000001da7411ca30
RSP=0x0000009ab4dfd820 is pointing into the stack for thread: 0x000001da7411ca30
RBP=0x0000009ab4dfd988 is pointing into the stack for thread: 0x000001da7411ca30
RSI=0x0 is NULL
RDI=0x000001da7411ccd8 points into unknown readable memory: 0x00007ffe720917d0 | d0 17 09 72 fe 7f 00 00
R8 =0x000001da309a9820 points into unknown readable memory: 0x20474e45452f3a43 | 43 3a 2f 45 45 4e 47 20
R9 =0x0000009ab4dfd9a8 is pointing into the stack for thread: 0x000001da7411ca30
R10=0x000001da0000d5f2 is at code_begin+946 in an Interpreter codelet
method entry point (kind = native)  [0x000001da0000d240, 0x000001da0000dbc0]  2432 bytes
R11=0x0000009ab4dfd8f8 is pointing into the stack for thread: 0x000001da7411ca30
R12=0x0 is NULL
R13={method} {0x000001da3a26a048} 'HACGCGuiCommon_getName' '(JLui/customizerjni/HACGCGuiCommon;)Ljava/lang/String;' in 'ui/customizerjni/HACGCJModelJNI'
R14=0x0000009ab4dfd9b8 is pointing into the stack for thread: 0x000001da7411ca30
R15=0x000001da7411ca30 is a thread


Registers:
RAX=0x20474e45452f3a43, RBX=0x000001da3a26a040, RCX=0x000001da309a9820, RDX=0x0000009ab4dfd880
RSP=0x0000009ab4dfd820, RBP=0x0000009ab4dfd988, RSI=0x0000000000000000, RDI=0x000001da7411ccd8
R8 =0x000001da309a9820, R9 =0x0000009ab4dfd9a8, R10=0x000001da0000d5f2, R11=0x0000009ab4dfd8f8
R12=0x0000000000000000, R13=0x000001da3a26a040, R14=0x0000009ab4dfd9b8, R15=0x000001da7411ca30
RIP=0x00007ffe441133df, EFLAGS=0x0000000000010202

Top of Stack: (sp=0x0000009ab4dfd820)
0x0000009ab4dfd820:   0000000000000000 0000000000000020
0x0000009ab4dfd830:   0000000000000000 0000000702fe6010
0x0000009ab4dfd840:   000001da7411ccd8 fffffffffffffffe
0x0000009ab4dfd850:   00000007203e19c8 000001da085c9cdd
0x0000009ab4dfd860:   0000000100000000 e035b4dfe04bcdfc
0x0000009ab4dfd870:   00000007203df768 00000007203df768
0x0000009ab4dfd880:   0000000800c68f18 0000000700000003
0x0000009ab4dfd890:   0000000000000001 00000007203e0778
0x0000009ab4dfd8a0:   0000000702fe6000 000001da08bfe058
0x0000009ab4dfd8b0:   0000000000000000 000000000000000f
0x0000009ab4dfd8c0:   00000007203e1940 e407c32b0000000a
0x0000009ab4dfd8d0:   0000000702fe6010 0000000000000000
0x0000009ab4dfd8e0:   e035509e00000001 00003bd1997fa945
0x0000009ab4dfd8f0:   0000000000000000 000001da0000d621
0x0000009ab4dfd900:   0000000702fe6010 000001da3a26a040
0x0000009ab4dfd910:   0000000100000002 0000000703047300 

Instructions: (pc=0x00007ffe441133df)
0x00007ffe441132df:   24 a8 00 00 00 48 33 cc e8 14 bb e2 00 48 81 c4
0x00007ffe441132ef:   b8 00 00 00 c3 32 c0 48 8b 8c 24 a8 00 00 00 48
0x00007ffe441132ff:   33 cc e8 fa ba e2 00 48 81 c4 b8 00 00 00 c3 eb
0x00007ffe4411330f:   e4 eb e2 cc cc cc cc cc cc cc cc cc cc cc cc cc
0x00007ffe4411331f:   cc 48 81 ec b8 00 00 00 48 c7 44 24 28 fe ff ff
0x00007ffe4411332f:   ff 48 8b 05 29 83 f7 01 48 33 c4 48 89 84 24 a8
0x00007ffe4411333f:   00 00 00 48 89 4c 24 20 41 0f b6 40 28 48 8b 8c
0x00007ffe4411334f:   24 a8 00 00 00 48 33 cc e8 a4 ba e2 00 48 81 c4
0x00007ffe4411335f:   b8 00 00 00 c3 32 c0 48 8b 8c 24 a8 00 00 00 48
0x00007ffe4411336f:   33 cc e8 8a ba e2 00 48 81 c4 b8 00 00 00 c3 eb
0x00007ffe4411337f:   e4 eb e2 cc cc cc cc cc cc cc cc cc cc cc cc cc
0x00007ffe4411338f:   cc 4c 8b dc 57 48 81 ec d0 00 00 00 48 c7 44 24
0x00007ffe4411339f:   28 fe ff ff ff 49 89 5b 10 48 8b 05 b1 82 f7 01
0x00007ffe441133af:   48 33 c4 48 89 84 24 c8 00 00 00 48 8b f9 48 89
0x00007ffe441133bf:   4c 24 20 66 0f 6f 05 46 3f 64 01 f3 41 0f 7f 43
0x00007ffe441133cf:   b8 41 c6 43 a8 00 49 8b 00 49 8d 53 88 49 8b c8
0x00007ffe441133df:   ff 10 48 8b d8 48 8d 84 24 80 00 00 00 48 3b c3
0x00007ffe441133ef:   74 37 48 8d 8c 24 80 00 00 00 e8 92 cd c3 ff 0f
0x00007ffe441133ff:   10 03 0f 11 84 24 80 00 00 00 0f 10 4b 10 0f 11
0x00007ffe4411340f:   8c 24 90 00 00 00 48 c7 43 10 00 00 00 00 48 c7
0x00007ffe4411341f:   43 18 0f 00 00 00 c6 03 00 48 8b 54 24 78 48 83
0x00007ffe4411342f:   fa 10 72 36 48 ff c2 48 8b 4c 24 60 48 8b c1 48
0x00007ffe4411343f:   81 fa 00 10 00 00 72 1c 48 83 c2 27 48 8b 49 f8
0x00007ffe4411344f:   48 2b c1 48 83 c0 f8 48 83 f8 1f 76 07 ff 15 d6
0x00007ffe4411345f:   74 62 01 cc e8 64 b1 e2 00 90 48 8d 94 24 80 00
0x00007ffe4411346f:   00 00 48 83 bc 24 98 00 00 00 10 48 0f 43 94 24
0x00007ffe4411347f:   80 00 00 00 48 8b 07 48 8b cf ff 90 38 05 00 00
0x00007ffe4411348f:   48 8b d8 48 8b 94 24 98 00 00 00 48 83 fa 10 72
0x00007ffe4411349f:   35 48 ff c2 48 8b 8c 24 80 00 00 00 48 8b c1 48
0x00007ffe441134af:   81 fa 00 10 00 00 72 19 48 83 c2 27 48 8b 49 f8
0x00007ffe441134bf:   48 2b c1 48 83 c0 f8 48 83 f8 1f 0f 87 a6 00 00
0x00007ffe441134cf:   00 e8 f7 b0 e2 00 48 8b c3 eb 41 48 8b 94 24 98 


Stack slot to memory mapping:
stack at sp + 0 slots: 0x0 is NULL
stack at sp + 1 slots: 0x0000000000000020 is an unknown value
stack at sp + 2 slots: 0x0 is NULL
stack at sp + 3 slots: 0x0000000702fe6010 is an oop: java.lang.String 
{0x0000000702fe6010} - klass: 'java/lang/String'
 - string: "Synthetica.cellRenderer.hoverSupport.enabled"
stack at sp + 4 slots: 0x000001da7411ccd8 points into unknown readable memory: 0x00007ffe720917d0 | d0 17 09 72 fe 7f 00 00
stack at sp + 5 slots: 0xfffffffffffffffe is an unknown value
stack at sp + 6 slots: 0x00000007203e19c8 is an oop: [Ljava.beans.PropertyChangeListener; 
{0x00000007203e19c8} - klass: 'java/beans/PropertyChangeListener'[]
 - length: 3
stack at sp + 7 slots: 0x000001da085c9cdd is at entry_point+4061 in (nmethod*)0x000001da085c8a90


---------------  P R O C E S S  ---------------

Threads class SMR info:
_java_thread_list=0x000001da2ec83940, length=64, elements={
0x000001da72c8fc20, 0x000001da74103010, 0x000001da741038d0, 0x000001da74111b00,
0x000001da74119830, 0x000001da7411b6f0, 0x000001da7411c090, 0x000001da74113ef0,
0x000001da74123d40, 0x000001da74127270, 0x000001da7411d3d0, 0x000001da7411d8a0,
0x000001da7411dd70, 0x000001da7411b220, 0x000001da7411c560, 0x000001da7411ad50,
0x000001da7411ca30, 0x000001da7411e240, 0x000001da1a75a530, 0x000001da1a75cbb0,
0x000001da1a75aed0, 0x000001da241f9d80, 0x000001da241fbf30, 0x000001da1a40a690,
0x000001da1a40b500, 0x000001da26823680, 0x000001da1805b1a0, 0x000001da1805bb40,
0x000001da18058650, 0x000001da1805f500, 0x000001da1805dcf0, 0x000001da1805e1c0,
0x000001da1805f9d0, 0x000001da1805eb60, 0x000001da1805e690, 0x000001da1805c4e0,
0x000001da1805d350, 0x000001da18060370, 0x000001da18060840, 0x000001da1805fea0,
0x000001da180611e0, 0x000001da241fa720, 0x000001da30c663a0, 0x000001da30c70740,
0x000001da30c71a80, 0x000001da30c6e0c0, 0x000001da30c71f50, 0x000001da30c74aa0,
0x000001da30c728f0, 0x000001da30c73c30, 0x000001da1805f030, 0x000001da1805c9b0,
0x000001da18060d10, 0x000001da180616b0, 0x000001da30c65530, 0x000001da30c69890,
0x000001da30c6a230, 0x000001da30c745d0, 0x000001da1805c010, 0x000001da33609a10,
0x000001da33609540, 0x000001da3360d3d0, 0x000001da3360bbc0, 0x000001da3360ebe0
}

Java Threads: ( => current thread )
  0x000001da72c8fc20 JavaThread "main" [_thread_blocked, id=9016, stack(0x0000009aaa100000,0x0000009aaa200000)]
  0x000001da74103010 JavaThread "Reference Handler" daemon [_thread_blocked, id=19944, stack(0x0000009aaa900000,0x0000009aab300000)]
  0x000001da741038d0 JavaThread "Finalizer" daemon [_thread_blocked, id=22836, stack(0x0000009aab300000,0x0000009aabd00000)]
  0x000001da74111b00 JavaThread "Signal Dispatcher" daemon [_thread_blocked, id=24456, stack(0x0000009aabd00000,0x0000009aac700000)]
  0x000001da74119830 JavaThread "Attach Listener" daemon [_thread_blocked, id=20044, stack(0x0000009aac700000,0x0000009aad100000)]
  0x000001da7411b6f0 JavaThread "Service Thread" daemon [_thread_blocked, id=19016, stack(0x0000009aad100000,0x0000009aadb00000)]
  0x000001da7411c090 JavaThread "Monitor Deflation Thread" daemon [_thread_blocked, id=22800, stack(0x0000009aadb00000,0x0000009aae500000)]
  0x000001da74113ef0 JavaThread "C2 CompilerThread0" daemon [_thread_blocked, id=25200, stack(0x0000009aae500000,0x0000009aae600000)]
  0x000001da74123d40 JavaThread "C1 CompilerThread0" daemon [_thread_blocked, id=25492, stack(0x0000009aae600000,0x0000009aae700000)]
  0x000001da74127270 JavaThread "Sweeper thread" daemon [_thread_blocked, id=25640, stack(0x0000009aae700000,0x0000009aaf100000)]
  0x000001da7411d3d0 JavaThread "Common-Cleaner" daemon [_thread_blocked, id=19988, stack(0x0000009aaf100000,0x0000009aafb00000)]
  0x000001da7411d8a0 JavaThread "Notification Thread" daemon [_thread_blocked, id=26304, stack(0x0000009aafb00000,0x0000009ab0500000)]
  0x000001da7411dd70 JavaThread "Java2D Disposer" daemon [_thread_blocked, id=2860, stack(0x0000009ab0600000,0x0000009ab1000000)]
  0x000001da7411b220 JavaThread "AWT-Windows" daemon [_thread_in_native, id=3800, stack(0x0000009ab1a00000,0x0000009ab2400000)]
  0x000001da7411c560 JavaThread "TimerQueue" daemon [_thread_blocked, id=24092, stack(0x0000009ab2600000,0x0000009ab3000000)]
  0x000001da7411ad50 JavaThread "AWT-Shutdown" [_thread_blocked, id=20584, stack(0x0000009ab3a00000,0x0000009ab4400000)]
=>0x000001da7411ca30 JavaThread "AWT-EventQueue-0" [_thread_in_native, id=10424, stack(0x0000009ab4400000,0x0000009ab4e00000)]
  0x000001da7411e240 JavaThread "Thread-1" [_thread_in_native, id=26500, stack(0x0000009aa8700000,0x0000009aa9b00000)]
  0x000001da1a75a530 JavaThread "Process Messages Thread" [_thread_blocked, id=24060, stack(0x0000009ab5800000,0x0000009ab6200000)]
  0x000001da1a75cbb0 JavaThread "Batik CleanerThread" daemon [_thread_blocked, id=16372, stack(0x0000009ab4e00000,0x0000009ab5800000)]
  0x000001da1a75aed0 JavaThread "SyntheticaCleanerThread" daemon [_thread_blocked, id=15884, stack(0x0000009ab6e00000,0x0000009ab7800000)]
  0x000001da241f9d80 JavaThread "Timer-0" [_thread_blocked, id=23832, stack(0x0000009ab8300000,0x0000009ab8d00000)]
  0x000001da241fbf30 JavaThread "Monitor File Timestamp Swing Worker Thread" [_thread_blocked, id=11508, stack(0x0000009ab8d00000,0x0000009ab9700000)]
  0x000001da1a40a690 JavaThread "Monitor HEventQueue Thread" [_thread_blocked, id=26128, stack(0x0000009ab9a00000,0x0000009aba400000)]
  0x000001da1a40b500 JavaThread "SyntheticaAnimation 50" daemon [_thread_blocked, id=26540, stack(0x0000009aba400000,0x0000009abae00000)]
  0x000001da26823680 JavaThread "SyntheticaAnimation 25" daemon [_thread_blocked, id=15092, stack(0x0000009abae00000,0x0000009abb800000)]
  0x000001da1805b1a0 JavaThread "SyntheticaAnimation 70" daemon [_thread_blocked, id=14696, stack(0x0000009ab7800000,0x0000009ab8200000)]
  0x000001da1805bb40 JavaThread "Refresh Filesets Swing Worker Thread" [_thread_blocked, id=9644, stack(0x0000009ab1000000,0x0000009ab1a00000)]
  0x000001da18058650 JavaThread "hw_ila_monitor" [_thread_blocked, id=24820, stack(0x0000009abb800000,0x0000009abc200000)]
  0x000001da1805f500 JavaThread "Image Animator 3" daemon [_thread_blocked, id=11412, stack(0x0000009abcc00000,0x0000009abd600000)]
  0x000001da1805dcf0 JavaThread "pool-1-thread-1" [_thread_blocked, id=21016, stack(0x0000009abd600000,0x0000009abe000000)]
  0x000001da1805e1c0 JavaThread "Timer-1" [_thread_blocked, id=6916, stack(0x0000009abe000000,0x0000009abea00000)]
  0x000001da1805f9d0 JavaThread "pool-2-thread-1" [_thread_blocked, id=26464, stack(0x0000009abea00000,0x0000009abf400000)]
  0x000001da1805eb60 JavaThread "Timer-2" [_thread_blocked, id=17452, stack(0x0000009abf400000,0x0000009abfe00000)]
  0x000001da1805e690 JavaThread "pool-3-thread-1" [_thread_blocked, id=23764, stack(0x0000009abfe00000,0x0000009ac0800000)]
  0x000001da1805c4e0 JavaThread "Timer-3" [_thread_blocked, id=26616, stack(0x0000009ac0800000,0x0000009ac1200000)]
  0x000001da1805d350 JavaThread "pool-4-thread-1" [_thread_blocked, id=18912, stack(0x0000009ac1200000,0x0000009ac1c00000)]
  0x000001da18060370 JavaThread "Timer-4" [_thread_blocked, id=20684, stack(0x0000009ac1c00000,0x0000009ac2600000)]
  0x000001da18060840 JavaThread "Update Runs Swing Worker Thread" [_thread_blocked, id=4424, stack(0x0000009ac3000000,0x0000009ac3a00000)]
  0x000001da1805fea0 JavaThread "Timer-5" [_thread_blocked, id=9232, stack(0x0000009abc200000,0x0000009abcc00000)]
  0x000001da180611e0 JavaThread "Monitor File Timestamp Swing Worker Thread" [_thread_blocked, id=15212, stack(0x0000009ac2600000,0x0000009ac3000000)]
  0x000001da241fa720 JavaThread "SyntheticaAnimation 50" daemon [_thread_blocked, id=14544, stack(0x0000009ac4e00000,0x0000009ac5800000)]
  0x000001da30c663a0 JavaThread "Timer-10" [_thread_blocked, id=1388, stack(0x0000009ac3a00000,0x0000009ac4400000)]
  0x000001da30c70740 JavaThread "Monitor File Timestamp Swing Worker Thread" [_thread_blocked, id=24756, stack(0x0000009ac4400000,0x0000009ac4e00000)]
  0x000001da30c71a80 JavaThread "Timer-11" [_thread_blocked, id=25084, stack(0x0000009ac5800000,0x0000009ac6200000)]
  0x000001da30c6e0c0 JavaThread "Monitor File Timestamp Swing Worker Thread" [_thread_blocked, id=18136, stack(0x0000009ac7600000,0x0000009ac8000000)]
  0x000001da30c71f50 JavaThread "Timer-12" [_thread_blocked, id=25500, stack(0x0000009ac8000000,0x0000009ac8a00000)]
  0x000001da30c74aa0 JavaThread "Timer-14" [_thread_blocked, id=26476, stack(0x0000009aca800000,0x0000009acb200000)]
  0x000001da30c728f0 JavaThread "Monitor File Timestamp Swing Worker Thread" [_thread_blocked, id=23260, stack(0x0000009acb200000,0x0000009acbc00000)]
  0x000001da30c73c30 JavaThread "Timer-20" [_thread_blocked, id=24764, stack(0x0000009ab6300000,0x0000009ab6d00000)]
  0x000001da1805f030 JavaThread "Timer-22" [_thread_blocked, id=24588, stack(0x0000009acd000000,0x0000009acda00000)]
  0x000001da1805c9b0 JavaThread "Monitor File Timestamp Swing Worker Thread" [_thread_blocked, id=900, stack(0x0000009acda00000,0x0000009ace400000)]
  0x000001da18060d10 JavaThread "Timer-23" [_thread_blocked, id=4972, stack(0x0000009ace400000,0x0000009acee00000)]
  0x000001da180616b0 JavaThread "Monitor File Timestamp Swing Worker Thread" [_thread_blocked, id=24704, stack(0x0000009acee00000,0x0000009acf800000)]
  0x000001da30c65530 JavaThread "Timer-24" [_thread_blocked, id=4700, stack(0x0000009ac6c00000,0x0000009ac7600000)]
  0x000001da30c69890 JavaThread "Monitor File Timestamp Swing Worker Thread" [_thread_blocked, id=25488, stack(0x0000009ac8a00000,0x0000009ac9400000)]
  0x000001da30c6a230 JavaThread "Timer-26" [_thread_blocked, id=20340, stack(0x0000009acbc00000,0x0000009acc600000)]
  0x000001da30c745d0 JavaThread "Monitor File Timestamp Swing Worker Thread" [_thread_blocked, id=9344, stack(0x0000009acc600000,0x0000009acd000000)]
  0x000001da1805c010 JavaThread "Timer-27" [_thread_blocked, id=26384, stack(0x0000009acf800000,0x0000009ad0200000)]
  0x000001da33609a10 JavaThread "Monitor File Timestamp Swing Worker Thread" [_thread_blocked, id=17084, stack(0x0000009ad0200000,0x0000009ad0c00000)]
  0x000001da33609540 JavaThread "Timer-30" [_thread_blocked, id=20568, stack(0x0000009ad1600000,0x0000009ad2000000)]
  0x000001da3360d3d0 JavaThread "Monitor File Timestamp Swing Worker Thread" [_thread_blocked, id=24028, stack(0x0000009ad2a00000,0x0000009ad3400000)]
  0x000001da3360bbc0 JavaThread "Swing-Shell" daemon [_thread_blocked, id=17088, stack(0x0000009ac6200000,0x0000009ac6c00000)]
  0x000001da3360ebe0 JavaThread "SyntheticaAnimation 50" daemon [_thread_blocked, id=14648, stack(0x0000009ac9400000,0x0000009ac9e00000)]

Other Threads:
  0x000001da6bef67a0 VMThread "VM Thread" [stack: 0x0000009aaa800000,0x0000009aaa900000] [id=18840]
  0x000001da7085b1d0 WatcherThread [stack: 0x0000009ab0500000,0x0000009ab0600000] [id=26268]
  0x000001da722e3e40 GCTaskThread "GC Thread#0" [stack: 0x0000009aaa200000,0x0000009aaa300000] [id=5056]
  0x000001da722e6690 GCTaskThread "GC Thread#1" [stack: 0x0000009ab2400000,0x0000009ab2500000] [id=25188]
  0x000001da722e6940 GCTaskThread "GC Thread#2" [stack: 0x0000009ab2500000,0x0000009ab2600000] [id=8328]
  0x000001da722e6bf0 GCTaskThread "GC Thread#3" [stack: 0x0000009ab3000000,0x0000009ab3100000] [id=25336]
  0x000001da722e6ea0 GCTaskThread "GC Thread#4" [stack: 0x0000009ab3100000,0x0000009ab3200000] [id=18592]
  0x000001da722e7150 GCTaskThread "GC Thread#5" [stack: 0x0000009ab3200000,0x0000009ab3300000] [id=20808]
  0x000001da722e3380 GCTaskThread "GC Thread#6" [stack: 0x0000009ab3300000,0x0000009ab3400000] [id=25412]
  0x000001da722ea710 GCTaskThread "GC Thread#7" [stack: 0x0000009ab3400000,0x0000009ab3500000] [id=11832]
  0x000001da722e9190 GCTaskThread "GC Thread#8" [stack: 0x0000009ab3500000,0x0000009ab3600000] [id=14364]
  0x000001da722e99a0 GCTaskThread "GC Thread#9" [stack: 0x0000009ab3600000,0x0000009ab3700000] [id=19980]
  0x000001da73e1d960 ConcurrentGCThread "G1 Main Marker" [stack: 0x0000009aaa300000,0x0000009aaa400000] [id=4348]
  0x000001da722e5e80 ConcurrentGCThread "G1 Conc#0" [stack: 0x0000009aaa400000,0x0000009aaa500000] [id=8728]
  0x000001da722e76b0 ConcurrentGCThread "G1 Conc#1" [stack: 0x0000009ab3900000,0x0000009ab3a00000] [id=2632]
  0x000001da722e8420 ConcurrentGCThread "G1 Conc#2" [stack: 0x0000009ab6200000,0x0000009ab6300000] [id=11156]
  0x000001da72b423f0 ConcurrentGCThread "G1 Refine#0" [stack: 0x0000009aaa500000,0x0000009aaa600000] [id=21692]
  0x000001da72b42110 ConcurrentGCThread "G1 Refine#1" [stack: 0x0000009ab3700000,0x0000009ab3800000] [id=25856]
  0x000001da1adb97a0 ConcurrentGCThread "G1 Refine#2" [stack: 0x0000009ab6d00000,0x0000009ab6e00000] [id=15556]
  0x000001da70fc2810 ConcurrentGCThread "G1 Service" [stack: 0x0000009aaa600000,0x0000009aaa700000] [id=7340]
  0x000001da722e2e20 ConcurrentGCThread "StringDedupProcessor" [stack: 0x0000009aaa700000,0x0000009aaa800000] [id=26060]

Threads with active compile tasks:

VM state: not at safepoint (normal execution)

VM Mutex/Monitor currently owned by a thread: None

Heap address: 0x0000000701800000, size: 4072 MB, Compressed Oops mode: Zero based, Oop shift amount: 3

CDS archive(s) mapped at: [0x0000000800000000-0x0000000800bc0000-0x0000000800bc0000), size 12320768, SharedBaseAddress: 0x0000000800000000, ArchiveRelocationMode: 0.
Compressed class space mapped at: 0x0000000800c00000-0x0000000840c00000, reserved size: 1073741824
Narrow klass base: 0x0000000800000000, Narrow klass shift: 0, Narrow klass range: 0x100000000

GC Precious Log:
 CPUs: 12 total, 12 available
 Memory: 15695M
 Large Page Support: Disabled
 NUMA Support: Disabled
 Compressed Oops: Enabled (Zero based)
 Heap Region Size: 2M
 Heap Min Capacity: 512M
 Heap Initial Capacity: 512M
 Heap Max Capacity: 4072M
 Pre-touch: Disabled
 Parallel Workers: 10
 Concurrent Workers: 3
 Concurrent Refinement Workers: 10
 Periodic GC: Disabled
 String Deduplication is enabled

Heap:
 garbage-first heap   total 524288K, used 134441K [0x0000000701800000, 0x0000000800000000)
  region size 2048K, 12 young (24576K), 0 survivors (0K)
 Metaspace       used 98489K, committed 100160K, reserved 1138688K
  class space    used 13906K, committed 14528K, reserved 1048576K

Heap Regions: E=young(eden), S=young(survivor), O=old, HS=humongous(starts), HC=humongous(continues), CS=collection set, F=free, OA=open archive, CA=closed archive, TAMS=top-at-mark-start (previous, next)
|   0|0x0000000701800000, 0x0000000701a00000, 0x0000000701a00000|100%|HS|  |TAMS 0x0000000701a00000, 0x0000000701800000| Untracked 
|   1|0x0000000701a00000, 0x0000000701c00000, 0x0000000701c00000|100%| O|  |TAMS 0x0000000701c00000, 0x0000000701a00000| Untracked 
|   2|0x0000000701c00000, 0x0000000701dfffe8, 0x0000000701e00000| 99%| O|  |TAMS 0x0000000701dfffe8, 0x0000000701c00000| Untracked 
|   3|0x0000000701e00000, 0x0000000702000000, 0x0000000702000000|100%| O|  |TAMS 0x0000000702000000, 0x0000000701e00000| Untracked 
|   4|0x0000000702000000, 0x00000007021fffa0, 0x0000000702200000| 99%| O|  |TAMS 0x00000007021fffa0, 0x0000000702000000| Untracked 
|   5|0x0000000702200000, 0x00000007023ffeb0, 0x0000000702400000| 99%| O|  |TAMS 0x0000000702200000, 0x0000000702200000| Untracked 
|   6|0x0000000702400000, 0x00000007025fffc8, 0x0000000702600000| 99%| O|  |TAMS 0x00000007025fffc8, 0x0000000702400000| Untracked 
|   7|0x0000000702600000, 0x00000007027ff788, 0x0000000702800000| 99%| O|  |TAMS 0x00000007027ff788, 0x0000000702600000| Untracked 
|   8|0x0000000702800000, 0x0000000702a00000, 0x0000000702a00000|100%| O|  |TAMS 0x0000000702a00000, 0x0000000702800000| Untracked 
|   9|0x0000000702a00000, 0x0000000702bfffd0, 0x0000000702c00000| 99%| O|  |TAMS 0x0000000702bfffd0, 0x0000000702a00000| Untracked 
|  10|0x0000000702c00000, 0x0000000702dffd48, 0x0000000702e00000| 99%| O|  |TAMS 0x0000000702dffd48, 0x0000000702c00000| Untracked 
|  11|0x0000000702e00000, 0x0000000702fffff0, 0x0000000703000000| 99%| O|  |TAMS 0x0000000702fffff0, 0x0000000702e00000| Untracked 
|  12|0x0000000703000000, 0x00000007031ffff0, 0x0000000703200000| 99%| O|  |TAMS 0x00000007031ffff0, 0x0000000703000000| Untracked 
|  13|0x0000000703200000, 0x00000007033fffe0, 0x0000000703400000| 99%| O|  |TAMS 0x0000000703200000, 0x0000000703200000| Untracked 
|  14|0x0000000703400000, 0x00000007035ffff8, 0x0000000703600000| 99%| O|  |TAMS 0x00000007035ffff8, 0x0000000703400000| Untracked 
|  15|0x0000000703600000, 0x00000007037fffe8, 0x0000000703800000| 99%| O|  |TAMS 0x00000007037fffe8, 0x0000000703600000| Untracked 
|  16|0x0000000703800000, 0x00000007039fffc0, 0x0000000703a00000| 99%| O|  |TAMS 0x0000000703800000, 0x0000000703800000| Untracked 
|  17|0x0000000703a00000, 0x0000000703c00000, 0x0000000703c00000|100%| O|  |TAMS 0x0000000703c00000, 0x0000000703a00000| Untracked 
|  18|0x0000000703c00000, 0x0000000703e00000, 0x0000000703e00000|100%| O|  |TAMS 0x0000000703c00000, 0x0000000703c00000| Untracked 
|  19|0x0000000703e00000, 0x0000000703fffff8, 0x0000000704000000| 99%| O|  |TAMS 0x0000000703fffff8, 0x0000000703e00000| Untracked 
|  20|0x0000000704000000, 0x00000007041fffe8, 0x0000000704200000| 99%| O|  |TAMS 0x0000000704000000, 0x0000000704000000| Untracked 
|  21|0x0000000704200000, 0x0000000704400000, 0x0000000704400000|100%| O|  |TAMS 0x0000000704400000, 0x0000000704200000| Untracked 
|  22|0x0000000704400000, 0x00000007045ffff0, 0x0000000704600000| 99%| O|  |TAMS 0x0000000704400000, 0x0000000704400000| Untracked 
|  23|0x0000000704600000, 0x00000007047ffff0, 0x0000000704800000| 99%| O|  |TAMS 0x00000007047ffff0, 0x0000000704600000| Untracked 
|  24|0x0000000704800000, 0x00000007049ffff0, 0x0000000704a00000| 99%| O|  |TAMS 0x00000007049ffff0, 0x0000000704800000| Untracked 
|  25|0x0000000704a00000, 0x0000000704bfffd8, 0x0000000704c00000| 99%| O|  |TAMS 0x0000000704bfffd8, 0x0000000704a00000| Untracked 
|  26|0x0000000704c00000, 0x0000000704dffff8, 0x0000000704e00000| 99%| O|  |TAMS 0x0000000704dffff8, 0x0000000704c00000| Untracked 
|  27|0x0000000704e00000, 0x0000000704ffffe8, 0x0000000705000000| 99%| O|  |TAMS 0x0000000704e00000, 0x0000000704e00000| Untracked 
|  28|0x0000000705000000, 0x00000007051fffe8, 0x0000000705200000| 99%| O|  |TAMS 0x00000007051fffe8, 0x0000000705000000| Untracked 
|  29|0x0000000705200000, 0x0000000705400000, 0x0000000705400000|100%| O|  |TAMS 0x0000000705400000, 0x0000000705200000| Untracked 
|  30|0x0000000705400000, 0x0000000705600000, 0x0000000705600000|100%| O|  |TAMS 0x0000000705600000, 0x0000000705400000| Untracked 
|  31|0x0000000705600000, 0x00000007057ffff0, 0x0000000705800000| 99%| O|  |TAMS 0x00000007057ffff0, 0x0000000705600000| Untracked 
|  32|0x0000000705800000, 0x00000007059ff638, 0x0000000705a00000| 99%| O|  |TAMS 0x00000007059ff638, 0x0000000705800000| Untracked 
|  33|0x0000000705a00000, 0x0000000705c00000, 0x0000000705c00000|100%| O|  |TAMS 0x0000000705a00000, 0x0000000705a00000| Untracked 
|  34|0x0000000705c00000, 0x0000000705dfecb8, 0x0000000705e00000| 99%| O|  |TAMS 0x0000000705c00000, 0x0000000705c00000| Untracked 
|  35|0x0000000705e00000, 0x0000000705ffffe0, 0x0000000706000000| 99%| O|  |TAMS 0x0000000705e00000, 0x0000000705e00000| Untracked 
|  36|0x0000000706000000, 0x0000000706200000, 0x0000000706200000|100%| O|  |TAMS 0x0000000706000000, 0x0000000706000000| Untracked 
|  37|0x0000000706200000, 0x00000007063e1098, 0x0000000706400000| 93%| O|  |TAMS 0x0000000706200000, 0x0000000706200000| Untracked 
|  38|0x0000000706400000, 0x00000007065f0740, 0x0000000706600000| 96%| O|  |TAMS 0x0000000706400000, 0x0000000706400000| Untracked 
|  39|0x0000000706600000, 0x00000007067dd300, 0x0000000706800000| 93%| O|  |TAMS 0x0000000706600000, 0x0000000706600000| Untracked 
|  40|0x0000000706800000, 0x00000007069fd808, 0x0000000706a00000| 99%| O|  |TAMS 0x0000000706800000, 0x0000000706800000| Untracked 
|  41|0x0000000706a00000, 0x0000000706b7f3b0, 0x0000000706c00000| 74%| O|  |TAMS 0x0000000706a00000, 0x0000000706a00000| Untracked 
|  42|0x0000000706c00000, 0x0000000706cea138, 0x0000000706e00000| 45%| O|  |TAMS 0x0000000706c00000, 0x0000000706c00000| Untracked 
|  43|0x0000000706e00000, 0x0000000706fffff8, 0x0000000707000000| 99%| O|  |TAMS 0x0000000706fffff8, 0x0000000706e00000| Untracked 
|  44|0x0000000707000000, 0x0000000707000000, 0x0000000707200000|  0%| F|  |TAMS 0x0000000707000000, 0x0000000707000000| Untracked 
|  45|0x0000000707200000, 0x00000007073ff3e0, 0x0000000707400000| 99%| O|  |TAMS 0x00000007073ff3e0, 0x0000000707200000| Untracked 
|  46|0x0000000707400000, 0x0000000707554f18, 0x0000000707600000| 66%| O|  |TAMS 0x0000000707400000, 0x0000000707400000| Untracked 
|  47|0x0000000707600000, 0x00000007077fe708, 0x0000000707800000| 99%| O|  |TAMS 0x0000000707600000, 0x0000000707600000| Untracked 
|  48|0x0000000707800000, 0x000000070798d8f0, 0x0000000707a00000| 77%| O|  |TAMS 0x0000000707800000, 0x0000000707800000| Untracked 
|  49|0x0000000707a00000, 0x0000000707bfffe0, 0x0000000707c00000| 99%| O|  |TAMS 0x0000000707bfffe0, 0x0000000707a00000| Untracked 
|  50|0x0000000707c00000, 0x0000000707c00000, 0x0000000707e00000|  0%| F|  |TAMS 0x0000000707c00000, 0x0000000707c00000| Untracked 
|  51|0x0000000707e00000, 0x0000000707e00000, 0x0000000708000000|  0%| F|  |TAMS 0x0000000707e00000, 0x0000000707e00000| Untracked 
|  52|0x0000000708000000, 0x00000007081fff08, 0x0000000708200000| 99%| O|  |TAMS 0x00000007081fff08, 0x0000000708000000| Untracked 
|  53|0x0000000708200000, 0x0000000708400000, 0x0000000708400000|100%| O|  |TAMS 0x0000000708400000, 0x0000000708200000| Untracked 
|  54|0x0000000708400000, 0x0000000708400000, 0x0000000708600000|  0%| F|  |TAMS 0x0000000708400000, 0x0000000708400000| Untracked 
|  55|0x0000000708600000, 0x0000000708600000, 0x0000000708800000|  0%| F|  |TAMS 0x0000000708600000, 0x0000000708600000| Untracked 
|  56|0x0000000708800000, 0x0000000708800000, 0x0000000708a00000|  0%| F|  |TAMS 0x0000000708800000, 0x0000000708800000| Untracked 
|  57|0x0000000708a00000, 0x0000000708a10718, 0x0000000708c00000|  3%| O|  |TAMS 0x0000000708a00000, 0x0000000708a00000| Untracked 
|  58|0x0000000708c00000, 0x0000000708c00000, 0x0000000708e00000|  0%| F|  |TAMS 0x0000000708c00000, 0x0000000708c00000| Untracked 
|  59|0x0000000708e00000, 0x0000000708e00000, 0x0000000709000000|  0%| F|  |TAMS 0x0000000708e00000, 0x0000000708e00000| Untracked 
|  60|0x0000000709000000, 0x0000000709000000, 0x0000000709200000|  0%| F|  |TAMS 0x0000000709000000, 0x0000000709000000| Untracked 
|  61|0x0000000709200000, 0x00000007093fffe8, 0x0000000709400000| 99%| O|  |TAMS 0x00000007093fffe8, 0x0000000709200000| Untracked 
|  62|0x0000000709400000, 0x0000000709400000, 0x0000000709600000|  0%| F|  |TAMS 0x0000000709400000, 0x0000000709400000| Untracked 
|  63|0x0000000709600000, 0x0000000709600000, 0x0000000709800000|  0%| F|  |TAMS 0x0000000709600000, 0x0000000709600000| Untracked 
|  64|0x0000000709800000, 0x0000000709800000, 0x0000000709a00000|  0%| F|  |TAMS 0x0000000709800000, 0x0000000709800000| Untracked 
|  65|0x0000000709a00000, 0x0000000709a00000, 0x0000000709c00000|  0%| F|  |TAMS 0x0000000709a00000, 0x0000000709a00000| Untracked 
|  66|0x0000000709c00000, 0x0000000709c00000, 0x0000000709e00000|  0%| F|  |TAMS 0x0000000709c00000, 0x0000000709c00000| Untracked 
|  67|0x0000000709e00000, 0x0000000709e47340, 0x000000070a000000| 13%| O|  |TAMS 0x0000000709e00000, 0x0000000709e00000| Untracked 
|  68|0x000000070a000000, 0x000000070a000000, 0x000000070a200000|  0%| F|  |TAMS 0x000000070a000000, 0x000000070a000000| Untracked 
|  69|0x000000070a200000, 0x000000070a200000, 0x000000070a400000|  0%| F|  |TAMS 0x000000070a200000, 0x000000070a200000| Untracked 
|  70|0x000000070a400000, 0x000000070a600000, 0x000000070a600000|100%|HS|  |TAMS 0x000000070a600000, 0x000000070a400000| Untracked 
|  71|0x000000070a600000, 0x000000070a800000, 0x000000070a800000|100%|HC|  |TAMS 0x000000070a800000, 0x000000070a600000| Untracked 
|  72|0x000000070a800000, 0x000000070aa00000, 0x000000070aa00000|100%|HC|  |TAMS 0x000000070aa00000, 0x000000070a800000| Untracked 
|  73|0x000000070aa00000, 0x000000070ac00000, 0x000000070ac00000|100%|HC|  |TAMS 0x000000070ac00000, 0x000000070aa00000| Untracked 
|  74|0x000000070ac00000, 0x000000070ac00000, 0x000000070ae00000|  0%| F|  |TAMS 0x000000070ac00000, 0x000000070ac00000| Untracked 
|  75|0x000000070ae00000, 0x000000070ae00000, 0x000000070b000000|  0%| F|  |TAMS 0x000000070ae00000, 0x000000070ae00000| Untracked 
|  76|0x000000070b000000, 0x000000070b000000, 0x000000070b200000|  0%| F|  |TAMS 0x000000070b000000, 0x000000070b000000| Untracked 
|  77|0x000000070b200000, 0x000000070b200000, 0x000000070b400000|  0%| F|  |TAMS 0x000000070b200000, 0x000000070b200000| Untracked 
|  78|0x000000070b400000, 0x000000070b400000, 0x000000070b600000|  0%| F|  |TAMS 0x000000070b400000, 0x000000070b400000| Untracked 
|  79|0x000000070b600000, 0x000000070b600000, 0x000000070b800000|  0%| F|  |TAMS 0x000000070b600000, 0x000000070b600000| Untracked 
|  80|0x000000070b800000, 0x000000070b800000, 0x000000070ba00000|  0%| F|  |TAMS 0x000000070b800000, 0x000000070b800000| Untracked 
|  81|0x000000070ba00000, 0x000000070ba00000, 0x000000070bc00000|  0%| F|  |TAMS 0x000000070ba00000, 0x000000070ba00000| Untracked 
|  82|0x000000070bc00000, 0x000000070bc00000, 0x000000070be00000|  0%| F|  |TAMS 0x000000070bc00000, 0x000000070bc00000| Untracked 
|  83|0x000000070be00000, 0x000000070be00000, 0x000000070c000000|  0%| F|  |TAMS 0x000000070be00000, 0x000000070be00000| Untracked 
|  84|0x000000070c000000, 0x000000070c000000, 0x000000070c200000|  0%| F|  |TAMS 0x000000070c000000, 0x000000070c000000| Untracked 
|  85|0x000000070c200000, 0x000000070c200000, 0x000000070c400000|  0%| F|  |TAMS 0x000000070c200000, 0x000000070c200000| Untracked 
|  86|0x000000070c400000, 0x000000070c400000, 0x000000070c600000|  0%| F|  |TAMS 0x000000070c400000, 0x000000070c400000| Untracked 
|  87|0x000000070c600000, 0x000000070c600000, 0x000000070c800000|  0%| F|  |TAMS 0x000000070c600000, 0x000000070c600000| Untracked 
|  88|0x000000070c800000, 0x000000070c800000, 0x000000070ca00000|  0%| F|  |TAMS 0x000000070c800000, 0x000000070c800000| Untracked 
|  89|0x000000070ca00000, 0x000000070ca00000, 0x000000070cc00000|  0%| F|  |TAMS 0x000000070ca00000, 0x000000070ca00000| Untracked 
|  90|0x000000070cc00000, 0x000000070cc00000, 0x000000070ce00000|  0%| F|  |TAMS 0x000000070cc00000, 0x000000070cc00000| Untracked 
|  91|0x000000070ce00000, 0x000000070ce00000, 0x000000070d000000|  0%| F|  |TAMS 0x000000070ce00000, 0x000000070ce00000| Untracked 
|  92|0x000000070d000000, 0x000000070d000000, 0x000000070d200000|  0%| F|  |TAMS 0x000000070d000000, 0x000000070d000000| Untracked 
|  93|0x000000070d200000, 0x000000070d200000, 0x000000070d400000|  0%| F|  |TAMS 0x000000070d200000, 0x000000070d200000| Untracked 
|  94|0x000000070d400000, 0x000000070d400000, 0x000000070d600000|  0%| F|  |TAMS 0x000000070d400000, 0x000000070d400000| Untracked 
|  95|0x000000070d600000, 0x000000070d600000, 0x000000070d800000|  0%| F|  |TAMS 0x000000070d600000, 0x000000070d600000| Untracked 
|  96|0x000000070d800000, 0x000000070d800000, 0x000000070da00000|  0%| F|  |TAMS 0x000000070d800000, 0x000000070d800000| Untracked 
|  97|0x000000070da00000, 0x000000070da00000, 0x000000070dc00000|  0%| F|  |TAMS 0x000000070da00000, 0x000000070da00000| Untracked 
|  98|0x000000070dc00000, 0x000000070dc00000, 0x000000070de00000|  0%| F|  |TAMS 0x000000070dc00000, 0x000000070dc00000| Untracked 
|  99|0x000000070de00000, 0x000000070de00000, 0x000000070e000000|  0%| F|  |TAMS 0x000000070de00000, 0x000000070de00000| Untracked 
| 100|0x000000070e000000, 0x000000070e000000, 0x000000070e200000|  0%| F|  |TAMS 0x000000070e000000, 0x000000070e000000| Untracked 
| 101|0x000000070e200000, 0x000000070e200000, 0x000000070e400000|  0%| F|  |TAMS 0x000000070e200000, 0x000000070e200000| Untracked 
| 102|0x000000070e400000, 0x000000070e400000, 0x000000070e600000|  0%| F|  |TAMS 0x000000070e400000, 0x000000070e400000| Untracked 
| 103|0x000000070e600000, 0x000000070e600000, 0x000000070e800000|  0%| F|  |TAMS 0x000000070e600000, 0x000000070e600000| Untracked 
| 104|0x000000070e800000, 0x000000070e800000, 0x000000070ea00000|  0%| F|  |TAMS 0x000000070e800000, 0x000000070e800000| Untracked 
| 105|0x000000070ea00000, 0x000000070ea00000, 0x000000070ec00000|  0%| F|  |TAMS 0x000000070ea00000, 0x000000070ea00000| Untracked 
| 106|0x000000070ec00000, 0x000000070ec00000, 0x000000070ee00000|  0%| F|  |TAMS 0x000000070ec00000, 0x000000070ec00000| Untracked 
| 107|0x000000070ee00000, 0x000000070ee00000, 0x000000070f000000|  0%| F|  |TAMS 0x000000070ee00000, 0x000000070ee00000| Untracked 
| 108|0x000000070f000000, 0x000000070f000000, 0x000000070f200000|  0%| F|  |TAMS 0x000000070f000000, 0x000000070f000000| Untracked 
| 109|0x000000070f200000, 0x000000070f200000, 0x000000070f400000|  0%| F|  |TAMS 0x000000070f200000, 0x000000070f200000| Untracked 
| 110|0x000000070f400000, 0x000000070f400000, 0x000000070f600000|  0%| F|  |TAMS 0x000000070f400000, 0x000000070f400000| Untracked 
| 111|0x000000070f600000, 0x000000070f600000, 0x000000070f800000|  0%| F|  |TAMS 0x000000070f600000, 0x000000070f600000| Untracked 
| 112|0x000000070f800000, 0x000000070f800000, 0x000000070fa00000|  0%| F|  |TAMS 0x000000070f800000, 0x000000070f800000| Untracked 
| 113|0x000000070fa00000, 0x000000070fa00000, 0x000000070fc00000|  0%| F|  |TAMS 0x000000070fa00000, 0x000000070fa00000| Untracked 
| 114|0x000000070fc00000, 0x000000070fc00000, 0x000000070fe00000|  0%| F|  |TAMS 0x000000070fc00000, 0x000000070fc00000| Untracked 
| 115|0x000000070fe00000, 0x000000070fe00000, 0x0000000710000000|  0%| F|  |TAMS 0x000000070fe00000, 0x000000070fe00000| Untracked 
| 116|0x0000000710000000, 0x0000000710000000, 0x0000000710200000|  0%| F|  |TAMS 0x0000000710000000, 0x0000000710000000| Untracked 
| 117|0x0000000710200000, 0x0000000710200000, 0x0000000710400000|  0%| F|  |TAMS 0x0000000710200000, 0x0000000710200000| Untracked 
| 118|0x0000000710400000, 0x0000000710400000, 0x0000000710600000|  0%| F|  |TAMS 0x0000000710400000, 0x0000000710400000| Untracked 
| 119|0x0000000710600000, 0x0000000710600000, 0x0000000710800000|  0%| F|  |TAMS 0x0000000710600000, 0x0000000710600000| Untracked 
| 120|0x0000000710800000, 0x0000000710800000, 0x0000000710a00000|  0%| F|  |TAMS 0x0000000710800000, 0x0000000710800000| Untracked 
| 121|0x0000000710a00000, 0x0000000710a00000, 0x0000000710c00000|  0%| F|  |TAMS 0x0000000710a00000, 0x0000000710a00000| Untracked 
| 122|0x0000000710c00000, 0x0000000710c00000, 0x0000000710e00000|  0%| F|  |TAMS 0x0000000710c00000, 0x0000000710c00000| Untracked 
| 123|0x0000000710e00000, 0x0000000710e00000, 0x0000000711000000|  0%| F|  |TAMS 0x0000000710e00000, 0x0000000710e00000| Untracked 
| 124|0x0000000711000000, 0x0000000711000000, 0x0000000711200000|  0%| F|  |TAMS 0x0000000711000000, 0x0000000711000000| Untracked 
| 125|0x0000000711200000, 0x0000000711200000, 0x0000000711400000|  0%| F|  |TAMS 0x0000000711200000, 0x0000000711200000| Untracked 
| 126|0x0000000711400000, 0x0000000711400000, 0x0000000711600000|  0%| F|  |TAMS 0x0000000711400000, 0x0000000711400000| Untracked 
| 127|0x0000000711600000, 0x0000000711600000, 0x0000000711800000|  0%| F|  |TAMS 0x0000000711600000, 0x0000000711600000| Untracked 
| 128|0x0000000711800000, 0x0000000711800000, 0x0000000711a00000|  0%| F|  |TAMS 0x0000000711800000, 0x0000000711800000| Untracked 
| 129|0x0000000711a00000, 0x0000000711a00000, 0x0000000711c00000|  0%| F|  |TAMS 0x0000000711a00000, 0x0000000711a00000| Untracked 
| 130|0x0000000711c00000, 0x0000000711c00000, 0x0000000711e00000|  0%| F|  |TAMS 0x0000000711c00000, 0x0000000711c00000| Untracked 
| 131|0x0000000711e00000, 0x0000000711e00000, 0x0000000712000000|  0%| F|  |TAMS 0x0000000711e00000, 0x0000000711e00000| Untracked 
| 132|0x0000000712000000, 0x0000000712000000, 0x0000000712200000|  0%| F|  |TAMS 0x0000000712000000, 0x0000000712000000| Untracked 
| 133|0x0000000712200000, 0x0000000712200000, 0x0000000712400000|  0%| F|  |TAMS 0x0000000712200000, 0x0000000712200000| Untracked 
| 134|0x0000000712400000, 0x0000000712400000, 0x0000000712600000|  0%| F|  |TAMS 0x0000000712400000, 0x0000000712400000| Untracked 
| 135|0x0000000712600000, 0x0000000712600000, 0x0000000712800000|  0%| F|  |TAMS 0x0000000712600000, 0x0000000712600000| Untracked 
| 136|0x0000000712800000, 0x0000000712800000, 0x0000000712a00000|  0%| F|  |TAMS 0x0000000712800000, 0x0000000712800000| Untracked 
| 137|0x0000000712a00000, 0x0000000712a00000, 0x0000000712c00000|  0%| F|  |TAMS 0x0000000712a00000, 0x0000000712a00000| Untracked 
| 138|0x0000000712c00000, 0x0000000712c00000, 0x0000000712e00000|  0%| F|  |TAMS 0x0000000712c00000, 0x0000000712c00000| Untracked 
| 139|0x0000000712e00000, 0x0000000712e00000, 0x0000000713000000|  0%| F|  |TAMS 0x0000000712e00000, 0x0000000712e00000| Untracked 
| 140|0x0000000713000000, 0x0000000713000000, 0x0000000713200000|  0%| F|  |TAMS 0x0000000713000000, 0x0000000713000000| Untracked 
| 141|0x0000000713200000, 0x0000000713200000, 0x0000000713400000|  0%| F|  |TAMS 0x0000000713200000, 0x0000000713200000| Untracked 
| 142|0x0000000713400000, 0x0000000713400000, 0x0000000713600000|  0%| F|  |TAMS 0x0000000713400000, 0x0000000713400000| Untracked 
| 143|0x0000000713600000, 0x0000000713600000, 0x0000000713800000|  0%| F|  |TAMS 0x0000000713600000, 0x0000000713600000| Untracked 
| 144|0x0000000713800000, 0x0000000713800000, 0x0000000713a00000|  0%| F|  |TAMS 0x0000000713800000, 0x0000000713800000| Untracked 
| 145|0x0000000713a00000, 0x0000000713a00000, 0x0000000713c00000|  0%| F|  |TAMS 0x0000000713a00000, 0x0000000713a00000| Untracked 
| 146|0x0000000713c00000, 0x0000000713c00000, 0x0000000713e00000|  0%| F|  |TAMS 0x0000000713c00000, 0x0000000713c00000| Untracked 
| 147|0x0000000713e00000, 0x0000000713e00000, 0x0000000714000000|  0%| F|  |TAMS 0x0000000713e00000, 0x0000000713e00000| Untracked 
| 148|0x0000000714000000, 0x0000000714000000, 0x0000000714200000|  0%| F|  |TAMS 0x0000000714000000, 0x0000000714000000| Untracked 
| 149|0x0000000714200000, 0x0000000714200000, 0x0000000714400000|  0%| F|  |TAMS 0x0000000714200000, 0x0000000714200000| Untracked 
| 150|0x0000000714400000, 0x0000000714400000, 0x0000000714600000|  0%| F|  |TAMS 0x0000000714400000, 0x0000000714400000| Untracked 
| 151|0x0000000714600000, 0x0000000714600000, 0x0000000714800000|  0%| F|  |TAMS 0x0000000714600000, 0x0000000714600000| Untracked 
| 152|0x0000000714800000, 0x0000000714800000, 0x0000000714a00000|  0%| F|  |TAMS 0x0000000714800000, 0x0000000714800000| Untracked 
| 153|0x0000000714a00000, 0x0000000714a00000, 0x0000000714c00000|  0%| F|  |TAMS 0x0000000714a00000, 0x0000000714a00000| Untracked 
| 154|0x0000000714c00000, 0x0000000714c00000, 0x0000000714e00000|  0%| F|  |TAMS 0x0000000714c00000, 0x0000000714c00000| Untracked 
| 155|0x0000000714e00000, 0x0000000714e00000, 0x0000000715000000|  0%| F|  |TAMS 0x0000000714e00000, 0x0000000714e00000| Untracked 
| 156|0x0000000715000000, 0x0000000715000000, 0x0000000715200000|  0%| F|  |TAMS 0x0000000715000000, 0x0000000715000000| Untracked 
| 157|0x0000000715200000, 0x0000000715200000, 0x0000000715400000|  0%| F|  |TAMS 0x0000000715200000, 0x0000000715200000| Untracked 
| 158|0x0000000715400000, 0x0000000715400000, 0x0000000715600000|  0%| F|  |TAMS 0x0000000715400000, 0x0000000715400000| Untracked 
| 159|0x0000000715600000, 0x0000000715600000, 0x0000000715800000|  0%| F|  |TAMS 0x0000000715600000, 0x0000000715600000| Untracked 
| 160|0x0000000715800000, 0x0000000715800000, 0x0000000715a00000|  0%| F|  |TAMS 0x0000000715800000, 0x0000000715800000| Untracked 
| 161|0x0000000715a00000, 0x0000000715a00000, 0x0000000715c00000|  0%| F|  |TAMS 0x0000000715a00000, 0x0000000715a00000| Untracked 
| 162|0x0000000715c00000, 0x0000000715c00000, 0x0000000715e00000|  0%| F|  |TAMS 0x0000000715c00000, 0x0000000715c00000| Untracked 
| 163|0x0000000715e00000, 0x0000000715e00000, 0x0000000716000000|  0%| F|  |TAMS 0x0000000715e00000, 0x0000000715e00000| Untracked 
| 164|0x0000000716000000, 0x0000000716000000, 0x0000000716200000|  0%| F|  |TAMS 0x0000000716000000, 0x0000000716000000| Untracked 
| 165|0x0000000716200000, 0x0000000716200000, 0x0000000716400000|  0%| F|  |TAMS 0x0000000716200000, 0x0000000716200000| Untracked 
| 166|0x0000000716400000, 0x0000000716400000, 0x0000000716600000|  0%| F|  |TAMS 0x0000000716400000, 0x0000000716400000| Untracked 
| 167|0x0000000716600000, 0x0000000716600000, 0x0000000716800000|  0%| F|  |TAMS 0x0000000716600000, 0x0000000716600000| Untracked 
| 168|0x0000000716800000, 0x0000000716800000, 0x0000000716a00000|  0%| F|  |TAMS 0x0000000716800000, 0x0000000716800000| Untracked 
| 169|0x0000000716a00000, 0x0000000716a00000, 0x0000000716c00000|  0%| F|  |TAMS 0x0000000716a00000, 0x0000000716a00000| Untracked 
| 170|0x0000000716c00000, 0x0000000716c00000, 0x0000000716e00000|  0%| F|  |TAMS 0x0000000716c00000, 0x0000000716c00000| Untracked 
| 171|0x0000000716e00000, 0x0000000716e00000, 0x0000000717000000|  0%| F|  |TAMS 0x0000000716e00000, 0x0000000716e00000| Untracked 
| 172|0x0000000717000000, 0x0000000717000000, 0x0000000717200000|  0%| F|  |TAMS 0x0000000717000000, 0x0000000717000000| Untracked 
| 173|0x0000000717200000, 0x0000000717200000, 0x0000000717400000|  0%| F|  |TAMS 0x0000000717200000, 0x0000000717200000| Untracked 
| 174|0x0000000717400000, 0x0000000717400000, 0x0000000717600000|  0%| F|  |TAMS 0x0000000717400000, 0x0000000717400000| Untracked 
| 175|0x0000000717600000, 0x0000000717600000, 0x0000000717800000|  0%| F|  |TAMS 0x0000000717600000, 0x0000000717600000| Untracked 
| 176|0x0000000717800000, 0x0000000717800000, 0x0000000717a00000|  0%| F|  |TAMS 0x0000000717800000, 0x0000000717800000| Untracked 
| 177|0x0000000717a00000, 0x0000000717a00000, 0x0000000717c00000|  0%| F|  |TAMS 0x0000000717a00000, 0x0000000717a00000| Untracked 
| 178|0x0000000717c00000, 0x0000000717c00000, 0x0000000717e00000|  0%| F|  |TAMS 0x0000000717c00000, 0x0000000717c00000| Untracked 
| 179|0x0000000717e00000, 0x0000000717e00000, 0x0000000718000000|  0%| F|  |TAMS 0x0000000717e00000, 0x0000000717e00000| Untracked 
| 180|0x0000000718000000, 0x0000000718000000, 0x0000000718200000|  0%| F|  |TAMS 0x0000000718000000, 0x0000000718000000| Untracked 
| 181|0x0000000718200000, 0x0000000718200000, 0x0000000718400000|  0%| F|  |TAMS 0x0000000718200000, 0x0000000718200000| Untracked 
| 182|0x0000000718400000, 0x0000000718400000, 0x0000000718600000|  0%| F|  |TAMS 0x0000000718400000, 0x0000000718400000| Untracked 
| 183|0x0000000718600000, 0x0000000718600000, 0x0000000718800000|  0%| F|  |TAMS 0x0000000718600000, 0x0000000718600000| Untracked 
| 184|0x0000000718800000, 0x0000000718800000, 0x0000000718a00000|  0%| F|  |TAMS 0x0000000718800000, 0x0000000718800000| Untracked 
| 185|0x0000000718a00000, 0x0000000718a00000, 0x0000000718c00000|  0%| F|  |TAMS 0x0000000718a00000, 0x0000000718a00000| Untracked 
| 186|0x0000000718c00000, 0x0000000718c00000, 0x0000000718e00000|  0%| F|  |TAMS 0x0000000718c00000, 0x0000000718c00000| Untracked 
| 187|0x0000000718e00000, 0x0000000718e00000, 0x0000000719000000|  0%| F|  |TAMS 0x0000000718e00000, 0x0000000718e00000| Untracked 
| 188|0x0000000719000000, 0x0000000719000000, 0x0000000719200000|  0%| F|  |TAMS 0x0000000719000000, 0x0000000719000000| Untracked 
| 189|0x0000000719200000, 0x0000000719200000, 0x0000000719400000|  0%| F|  |TAMS 0x0000000719200000, 0x0000000719200000| Untracked 
| 190|0x0000000719400000, 0x0000000719400000, 0x0000000719600000|  0%| F|  |TAMS 0x0000000719400000, 0x0000000719400000| Untracked 
| 191|0x0000000719600000, 0x0000000719600000, 0x0000000719800000|  0%| F|  |TAMS 0x0000000719600000, 0x0000000719600000| Untracked 
| 192|0x0000000719800000, 0x0000000719800000, 0x0000000719a00000|  0%| F|  |TAMS 0x0000000719800000, 0x0000000719800000| Untracked 
| 193|0x0000000719a00000, 0x0000000719a00000, 0x0000000719c00000|  0%| F|  |TAMS 0x0000000719a00000, 0x0000000719a00000| Untracked 
| 194|0x0000000719c00000, 0x0000000719c00000, 0x0000000719e00000|  0%| F|  |TAMS 0x0000000719c00000, 0x0000000719c00000| Untracked 
| 195|0x0000000719e00000, 0x0000000719e00000, 0x000000071a000000|  0%| F|  |TAMS 0x0000000719e00000, 0x0000000719e00000| Untracked 
| 196|0x000000071a000000, 0x000000071a000000, 0x000000071a200000|  0%| F|  |TAMS 0x000000071a000000, 0x000000071a000000| Untracked 
| 197|0x000000071a200000, 0x000000071a200000, 0x000000071a400000|  0%| F|  |TAMS 0x000000071a200000, 0x000000071a200000| Untracked 
| 198|0x000000071a400000, 0x000000071a400000, 0x000000071a600000|  0%| F|  |TAMS 0x000000071a400000, 0x000000071a400000| Untracked 
| 199|0x000000071a600000, 0x000000071a600000, 0x000000071a800000|  0%| F|  |TAMS 0x000000071a600000, 0x000000071a600000| Untracked 
| 200|0x000000071a800000, 0x000000071a800000, 0x000000071aa00000|  0%| F|  |TAMS 0x000000071a800000, 0x000000071a800000| Untracked 
| 201|0x000000071aa00000, 0x000000071aa00000, 0x000000071ac00000|  0%| F|  |TAMS 0x000000071aa00000, 0x000000071aa00000| Untracked 
| 202|0x000000071ac00000, 0x000000071ac00000, 0x000000071ae00000|  0%| F|  |TAMS 0x000000071ac00000, 0x000000071ac00000| Untracked 
| 203|0x000000071ae00000, 0x000000071ae00000, 0x000000071b000000|  0%| F|  |TAMS 0x000000071ae00000, 0x000000071ae00000| Untracked 
| 204|0x000000071b000000, 0x000000071b000000, 0x000000071b200000|  0%| F|  |TAMS 0x000000071b000000, 0x000000071b000000| Untracked 
| 205|0x000000071b200000, 0x000000071b200000, 0x000000071b400000|  0%| F|  |TAMS 0x000000071b200000, 0x000000071b200000| Untracked 
| 206|0x000000071b400000, 0x000000071b400000, 0x000000071b600000|  0%| F|  |TAMS 0x000000071b400000, 0x000000071b400000| Untracked 
| 207|0x000000071b600000, 0x000000071b600000, 0x000000071b800000|  0%| F|  |TAMS 0x000000071b600000, 0x000000071b600000| Untracked 
| 208|0x000000071b800000, 0x000000071b800000, 0x000000071ba00000|  0%| F|  |TAMS 0x000000071b800000, 0x000000071b800000| Untracked 
| 209|0x000000071ba00000, 0x000000071ba00000, 0x000000071bc00000|  0%| F|  |TAMS 0x000000071ba00000, 0x000000071ba00000| Untracked 
| 210|0x000000071bc00000, 0x000000071bc00000, 0x000000071be00000|  0%| F|  |TAMS 0x000000071bc00000, 0x000000071bc00000| Untracked 
| 211|0x000000071be00000, 0x000000071be00000, 0x000000071c000000|  0%| F|  |TAMS 0x000000071be00000, 0x000000071be00000| Untracked 
| 212|0x000000071c000000, 0x000000071c000000, 0x000000071c200000|  0%| F|  |TAMS 0x000000071c000000, 0x000000071c000000| Untracked 
| 213|0x000000071c200000, 0x000000071c200000, 0x000000071c400000|  0%| F|  |TAMS 0x000000071c200000, 0x000000071c200000| Untracked 
| 214|0x000000071c400000, 0x000000071c400000, 0x000000071c600000|  0%| F|  |TAMS 0x000000071c400000, 0x000000071c400000| Untracked 
| 215|0x000000071c600000, 0x000000071c600000, 0x000000071c800000|  0%| F|  |TAMS 0x000000071c600000, 0x000000071c600000| Untracked 
| 216|0x000000071c800000, 0x000000071c800000, 0x000000071ca00000|  0%| F|  |TAMS 0x000000071c800000, 0x000000071c800000| Untracked 
| 217|0x000000071ca00000, 0x000000071ca00000, 0x000000071cc00000|  0%| F|  |TAMS 0x000000071ca00000, 0x000000071ca00000| Untracked 
| 218|0x000000071cc00000, 0x000000071cc00000, 0x000000071ce00000|  0%| F|  |TAMS 0x000000071cc00000, 0x000000071cc00000| Untracked 
| 219|0x000000071ce00000, 0x000000071ce00000, 0x000000071d000000|  0%| F|  |TAMS 0x000000071ce00000, 0x000000071ce00000| Untracked 
| 220|0x000000071d000000, 0x000000071d000000, 0x000000071d200000|  0%| F|  |TAMS 0x000000071d000000, 0x000000071d000000| Untracked 
| 221|0x000000071d200000, 0x000000071d200000, 0x000000071d400000|  0%| F|  |TAMS 0x000000071d200000, 0x000000071d200000| Untracked 
| 222|0x000000071d400000, 0x000000071d400000, 0x000000071d600000|  0%| F|  |TAMS 0x000000071d400000, 0x000000071d400000| Untracked 
| 223|0x000000071d600000, 0x000000071d600000, 0x000000071d800000|  0%| F|  |TAMS 0x000000071d600000, 0x000000071d600000| Untracked 
| 224|0x000000071d800000, 0x000000071d800000, 0x000000071da00000|  0%| F|  |TAMS 0x000000071d800000, 0x000000071d800000| Untracked 
| 225|0x000000071da00000, 0x000000071da00000, 0x000000071dc00000|  0%| F|  |TAMS 0x000000071da00000, 0x000000071da00000| Untracked 
| 226|0x000000071dc00000, 0x000000071dc00000, 0x000000071de00000|  0%| F|  |TAMS 0x000000071dc00000, 0x000000071dc00000| Untracked 
| 227|0x000000071de00000, 0x000000071de00000, 0x000000071e000000|  0%| F|  |TAMS 0x000000071de00000, 0x000000071de00000| Untracked 
| 228|0x000000071e000000, 0x000000071e000000, 0x000000071e200000|  0%| F|  |TAMS 0x000000071e000000, 0x000000071e000000| Untracked 
| 229|0x000000071e200000, 0x000000071e200000, 0x000000071e400000|  0%| F|  |TAMS 0x000000071e200000, 0x000000071e200000| Untracked 
| 230|0x000000071e400000, 0x000000071e400000, 0x000000071e600000|  0%| F|  |TAMS 0x000000071e400000, 0x000000071e400000| Untracked 
| 231|0x000000071e600000, 0x000000071e600000, 0x000000071e800000|  0%| F|  |TAMS 0x000000071e600000, 0x000000071e600000| Untracked 
| 232|0x000000071e800000, 0x000000071e800000, 0x000000071ea00000|  0%| F|  |TAMS 0x000000071e800000, 0x000000071e800000| Untracked 
| 233|0x000000071ea00000, 0x000000071ea00000, 0x000000071ec00000|  0%| F|  |TAMS 0x000000071ea00000, 0x000000071ea00000| Untracked 
| 234|0x000000071ec00000, 0x000000071ec00000, 0x000000071ee00000|  0%| F|  |TAMS 0x000000071ec00000, 0x000000071ec00000| Untracked 
| 235|0x000000071ee00000, 0x000000071ee00000, 0x000000071f000000|  0%| F|  |TAMS 0x000000071ee00000, 0x000000071ee00000| Untracked 
| 236|0x000000071f000000, 0x000000071f000000, 0x000000071f200000|  0%| F|  |TAMS 0x000000071f000000, 0x000000071f000000| Untracked 
| 237|0x000000071f200000, 0x000000071f200000, 0x000000071f400000|  0%| F|  |TAMS 0x000000071f200000, 0x000000071f200000| Untracked 
| 238|0x000000071f400000, 0x000000071f400000, 0x000000071f600000|  0%| F|  |TAMS 0x000000071f400000, 0x000000071f400000| Untracked 
| 239|0x000000071f600000, 0x000000071f600000, 0x000000071f800000|  0%| F|  |TAMS 0x000000071f600000, 0x000000071f600000| Untracked 
| 240|0x000000071f800000, 0x000000071f800000, 0x000000071fa00000|  0%| F|  |TAMS 0x000000071f800000, 0x000000071f800000| Untracked 
| 241|0x000000071fa00000, 0x000000071fa00000, 0x000000071fc00000|  0%| F|  |TAMS 0x000000071fa00000, 0x000000071fa00000| Untracked 
| 242|0x000000071fc00000, 0x000000071fc00000, 0x000000071fe00000|  0%| F|  |TAMS 0x000000071fc00000, 0x000000071fc00000| Untracked 
| 243|0x000000071fe00000, 0x000000071fe00000, 0x0000000720000000|  0%| F|  |TAMS 0x000000071fe00000, 0x000000071fe00000| Untracked 
| 244|0x0000000720000000, 0x0000000720000800, 0x0000000720200000|  0%| E|  |TAMS 0x0000000720000000, 0x0000000720000000| Complete 
| 245|0x0000000720200000, 0x0000000720400000, 0x0000000720400000|100%| E|CS|TAMS 0x0000000720200000, 0x0000000720200000| Complete 
| 246|0x0000000720400000, 0x0000000720600000, 0x0000000720600000|100%| E|CS|TAMS 0x0000000720400000, 0x0000000720400000| Complete 
| 247|0x0000000720600000, 0x0000000720800000, 0x0000000720800000|100%| E|CS|TAMS 0x0000000720600000, 0x0000000720600000| Complete 
| 248|0x0000000720800000, 0x0000000720a00000, 0x0000000720a00000|100%| E|CS|TAMS 0x0000000720800000, 0x0000000720800000| Complete 
| 249|0x0000000720a00000, 0x0000000720c00000, 0x0000000720c00000|100%| E|CS|TAMS 0x0000000720a00000, 0x0000000720a00000| Complete 
| 250|0x0000000720c00000, 0x0000000720e00000, 0x0000000720e00000|100%| E|CS|TAMS 0x0000000720c00000, 0x0000000720c00000| Complete 
| 251|0x0000000720e00000, 0x0000000721000000, 0x0000000721000000|100%| E|CS|TAMS 0x0000000720e00000, 0x0000000720e00000| Complete 
| 252|0x0000000721000000, 0x0000000721200000, 0x0000000721200000|100%| E|CS|TAMS 0x0000000721000000, 0x0000000721000000| Complete 
| 253|0x0000000721200000, 0x0000000721400000, 0x0000000721400000|100%| E|CS|TAMS 0x0000000721200000, 0x0000000721200000| Complete 
| 254|0x0000000721400000, 0x0000000721600000, 0x0000000721600000|100%| E|CS|TAMS 0x0000000721400000, 0x0000000721400000| Complete 
| 255|0x0000000721600000, 0x0000000721800000, 0x0000000721800000|100%| E|CS|TAMS 0x0000000721600000, 0x0000000721600000| Complete 

Card table byte_map: [0x000001da7ca60000,0x000001da7d260000] _byte_map_base: 0x000001da79254000

Marking Bits (Prev, Next): (CMBitMap*) 0x000001da70014030, (CMBitMap*) 0x000001da70014070
 Prev Bits: [0x000001da0f000000, 0x000001da12fa0000)
 Next Bits: [0x000001da12fa0000, 0x000001da16f40000)

Polling page: 0x000001da6b940000

Metaspace:

Usage:
  Non-class:     82.60 MB used.
      Class:     13.58 MB used.
       Both:     96.18 MB used.

Virtual space:
  Non-class space:       88.00 MB reserved,      83.62 MB ( 95%) committed,  11 nodes.
      Class space:        1.00 GB reserved,      14.19 MB (  1%) committed,  1 nodes.
             Both:        1.09 GB reserved,      97.81 MB (  9%) committed. 

Chunk freelists:
   Non-Class:  4.76 MB
       Class:  2.11 MB
        Both:  6.88 MB

MaxMetaspaceSize: unlimited
CompressedClassSpaceSize: 1.00 GB
Initial GC threshold: 21.00 MB
Current GC threshold: 162.81 MB
CDS: on
MetaspaceReclaimPolicy: balanced
 - commit_granule_bytes: 65536.
 - commit_granule_words: 8192.
 - virtual_space_node_default_size: 1048576.
 - enlarge_chunks_in_place: 1.
 - new_chunks_are_fully_committed: 0.
 - uncommit_free_chunks: 1.
 - use_allocation_guard: 0.
 - handle_deallocations: 1.


Internal statistics:

num_allocs_failed_limit: 6.
num_arena_births: 1476.
num_arena_deaths: 922.
num_vsnodes_births: 12.
num_vsnodes_deaths: 0.
num_space_committed: 1559.
num_space_uncommitted: 0.
num_chunks_returned_to_freelist: 1078.
num_chunks_taken_from_freelist: 4303.
num_chunk_merges: 442.
num_chunk_splits: 3109.
num_chunks_enlarged: 2303.
num_purges: 10.
num_inconsistent_stats: 0.

CodeHeap 'non-profiled nmethods': size=120000Kb used=30309Kb max_used=31060Kb free=89690Kb
 bounds [0x000001da07ad0000, 0x000001da09930000, 0x000001da0f000000]
CodeHeap 'profiled nmethods': size=120000Kb used=42243Kb max_used=42703Kb free=77756Kb
 bounds [0x000001da005a0000, 0x000001da02f90000, 0x000001da07ad0000]
CodeHeap 'non-nmethods': size=5760Kb used=1775Kb max_used=1820Kb free=3984Kb
 bounds [0x000001da00000000, 0x000001da00270000, 0x000001da005a0000]
 total_blobs=22458 nmethods=21228 adapters=1135
 compilation: enabled
              stopped_count=0, restarted_count=0
 full_count=0

Compilation events (20 events):
Event: 9797.613 Thread 0x000001da74113ef0 29548       4       javax.swing.plaf.basic.BasicScrollBarUI::getHandler (24 bytes)
Event: 9797.616 Thread 0x000001da74113ef0 nmethod 29548 0x000001da07d34310 code [0x000001da07d344a0, 0x000001da07d34678]
Event: 9797.676 Thread 0x000001da74123d40 29549       3       com.jidesoft.plaf.basic.BasicJideTabbedPaneUI::getTextViewForTab (32 bytes)
Event: 9797.677 Thread 0x000001da74123d40 nmethod 29549 0x000001da00b40110 code [0x000001da00b402e0, 0x000001da00b407c8]
Event: 9797.809 Thread 0x000001da74113ef0 29550       4       javax.swing.JViewport::getInsets (12 bytes)
Event: 9797.810 Thread 0x000001da74113ef0 nmethod 29550 0x000001da08bb4310 code [0x000001da08bb44a0, 0x000001da08bb4578]
Event: 9797.815 Thread 0x000001da74113ef0 29551   !   4       java.awt.FlowLayout::layoutContainer (382 bytes)
Event: 9797.832 Thread 0x000001da74113ef0 nmethod 29551 0x000001da085e6990 code [0x000001da085e6b60, 0x000001da085e7448]
Event: 9797.832 Thread 0x000001da74113ef0 29552       4       java.awt.FlowLayout::moveComponents (342 bytes)
Event: 9797.841 Thread 0x000001da74113ef0 nmethod 29552 0x000001da08227b90 code [0x000001da08227d40, 0x000001da08228358]
Event: 9797.841 Thread 0x000001da74113ef0 29553       4       sun.nio.ch.IOUtil::acquireScope (11 bytes)
Event: 9797.843 Thread 0x000001da74113ef0 nmethod 29553 0x000001da08280a90 code [0x000001da08280c00, 0x000001da08280c98]
Event: 9797.873 Thread 0x000001da74123d40 29554       3       javax.swing.plaf.synth.SynthTreeUI::propertyChange (53 bytes)
Event: 9797.874 Thread 0x000001da74123d40 nmethod 29554 0x000001da01cd1890 code [0x000001da01cd1ac0, 0x000001da01cd2498]
Event: 9797.897 Thread 0x000001da74113ef0 29555       4       java.util.Collections::emptyIterator (4 bytes)
Event: 9797.897 Thread 0x000001da74113ef0 nmethod 29555 0x000001da0848f090 code [0x000001da0848f200, 0x000001da0848f258]
Event: 9797.916 Thread 0x000001da74123d40 29556   !   3       com.jidesoft.plaf.basic.BasicCommandBarTitleBarUI::uninstallUI (70 bytes)
Event: 9797.917 Thread 0x000001da74123d40 nmethod 29556 0x000001da015ea390 code [0x000001da015ea600, 0x000001da015eac08]
Event: 9797.917 Thread 0x000001da74123d40 29557   !   3       com.jidesoft.plaf.basic.BasicCommandBarTitleBarUI::uninstallListeners (40 bytes)
Event: 9797.917 Thread 0x000001da74123d40 nmethod 29557 0x000001da017d7890 code [0x000001da017d7a40, 0x000001da017d7d48]

GC Heap History (20 events):
Event: 7617.441 GC heap before
{Heap before GC invocations=757 (full 492):
 garbage-first heap   total 524288K, used 194591K [0x0000000701800000, 0x0000000800000000)
  region size 2048K, 40 young (81920K), 1 survivors (2048K)
 Metaspace       used 98659K, committed 100160K, reserved 1138688K
  class space    used 13949K, committed 14528K, reserved 1048576K
}
Event: 7617.443 GC heap after
{Heap after GC invocations=758 (full 492):
 garbage-first heap   total 524288K, used 114721K [0x0000000701800000, 0x0000000800000000)
  region size 2048K, 1 young (2048K), 1 survivors (2048K)
 Metaspace       used 98659K, committed 100160K, reserved 1138688K
  class space    used 13949K, committed 14528K, reserved 1048576K
}
Event: 7762.453 GC heap before
{Heap before GC invocations=758 (full 492):
 garbage-first heap   total 524288K, used 194593K [0x0000000701800000, 0x0000000800000000)
  region size 2048K, 40 young (81920K), 1 survivors (2048K)
 Metaspace       used 98661K, committed 100160K, reserved 1138688K
  class space    used 13949K, committed 14528K, reserved 1048576K
}
Event: 7762.457 GC heap after
{Heap after GC invocations=759 (full 492):
 garbage-first heap   total 524288K, used 114727K [0x0000000701800000, 0x0000000800000000)
  region size 2048K, 1 young (2048K), 1 survivors (2048K)
 Metaspace       used 98661K, committed 100160K, reserved 1138688K
  class space    used 13949K, committed 14528K, reserved 1048576K
}
Event: 7814.780 GC heap before
{Heap before GC invocations=759 (full 492):
 garbage-first heap   total 524288K, used 143399K [0x0000000701800000, 0x0000000800000000)
  region size 2048K, 16 young (32768K), 1 survivors (2048K)
 Metaspace       used 98661K, committed 100160K, reserved 1138688K
  class space    used 13949K, committed 14528K, reserved 1048576K
}
Event: 7814.866 GC heap after
{Heap after GC invocations=760 (full 493):
 garbage-first heap   total 524288K, used 112176K [0x0000000701800000, 0x0000000800000000)
  region size 2048K, 0 young (0K), 0 survivors (0K)
 Metaspace       used 98531K, committed 100160K, reserved 1138688K
  class space    used 13919K, committed 14528K, reserved 1048576K
}
Event: 7962.620 GC heap before
{Heap before GC invocations=760 (full 493):
 garbage-first heap   total 524288K, used 194096K [0x0000000701800000, 0x0000000800000000)
  region size 2048K, 40 young (81920K), 0 survivors (0K)
 Metaspace       used 98531K, committed 100160K, reserved 1138688K
  class space    used 13919K, committed 14528K, reserved 1048576K
}
Event: 7962.623 GC heap after
{Heap after GC invocations=761 (full 493):
 garbage-first heap   total 524288K, used 112541K [0x0000000701800000, 0x0000000800000000)
  region size 2048K, 1 young (2048K), 1 survivors (2048K)
 Metaspace       used 98531K, committed 100160K, reserved 1138688K
  class space    used 13919K, committed 14528K, reserved 1048576K
}
Event: 8108.654 GC heap before
{Heap before GC invocations=761 (full 493):
 garbage-first heap   total 524288K, used 192413K [0x0000000701800000, 0x0000000800000000)
  region size 2048K, 40 young (81920K), 1 survivors (2048K)
 Metaspace       used 98531K, committed 100160K, reserved 1138688K
  class space    used 13919K, committed 14528K, reserved 1048576K
}
Event: 8108.658 GC heap after
{Heap after GC invocations=762 (full 493):
 garbage-first heap   total 524288K, used 112548K [0x0000000701800000, 0x0000000800000000)
  region size 2048K, 1 young (2048K), 1 survivors (2048K)
 Metaspace       used 98531K, committed 100160K, reserved 1138688K
  class space    used 13919K, committed 14528K, reserved 1048576K
}
Event: 8254.080 GC heap before
{Heap before GC invocations=762 (full 493):
 garbage-first heap   total 524288K, used 192420K [0x0000000701800000, 0x0000000800000000)
  region size 2048K, 40 young (81920K), 1 survivors (2048K)
 Metaspace       used 98531K, committed 100160K, reserved 1138688K
  class space    used 13919K, committed 14528K, reserved 1048576K
}
Event: 8254.084 GC heap after
{Heap after GC invocations=763 (full 493):
 garbage-first heap   total 524288K, used 112603K [0x0000000701800000, 0x0000000800000000)
  region size 2048K, 1 young (2048K), 1 survivors (2048K)
 Metaspace       used 98531K, committed 100160K, reserved 1138688K
  class space    used 13919K, committed 14528K, reserved 1048576K
}
Event: 8400.868 GC heap before
{Heap before GC invocations=763 (full 493):
 garbage-first heap   total 524288K, used 192475K [0x0000000701800000, 0x0000000800000000)
  region size 2048K, 40 young (81920K), 1 survivors (2048K)
 Metaspace       used 98531K, committed 100160K, reserved 1138688K
  class space    used 13919K, committed 14528K, reserved 1048576K
}
Event: 8400.871 GC heap after
{Heap after GC invocations=764 (full 493):
 garbage-first heap   total 524288K, used 112644K [0x0000000701800000, 0x0000000800000000)
  region size 2048K, 1 young (2048K), 1 survivors (2048K)
 Metaspace       used 98531K, committed 100160K, reserved 1138688K
  class space    used 13919K, committed 14528K, reserved 1048576K
}
Event: 8546.673 GC heap before
{Heap before GC invocations=764 (full 493):
 garbage-first heap   total 524288K, used 192516K [0x0000000701800000, 0x0000000800000000)
  region size 2048K, 40 young (81920K), 1 survivors (2048K)
 Metaspace       used 98531K, committed 100160K, reserved 1138688K
  class space    used 13919K, committed 14528K, reserved 1048576K
}
Event: 8546.676 GC heap after
{Heap after GC invocations=765 (full 493):
 garbage-first heap   total 524288K, used 112694K [0x0000000701800000, 0x0000000800000000)
  region size 2048K, 1 young (2048K), 1 survivors (2048K)
 Metaspace       used 98531K, committed 100160K, reserved 1138688K
  class space    used 13919K, committed 14528K, reserved 1048576K
}
Event: 8693.478 GC heap before
{Heap before GC invocations=765 (full 493):
 garbage-first heap   total 524288K, used 192566K [0x0000000701800000, 0x0000000800000000)
  region size 2048K, 40 young (81920K), 1 survivors (2048K)
 Metaspace       used 98531K, committed 100160K, reserved 1138688K
  class space    used 13919K, committed 14528K, reserved 1048576K
}
Event: 8693.481 GC heap after
{Heap after GC invocations=766 (full 493):
 garbage-first heap   total 524288K, used 112701K [0x0000000701800000, 0x0000000800000000)
  region size 2048K, 1 young (2048K), 1 survivors (2048K)
 Metaspace       used 98531K, committed 100160K, reserved 1138688K
  class space    used 13919K, committed 14528K, reserved 1048576K
}
Event: 9797.035 GC heap before
{Heap before GC invocations=766 (full 493):
 garbage-first heap   total 524288K, used 174141K [0x0000000701800000, 0x0000000800000000)
  region size 2048K, 32 young (65536K), 1 survivors (2048K)
 Metaspace       used 98615K, committed 100160K, reserved 1138688K
  class space    used 13938K, committed 14528K, reserved 1048576K
}
Event: 9797.248 GC heap after
{Heap after GC invocations=767 (full 494):
 garbage-first heap   total 524288K, used 111913K [0x0000000701800000, 0x0000000800000000)
  region size 2048K, 0 young (0K), 0 survivors (0K)
 Metaspace       used 98473K, committed 100160K, reserved 1138688K
  class space    used 13904K, committed 14528K, reserved 1048576K
}

Deoptimization events (20 events):
Event: 9797.641 Thread 0x000001da7411ca30 Uncommon trap: trap_request=0xffffff45 fr.pc=0x000001da08782280 relative=0x0000000000000260
Event: 9797.641 Thread 0x000001da7411ca30 Uncommon trap: reason=unstable_if action=reinterpret pc=0x000001da08782280 method=java.awt.BorderLayout.removeLayoutComponent(Ljava/awt/Component;)V @ 76 c2
Event: 9797.641 Thread 0x000001da7411ca30 DEOPT PACKING pc=0x000001da08782280 sp=0x0000009ab4dfe0b0
Event: 9797.641 Thread 0x000001da7411ca30 DEOPT UNPACKING pc=0x000001da000523a3 sp=0x0000009ab4dfe048 mode 2
Event: 9797.651 Thread 0x000001da7411ca30 Uncommon trap: trap_request=0xffffff45 fr.pc=0x000001da08629d64 relative=0x0000000000000064
Event: 9797.651 Thread 0x000001da7411ca30 Uncommon trap: reason=unstable_if action=reinterpret pc=0x000001da08629d64 method=com.jidesoft.plaf.basic.BasicJideTabbedPaneUI.getTextViewForTab(I)Ljavax/swing/text/View; @ 4 c2
Event: 9797.651 Thread 0x000001da7411ca30 DEOPT PACKING pc=0x000001da08629d64 sp=0x0000009ab4dfdca0
Event: 9797.651 Thread 0x000001da7411ca30 DEOPT UNPACKING pc=0x000001da000523a3 sp=0x0000009ab4dfdc30 mode 2
Event: 9797.859 Thread 0x000001da7411ca30 Uncommon trap: trap_request=0xffffff45 fr.pc=0x000001da0955cad4 relative=0x0000000000000a74
Event: 9797.859 Thread 0x000001da7411ca30 Uncommon trap: reason=unstable_if action=reinterpret pc=0x000001da0955cad4 method=com.jidesoft.swing.SoftHashMap.expungeStaleEntries()V @ 9 c2
Event: 9797.859 Thread 0x000001da7411ca30 DEOPT PACKING pc=0x000001da0955cad4 sp=0x0000009ab4dfe390
Event: 9797.859 Thread 0x000001da7411ca30 DEOPT UNPACKING pc=0x000001da000523a3 sp=0x0000009ab4dfe2b8 mode 2
Event: 9797.865 Thread 0x000001da7411ca30 Uncommon trap: trap_request=0xffffff45 fr.pc=0x000001da0983d954 relative=0x0000000000000314
Event: 9797.865 Thread 0x000001da7411ca30 Uncommon trap: reason=unstable_if action=reinterpret pc=0x000001da0983d954 method=de.javasoft.plaf.synthetica.StyleFactory.installFocusListener(Ljava/awt/Component;)V @ 4 c2
Event: 9797.865 Thread 0x000001da7411ca30 DEOPT PACKING pc=0x000001da0983d954 sp=0x0000009ab4dfdf60
Event: 9797.865 Thread 0x000001da7411ca30 DEOPT UNPACKING pc=0x000001da000523a3 sp=0x0000009ab4dfdf00 mode 2
Event: 9797.904 Thread 0x000001da7411ca30 Uncommon trap: trap_request=0xffffff45 fr.pc=0x000001da07b77348 relative=0x0000000000000828
Event: 9797.904 Thread 0x000001da7411ca30 Uncommon trap: reason=unstable_if action=reinterpret pc=0x000001da07b77348 method=com.jidesoft.plaf.basic.BasicJideButtonListener.updateMnemonicBinding(Ljavax/swing/AbstractButton;)V @ 6 c2
Event: 9797.904 Thread 0x000001da7411ca30 DEOPT PACKING pc=0x000001da07b77348 sp=0x0000009ab4dfe230
Event: 9797.904 Thread 0x000001da7411ca30 DEOPT UNPACKING pc=0x000001da000523a3 sp=0x0000009ab4dfe178 mode 2

Classes unloaded (20 events):
Event: 9797.087 Thread 0x000001da6bef67a0 Unloading class 0x0000000800db9000 'java/lang/invoke/LambdaForm$MH+0x0000000800db9000'
Event: 9797.087 Thread 0x000001da6bef67a0 Unloading class 0x0000000800db8c00 'java/lang/invoke/LambdaForm$MH+0x0000000800db8c00'
Event: 9797.087 Thread 0x000001da6bef67a0 Unloading class 0x0000000800db8800 'java/lang/invoke/LambdaForm$MH+0x0000000800db8800'
Event: 9797.087 Thread 0x000001da6bef67a0 Unloading class 0x0000000800db8400 'java/lang/invoke/LambdaForm$MH+0x0000000800db8400'
Event: 9797.087 Thread 0x000001da6bef67a0 Unloading class 0x0000000800cccc00 'java/lang/invoke/LambdaForm$MH+0x0000000800cccc00'
Event: 9797.087 Thread 0x000001da6bef67a0 Unloading class 0x0000000800ccc800 'java/lang/invoke/LambdaForm$MH+0x0000000800ccc800'
Event: 9797.087 Thread 0x000001da6bef67a0 Unloading class 0x0000000800c13400 'java/lang/invoke/LambdaForm$MH+0x0000000800c13400'
Event: 9797.087 Thread 0x000001da6bef67a0 Unloading class 0x0000000800c13000 'java/lang/invoke/LambdaForm$MH+0x0000000800c13000'
Event: 9797.087 Thread 0x000001da6bef67a0 Unloading class 0x0000000800c12c00 'java/lang/invoke/LambdaForm$MH+0x0000000800c12c00'
Event: 9797.087 Thread 0x000001da6bef67a0 Unloading class 0x0000000800c12400 'java/lang/invoke/LambdaForm$MH+0x0000000800c12400'
Event: 9797.087 Thread 0x000001da6bef67a0 Unloading class 0x0000000800c12000 'java/lang/invoke/LambdaForm$MH+0x0000000800c12000'
Event: 9797.087 Thread 0x000001da6bef67a0 Unloading class 0x0000000800c11c00 'java/lang/invoke/LambdaForm$MH+0x0000000800c11c00'
Event: 9797.087 Thread 0x000001da6bef67a0 Unloading class 0x0000000800c11800 'java/lang/invoke/LambdaForm$MH+0x0000000800c11800'
Event: 9797.087 Thread 0x000001da6bef67a0 Unloading class 0x0000000800c11400 'java/lang/invoke/LambdaForm$MH+0x0000000800c11400'
Event: 9797.087 Thread 0x000001da6bef67a0 Unloading class 0x0000000800c11000 'java/lang/invoke/LambdaForm$MH+0x0000000800c11000'
Event: 9797.088 Thread 0x000001da6bef67a0 Unloading class 0x0000000800c10c00 'java/lang/invoke/LambdaForm$MH+0x0000000800c10c00'
Event: 9797.088 Thread 0x000001da6bef67a0 Unloading class 0x0000000800c10000 'java/lang/invoke/LambdaForm$MH+0x0000000800c10000'
Event: 9797.088 Thread 0x000001da6bef67a0 Unloading class 0x0000000800c0f800 'java/lang/invoke/LambdaForm$MH+0x0000000800c0f800'
Event: 9797.088 Thread 0x000001da6bef67a0 Unloading class 0x0000000800c0f400 'java/lang/invoke/LambdaForm$MH+0x0000000800c0f400'
Event: 9797.088 Thread 0x000001da6bef67a0 Unloading class 0x0000000800c0ec00 'java/lang/invoke/LambdaForm$MH+0x0000000800c0ec00'

Classes redefined (0 events):
No events

Internal exceptions (20 events):
Event: 8723.353 Thread 0x000001da7411ca30 Exception <a 'java/io/FileNotFoundException'{0x00000007207da250}> (0x00000007207da250) 
thrown [e:\jenkins\tmp\workspace\build\src\src\hotspot\share\prims\jni.cpp, line 516]
Event: 8728.289 Thread 0x000001da7411ca30 Exception <a 'java/io/FileNotFoundException'{0x0000000720590da8}> (0x0000000720590da8) 
thrown [e:\jenkins\tmp\workspace\build\src\src\hotspot\share\prims\jni.cpp, line 516]
Event: 8728.366 Thread 0x000001da7411ca30 Exception <a 'java/io/FileNotFoundException'{0x00000007205917f0}> (0x00000007205917f0) 
thrown [e:\jenkins\tmp\workspace\build\src\src\hotspot\share\prims\jni.cpp, line 516]
Event: 8733.295 Thread 0x000001da7411ca30 Exception <a 'java/io/FileNotFoundException'{0x000000072015d240}> (0x000000072015d240) 
thrown [e:\jenkins\tmp\workspace\build\src\src\hotspot\share\prims\jni.cpp, line 516]
Event: 8733.371 Thread 0x000001da7411ca30 Exception <a 'java/io/FileNotFoundException'{0x000000072015da08}> (0x000000072015da08) 
thrown [e:\jenkins\tmp\workspace\build\src\src\hotspot\share\prims\jni.cpp, line 516]
Event: 8738.306 Thread 0x000001da7411ca30 Exception <a 'java/io/FileNotFoundException'{0x000000071fc20278}> (0x000000071fc20278) 
thrown [e:\jenkins\tmp\workspace\build\src\src\hotspot\share\prims\jni.cpp, line 516]
Event: 8738.383 Thread 0x000001da7411ca30 Exception <a 'java/io/FileNotFoundException'{0x000000071fc20ca0}> (0x000000071fc20ca0) 
thrown [e:\jenkins\tmp\workspace\build\src\src\hotspot\share\prims\jni.cpp, line 516]
Event: 8743.314 Thread 0x000001da7411ca30 Exception <a 'java/io/FileNotFoundException'{0x000000071fdbc5c0}> (0x000000071fdbc5c0) 
thrown [e:\jenkins\tmp\workspace\build\src\src\hotspot\share\prims\jni.cpp, line 516]
Event: 8743.391 Thread 0x000001da7411ca30 Exception <a 'java/io/FileNotFoundException'{0x000000071fdbcfe8}> (0x000000071fdbcfe8) 
thrown [e:\jenkins\tmp\workspace\build\src\src\hotspot\share\prims\jni.cpp, line 516]
Event: 8748.315 Thread 0x000001da7411ca30 Exception <a 'java/io/FileNotFoundException'{0x000000071f921c40}> (0x000000071f921c40) 
thrown [e:\jenkins\tmp\workspace\build\src\src\hotspot\share\prims\jni.cpp, line 516]
Event: 8748.393 Thread 0x000001da7411ca30 Exception <a 'java/io/FileNotFoundException'{0x000000071f922408}> (0x000000071f922408) 
thrown [e:\jenkins\tmp\workspace\build\src\src\hotspot\share\prims\jni.cpp, line 516]
Event: 9795.135 Thread 0x000001da7411ca30 Exception <a 'java/io/FileNotFoundException'{0x000000071f7a1040}> (0x000000071f7a1040) 
thrown [e:\jenkins\tmp\workspace\build\src\src\hotspot\share\prims\jni.cpp, line 516]
Event: 9795.136 Thread 0x000001da7411ca30 Exception <a 'java/io/FileNotFoundException'{0x000000071f7a1908}> (0x000000071f7a1908) 
thrown [e:\jenkins\tmp\workspace\build\src\src\hotspot\share\prims\jni.cpp, line 516]
Event: 9795.793 Thread 0x000001da7411ca30 Implicit null exception at 0x000001da07e05128 to 0x000001da07e05c14
Event: 9795.802 Thread 0x000001da7411ca30 Implicit null exception at 0x000001da07d707b9 to 0x000001da07d72508
Event: 9795.803 Thread 0x000001da7411ca30 Implicit null exception at 0x000001da07ccc4b7 to 0x000001da07cccbcc
Event: 9795.952 Thread 0x000001da7411ca30 Implicit null exception at 0x000001da09475a3c to 0x000001da09478b34
Event: 9795.961 Thread 0x000001da7411ca30 Exception <a 'java/lang/NoSuchMethodError'{0x000000071f3454a8}: 'java.lang.Object java.lang.invoke.DirectMethodHandle$Holder.invokeSpecial(java.lang.Object, java.lang.Object, long, java.lang.Object, java.lang.Object, int, int, int, int)'> (0x000000071f3454a8) 
thrown [e:\jenkins\tmp\workspace\build\src\src\hotspot\share\interpreter\linkResolver.cpp, line 766]
Event: 9795.962 Thread 0x000001da7411ca30 Exception <a 'java/lang/NoSuchMethodError'{0x000000071f3493b8}: 'java.lang.Object java.lang.invoke.DelegatingMethodHandle$Holder.reinvoke_L(java.lang.Object, long, java.lang.Object, java.lang.Object, int, int, int, int)'> (0x000000071f3493b8) 
thrown [e:\jenkins\tmp\workspace\build\src\src\hotspot\share\interpreter\linkResolver.cpp, line 766]
Event: 9796.962 Thread 0x000001da1805bb40 Exception <a 'java/lang/NoSuchMethodError'{0x000000071daf9320}: 'java.lang.Object java.lang.invoke.DirectMethodHandle$Holder.invokeSpecial(java.lang.Object, java.lang.Object, java.lang.Object, long, long)'> (0x000000071daf9320) 
thrown [e:\jenkins\tmp\workspace\build\src\src\hotspot\share\interpreter\linkResolver.cpp, line 766]

VM Operations (20 events):
Event: 7962.619 Executing VM operation: G1CollectForAllocation
Event: 7962.623 Executing VM operation: G1CollectForAllocation done
Event: 8108.654 Executing VM operation: G1CollectForAllocation
Event: 8108.658 Executing VM operation: G1CollectForAllocation done
Event: 8155.145 Executing VM operation: Cleanup
Event: 8155.145 Executing VM operation: Cleanup done
Event: 8254.080 Executing VM operation: G1CollectForAllocation
Event: 8254.084 Executing VM operation: G1CollectForAllocation done
Event: 8400.867 Executing VM operation: G1CollectForAllocation
Event: 8400.871 Executing VM operation: G1CollectForAllocation done
Event: 8546.673 Executing VM operation: G1CollectForAllocation
Event: 8546.676 Executing VM operation: G1CollectForAllocation done
Event: 8693.478 Executing VM operation: G1CollectForAllocation
Event: 8693.481 Executing VM operation: G1CollectForAllocation done
Event: 9795.914 Executing VM operation: HandshakeAllThreads
Event: 9796.912 Executing VM operation: HandshakeAllThreads done
Event: 9796.912 Executing VM operation: Cleanup
Event: 9796.952 Executing VM operation: Cleanup done
Event: 9797.034 Executing VM operation: G1CollectFull
Event: 9797.250 Executing VM operation: G1CollectFull done

Events (20 events):
Event: 9797.022 Thread 0x000001da74127270 flushing nmethod 0x000001da0213d710
Event: 9797.023 Thread 0x000001da74127270 flushing nmethod 0x000001da021ce690
Event: 9797.024 Thread 0x000001da74127270 flushing nmethod 0x000001da0222f510
Event: 9797.024 Thread 0x000001da74127270 flushing nmethod 0x000001da02247d90
Event: 9797.024 Thread 0x000001da74127270 flushing nmethod 0x000001da0225cb10
Event: 9797.027 Thread 0x000001da74127270 flushing nmethod 0x000001da02491290
Event: 9797.029 Thread 0x000001da74127270 flushing nmethod 0x000001da02556490
Event: 9797.032 Thread 0x000001da74127270 flushing nmethod 0x000001da0279c410
Event: 9797.032 Thread 0x000001da74127270 flushing nmethod 0x000001da027d8190
Event: 9797.033 Thread 0x000001da74127270 flushing nmethod 0x000001da028b2c10
Event: 9797.033 Thread 0x000001da74127270 flushing nmethod 0x000001da028b3010
Event: 9797.252 Thread 0x000001da74127270 flushing nmethod 0x000001da02b57f10
Event: 9797.253 Thread 0x000001da74127270 flushing nmethod 0x000001da02baf610
Event: 9797.253 Thread 0x000001da74127270 flushing nmethod 0x000001da02bb9090
Event: 9797.255 Thread 0x000001da74127270 flushing nmethod 0x000001da02d47090
Event: 9797.255 Thread 0x000001da74127270 flushing nmethod 0x000001da02d71210
Event: 9797.255 Thread 0x000001da74127270 flushing nmethod 0x000001da02db9590
Event: 9797.255 Thread 0x000001da74127270 flushing nmethod 0x000001da02dbb410
Event: 9797.283 Thread 0x000001da347b0fc0 Thread exited: 0x000001da347b0fc0
Event: 9797.287 Thread 0x000001da347b3fe0 Thread exited: 0x000001da347b3fe0


Dynamic libraries:
0x00007ff6a73f0000 - 0x00007ff6a7421000 	C:\Xilinx\Vivado\2023.1\bin\unwrapped\win64.o\vivado.exe
0x00007ffef9d00000 - 0x00007ffef9f69000 	C:\WINDOWS\SYSTEM32\ntdll.dll
0x00007ffef90c0000 - 0x00007ffef9189000 	C:\WINDOWS\System32\KERNEL32.DLL
0x00007ffef71c0000 - 0x00007ffef75b3000 	C:\WINDOWS\System32\KERNELBASE.dll
0x00007ffef75c0000 - 0x00007ffef770b000 	C:\WINDOWS\System32\ucrtbase.dll
0x00007ffee8900000 - 0x00007ffee898d000 	C:\WINDOWS\SYSTEM32\MSVCP140.dll
0x00007ffee8990000 - 0x00007ffee89ae000 	C:\WINDOWS\SYSTEM32\VCRUNTIME140.dll
0x00007ffee7f60000 - 0x00007ffee7f6c000 	C:\WINDOWS\SYSTEM32\VCRUNTIME140_1.dll
0x00007ffedd030000 - 0x00007ffedd048000 	C:\Xilinx\Vivado\2023.1\lib\win64.o\librdi_commonmain.dll
0x00007ffe721e0000 - 0x00007ffe73670000 	C:\Xilinx\Vivado\2023.1\lib\win64.o\librdi_common.dll
0x00007ffef84d0000 - 0x00007ffef8694000 	C:\WINDOWS\System32\USER32.dll
0x00007ffef7aa0000 - 0x00007ffef7ac7000 	C:\WINDOWS\System32\win32u.dll
0x00007ffef8260000 - 0x00007ffef828b000 	C:\WINDOWS\System32\GDI32.dll
0x00007ffedbc90000 - 0x00007ffedbcb1000 	C:\Xilinx\Vivado\2023.1\lib\win64.o\libboost_filesystem.dll
0x00007ffef7090000 - 0x00007ffef71bd000 	C:\WINDOWS\System32\gdi32full.dll
0x00007ffef9bd0000 - 0x00007ffef9c84000 	C:\WINDOWS\System32\ADVAPI32.dll
0x00007ffef79f0000 - 0x00007ffef7a93000 	C:\WINDOWS\System32\msvcp_win.dll
0x00007ffef86a0000 - 0x00007ffef8749000 	C:\WINDOWS\System32\msvcrt.dll
0x00007ffef8970000 - 0x00007ffef90bd000 	C:\WINDOWS\System32\SHELL32.dll
0x00007ffef8750000 - 0x00007ffef87f6000 	C:\WINDOWS\System32\sechost.dll
0x00007ffef9190000 - 0x00007ffef92a8000 	C:\WINDOWS\System32\RPCRT4.dll
0x00007ffef6e90000 - 0x00007ffef6ffc000 	C:\WINDOWS\System32\wintypes.dll
0x00007ffef9850000 - 0x00007ffef9bcb000 	C:\WINDOWS\System32\combase.dll
0x00007ffef0f00000 - 0x00007ffef0f09000 	C:\Xilinx\Vivado\2023.1\lib\win64.o\librdi_commonversion.dll
0x00007ffef7000000 - 0x00007ffef707e000 	C:\WINDOWS\System32\WINTRUST.dll
0x00007ffef7cf0000 - 0x00007ffef7d64000 	C:\WINDOWS\System32\WS2_32.dll
0x000000006bd90000 - 0x000000006bebc000 	C:\Xilinx\Vivado\2023.1\lib\win64.o\tcl85t.dll
0x00007ffe93c00000 - 0x00007ffe93db6000 	C:\Xilinx\Vivado\2023.1\lib\win64.o\librdi_commonxillic.dll
0x00007ffe92a50000 - 0x00007ffe92dbe000 	C:\Xilinx\Vivado\2023.1\lib\win64.o\libCOIN-all.dll
0x00007ffedbc70000 - 0x00007ffedbc81000 	C:\Xilinx\Vivado\2023.1\lib\win64.o\libboost_date_time.dll
0x00007ffedbbf0000 - 0x00007ffedbc69000 	C:\Xilinx\Vivado\2023.1\lib\win64.o\libboost_program_options.dll
0x00007ffec9d80000 - 0x00007ffec9e94000 	C:\Xilinx\Vivado\2023.1\lib\win64.o\libboost_regex.dll
0x00007ffedbbd0000 - 0x00007ffedbbec000 	C:\Xilinx\Vivado\2023.1\lib\win64.o\libboost_thread.dll
0x00007ffef0ee0000 - 0x00007ffef0eec000 	C:\Xilinx\Vivado\2023.1\lib\win64.o\libboost_xilinx.dll
0x00007ffeca360000 - 0x00007ffeca3e2000 	C:\Xilinx\Vivado\2023.1\lib\win64.o\libhdlpsolve.dll
0x00007ffec9340000 - 0x00007ffec93e5000 	C:\Xilinx\Vivado\2023.1\lib\win64.o\libhdxml.dll
0x00007ffedbba0000 - 0x00007ffedbbca000 	C:\Xilinx\Vivado\2023.1\lib\win64.o\libisl_sysinfo.dll
0x00007ffecab40000 - 0x00007ffecaba5000 	C:\Xilinx\Vivado\2023.1\lib\win64.o\liblmx6.0.dll
0x00007ffe74e00000 - 0x00007ffe75dc5e00 	C:\Xilinx\Vivado\2023.1\lib\win64.o\libisl_iostreams.dll
0x00007ffed29d0000 - 0x00007ffed29ea000 	C:\Xilinx\Vivado\2023.1\lib\win64.o\pthreadVC2.dll
0x00007ffed29b0000 - 0x00007ffed29cc000 	C:\Xilinx\Vivado\2023.1\lib\win64.o\librdiconfig.dll
0x00007ffef7f30000 - 0x00007ffef7f92000 	C:\WINDOWS\System32\SHLWAPI.dll
0x00007ffed0250000 - 0x00007ffed0271000 	C:\Xilinx\Vivado\2023.1\lib\win64.o\librdizlib.dll
0x00007ffeeb430000 - 0x00007ffeeb44a000 	C:\WINDOWS\SYSTEM32\NETAPI32.dll
0x00007ffee7540000 - 0x00007ffee77c9000 	C:\WINDOWS\SYSTEM32\WININET.dll
0x00007ffe808a0000 - 0x00007ffe80b61000 	C:\Xilinx\Vivado\2023.1\lib\win64.o\xerces-c_3_2.dll
0x00007ffeef000000 - 0x00007ffeef11f000 	C:\WINDOWS\SYSTEM32\WINHTTP.dll
0x00007ffee07f0000 - 0x00007ffee09cf000 	C:\WINDOWS\SYSTEM32\urlmon.dll
0x00007ffedd010000 - 0x00007ffedd01a000 	C:\WINDOWS\SYSTEM32\WSOCK32.dll
0x00007ffed0160000 - 0x00007ffed0190000 	C:\WINDOWS\SYSTEM32\VCOMP140.DLL
0x00007ffef6d80000 - 0x00007ffef6da6000 	C:\WINDOWS\SYSTEM32\bcrypt.dll
0x00007ffe52010000 - 0x00007ffe53f27000 	C:\Xilinx\Vivado\2023.1\lib\win64.o\gurobi90.dll
0x00007ffef7870000 - 0x00007ffef79e7000 	C:\WINDOWS\System32\CRYPT32.dll
0x00007ffef7d70000 - 0x00007ffef7de5000 	C:\WINDOWS\System32\WLDAP32.dll
0x00007ffef8470000 - 0x00007ffef8478000 	C:\WINDOWS\System32\Normaliz.dll
0x00007ffe80430000 - 0x00007ffe80746000 	C:\Xilinx\Vivado\2023.1\lib\win64.o\libXil_lmgr11.dll
0x00007ffef7df0000 - 0x00007ffef7ee1000 	C:\WINDOWS\System32\COMDLG32.dll
0x00007ffef8870000 - 0x00007ffef8960000 	C:\WINDOWS\System32\shcore.dll
0x00007ffecaad0000 - 0x00007ffecaaf4000 	C:\Xilinx\Vivado\2023.1\lib\win64.o\libisl_iosutils.dll
0x00007ffed2960000 - 0x00007ffed2978000 	C:\Xilinx\Vivado\2023.1\lib\win64.o\libboost_iostreams.dll
0x00007ffef7fa0000 - 0x00007ffef8077000 	C:\WINDOWS\System32\OLEAUT32.dll
0x00007ffef82a0000 - 0x00007ffef8438000 	C:\WINDOWS\System32\ole32.dll
0x00007ffee0520000 - 0x00007ffee07e4000 	C:\WINDOWS\SYSTEM32\iertutil.dll
0x00007ffef40b0000 - 0x00007ffef4909000 	C:\WINDOWS\SYSTEM32\windows.storage.dll
0x00007ffede0d0000 - 0x00007ffede184000 	C:\WINDOWS\WinSxS\amd64_microsoft.windows.common-controls_6595b64144ccf1df_5.82.26100.5074_none_87eb64a37a300c6e\COMCTL32.dll
0x00007ffef5920000 - 0x00007ffef594b000 	C:\WINDOWS\SYSTEM32\USERENV.dll
0x00007ffeef9a0000 - 0x00007ffeef9c3000 	C:\WINDOWS\SYSTEM32\dhcpcsvc.DLL
0x00007ffef4d00000 - 0x00007ffef4d0d000 	C:\WINDOWS\SYSTEM32\netutils.dll
0x00007ffee04f0000 - 0x00007ffee0519000 	C:\WINDOWS\SYSTEM32\srvcli.dll
0x00007ffef5880000 - 0x00007ffef58eb000 	C:\WINDOWS\SYSTEM32\MSWSOCK.DLL
0x00007ffef7ef0000 - 0x00007ffef7f1f000 	C:\WINDOWS\System32\IMM32.DLL
0x00007ffef5be0000 - 0x00007ffef5bf3000 	C:\WINDOWS\SYSTEM32\MSASN1.dll
0x00007ffef5340000 - 0x00007ffef535b000 	C:\WINDOWS\SYSTEM32\kernel.appcore.dll
0x00007ffef6a40000 - 0x00007ffef6a5b000 	C:\WINDOWS\SYSTEM32\CRYPTSP.dll
0x00007ffef5990000 - 0x00007ffef59cb000 	C:\WINDOWS\system32\rsaenh.dll
0x00007ffef5b60000 - 0x00007ffef5b6c000 	C:\WINDOWS\SYSTEM32\CRYPTBASE.dll
0x00007ffef77d0000 - 0x00007ffef7869000 	C:\WINDOWS\System32\bcryptPrimitives.dll
0x00007ffef8440000 - 0x00007ffef8460000 	C:\WINDOWS\System32\imagehlp.dll
0x00007ffe7a610000 - 0x00007ffe7ab56000 	C:\Xilinx\Vivado\2023.1\lib\win64.o\librdi_commontasks.dll
0x00007ffeef2e0000 - 0x00007ffeef2eb000 	C:\WINDOWS\SYSTEM32\VERSION.dll
0x00007ffe71590000 - 0x00007ffe721d8000 	C:\Xilinx\Vivado\2023.1\tps\win64\jre17.0.3_7\bin\server\jvm.dll
0x00007ffef8860000 - 0x00007ffef8868000 	C:\WINDOWS\System32\PSAPI.DLL
0x00007ffeef2a0000 - 0x00007ffeef2d5000 	C:\WINDOWS\SYSTEM32\WINMM.dll
0x00007ffe80100000 - 0x00007ffe8042b800 	C:\Xilinx\Vivado\2023.1\lib\win64.o\librdi_sio.dll
0x00007ffef4e50000 - 0x00007ffef4e84000 	C:\WINDOWS\SYSTEM32\IPHLPAPI.DLL
0x00007ffef58f0000 - 0x00007ffef5917000 	C:\WINDOWS\SYSTEM32\gpapi.dll
0x00007ffee5460000 - 0x00007ffee549b000 	C:\Windows\System32\cryptnet.dll
0x00007ffef6db0000 - 0x00007ffef6dd9000 	C:\WINDOWS\SYSTEM32\profapi.dll
0x00007ffef3140000 - 0x00007ffef314f000 	C:\WINDOWS\SYSTEM32\WINNSI.DLL
0x00007ffef9cb0000 - 0x00007ffef9cba000 	C:\WINDOWS\System32\NSI.dll
0x00007ffef55a0000 - 0x00007ffef55e9000 	C:\WINDOWS\SYSTEM32\SspiCli.dll
0x00007ffe5df90000 - 0x00007ffe5dfa8000 	C:\WINDOWS\system32\napinsp.dll
0x00007ffef4e90000 - 0x00007ffef4fb6000 	C:\WINDOWS\SYSTEM32\DNSAPI.dll
0x00007ffe5df70000 - 0x00007ffe5df82000 	C:\WINDOWS\System32\winrnr.dll
0x00007ffedd390000 - 0x00007ffedd3b8000 	C:\WINDOWS\system32\nlansp_c.dll
0x00007ffec34d0000 - 0x00007ffec34e6000 	C:\WINDOWS\system32\wshbth.dll
0x00007ffe488b0000 - 0x00007ffe4b66b000 	C:\Xilinx\Vivado\2023.1\lib\win64.o\librdi_tcltasks.dll
0x00007ffe7f6c0000 - 0x00007ffe7f8a9000 	C:\Xilinx\Vivado\2023.1\lib\win64.o\librdi_board.dll
0x00007ffeca310000 - 0x00007ffeca354000 	C:\Xilinx\Vivado\2023.1\lib\win64.o\libboost_serialization.dll
0x00007ffeb8ed0000 - 0x00007ffeb8f53000 	C:\Xilinx\Vivado\2023.1\lib\win64.o\librdi_boarddep.dll
0x00007ffe710a0000 - 0x00007ffe71581000 	C:\Xilinx\Vivado\2023.1\lib\win64.o\librdi_bitstream.dll
0x00007ffe93ad0000 - 0x00007ffe93bf8000 	C:\Xilinx\Vivado\2023.1\lib\win64.o\librdi_chipscope.dll
0x00007ffe7a400000 - 0x00007ffe7a607000 	C:\Xilinx\Vivado\2023.1\lib\win64.o\librdi_chipscopeimpl.dll
0x00007ffe7f910000 - 0x00007ffe7fa79000 	C:\Xilinx\Vivado\2023.1\lib\win64.o\librdi_containers.dll
0x00007ffe54760000 - 0x00007ffe55cb1000 	C:\Xilinx\Vivado\2023.1\lib\win64.o\librdi_device.dll
0x00007ffe46260000 - 0x00007ffe488af000 	C:\Xilinx\Vivado\2023.1\lib\win64.o\librdi_constraints.dll
0x00007ffe70d10000 - 0x00007ffe7109b000 	C:\Xilinx\Vivado\2023.1\lib\win64.o\librdi_dlyest.dll
0x00007ffe41ed0000 - 0x00007ffe43c1e000 	C:\Xilinx\Vivado\2023.1\lib\win64.o\librdi_designutils.dll
0x00007ffeb8e10000 - 0x00007ffeb8ec4000 	C:\Xilinx\Vivado\2023.1\lib\win64.o\librdi_dsp.dll
0x00007ffe43c20000 - 0x00007ffe46254000 	C:\Xilinx\Vivado\2023.1\lib\win64.o\librdi_coregen.dll
0x00007ffe60030000 - 0x00007ffe606d4000 	C:\Xilinx\Vivado\2023.1\lib\win64.o\librdi_filemgmt.dll
0x00007ffe6a290000 - 0x00007ffe6a9a1000 	C:\Xilinx\Vivado\2023.1\lib\win64.o\librdi_drc.dll
0x00007ffe74ac0000 - 0x00007ffe74df2000 	C:\Xilinx\Vivado\2023.1\lib\win64.o\librdi_guitools.dll
0x00007ffeb2520000 - 0x00007ffeb258b000 	C:\Xilinx\Vivado\2023.1\lib\win64.o\librdi_hdf.dll
0x00007ffe70a40000 - 0x00007ffe70d0e000 	C:\Xilinx\Vivado\2023.1\lib\win64.o\librdi_hip_devdesign.dll
0x00007ffe7f570000 - 0x00007ffe7f6b8000 	C:\Xilinx\Vivado\2023.1\lib\win64.o\librdi_hip_perf_analysis.dll
0x00007ffe50f50000 - 0x00007ffe5200c000 	C:\Xilinx\Vivado\2023.1\lib\win64.o\librdi_implflow.dll
0x00007ffe5e2e0000 - 0x00007ffe5f1c3000 	C:\Xilinx\Vivado\2023.1\lib\win64.o\librdi_ippcw.dll
0x00007ffe5f7c0000 - 0x00007ffe60029000 	C:\Xilinx\Vivado\2023.1\lib\win64.o\librdi_lopt.dll
0x00007ffe4ed50000 - 0x00007ffe4f3a6000 	C:\Xilinx\Vivado\2023.1\lib\win64.o\librdi_memdata.dll
0x00007ffeb2440000 - 0x00007ffeb24bd000 	C:\Xilinx\Vivado\2023.1\lib\win64.o\librdi_memoryarray.dll
0x00007ffe3f4c0000 - 0x00007ffe41ecd000 	C:\Xilinx\Vivado\2023.1\lib\win64.o\librdi_mig.dll
0x00007ffeac370000 - 0x00007ffeac3e2000 	C:\Xilinx\Vivado\2023.1\lib\win64.o\librdi_noc_frameworks.dll
0x00007ffe4e560000 - 0x00007ffe4ed4c000 	C:\Xilinx\Vivado\2023.1\lib\win64.o\librdi_netlist.dll
0x00007ffec37a0000 - 0x00007ffec37fb000 	C:\Xilinx\Vivado\2023.1\lib\win64.o\librdi_pfi.dll
0x00007ffe3ebd0000 - 0x00007ffe3f4b4000 	C:\Xilinx\Vivado\2023.1\lib\win64.o\librdi_power.dll
0x00007ffe3b0e0000 - 0x00007ffe3b8b9000 	C:\Xilinx\Vivado\2023.1\lib\win64.o\librdi_project.dll
0x00007ffe5f350000 - 0x00007ffe5f7c0000 	C:\Xilinx\Vivado\2023.1\lib\win64.o\librdi_platform.dll

dbghelp: loaded successfully - version: 4.0.5 - missing functions: none
symbol engine: initialized successfully - sym options: 0x614 - pdb path: .;C:\Xilinx\Vivado\2023.1\bin\unwrapped\win64.o;C:\WINDOWS\SYSTEM32;C:\Xilinx\Vivado\2023.1\lib\win64.o;C:\WINDOWS\WinSxS\amd64_microsoft.windows.common-controls_6595b64144ccf1df_5.82.26100.5074_none_87eb64a37a300c6e;C:\Xilinx\Vivado\2023.1\tps\win64\jre17.0.3_7\bin\server;C:\Xilinx\Vivado\2023.1\tps\win64\python-3.8.3;C:\Xilinx\Vivado\2023.1\tps\win64\jre17.0.3_7\bin;C:\WINDOWS\WinSxS\amd64_microsoft.windows.common-controls_6595b64144ccf1df_6.0.26100.5074_none_3e0d6f78e32fd63f;C:\WINDOWS\WinSxS\amd64_microsoft.windows.gdiplus_6595b64144ccf1df_1.1.26100.5074_none_6ef8625e3dc2500d

VM Arguments:
jvm_args: -Dsun.java2d.pmoffscreen=false -Dhttps.protocols=TLSv1,TLSv1.1,TLSv1.2 -Dsun.java2d.xrender=false -Dsun.java2d.d3d=false -Dsun.awt.nopixfmt=true -Dsun.java2d.dpiaware=true -Dsun.java2d.uiScale.enabled=false -Dswing.aatext=true -XX:-UsePerfData -Djdk.map.althashing.threshold=512 -XX:StringTableSize=4072 -XX:+UseStringDeduplication -XX:MaxGCPauseMillis=200 -XX:+ParallelRefProcEnabled --add-opens=java.desktop/javax.swing.plaf.synth=ALL-UNNAMED --add-opens=java.base/java.nio=ALL-UNNAMED --add-opens=java.desktop/sun.swing=ALL-UNNAMED --add-opens=java.desktop/javax.swing=ALL-UNNAMED --add-opens=java.desktop/javax.swing.tree=ALL-UNNAMED --add-opens=java.desktop/javax.swing.plaf.basic=ALL-UNNAMED --add-opens=java.desktop/javax.swing.plaf.synth=ALL-UNNAMED --add-opens=java.desktop/javax.swing.plaf.basic=ALL-UNNAMED --add-opens=java.desktop/javax.swing=ALL-UNNAMED --add-opens=java.desktop/javax.swing.tree=ALL-UNNAMED --add-opens=java.desktop/java.awt.event=ALL-UNNAMED --add-exports=java.desktop/javax.swing.plaf.synth=ALL-UNNAMED --add-exports=java.base/java.nio=ALL-UNNAMED --add-exports=java.desktop/sun.swing=ALL-UNNAMED --add-exports=java.desktop/javax.swing=ALL-UNNAMED --add-exports=java.desktop/javax.swing.tree=ALL-UNNAMED --add-exports=java.desktop/javax.swing.plaf.basic=ALL-UNNAMED --add-exports=java.desktop/sun.swing=ALL-UNNAMED --add-exports=java.desktop/sun.swing.table=ALL-UNNAMED --add-exports=java.desktop/sun.swing.plaf.synth=ALL-UNNAMED --add-exports=java.desktop/sun.awt.shell=ALL-UNNAMED --add-exports=java.base/sun.security.action=ALL-UNNAMED --add-exports=java.desktop/sun.font=ALL-UNNAMED -XX:NewSize=80m -XX:MaxNewSize=80m -Xms512m -Xmx4072m -Xss10m 
java_command: <unknown>
java_class_path (initial): C:/Xilinx/Vivado/2023.1\lib\classes\alloy.jar;C:/Xilinx/Vivado/2023.1\lib\classes\asm-9.3.jar;C:/Xilinx/Vivado/2023.1\lib\classes\asm-analysis-9.3.jar;C:/Xilinx/Vivado/2023.1\lib\classes\asm-commons-9.3.jar;C:/Xilinx/Vivado/2023.1\lib\classes\asm-tree-9.3.jar;C:/Xilinx/Vivado/2023.1\lib\classes\autoesl-models.jar;C:/Xilinx/Vivado/2023.1\lib\classes\batik-anim.jar;C:/Xilinx/Vivado/2023.1\lib\classes\batik-awt-util.jar;C:/Xilinx/Vivado/2023.1\lib\classes\batik-bridge.jar;C:/Xilinx/Vivado/2023.1\lib\classes\batik-codec.jar;C:/Xilinx/Vivado/2023.1\lib\classes\batik-constants.jar;C:/Xilinx/Vivado/2023.1\lib\classes\batik-css.jar;C:/Xilinx/Vivado/2023.1\lib\classes\batik-dom.jar;C:/Xilinx/Vivado/2023.1\lib\classes\batik-ext.jar;C:/Xilinx/Vivado/2023.1\lib\classes\batik-gui-util.jar;C:/Xilinx/Vivado/2023.1\lib\classes\batik-gvt.jar;C:/Xilinx/Vivado/2023.1\lib\classes\batik-i18n.jar;C:/Xilinx/Vivado/2023.1\lib\classes\batik-parser.jar;C:/Xilinx/Vivado/2023.1\lib\classes\batik-script.jar;C:/Xilinx/Vivado/2023.1\lib\classes\batik-svg-dom.jar;C:/Xilinx/Vivado/2023.1\lib\classes\batik-svggen.jar;C:/Xilinx/Vivado/2023.1\lib\classes\batik-swing.jar;C:/Xilinx/Vivado/2023.1\lib\classes\batik-transcoder.jar;C:/Xilinx/Vivado/2023.1\lib\classes\batik-util.jar;C:/Xilinx/Vivado/2023.1\lib\classes\batik-xml.jar;C:/Xilinx/Vivado/2023.1\lib\classes\com.fasterxml.jackson.core.jackson-annotations_2.12.1.v20210128-1726.jar;C:/Xilinx/Vivado/2023.1\lib\classes\com.fasterxml.jackson.core.jackson-core_2.12.1.v20210128-1726.jar;C:/Xilinx/Vivado/2023.1\lib\classes\com.fasterxml.jackson.core.jackson-databind_2.12.1.v20210128-1726.jar;C:/Xilinx/Vivado/2023.1\lib\classes\com.google.gson_2.8.9.v20220111-1409.jar;C:/Xilinx/Vivado/2023.1\lib\classes\com.google.guava_30.1.0.v20210127-2300.jar;C:/Xilinx/Vivado/2023.1\lib\classes\com.sigasi.hdt.connection_4.17.2.202212011507.jar;C:/Xilinx/Vivado/2023.1\lib\classes\com.sigasi.hdt.epl_4.17.2.202212011507.jar;C:/Xilinx/Vivado/2023.
Launcher Type: generic

[Global flags]
     intx CICompilerCount                          = 4                                         {product} {ergonomic}
     uint ConcGCThreads                            = 3                                         {product} {ergonomic}
     uint G1ConcRefinementThreads                  = 10                                        {product} {ergonomic}
   size_t G1HeapRegionSize                         = 2097152                                   {product} {ergonomic}
    uintx GCDrainStackTargetSize                   = 64                                        {product} {ergonomic}
   size_t InitialHeapSize                          = 536870912                                 {product} {command line}
   size_t MarkStackSize                            = 4194304                                   {product} {ergonomic}
    uintx MaxGCPauseMillis                         = 200                                       {product} {command line}
   size_t MaxHeapSize                              = 4269801472                                {product} {command line}
   size_t MaxNewSize                               = 83886080                                  {product} {command line}
   size_t MinHeapDeltaBytes                        = 2097152                                   {product} {ergonomic}
   size_t MinHeapSize                              = 536870912                                 {product} {command line}
   size_t NewSize                                  = 83886080                                  {product} {command line}
    uintx NonNMethodCodeHeapSize                   = 5839372                                {pd product} {ergonomic}
    uintx NonProfiledCodeHeapSize                  = 122909434                              {pd product} {ergonomic}
     bool ParallelRefProcEnabled                   = true                                      {product} {command line}
    uintx ProfiledCodeHeapSize                     = 122909434                              {pd product} {ergonomic}
    uintx ReservedCodeCacheSize                    = 251658240                              {pd product} {ergonomic}
     bool SegmentedCodeCache                       = true                                      {product} {ergonomic}
   size_t SoftMaxHeapSize                          = 4269801472                             {manageable} {ergonomic}
    uintx StringTableSize                          = 4072                                      {product} {command line}
     intx ThreadStackSize                          = 10240                                  {pd product} {command line}
     bool UseCompressedClassPointers               = true                           {product lp64_product} {ergonomic}
     bool UseCompressedOops                        = true                           {product lp64_product} {ergonomic}
     bool UseG1GC                                  = true                                      {product} {ergonomic}
     bool UseLargePagesIndividualAllocation        = false                                  {pd product} {ergonomic}
     bool UsePerfData                              = false                                     {product} {command line}
     bool UseStringDeduplication                   = true                                      {product} {command line}

Logging:
Log output configuration:
 #0: stdout all=warning uptime,level,tags
 #1: stderr all=off uptime,level,tags

Environment Variables:
PATH=C:/Xilinx/Vivado/2023.1\gnuwin\bin;C:/Xilinx/Vivado/2023.1\gnu\microblaze\nt\bin;C:/Xilinx/Vivado/2023.1/bin;C:/Xilinx/Vivado/2023.1/tps/win64/java-cef-95.0.4638.69/bin/lib/win64;C:/Xilinx/Vivado/2023.1/tps/win64/javafx-sdk-17.0.1/lib;C:/Xilinx/Vivado/2023.1/tps/win64/javafx-sdk-17.0.1/bin;C:/Xilinx/Vivado/2023.1/lib/win64.o;C:/Xilinx/Vivado/2023.1/tps/win64/jre17.0.3_7/bin/server;C:/Xilinx/Vivado/2023.1/tps/win64/jre17.0.3_7/bin;C:/Xilinx/Vitis/2023.1/bin;C:/Xilinx/Vivado/2023.1/ids_lite/ISE/bin/nt64;C:/Xilinx/Vivado/2023.1/ids_lite/ISE/lib/nt64;C:/Xilinx/Vitis_HLS/2023.1/bin;C:\Program Files\Eclipse Adoptium\jdk-21.0.5.11-hotspot\bin;C:\WINDOWS\system32;C:\WINDOWS;C:\WINDOWS\System32\Wbem;C:\WINDOWS\System32\WindowsPowerShell\v1.0\;C:\WINDOWS\System32\OpenSSH\;C:\ProgramData\anaconda3\Scripts;C:\Program Files\Microsoft SQL Server\Client SDK\ODBC\170\Tools\Binn\;C:\Program Files (x86)\Microsoft SQL Server\150\Tools\Binn\;C:\Program Files\Microsoft SQL Server\150\Tools\Binn\;C:\Program Files\Microsoft SQL Server\150\DTS\Binn\;C:\Program Files (x86)\Windows Kits\8.1\Windows Performance Toolkit\;C:\Program Files\Wolfram Research\WolframScript\;C:\Program Files\Git\cmd;C:\Program Files\HP\HP One Agent;C:\Program Files\MATLAB\R2024b\bin;C:\EENG 383\;%SystemRoot%\system32;%SystemRoot%;%SystemRoot%\System32\Wbem;%SYSTEMROOT%\System32\WindowsPowerShell\v1.0\;%SYSTEMROOT%\System32\OpenSSH\;C:\Users\jesus\AppData\Local\Microsoft\WindowsApps;C:\Users\jesus\AppData\Local\Programs\Microsoft VS Code\bin;C:\intelFPGA_lite\18.1\modelsim_ase\win32aloem;C:\mingw64\bin;C:\EENG383\bin;C:\EENG 350;;C:/Xilinx/Vivado/2023.1\tps\mingw\6.2.0\win64.o\nt\bin;C:/Xilinx/Vivado/2023.1\tps\mingw\6.2.0\win64.o\nt\libexec\gcc\x86_64-w64-mingw32\6.2.0;C:/Xilinx/Vivado/2023.1\tps\win64\python-3.8.3;C:/Xilinx/Vivado/2023.1\tps\win64\python-3.8.3\bin;C:/Xilinx/Vivado/2023.1\tps\win64\python-3.8.3\lib;C:/Xilinx/Vivado/2023.1\tps\win64\python-3.8.3\lib\site-packages
USERNAME=jesus
OS=Windows_NT
PROCESSOR_IDENTIFIER=AMD64 Family 23 Model 104 Stepping 1, AuthenticAMD



---------------  S Y S T E M  ---------------

OS:
 Windows 11 , 64 bit Build 26100 (10.0.26100.5074)
OS uptime: 0 days 10:48 hours

CPU: total 12 (initial active 12) (12 cores per cpu, 2 threads per core) family 23 model 104 stepping 1 microcode 0x8608103, cx8, cmov, fxsr, ht, mmx, 3dnowpref, sse, sse2, sse3, ssse3, sse4a, sse4.1, sse4.2, popcnt, lzcnt, tsc, tscinvbit, avx, avx2, aes, clmul, bmi1, bmi2, adx, sha, fma, vzeroupper, clflush, clflushopt

Memory: 4k page, system-wide physical 15695M (4581M free)
TotalPageFile size 25935M (AvailPageFile size 8551M)
current process WorkingSet (physical memory assigned to process): 862M, peak: 1124M
current process commit charge ("private bytes"): 1403M, peak: 2482M

vm_info: OpenJDK 64-Bit Server VM (17.0.3+7) for windows-amd64 JRE (17.0.3+7), built on Apr 19 2022 16:55:35 by "" with MS VC++ 16.7 (VS2019)

END.
