Copyright 1986-2022 Xilinx, Inc. All Rights Reserved. Copyright 2022-2023 Advanced Micro Devices, Inc. All Rights Reserved.
------------------------------------------------------------------------------------------------------------------------------------------------------------------------------------------------------------------------------------
| Tool Version : Vivado v.2023.1 (win64) Build 3865809 Sun May  7 15:05:29 MDT 2023
| Date         : Sun Nov  9 23:21:04 2025
| Host         : DESKTOP-BLLF4DN running 64-bit major release  (build 9200)
| Command      : report_timing_summary -max_paths 10 -report_unconstrained -file acquireToHDMI_timing_summary_routed.rpt -pb acquireToHDMI_timing_summary_routed.pb -rpx acquireToHDMI_timing_summary_routed.rpx -warn_on_violation
| Design       : acquireToHDMI
| Device       : 7z010-clg400
| Speed File   : -1  PRODUCTION 1.12 2019-11-22
| Design State : Routed
------------------------------------------------------------------------------------------------------------------------------------------------------------------------------------------------------------------------------------

Timing Summary Report

------------------------------------------------------------------------------------------------
| Timer Settings
| --------------
------------------------------------------------------------------------------------------------

  Enable Multi Corner Analysis               :  Yes
  Enable Pessimism Removal                   :  Yes
  Pessimism Removal Resolution               :  Nearest Common Node
  Enable Input Delay Default Clock           :  No
  Enable Preset / Clear Arcs                 :  No
  Disable Flight Delays                      :  No
  Ignore I/O Paths                           :  No
  Timing Early Launch at Borrowing Latches   :  No
  Borrow Time for Max Delay Exceptions       :  Yes
  Merge Timing Exceptions                    :  Yes

  Corner  Analyze    Analyze    
  Name    Max Paths  Min Paths  
  ------  ---------  ---------  
  Slow    Yes        Yes        
  Fast    Yes        Yes        


------------------------------------------------------------------------------------------------
| Report Methodology
| ------------------
------------------------------------------------------------------------------------------------

Rule       Severity          Description                                         Violations  
---------  ----------------  --------------------------------------------------  ----------  
TIMING-4   Critical Warning  Invalid primary clock redefinition on a clock tree  1           
TIMING-27  Critical Warning  Invalid primary clock on hierarchical pin           1           
LUTAR-1    Warning           LUT drives async reset alert                        1           
TIMING-18  Warning           Missing input or output delay                       29          

Note: This report is based on the most recent report_methodology run and may not be up-to-date. Run report_methodology on the current design for the latest report.



check_timing report

Table of Contents
-----------------
1. checking no_clock (0)
2. checking constant_clock (0)
3. checking pulse_width_clock (0)
4. checking unconstrained_internal_endpoints (0)
5. checking no_input_delay (20)
6. checking no_output_delay (12)
7. checking multiple_clock (0)
8. checking generated_clocks (0)
9. checking loops (0)
10. checking partial_input_delay (0)
11. checking partial_output_delay (0)
12. checking latch_loops (0)

1. checking no_clock (0)
------------------------
 There are 0 register/latch pins with no clock.


2. checking constant_clock (0)
------------------------------
 There are 0 register/latch pins with constant_clock.


3. checking pulse_width_clock (0)
---------------------------------
 There are 0 register/latch pins which need pulse_width check


4. checking unconstrained_internal_endpoints (0)
------------------------------------------------
 There are 0 pins that are not constrained for maximum delay.

 There are 0 pins that are not constrained for maximum delay due to constant clock.


5. checking no_input_delay (20)
-------------------------------
 There are 20 input ports with no input delay specified. (HIGH)

 There are 0 input ports with no input delay but user has a false path constraint.


6. checking no_output_delay (12)
--------------------------------
 There are 12 ports with no output delay specified. (HIGH)

 There are 0 ports with no output delay but user has a false path constraint

 There are 0 ports with no output delay but with a timing clock defined on it or propagating through it


7. checking multiple_clock (0)
------------------------------
 There are 0 register/latch pins with multiple clocks.


8. checking generated_clocks (0)
--------------------------------
 There are 0 generated clocks that are not connected to a clock source.


9. checking loops (0)
---------------------
 There are 0 combinational loops in the design.


10. checking partial_input_delay (0)
------------------------------------
 There are 0 input ports with partial input delay specified.


11. checking partial_output_delay (0)
-------------------------------------
 There are 0 ports with partial output delay specified.


12. checking latch_loops (0)
----------------------------
 There are 0 combinational latch loops in the design through latch input



------------------------------------------------------------------------------------------------
| Design Timing Summary
| ---------------------
------------------------------------------------------------------------------------------------

    WNS(ns)      TNS(ns)  TNS Failing Endpoints  TNS Total Endpoints      WHS(ns)      THS(ns)  THS Failing Endpoints  THS Total Endpoints     WPWS(ns)     TPWS(ns)  TPWS Failing Endpoints  TPWS Total Endpoints  
    -------      -------  ---------------------  -------------------      -------      -------  ---------------------  -------------------     --------     --------  ----------------------  --------------------  
      2.084        0.000                      0                  536        0.156        0.000                      0                  536        0.540        0.000                       0                   391  


All user specified timing constraints are met.


------------------------------------------------------------------------------------------------
| Clock Summary
| -------------
------------------------------------------------------------------------------------------------

Clock                          Waveform(ns)         Period(ns)      Frequency(MHz)
-----                          ------------         ----------      --------------
clk                            {0.000 10.000}       20.000          50.000          
datapath_inst/vc/inst/clk_in1  {0.000 10.000}       20.000          50.000          
  clk_out1_clk_wiz_0           {0.000 6.737}        13.474          74.219          
  clk_out2_clk_wiz_0           {0.000 1.347}        2.695           371.094         
  clkfbout_clk_wiz_0           {0.000 40.000}       80.000          12.500          


------------------------------------------------------------------------------------------------
| Intra Clock Table
| -----------------
------------------------------------------------------------------------------------------------

Clock                              WNS(ns)      TNS(ns)  TNS Failing Endpoints  TNS Total Endpoints      WHS(ns)      THS(ns)  THS Failing Endpoints  THS Total Endpoints     WPWS(ns)     TPWS(ns)  TPWS Failing Endpoints  TPWS Total Endpoints  
-----                              -------      -------  ---------------------  -------------------      -------      -------  ---------------------  -------------------     --------     --------  ----------------------  --------------------  
clk                                 14.409        0.000                      0                  218        0.157        0.000                      0                  218        9.500        0.000                       0                   152  
datapath_inst/vc/inst/clk_in1                                                                                                                                                    7.000        0.000                       0                     1  
  clk_out1_clk_wiz_0                 2.084        0.000                      0                  318        0.156        0.000                      0                  318        5.757        0.000                       0                   225  
  clk_out2_clk_wiz_0                                                                                                                                                             0.540        0.000                       0                    10  
  clkfbout_clk_wiz_0                                                                                                                                                            20.000        0.000                       0                     3  


------------------------------------------------------------------------------------------------
| Inter Clock Table
| -----------------
------------------------------------------------------------------------------------------------

From Clock    To Clock          WNS(ns)      TNS(ns)  TNS Failing Endpoints  TNS Total Endpoints      WHS(ns)      THS(ns)  THS Failing Endpoints  THS Total Endpoints  
----------    --------          -------      -------  ---------------------  -------------------      -------      -------  ---------------------  -------------------  


------------------------------------------------------------------------------------------------
| Other Path Groups Table
| -----------------------
------------------------------------------------------------------------------------------------

Path Group    From Clock    To Clock          WNS(ns)      TNS(ns)  TNS Failing Endpoints  TNS Total Endpoints      WHS(ns)      THS(ns)  THS Failing Endpoints  THS Total Endpoints  
----------    ----------    --------          -------      -------  ---------------------  -------------------      -------      -------  ---------------------  -------------------  


------------------------------------------------------------------------------------------------
| User Ignored Path Table
| -----------------------
------------------------------------------------------------------------------------------------

Path Group    From Clock    To Clock    
----------    ----------    --------    


------------------------------------------------------------------------------------------------
| Unconstrained Path Table
| ------------------------
------------------------------------------------------------------------------------------------

Path Group          From Clock          To Clock          
----------          ----------          --------          
(none)              clk                                     
(none)              clk_out2_clk_wiz_0                      
(none)              clkfbout_clk_wiz_0                      
(none)                                  clk                 
(none)                                  clk_out1_clk_wiz_0  


------------------------------------------------------------------------------------------------
| Timing Details
| --------------
------------------------------------------------------------------------------------------------


---------------------------------------------------------------------------------------------------
From Clock:  clk
  To Clock:  clk

Setup :            0  Failing Endpoints,  Worst Slack       14.409ns,  Total Violation        0.000ns
Hold  :            0  Failing Endpoints,  Worst Slack        0.157ns,  Total Violation        0.000ns
PW    :            0  Failing Endpoints,  Worst Slack        9.500ns,  Total Violation        0.000ns
---------------------------------------------------------------------------------------------------


Max Delay Paths
--------------------------------------------------------------------------------------
Slack (MET) :             14.409ns  (required time - arrival time)
  Source:                 datapath_inst/ch1TriggerRegCurr_inst/q_reg[9]/C
                            (rising edge-triggered cell FDRE clocked by clk  {rise@0.000ns fall@10.000ns period=20.000ns})
  Destination:            control_inst/FSM_sequential_state_reg[0]/D
                            (rising edge-triggered cell FDRE clocked by clk  {rise@0.000ns fall@10.000ns period=20.000ns})
  Path Group:             clk
  Path Type:              Setup (Max at Slow Process Corner)
  Requirement:            20.000ns  (clk rise@20.000ns - clk rise@0.000ns)
  Data Path Delay:        5.498ns  (logic 1.484ns (26.990%)  route 4.014ns (73.010%))
  Logic Levels:           5  (CARRY4=1 LUT2=1 LUT3=1 LUT5=1 LUT6=1)
  Clock Path Skew:        -0.136ns (DCD - SCD + CPR)
    Destination Clock Delay (DCD):    4.925ns = ( 24.925 - 20.000 ) 
    Source Clock Delay      (SCD):    5.453ns
    Clock Pessimism Removal (CPR):    0.392ns
  Clock Uncertainty:      0.035ns  ((TSJ^2 + TIJ^2)^1/2 + DJ) / 2 + PE
    Total System Jitter     (TSJ):    0.071ns
    Total Input Jitter      (TIJ):    0.000ns
    Discrete Jitter          (DJ):    0.000ns
    Phase Error              (PE):    0.000ns

    Location             Delay type                Incr(ns)  Path(ns)    Netlist Resource(s)
  -------------------------------------------------------------------    -------------------
                         (clock clk rise edge)        0.000     0.000 r  
    U18                                               0.000     0.000 r  clk (IN)
                         net (fo=0)                   0.000     0.000    clk
    U18                  IBUF (Prop_ibuf_I_O)         1.530     1.530 r  clk_IBUF_inst/O
                         net (fo=1, routed)           2.076     3.606    clk_IBUF
    BUFGCTRL_X0Y2        BUFG (Prop_bufg_I_O)         0.101     3.707 r  clk_IBUF_BUFG_inst/O
                         net (fo=152, routed)         1.746     5.453    datapath_inst/ch1TriggerRegCurr_inst/clk
    SLICE_X43Y16         FDRE                                         r  datapath_inst/ch1TriggerRegCurr_inst/q_reg[9]/C
  -------------------------------------------------------------------    -------------------
    SLICE_X43Y16         FDRE (Prop_fdre_C_Q)         0.456     5.909 f  datapath_inst/ch1TriggerRegCurr_inst/q_reg[9]/Q
                         net (fo=3, routed)           1.147     7.056    datapath_inst/ch1TriggerRegCurr_inst/Q[9]
    SLICE_X43Y16         LUT2 (Prop_lut2_I1_O)        0.124     7.180 r  datapath_inst/ch1TriggerRegCurr_inst/i__carry__0_i_8/O
                         net (fo=1, routed)           0.000     7.180    datapath_inst/ch1TriggerCurrCompare_inst/triggerCh1_OBUF_inst_i_1_0[0]
    SLICE_X43Y16         CARRY4 (Prop_carry4_S[0]_CO[3])
                                                      0.532     7.712 f  datapath_inst/ch1TriggerCurrCompare_inst/tmp1_inferred__0/i__carry__0/CO[3]
                         net (fo=1, routed)           1.107     8.819    datapath_inst/ch1TriggerRegPrev_inst/CO[0]
    SLICE_X41Y15         LUT3 (Prop_lut3_I0_O)        0.124     8.943 f  datapath_inst/ch1TriggerRegPrev_inst/triggerCh1_OBUF_inst_i_1/O
                         net (fo=2, routed)           0.901     9.844    datapath_inst/dataStorageCounter_inst/triggerCh1_OBUF
    SLICE_X31Y12         LUT5 (Prop_lut5_I4_O)        0.124     9.968 r  datapath_inst/dataStorageCounter_inst/FSM_sequential_state[0]_i_2/O
                         net (fo=1, routed)           0.859    10.827    datapath_inst/sampleIntervalCounter_inst/FSM_sequential_state_reg[0]
    SLICE_X30Y12         LUT6 (Prop_lut6_I0_O)        0.124    10.951 r  datapath_inst/sampleIntervalCounter_inst/FSM_sequential_state[0]_i_1/O
                         net (fo=1, routed)           0.000    10.951    control_inst/FSM_sequential_state_reg[0]_5[0]
    SLICE_X30Y12         FDRE                                         r  control_inst/FSM_sequential_state_reg[0]/D
  -------------------------------------------------------------------    -------------------

                         (clock clk rise edge)       20.000    20.000 r  
    U18                                               0.000    20.000 r  clk (IN)
                         net (fo=0)                   0.000    20.000    clk
    U18                  IBUF (Prop_ibuf_I_O)         1.459    21.459 r  clk_IBUF_inst/O
                         net (fo=1, routed)           1.880    23.339    clk_IBUF
    BUFGCTRL_X0Y2        BUFG (Prop_bufg_I_O)         0.091    23.430 r  clk_IBUF_BUFG_inst/O
                         net (fo=152, routed)         1.495    24.925    control_inst/clk
    SLICE_X30Y12         FDRE                                         r  control_inst/FSM_sequential_state_reg[0]/C
                         clock pessimism              0.392    25.317    
                         clock uncertainty           -0.035    25.282    
    SLICE_X30Y12         FDRE (Setup_fdre_C_D)        0.079    25.361    control_inst/FSM_sequential_state_reg[0]
  -------------------------------------------------------------------
                         required time                         25.361    
                         arrival time                         -10.951    
  -------------------------------------------------------------------
                         slack                                 14.409    

Slack (MET) :             14.742ns  (required time - arrival time)
  Source:                 control_inst/FSM_sequential_state_reg[4]/C
                            (rising edge-triggered cell FDRE clocked by clk  {rise@0.000ns fall@10.000ns period=20.000ns})
  Destination:            control_inst/FSM_sequential_state_reg[1]/CE
                            (rising edge-triggered cell FDRE clocked by clk  {rise@0.000ns fall@10.000ns period=20.000ns})
  Path Group:             clk
  Path Type:              Setup (Max at Slow Process Corner)
  Requirement:            20.000ns  (clk rise@20.000ns - clk rise@0.000ns)
  Data Path Delay:        5.030ns  (logic 0.890ns (17.694%)  route 4.140ns (82.306%))
  Logic Levels:           3  (LUT5=2 LUT6=1)
  Clock Path Skew:        -0.024ns (DCD - SCD + CPR)
    Destination Clock Delay (DCD):    4.926ns = ( 24.926 - 20.000 ) 
    Source Clock Delay      (SCD):    5.377ns
    Clock Pessimism Removal (CPR):    0.427ns
  Clock Uncertainty:      0.035ns  ((TSJ^2 + TIJ^2)^1/2 + DJ) / 2 + PE
    Total System Jitter     (TSJ):    0.071ns
    Total Input Jitter      (TIJ):    0.000ns
    Discrete Jitter          (DJ):    0.000ns
    Phase Error              (PE):    0.000ns

    Location             Delay type                Incr(ns)  Path(ns)    Netlist Resource(s)
  -------------------------------------------------------------------    -------------------
                         (clock clk rise edge)        0.000     0.000 r  
    U18                                               0.000     0.000 r  clk (IN)
                         net (fo=0)                   0.000     0.000    clk
    U18                  IBUF (Prop_ibuf_I_O)         1.530     1.530 r  clk_IBUF_inst/O
                         net (fo=1, routed)           2.076     3.606    clk_IBUF
    BUFGCTRL_X0Y2        BUFG (Prop_bufg_I_O)         0.101     3.707 r  clk_IBUF_BUFG_inst/O
                         net (fo=152, routed)         1.670     5.377    control_inst/clk
    SLICE_X30Y12         FDRE                                         r  control_inst/FSM_sequential_state_reg[4]/C
  -------------------------------------------------------------------    -------------------
    SLICE_X30Y12         FDRE (Prop_fdre_C_Q)         0.518     5.895 r  control_inst/FSM_sequential_state_reg[4]/Q
                         net (fo=80, routed)          1.846     7.741    control_inst/Q[0]
    SLICE_X38Y11         LUT5 (Prop_lut5_I0_O)        0.124     7.865 f  control_inst/FSM_sequential_state[4]_i_10/O
                         net (fo=1, routed)           1.038     8.903    control_inst/FSM_sequential_state[4]_i_10_n_0
    SLICE_X38Y10         LUT6 (Prop_lut6_I5_O)        0.124     9.027 f  control_inst/FSM_sequential_state[4]_i_5/O
                         net (fo=1, routed)           0.714     9.741    control_inst/FSM_sequential_state[4]_i_5_n_0
    SLICE_X31Y11         LUT5 (Prop_lut5_I2_O)        0.124     9.865 r  control_inst/FSM_sequential_state[4]_i_1/O
                         net (fo=5, routed)           0.542    10.407    control_inst/FSM_sequential_state[4]_i_1_n_0
    SLICE_X30Y11         FDRE                                         r  control_inst/FSM_sequential_state_reg[1]/CE
  -------------------------------------------------------------------    -------------------

                         (clock clk rise edge)       20.000    20.000 r  
    U18                                               0.000    20.000 r  clk (IN)
                         net (fo=0)                   0.000    20.000    clk
    U18                  IBUF (Prop_ibuf_I_O)         1.459    21.459 r  clk_IBUF_inst/O
                         net (fo=1, routed)           1.880    23.339    clk_IBUF
    BUFGCTRL_X0Y2        BUFG (Prop_bufg_I_O)         0.091    23.430 r  clk_IBUF_BUFG_inst/O
                         net (fo=152, routed)         1.496    24.926    control_inst/clk
    SLICE_X30Y11         FDRE                                         r  control_inst/FSM_sequential_state_reg[1]/C
                         clock pessimism              0.427    25.353    
                         clock uncertainty           -0.035    25.318    
    SLICE_X30Y11         FDRE (Setup_fdre_C_CE)      -0.169    25.149    control_inst/FSM_sequential_state_reg[1]
  -------------------------------------------------------------------
                         required time                         25.149    
                         arrival time                         -10.407    
  -------------------------------------------------------------------
                         slack                                 14.742    

Slack (MET) :             14.742ns  (required time - arrival time)
  Source:                 control_inst/FSM_sequential_state_reg[4]/C
                            (rising edge-triggered cell FDRE clocked by clk  {rise@0.000ns fall@10.000ns period=20.000ns})
  Destination:            control_inst/FSM_sequential_state_reg[2]/CE
                            (rising edge-triggered cell FDRE clocked by clk  {rise@0.000ns fall@10.000ns period=20.000ns})
  Path Group:             clk
  Path Type:              Setup (Max at Slow Process Corner)
  Requirement:            20.000ns  (clk rise@20.000ns - clk rise@0.000ns)
  Data Path Delay:        5.030ns  (logic 0.890ns (17.694%)  route 4.140ns (82.306%))
  Logic Levels:           3  (LUT5=2 LUT6=1)
  Clock Path Skew:        -0.024ns (DCD - SCD + CPR)
    Destination Clock Delay (DCD):    4.926ns = ( 24.926 - 20.000 ) 
    Source Clock Delay      (SCD):    5.377ns
    Clock Pessimism Removal (CPR):    0.427ns
  Clock Uncertainty:      0.035ns  ((TSJ^2 + TIJ^2)^1/2 + DJ) / 2 + PE
    Total System Jitter     (TSJ):    0.071ns
    Total Input Jitter      (TIJ):    0.000ns
    Discrete Jitter          (DJ):    0.000ns
    Phase Error              (PE):    0.000ns

    Location             Delay type                Incr(ns)  Path(ns)    Netlist Resource(s)
  -------------------------------------------------------------------    -------------------
                         (clock clk rise edge)        0.000     0.000 r  
    U18                                               0.000     0.000 r  clk (IN)
                         net (fo=0)                   0.000     0.000    clk
    U18                  IBUF (Prop_ibuf_I_O)         1.530     1.530 r  clk_IBUF_inst/O
                         net (fo=1, routed)           2.076     3.606    clk_IBUF
    BUFGCTRL_X0Y2        BUFG (Prop_bufg_I_O)         0.101     3.707 r  clk_IBUF_BUFG_inst/O
                         net (fo=152, routed)         1.670     5.377    control_inst/clk
    SLICE_X30Y12         FDRE                                         r  control_inst/FSM_sequential_state_reg[4]/C
  -------------------------------------------------------------------    -------------------
    SLICE_X30Y12         FDRE (Prop_fdre_C_Q)         0.518     5.895 r  control_inst/FSM_sequential_state_reg[4]/Q
                         net (fo=80, routed)          1.846     7.741    control_inst/Q[0]
    SLICE_X38Y11         LUT5 (Prop_lut5_I0_O)        0.124     7.865 f  control_inst/FSM_sequential_state[4]_i_10/O
                         net (fo=1, routed)           1.038     8.903    control_inst/FSM_sequential_state[4]_i_10_n_0
    SLICE_X38Y10         LUT6 (Prop_lut6_I5_O)        0.124     9.027 f  control_inst/FSM_sequential_state[4]_i_5/O
                         net (fo=1, routed)           0.714     9.741    control_inst/FSM_sequential_state[4]_i_5_n_0
    SLICE_X31Y11         LUT5 (Prop_lut5_I2_O)        0.124     9.865 r  control_inst/FSM_sequential_state[4]_i_1/O
                         net (fo=5, routed)           0.542    10.407    control_inst/FSM_sequential_state[4]_i_1_n_0
    SLICE_X30Y11         FDRE                                         r  control_inst/FSM_sequential_state_reg[2]/CE
  -------------------------------------------------------------------    -------------------

                         (clock clk rise edge)       20.000    20.000 r  
    U18                                               0.000    20.000 r  clk (IN)
                         net (fo=0)                   0.000    20.000    clk
    U18                  IBUF (Prop_ibuf_I_O)         1.459    21.459 r  clk_IBUF_inst/O
                         net (fo=1, routed)           1.880    23.339    clk_IBUF
    BUFGCTRL_X0Y2        BUFG (Prop_bufg_I_O)         0.091    23.430 r  clk_IBUF_BUFG_inst/O
                         net (fo=152, routed)         1.496    24.926    control_inst/clk
    SLICE_X30Y11         FDRE                                         r  control_inst/FSM_sequential_state_reg[2]/C
                         clock pessimism              0.427    25.353    
                         clock uncertainty           -0.035    25.318    
    SLICE_X30Y11         FDRE (Setup_fdre_C_CE)      -0.169    25.149    control_inst/FSM_sequential_state_reg[2]
  -------------------------------------------------------------------
                         required time                         25.149    
                         arrival time                         -10.407    
  -------------------------------------------------------------------
                         slack                                 14.742    

Slack (MET) :             14.964ns  (required time - arrival time)
  Source:                 control_inst/FSM_sequential_state_reg[4]/C
                            (rising edge-triggered cell FDRE clocked by clk  {rise@0.000ns fall@10.000ns period=20.000ns})
  Destination:            control_inst/FSM_sequential_state_reg[0]/CE
                            (rising edge-triggered cell FDRE clocked by clk  {rise@0.000ns fall@10.000ns period=20.000ns})
  Path Group:             clk
  Path Type:              Setup (Max at Slow Process Corner)
  Requirement:            20.000ns  (clk rise@20.000ns - clk rise@0.000ns)
  Data Path Delay:        4.832ns  (logic 0.890ns (18.420%)  route 3.942ns (81.580%))
  Logic Levels:           3  (LUT5=2 LUT6=1)
  Clock Path Skew:        0.000ns (DCD - SCD + CPR)
    Destination Clock Delay (DCD):    4.925ns = ( 24.925 - 20.000 ) 
    Source Clock Delay      (SCD):    5.377ns
    Clock Pessimism Removal (CPR):    0.452ns
  Clock Uncertainty:      0.035ns  ((TSJ^2 + TIJ^2)^1/2 + DJ) / 2 + PE
    Total System Jitter     (TSJ):    0.071ns
    Total Input Jitter      (TIJ):    0.000ns
    Discrete Jitter          (DJ):    0.000ns
    Phase Error              (PE):    0.000ns

    Location             Delay type                Incr(ns)  Path(ns)    Netlist Resource(s)
  -------------------------------------------------------------------    -------------------
                         (clock clk rise edge)        0.000     0.000 r  
    U18                                               0.000     0.000 r  clk (IN)
                         net (fo=0)                   0.000     0.000    clk
    U18                  IBUF (Prop_ibuf_I_O)         1.530     1.530 r  clk_IBUF_inst/O
                         net (fo=1, routed)           2.076     3.606    clk_IBUF
    BUFGCTRL_X0Y2        BUFG (Prop_bufg_I_O)         0.101     3.707 r  clk_IBUF_BUFG_inst/O
                         net (fo=152, routed)         1.670     5.377    control_inst/clk
    SLICE_X30Y12         FDRE                                         r  control_inst/FSM_sequential_state_reg[4]/C
  -------------------------------------------------------------------    -------------------
    SLICE_X30Y12         FDRE (Prop_fdre_C_Q)         0.518     5.895 r  control_inst/FSM_sequential_state_reg[4]/Q
                         net (fo=80, routed)          1.846     7.741    control_inst/Q[0]
    SLICE_X38Y11         LUT5 (Prop_lut5_I0_O)        0.124     7.865 f  control_inst/FSM_sequential_state[4]_i_10/O
                         net (fo=1, routed)           1.038     8.903    control_inst/FSM_sequential_state[4]_i_10_n_0
    SLICE_X38Y10         LUT6 (Prop_lut6_I5_O)        0.124     9.027 f  control_inst/FSM_sequential_state[4]_i_5/O
                         net (fo=1, routed)           0.714     9.741    control_inst/FSM_sequential_state[4]_i_5_n_0
    SLICE_X31Y11         LUT5 (Prop_lut5_I2_O)        0.124     9.865 r  control_inst/FSM_sequential_state[4]_i_1/O
                         net (fo=5, routed)           0.344    10.209    control_inst/FSM_sequential_state[4]_i_1_n_0
    SLICE_X30Y12         FDRE                                         r  control_inst/FSM_sequential_state_reg[0]/CE
  -------------------------------------------------------------------    -------------------

                         (clock clk rise edge)       20.000    20.000 r  
    U18                                               0.000    20.000 r  clk (IN)
                         net (fo=0)                   0.000    20.000    clk
    U18                  IBUF (Prop_ibuf_I_O)         1.459    21.459 r  clk_IBUF_inst/O
                         net (fo=1, routed)           1.880    23.339    clk_IBUF
    BUFGCTRL_X0Y2        BUFG (Prop_bufg_I_O)         0.091    23.430 r  clk_IBUF_BUFG_inst/O
                         net (fo=152, routed)         1.495    24.925    control_inst/clk
    SLICE_X30Y12         FDRE                                         r  control_inst/FSM_sequential_state_reg[0]/C
                         clock pessimism              0.452    25.377    
                         clock uncertainty           -0.035    25.342    
    SLICE_X30Y12         FDRE (Setup_fdre_C_CE)      -0.169    25.173    control_inst/FSM_sequential_state_reg[0]
  -------------------------------------------------------------------
                         required time                         25.173    
                         arrival time                         -10.209    
  -------------------------------------------------------------------
                         slack                                 14.964    

Slack (MET) :             14.964ns  (required time - arrival time)
  Source:                 control_inst/FSM_sequential_state_reg[4]/C
                            (rising edge-triggered cell FDRE clocked by clk  {rise@0.000ns fall@10.000ns period=20.000ns})
  Destination:            control_inst/FSM_sequential_state_reg[3]/CE
                            (rising edge-triggered cell FDRE clocked by clk  {rise@0.000ns fall@10.000ns period=20.000ns})
  Path Group:             clk
  Path Type:              Setup (Max at Slow Process Corner)
  Requirement:            20.000ns  (clk rise@20.000ns - clk rise@0.000ns)
  Data Path Delay:        4.832ns  (logic 0.890ns (18.420%)  route 3.942ns (81.580%))
  Logic Levels:           3  (LUT5=2 LUT6=1)
  Clock Path Skew:        0.000ns (DCD - SCD + CPR)
    Destination Clock Delay (DCD):    4.925ns = ( 24.925 - 20.000 ) 
    Source Clock Delay      (SCD):    5.377ns
    Clock Pessimism Removal (CPR):    0.452ns
  Clock Uncertainty:      0.035ns  ((TSJ^2 + TIJ^2)^1/2 + DJ) / 2 + PE
    Total System Jitter     (TSJ):    0.071ns
    Total Input Jitter      (TIJ):    0.000ns
    Discrete Jitter          (DJ):    0.000ns
    Phase Error              (PE):    0.000ns

    Location             Delay type                Incr(ns)  Path(ns)    Netlist Resource(s)
  -------------------------------------------------------------------    -------------------
                         (clock clk rise edge)        0.000     0.000 r  
    U18                                               0.000     0.000 r  clk (IN)
                         net (fo=0)                   0.000     0.000    clk
    U18                  IBUF (Prop_ibuf_I_O)         1.530     1.530 r  clk_IBUF_inst/O
                         net (fo=1, routed)           2.076     3.606    clk_IBUF
    BUFGCTRL_X0Y2        BUFG (Prop_bufg_I_O)         0.101     3.707 r  clk_IBUF_BUFG_inst/O
                         net (fo=152, routed)         1.670     5.377    control_inst/clk
    SLICE_X30Y12         FDRE                                         r  control_inst/FSM_sequential_state_reg[4]/C
  -------------------------------------------------------------------    -------------------
    SLICE_X30Y12         FDRE (Prop_fdre_C_Q)         0.518     5.895 r  control_inst/FSM_sequential_state_reg[4]/Q
                         net (fo=80, routed)          1.846     7.741    control_inst/Q[0]
    SLICE_X38Y11         LUT5 (Prop_lut5_I0_O)        0.124     7.865 f  control_inst/FSM_sequential_state[4]_i_10/O
                         net (fo=1, routed)           1.038     8.903    control_inst/FSM_sequential_state[4]_i_10_n_0
    SLICE_X38Y10         LUT6 (Prop_lut6_I5_O)        0.124     9.027 f  control_inst/FSM_sequential_state[4]_i_5/O
                         net (fo=1, routed)           0.714     9.741    control_inst/FSM_sequential_state[4]_i_5_n_0
    SLICE_X31Y11         LUT5 (Prop_lut5_I2_O)        0.124     9.865 r  control_inst/FSM_sequential_state[4]_i_1/O
                         net (fo=5, routed)           0.344    10.209    control_inst/FSM_sequential_state[4]_i_1_n_0
    SLICE_X30Y12         FDRE                                         r  control_inst/FSM_sequential_state_reg[3]/CE
  -------------------------------------------------------------------    -------------------

                         (clock clk rise edge)       20.000    20.000 r  
    U18                                               0.000    20.000 r  clk (IN)
                         net (fo=0)                   0.000    20.000    clk
    U18                  IBUF (Prop_ibuf_I_O)         1.459    21.459 r  clk_IBUF_inst/O
                         net (fo=1, routed)           1.880    23.339    clk_IBUF
    BUFGCTRL_X0Y2        BUFG (Prop_bufg_I_O)         0.091    23.430 r  clk_IBUF_BUFG_inst/O
                         net (fo=152, routed)         1.495    24.925    control_inst/clk
    SLICE_X30Y12         FDRE                                         r  control_inst/FSM_sequential_state_reg[3]/C
                         clock pessimism              0.452    25.377    
                         clock uncertainty           -0.035    25.342    
    SLICE_X30Y12         FDRE (Setup_fdre_C_CE)      -0.169    25.173    control_inst/FSM_sequential_state_reg[3]
  -------------------------------------------------------------------
                         required time                         25.173    
                         arrival time                         -10.209    
  -------------------------------------------------------------------
                         slack                                 14.964    

Slack (MET) :             14.964ns  (required time - arrival time)
  Source:                 control_inst/FSM_sequential_state_reg[4]/C
                            (rising edge-triggered cell FDRE clocked by clk  {rise@0.000ns fall@10.000ns period=20.000ns})
  Destination:            control_inst/FSM_sequential_state_reg[4]/CE
                            (rising edge-triggered cell FDRE clocked by clk  {rise@0.000ns fall@10.000ns period=20.000ns})
  Path Group:             clk
  Path Type:              Setup (Max at Slow Process Corner)
  Requirement:            20.000ns  (clk rise@20.000ns - clk rise@0.000ns)
  Data Path Delay:        4.832ns  (logic 0.890ns (18.420%)  route 3.942ns (81.580%))
  Logic Levels:           3  (LUT5=2 LUT6=1)
  Clock Path Skew:        0.000ns (DCD - SCD + CPR)
    Destination Clock Delay (DCD):    4.925ns = ( 24.925 - 20.000 ) 
    Source Clock Delay      (SCD):    5.377ns
    Clock Pessimism Removal (CPR):    0.452ns
  Clock Uncertainty:      0.035ns  ((TSJ^2 + TIJ^2)^1/2 + DJ) / 2 + PE
    Total System Jitter     (TSJ):    0.071ns
    Total Input Jitter      (TIJ):    0.000ns
    Discrete Jitter          (DJ):    0.000ns
    Phase Error              (PE):    0.000ns

    Location             Delay type                Incr(ns)  Path(ns)    Netlist Resource(s)
  -------------------------------------------------------------------    -------------------
                         (clock clk rise edge)        0.000     0.000 r  
    U18                                               0.000     0.000 r  clk (IN)
                         net (fo=0)                   0.000     0.000    clk
    U18                  IBUF (Prop_ibuf_I_O)         1.530     1.530 r  clk_IBUF_inst/O
                         net (fo=1, routed)           2.076     3.606    clk_IBUF
    BUFGCTRL_X0Y2        BUFG (Prop_bufg_I_O)         0.101     3.707 r  clk_IBUF_BUFG_inst/O
                         net (fo=152, routed)         1.670     5.377    control_inst/clk
    SLICE_X30Y12         FDRE                                         r  control_inst/FSM_sequential_state_reg[4]/C
  -------------------------------------------------------------------    -------------------
    SLICE_X30Y12         FDRE (Prop_fdre_C_Q)         0.518     5.895 r  control_inst/FSM_sequential_state_reg[4]/Q
                         net (fo=80, routed)          1.846     7.741    control_inst/Q[0]
    SLICE_X38Y11         LUT5 (Prop_lut5_I0_O)        0.124     7.865 f  control_inst/FSM_sequential_state[4]_i_10/O
                         net (fo=1, routed)           1.038     8.903    control_inst/FSM_sequential_state[4]_i_10_n_0
    SLICE_X38Y10         LUT6 (Prop_lut6_I5_O)        0.124     9.027 f  control_inst/FSM_sequential_state[4]_i_5/O
                         net (fo=1, routed)           0.714     9.741    control_inst/FSM_sequential_state[4]_i_5_n_0
    SLICE_X31Y11         LUT5 (Prop_lut5_I2_O)        0.124     9.865 r  control_inst/FSM_sequential_state[4]_i_1/O
                         net (fo=5, routed)           0.344    10.209    control_inst/FSM_sequential_state[4]_i_1_n_0
    SLICE_X30Y12         FDRE                                         r  control_inst/FSM_sequential_state_reg[4]/CE
  -------------------------------------------------------------------    -------------------

                         (clock clk rise edge)       20.000    20.000 r  
    U18                                               0.000    20.000 r  clk (IN)
                         net (fo=0)                   0.000    20.000    clk
    U18                  IBUF (Prop_ibuf_I_O)         1.459    21.459 r  clk_IBUF_inst/O
                         net (fo=1, routed)           1.880    23.339    clk_IBUF
    BUFGCTRL_X0Y2        BUFG (Prop_bufg_I_O)         0.091    23.430 r  clk_IBUF_BUFG_inst/O
                         net (fo=152, routed)         1.495    24.925    control_inst/clk
    SLICE_X30Y12         FDRE                                         r  control_inst/FSM_sequential_state_reg[4]/C
                         clock pessimism              0.452    25.377    
                         clock uncertainty           -0.035    25.342    
    SLICE_X30Y12         FDRE (Setup_fdre_C_CE)      -0.169    25.173    control_inst/FSM_sequential_state_reg[4]
  -------------------------------------------------------------------
                         required time                         25.173    
                         arrival time                         -10.209    
  -------------------------------------------------------------------
                         slack                                 14.964    

Slack (MET) :             14.978ns  (required time - arrival time)
  Source:                 datapath_inst/dataStorageCounter_inst/tmp_reg[4]/C
                            (rising edge-triggered cell FDRE clocked by clk  {rise@0.000ns fall@10.000ns period=20.000ns})
  Destination:            control_inst/FSM_sequential_state_reg[1]/D
                            (rising edge-triggered cell FDRE clocked by clk  {rise@0.000ns fall@10.000ns period=20.000ns})
  Path Group:             clk
  Path Type:              Setup (Max at Slow Process Corner)
  Requirement:            20.000ns  (clk rise@20.000ns - clk rise@0.000ns)
  Data Path Delay:        5.007ns  (logic 1.746ns (34.872%)  route 3.261ns (65.128%))
  Logic Levels:           5  (CARRY4=2 LUT2=1 LUT5=1 LUT6=1)
  Clock Path Skew:        -0.057ns (DCD - SCD + CPR)
    Destination Clock Delay (DCD):    4.926ns = ( 24.926 - 20.000 ) 
    Source Clock Delay      (SCD):    5.375ns
    Clock Pessimism Removal (CPR):    0.392ns
  Clock Uncertainty:      0.035ns  ((TSJ^2 + TIJ^2)^1/2 + DJ) / 2 + PE
    Total System Jitter     (TSJ):    0.071ns
    Total Input Jitter      (TIJ):    0.000ns
    Discrete Jitter          (DJ):    0.000ns
    Phase Error              (PE):    0.000ns

    Location             Delay type                Incr(ns)  Path(ns)    Netlist Resource(s)
  -------------------------------------------------------------------    -------------------
                         (clock clk rise edge)        0.000     0.000 r  
    U18                                               0.000     0.000 r  clk (IN)
                         net (fo=0)                   0.000     0.000    clk
    U18                  IBUF (Prop_ibuf_I_O)         1.530     1.530 r  clk_IBUF_inst/O
                         net (fo=1, routed)           2.076     3.606    clk_IBUF
    BUFGCTRL_X0Y2        BUFG (Prop_bufg_I_O)         0.101     3.707 r  clk_IBUF_BUFG_inst/O
                         net (fo=152, routed)         1.668     5.375    datapath_inst/dataStorageCounter_inst/clk
    SLICE_X27Y13         FDRE                                         r  datapath_inst/dataStorageCounter_inst/tmp_reg[4]/C
  -------------------------------------------------------------------    -------------------
    SLICE_X27Y13         FDRE (Prop_fdre_C_Q)         0.456     5.831 f  datapath_inst/dataStorageCounter_inst/tmp_reg[4]/Q
                         net (fo=8, routed)           1.222     7.053    datapath_inst/dataStorageCounter_inst/Q[4]
    SLICE_X27Y14         LUT2 (Prop_lut2_I1_O)        0.124     7.177 r  datapath_inst/dataStorageCounter_inst/i__carry_i_5__6/O
                         net (fo=1, routed)           0.000     7.177    datapath_inst/ch1BRAMCompare_inst/tmp1_inferred__0/i__carry__0_1[2]
    SLICE_X27Y14         CARRY4 (Prop_carry4_S[2]_CO[3])
                                                      0.398     7.575 r  datapath_inst/ch1BRAMCompare_inst/tmp1_inferred__0/i__carry/CO[3]
                         net (fo=1, routed)           0.000     7.575    datapath_inst/ch1BRAMCompare_inst/tmp1_inferred__0/i__carry_n_0
    SLICE_X27Y15         CARRY4 (Prop_carry4_CI_CO[0])
                                                      0.271     7.846 f  datapath_inst/ch1BRAMCompare_inst/tmp1_inferred__0/i__carry__0/CO[0]
                         net (fo=3, routed)           1.209     9.055    datapath_inst/dataStorageCounter_inst/FSM_sequential_state_reg[0][0]
    SLICE_X30Y12         LUT5 (Prop_lut5_I0_O)        0.373     9.428 r  datapath_inst/dataStorageCounter_inst/FSM_sequential_state[2]_i_2/O
                         net (fo=2, routed)           0.830    10.258    control_inst/FSM_sequential_state_reg[1]_1
    SLICE_X30Y11         LUT6 (Prop_lut6_I5_O)        0.124    10.382 r  control_inst/FSM_sequential_state[1]_i_1/O
                         net (fo=1, routed)           0.000    10.382    control_inst/FSM_sequential_state[1]_i_1_n_0
    SLICE_X30Y11         FDRE                                         r  control_inst/FSM_sequential_state_reg[1]/D
  -------------------------------------------------------------------    -------------------

                         (clock clk rise edge)       20.000    20.000 r  
    U18                                               0.000    20.000 r  clk (IN)
                         net (fo=0)                   0.000    20.000    clk
    U18                  IBUF (Prop_ibuf_I_O)         1.459    21.459 r  clk_IBUF_inst/O
                         net (fo=1, routed)           1.880    23.339    clk_IBUF
    BUFGCTRL_X0Y2        BUFG (Prop_bufg_I_O)         0.091    23.430 r  clk_IBUF_BUFG_inst/O
                         net (fo=152, routed)         1.496    24.926    control_inst/clk
    SLICE_X30Y11         FDRE                                         r  control_inst/FSM_sequential_state_reg[1]/C
                         clock pessimism              0.392    25.318    
                         clock uncertainty           -0.035    25.283    
    SLICE_X30Y11         FDRE (Setup_fdre_C_D)        0.077    25.360    control_inst/FSM_sequential_state_reg[1]
  -------------------------------------------------------------------
                         required time                         25.360    
                         arrival time                         -10.382    
  -------------------------------------------------------------------
                         slack                                 14.978    

Slack (MET) :             14.992ns  (required time - arrival time)
  Source:                 datapath_inst/dataStorageCounter_inst/tmp_reg[4]/C
                            (rising edge-triggered cell FDRE clocked by clk  {rise@0.000ns fall@10.000ns period=20.000ns})
  Destination:            control_inst/FSM_sequential_state_reg[2]/D
                            (rising edge-triggered cell FDRE clocked by clk  {rise@0.000ns fall@10.000ns period=20.000ns})
  Path Group:             clk
  Path Type:              Setup (Max at Slow Process Corner)
  Requirement:            20.000ns  (clk rise@20.000ns - clk rise@0.000ns)
  Data Path Delay:        4.997ns  (logic 1.746ns (34.942%)  route 3.251ns (65.058%))
  Logic Levels:           5  (CARRY4=2 LUT2=1 LUT5=1 LUT6=1)
  Clock Path Skew:        -0.057ns (DCD - SCD + CPR)
    Destination Clock Delay (DCD):    4.926ns = ( 24.926 - 20.000 ) 
    Source Clock Delay      (SCD):    5.375ns
    Clock Pessimism Removal (CPR):    0.392ns
  Clock Uncertainty:      0.035ns  ((TSJ^2 + TIJ^2)^1/2 + DJ) / 2 + PE
    Total System Jitter     (TSJ):    0.071ns
    Total Input Jitter      (TIJ):    0.000ns
    Discrete Jitter          (DJ):    0.000ns
    Phase Error              (PE):    0.000ns

    Location             Delay type                Incr(ns)  Path(ns)    Netlist Resource(s)
  -------------------------------------------------------------------    -------------------
                         (clock clk rise edge)        0.000     0.000 r  
    U18                                               0.000     0.000 r  clk (IN)
                         net (fo=0)                   0.000     0.000    clk
    U18                  IBUF (Prop_ibuf_I_O)         1.530     1.530 r  clk_IBUF_inst/O
                         net (fo=1, routed)           2.076     3.606    clk_IBUF
    BUFGCTRL_X0Y2        BUFG (Prop_bufg_I_O)         0.101     3.707 r  clk_IBUF_BUFG_inst/O
                         net (fo=152, routed)         1.668     5.375    datapath_inst/dataStorageCounter_inst/clk
    SLICE_X27Y13         FDRE                                         r  datapath_inst/dataStorageCounter_inst/tmp_reg[4]/C
  -------------------------------------------------------------------    -------------------
    SLICE_X27Y13         FDRE (Prop_fdre_C_Q)         0.456     5.831 f  datapath_inst/dataStorageCounter_inst/tmp_reg[4]/Q
                         net (fo=8, routed)           1.222     7.053    datapath_inst/dataStorageCounter_inst/Q[4]
    SLICE_X27Y14         LUT2 (Prop_lut2_I1_O)        0.124     7.177 r  datapath_inst/dataStorageCounter_inst/i__carry_i_5__6/O
                         net (fo=1, routed)           0.000     7.177    datapath_inst/ch1BRAMCompare_inst/tmp1_inferred__0/i__carry__0_1[2]
    SLICE_X27Y14         CARRY4 (Prop_carry4_S[2]_CO[3])
                                                      0.398     7.575 r  datapath_inst/ch1BRAMCompare_inst/tmp1_inferred__0/i__carry/CO[3]
                         net (fo=1, routed)           0.000     7.575    datapath_inst/ch1BRAMCompare_inst/tmp1_inferred__0/i__carry_n_0
    SLICE_X27Y15         CARRY4 (Prop_carry4_CI_CO[0])
                                                      0.271     7.846 r  datapath_inst/ch1BRAMCompare_inst/tmp1_inferred__0/i__carry__0/CO[0]
                         net (fo=3, routed)           1.209     9.055    datapath_inst/dataStorageCounter_inst/FSM_sequential_state_reg[0][0]
    SLICE_X30Y12         LUT5 (Prop_lut5_I0_O)        0.373     9.428 f  datapath_inst/dataStorageCounter_inst/FSM_sequential_state[2]_i_2/O
                         net (fo=2, routed)           0.820    10.248    control_inst/FSM_sequential_state_reg[1]_1
    SLICE_X30Y11         LUT6 (Prop_lut6_I0_O)        0.124    10.372 r  control_inst/FSM_sequential_state[2]_i_1/O
                         net (fo=1, routed)           0.000    10.372    control_inst/FSM_sequential_state[2]_i_1_n_0
    SLICE_X30Y11         FDRE                                         r  control_inst/FSM_sequential_state_reg[2]/D
  -------------------------------------------------------------------    -------------------

                         (clock clk rise edge)       20.000    20.000 r  
    U18                                               0.000    20.000 r  clk (IN)
                         net (fo=0)                   0.000    20.000    clk
    U18                  IBUF (Prop_ibuf_I_O)         1.459    21.459 r  clk_IBUF_inst/O
                         net (fo=1, routed)           1.880    23.339    clk_IBUF
    BUFGCTRL_X0Y2        BUFG (Prop_bufg_I_O)         0.091    23.430 r  clk_IBUF_BUFG_inst/O
                         net (fo=152, routed)         1.496    24.926    control_inst/clk
    SLICE_X30Y11         FDRE                                         r  control_inst/FSM_sequential_state_reg[2]/C
                         clock pessimism              0.392    25.318    
                         clock uncertainty           -0.035    25.283    
    SLICE_X30Y11         FDRE (Setup_fdre_C_D)        0.081    25.364    control_inst/FSM_sequential_state_reg[2]
  -------------------------------------------------------------------
                         required time                         25.364    
                         arrival time                         -10.372    
  -------------------------------------------------------------------
                         slack                                 14.992    

Slack (MET) :             15.006ns  (required time - arrival time)
  Source:                 datapath_inst/dataStorageCounter_inst/tmp_reg[4]/C
                            (rising edge-triggered cell FDRE clocked by clk  {rise@0.000ns fall@10.000ns period=20.000ns})
  Destination:            control_inst/FSM_sequential_state_reg[4]/D
                            (rising edge-triggered cell FDRE clocked by clk  {rise@0.000ns fall@10.000ns period=20.000ns})
  Path Group:             clk
  Path Type:              Setup (Max at Slow Process Corner)
  Requirement:            20.000ns  (clk rise@20.000ns - clk rise@0.000ns)
  Data Path Delay:        4.982ns  (logic 1.982ns (39.784%)  route 3.000ns (60.216%))
  Logic Levels:           5  (CARRY4=2 LUT2=1 LUT3=1 LUT6=1)
  Clock Path Skew:        -0.058ns (DCD - SCD + CPR)
    Destination Clock Delay (DCD):    4.925ns = ( 24.925 - 20.000 ) 
    Source Clock Delay      (SCD):    5.375ns
    Clock Pessimism Removal (CPR):    0.392ns
  Clock Uncertainty:      0.035ns  ((TSJ^2 + TIJ^2)^1/2 + DJ) / 2 + PE
    Total System Jitter     (TSJ):    0.071ns
    Total Input Jitter      (TIJ):    0.000ns
    Discrete Jitter          (DJ):    0.000ns
    Phase Error              (PE):    0.000ns

    Location             Delay type                Incr(ns)  Path(ns)    Netlist Resource(s)
  -------------------------------------------------------------------    -------------------
                         (clock clk rise edge)        0.000     0.000 r  
    U18                                               0.000     0.000 r  clk (IN)
                         net (fo=0)                   0.000     0.000    clk
    U18                  IBUF (Prop_ibuf_I_O)         1.530     1.530 r  clk_IBUF_inst/O
                         net (fo=1, routed)           2.076     3.606    clk_IBUF
    BUFGCTRL_X0Y2        BUFG (Prop_bufg_I_O)         0.101     3.707 r  clk_IBUF_BUFG_inst/O
                         net (fo=152, routed)         1.668     5.375    datapath_inst/dataStorageCounter_inst/clk
    SLICE_X27Y13         FDRE                                         r  datapath_inst/dataStorageCounter_inst/tmp_reg[4]/C
  -------------------------------------------------------------------    -------------------
    SLICE_X27Y13         FDRE (Prop_fdre_C_Q)         0.456     5.831 f  datapath_inst/dataStorageCounter_inst/tmp_reg[4]/Q
                         net (fo=8, routed)           1.222     7.053    datapath_inst/dataStorageCounter_inst/Q[4]
    SLICE_X27Y14         LUT2 (Prop_lut2_I1_O)        0.124     7.177 r  datapath_inst/dataStorageCounter_inst/i__carry_i_5__6/O
                         net (fo=1, routed)           0.000     7.177    datapath_inst/ch1BRAMCompare_inst/tmp1_inferred__0/i__carry__0_1[2]
    SLICE_X27Y14         CARRY4 (Prop_carry4_S[2]_CO[3])
                                                      0.398     7.575 r  datapath_inst/ch1BRAMCompare_inst/tmp1_inferred__0/i__carry/CO[3]
                         net (fo=1, routed)           0.000     7.575    datapath_inst/ch1BRAMCompare_inst/tmp1_inferred__0/i__carry_n_0
    SLICE_X27Y15         CARRY4 (Prop_carry4_CI_CO[0])
                                                      0.271     7.846 f  datapath_inst/ch1BRAMCompare_inst/tmp1_inferred__0/i__carry__0/CO[0]
                         net (fo=3, routed)           1.207     9.053    datapath_inst/dataStorageCounter_inst/FSM_sequential_state_reg[0][0]
    SLICE_X31Y12         LUT3 (Prop_lut3_I0_O)        0.401     9.454 r  datapath_inst/dataStorageCounter_inst/FSM_sequential_state[4]_i_7/O
                         net (fo=1, routed)           0.571    10.025    control_inst/FSM_sequential_state_reg[4]_1
    SLICE_X30Y12         LUT6 (Prop_lut6_I1_O)        0.332    10.357 r  control_inst/FSM_sequential_state[4]_i_2/O
                         net (fo=1, routed)           0.000    10.357    control_inst/FSM_sequential_state[4]_i_2_n_0
    SLICE_X30Y12         FDRE                                         r  control_inst/FSM_sequential_state_reg[4]/D
  -------------------------------------------------------------------    -------------------

                         (clock clk rise edge)       20.000    20.000 r  
    U18                                               0.000    20.000 r  clk (IN)
                         net (fo=0)                   0.000    20.000    clk
    U18                  IBUF (Prop_ibuf_I_O)         1.459    21.459 r  clk_IBUF_inst/O
                         net (fo=1, routed)           1.880    23.339    clk_IBUF
    BUFGCTRL_X0Y2        BUFG (Prop_bufg_I_O)         0.091    23.430 r  clk_IBUF_BUFG_inst/O
                         net (fo=152, routed)         1.495    24.925    control_inst/clk
    SLICE_X30Y12         FDRE                                         r  control_inst/FSM_sequential_state_reg[4]/C
                         clock pessimism              0.392    25.317    
                         clock uncertainty           -0.035    25.282    
    SLICE_X30Y12         FDRE (Setup_fdre_C_D)        0.081    25.363    control_inst/FSM_sequential_state_reg[4]
  -------------------------------------------------------------------
                         required time                         25.363    
                         arrival time                         -10.357    
  -------------------------------------------------------------------
                         slack                                 15.006    

Slack (MET) :             15.836ns  (required time - arrival time)
  Source:                 control_inst/FSM_sequential_state_reg[4]/C
                            (rising edge-triggered cell FDRE clocked by clk  {rise@0.000ns fall@10.000ns period=20.000ns})
  Destination:            datapath_inst/dataStorageCounter_inst/tmp_reg[1]/D
                            (rising edge-triggered cell FDRE clocked by clk  {rise@0.000ns fall@10.000ns period=20.000ns})
  Path Group:             clk
  Path Type:              Setup (Max at Slow Process Corner)
  Requirement:            20.000ns  (clk rise@20.000ns - clk rise@0.000ns)
  Data Path Delay:        3.812ns  (logic 1.020ns (26.754%)  route 2.792ns (73.246%))
  Logic Levels:           2  (LUT3=1 LUT5=1)
  Clock Path Skew:        -0.061ns (DCD - SCD + CPR)
    Destination Clock Delay (DCD):    4.924ns = ( 24.924 - 20.000 ) 
    Source Clock Delay      (SCD):    5.377ns
    Clock Pessimism Removal (CPR):    0.392ns
  Clock Uncertainty:      0.035ns  ((TSJ^2 + TIJ^2)^1/2 + DJ) / 2 + PE
    Total System Jitter     (TSJ):    0.071ns
    Total Input Jitter      (TIJ):    0.000ns
    Discrete Jitter          (DJ):    0.000ns
    Phase Error              (PE):    0.000ns

    Location             Delay type                Incr(ns)  Path(ns)    Netlist Resource(s)
  -------------------------------------------------------------------    -------------------
                         (clock clk rise edge)        0.000     0.000 r  
    U18                                               0.000     0.000 r  clk (IN)
                         net (fo=0)                   0.000     0.000    clk
    U18                  IBUF (Prop_ibuf_I_O)         1.530     1.530 r  clk_IBUF_inst/O
                         net (fo=1, routed)           2.076     3.606    clk_IBUF
    BUFGCTRL_X0Y2        BUFG (Prop_bufg_I_O)         0.101     3.707 r  clk_IBUF_BUFG_inst/O
                         net (fo=152, routed)         1.670     5.377    control_inst/clk
    SLICE_X30Y12         FDRE                                         r  control_inst/FSM_sequential_state_reg[4]/C
  -------------------------------------------------------------------    -------------------
    SLICE_X30Y12         FDRE (Prop_fdre_C_Q)         0.518     5.895 r  control_inst/FSM_sequential_state_reg[4]/Q
                         net (fo=80, routed)          1.543     7.438    control_inst/Q[0]
    SLICE_X34Y13         LUT5 (Prop_lut5_I4_O)        0.146     7.584 r  control_inst/tmp[9]_i_3/O
                         net (fo=9, routed)           0.904     8.487    datapath_inst/dataStorageCounter_inst/tmp_reg[9]_2
    SLICE_X26Y13         LUT3 (Prop_lut3_I0_O)        0.356     8.843 r  datapath_inst/dataStorageCounter_inst/tmp[1]_i_1__0/O
                         net (fo=1, routed)           0.346     9.190    datapath_inst/dataStorageCounter_inst/p_2_in[1]
    SLICE_X26Y13         FDRE                                         r  datapath_inst/dataStorageCounter_inst/tmp_reg[1]/D
  -------------------------------------------------------------------    -------------------

                         (clock clk rise edge)       20.000    20.000 r  
    U18                                               0.000    20.000 r  clk (IN)
                         net (fo=0)                   0.000    20.000    clk
    U18                  IBUF (Prop_ibuf_I_O)         1.459    21.459 r  clk_IBUF_inst/O
                         net (fo=1, routed)           1.880    23.339    clk_IBUF
    BUFGCTRL_X0Y2        BUFG (Prop_bufg_I_O)         0.091    23.430 r  clk_IBUF_BUFG_inst/O
                         net (fo=152, routed)         1.494    24.924    datapath_inst/dataStorageCounter_inst/clk
    SLICE_X26Y13         FDRE                                         r  datapath_inst/dataStorageCounter_inst/tmp_reg[1]/C
                         clock pessimism              0.392    25.316    
                         clock uncertainty           -0.035    25.281    
    SLICE_X26Y13         FDRE (Setup_fdre_C_D)       -0.255    25.026    datapath_inst/dataStorageCounter_inst/tmp_reg[1]
  -------------------------------------------------------------------
                         required time                         25.026    
                         arrival time                          -9.190    
  -------------------------------------------------------------------
                         slack                                 15.836    





Min Delay Paths
--------------------------------------------------------------------------------------
Slack (MET) :             0.157ns  (arrival time - required time)
  Source:                 datapath_inst/ch2TriggerRegCurr_inst/q_reg[2]/C
                            (rising edge-triggered cell FDRE clocked by clk  {rise@0.000ns fall@10.000ns period=20.000ns})
  Destination:            datapath_inst/ch2TriggerRegPrev_inst/q_reg[2]/D
                            (rising edge-triggered cell FDRE clocked by clk  {rise@0.000ns fall@10.000ns period=20.000ns})
  Path Group:             clk
  Path Type:              Hold (Min at Fast Process Corner)
  Requirement:            0.000ns  (clk rise@0.000ns - clk rise@0.000ns)
  Data Path Delay:        0.242ns  (logic 0.141ns (58.263%)  route 0.101ns (41.737%))
  Logic Levels:           0  
  Clock Path Skew:        0.015ns (DCD - SCD - CPR)
    Destination Clock Delay (DCD):    2.052ns
    Source Clock Delay      (SCD):    1.536ns
    Clock Pessimism Removal (CPR):    0.501ns

    Location             Delay type                Incr(ns)  Path(ns)    Netlist Resource(s)
  -------------------------------------------------------------------    -------------------
                         (clock clk rise edge)        0.000     0.000 r  
    U18                                               0.000     0.000 r  clk (IN)
                         net (fo=0)                   0.000     0.000    clk
    U18                  IBUF (Prop_ibuf_I_O)         0.297     0.297 r  clk_IBUF_inst/O
                         net (fo=1, routed)           0.627     0.925    clk_IBUF
    BUFGCTRL_X0Y2        BUFG (Prop_bufg_I_O)         0.026     0.951 r  clk_IBUF_BUFG_inst/O
                         net (fo=152, routed)         0.586     1.536    datapath_inst/ch2TriggerRegCurr_inst/clk
    SLICE_X39Y13         FDRE                                         r  datapath_inst/ch2TriggerRegCurr_inst/q_reg[2]/C
  -------------------------------------------------------------------    -------------------
    SLICE_X39Y13         FDRE (Prop_fdre_C_Q)         0.141     1.677 r  datapath_inst/ch2TriggerRegCurr_inst/q_reg[2]/Q
                         net (fo=3, routed)           0.101     1.778    datapath_inst/ch2TriggerRegPrev_inst/D[2]
    SLICE_X37Y13         FDRE                                         r  datapath_inst/ch2TriggerRegPrev_inst/q_reg[2]/D
  -------------------------------------------------------------------    -------------------

                         (clock clk rise edge)        0.000     0.000 r  
    U18                                               0.000     0.000 r  clk (IN)
                         net (fo=0)                   0.000     0.000    clk
    U18                  IBUF (Prop_ibuf_I_O)         0.486     0.486 r  clk_IBUF_inst/O
                         net (fo=1, routed)           0.683     1.169    clk_IBUF
    BUFGCTRL_X0Y2        BUFG (Prop_bufg_I_O)         0.029     1.198 r  clk_IBUF_BUFG_inst/O
                         net (fo=152, routed)         0.854     2.052    datapath_inst/ch2TriggerRegPrev_inst/clk
    SLICE_X37Y13         FDRE                                         r  datapath_inst/ch2TriggerRegPrev_inst/q_reg[2]/C
                         clock pessimism             -0.501     1.551    
    SLICE_X37Y13         FDRE (Hold_fdre_C_D)         0.070     1.621    datapath_inst/ch2TriggerRegPrev_inst/q_reg[2]
  -------------------------------------------------------------------
                         required time                         -1.621    
                         arrival time                           1.778    
  -------------------------------------------------------------------
                         slack                                  0.157    

Slack (MET) :             0.174ns  (arrival time - required time)
  Source:                 datapath_inst/dataStorageCounter_inst/tmp_reg[9]/C
                            (rising edge-triggered cell FDRE clocked by clk  {rise@0.000ns fall@10.000ns period=20.000ns})
  Destination:            datapath_inst/ch1BRAM_inst/U0/inst_blk_mem_gen/gnbram.gnativebmg.native_blk_mem_gen/valid.cstr/ramloop[0].ram.r/prim_noinit.ram/DEVICE_7SERIES.NO_BMM_INFO.SDP.SIMPLE_PRIM18.ram/ADDRARDADDR[13]
                            (rising edge-triggered cell RAMB18E1 clocked by clk  {rise@0.000ns fall@10.000ns period=20.000ns})
  Path Group:             clk
  Path Type:              Hold (Min at Fast Process Corner)
  Requirement:            0.000ns  (clk rise@0.000ns - clk rise@0.000ns)
  Data Path Delay:        0.411ns  (logic 0.141ns (34.330%)  route 0.270ns (65.670%))
  Logic Levels:           0  
  Clock Path Skew:        0.053ns (DCD - SCD - CPR)
    Destination Clock Delay (DCD):    2.062ns
    Source Clock Delay      (SCD):    1.509ns
    Clock Pessimism Removal (CPR):    0.500ns

    Location             Delay type                Incr(ns)  Path(ns)    Netlist Resource(s)
  -------------------------------------------------------------------    -------------------
                         (clock clk rise edge)        0.000     0.000 r  
    U18                                               0.000     0.000 r  clk (IN)
                         net (fo=0)                   0.000     0.000    clk
    U18                  IBUF (Prop_ibuf_I_O)         0.297     0.297 r  clk_IBUF_inst/O
                         net (fo=1, routed)           0.627     0.925    clk_IBUF
    BUFGCTRL_X0Y2        BUFG (Prop_bufg_I_O)         0.026     0.951 r  clk_IBUF_BUFG_inst/O
                         net (fo=152, routed)         0.559     1.509    datapath_inst/dataStorageCounter_inst/clk
    SLICE_X26Y13         FDRE                                         r  datapath_inst/dataStorageCounter_inst/tmp_reg[9]/C
  -------------------------------------------------------------------    -------------------
    SLICE_X26Y13         FDRE (Prop_fdre_C_Q)         0.141     1.650 r  datapath_inst/dataStorageCounter_inst/tmp_reg[9]/Q
                         net (fo=7, routed)           0.270     1.920    datapath_inst/ch1BRAM_inst/U0/inst_blk_mem_gen/gnbram.gnativebmg.native_blk_mem_gen/valid.cstr/ramloop[0].ram.r/prim_noinit.ram/addra[9]
    RAMB18_X1Y6          RAMB18E1                                     r  datapath_inst/ch1BRAM_inst/U0/inst_blk_mem_gen/gnbram.gnativebmg.native_blk_mem_gen/valid.cstr/ramloop[0].ram.r/prim_noinit.ram/DEVICE_7SERIES.NO_BMM_INFO.SDP.SIMPLE_PRIM18.ram/ADDRARDADDR[13]
  -------------------------------------------------------------------    -------------------

                         (clock clk rise edge)        0.000     0.000 r  
    U18                                               0.000     0.000 r  clk (IN)
                         net (fo=0)                   0.000     0.000    clk
    U18                  IBUF (Prop_ibuf_I_O)         0.486     0.486 r  clk_IBUF_inst/O
                         net (fo=1, routed)           0.683     1.169    clk_IBUF
    BUFGCTRL_X0Y2        BUFG (Prop_bufg_I_O)         0.029     1.198 r  clk_IBUF_BUFG_inst/O
                         net (fo=152, routed)         0.864     2.062    datapath_inst/ch1BRAM_inst/U0/inst_blk_mem_gen/gnbram.gnativebmg.native_blk_mem_gen/valid.cstr/ramloop[0].ram.r/prim_noinit.ram/clka
    RAMB18_X1Y6          RAMB18E1                                     r  datapath_inst/ch1BRAM_inst/U0/inst_blk_mem_gen/gnbram.gnativebmg.native_blk_mem_gen/valid.cstr/ramloop[0].ram.r/prim_noinit.ram/DEVICE_7SERIES.NO_BMM_INFO.SDP.SIMPLE_PRIM18.ram/CLKARDCLK
                         clock pessimism             -0.500     1.563    
    RAMB18_X1Y6          RAMB18E1 (Hold_ramb18e1_CLKARDCLK_ADDRARDADDR[13])
                                                      0.183     1.746    datapath_inst/ch1BRAM_inst/U0/inst_blk_mem_gen/gnbram.gnativebmg.native_blk_mem_gen/valid.cstr/ramloop[0].ram.r/prim_noinit.ram/DEVICE_7SERIES.NO_BMM_INFO.SDP.SIMPLE_PRIM18.ram
  -------------------------------------------------------------------
                         required time                         -1.746    
                         arrival time                           1.920    
  -------------------------------------------------------------------
                         slack                                  0.174    

Slack (MET) :             0.174ns  (arrival time - required time)
  Source:                 datapath_inst/dataStorageCounter_inst/tmp_reg[9]/C
                            (rising edge-triggered cell FDRE clocked by clk  {rise@0.000ns fall@10.000ns period=20.000ns})
  Destination:            datapath_inst/ch2BRAM_inst/U0/inst_blk_mem_gen/gnbram.gnativebmg.native_blk_mem_gen/valid.cstr/ramloop[0].ram.r/prim_noinit.ram/DEVICE_7SERIES.NO_BMM_INFO.SDP.SIMPLE_PRIM18.ram/ADDRARDADDR[13]
                            (rising edge-triggered cell RAMB18E1 clocked by clk  {rise@0.000ns fall@10.000ns period=20.000ns})
  Path Group:             clk
  Path Type:              Hold (Min at Fast Process Corner)
  Requirement:            0.000ns  (clk rise@0.000ns - clk rise@0.000ns)
  Data Path Delay:        0.411ns  (logic 0.141ns (34.330%)  route 0.270ns (65.670%))
  Logic Levels:           0  
  Clock Path Skew:        0.053ns (DCD - SCD - CPR)
    Destination Clock Delay (DCD):    2.062ns
    Source Clock Delay      (SCD):    1.509ns
    Clock Pessimism Removal (CPR):    0.500ns

    Location             Delay type                Incr(ns)  Path(ns)    Netlist Resource(s)
  -------------------------------------------------------------------    -------------------
                         (clock clk rise edge)        0.000     0.000 r  
    U18                                               0.000     0.000 r  clk (IN)
                         net (fo=0)                   0.000     0.000    clk
    U18                  IBUF (Prop_ibuf_I_O)         0.297     0.297 r  clk_IBUF_inst/O
                         net (fo=1, routed)           0.627     0.925    clk_IBUF
    BUFGCTRL_X0Y2        BUFG (Prop_bufg_I_O)         0.026     0.951 r  clk_IBUF_BUFG_inst/O
                         net (fo=152, routed)         0.559     1.509    datapath_inst/dataStorageCounter_inst/clk
    SLICE_X26Y13         FDRE                                         r  datapath_inst/dataStorageCounter_inst/tmp_reg[9]/C
  -------------------------------------------------------------------    -------------------
    SLICE_X26Y13         FDRE (Prop_fdre_C_Q)         0.141     1.650 r  datapath_inst/dataStorageCounter_inst/tmp_reg[9]/Q
                         net (fo=7, routed)           0.270     1.920    datapath_inst/ch2BRAM_inst/U0/inst_blk_mem_gen/gnbram.gnativebmg.native_blk_mem_gen/valid.cstr/ramloop[0].ram.r/prim_noinit.ram/addra[9]
    RAMB18_X1Y7          RAMB18E1                                     r  datapath_inst/ch2BRAM_inst/U0/inst_blk_mem_gen/gnbram.gnativebmg.native_blk_mem_gen/valid.cstr/ramloop[0].ram.r/prim_noinit.ram/DEVICE_7SERIES.NO_BMM_INFO.SDP.SIMPLE_PRIM18.ram/ADDRARDADDR[13]
  -------------------------------------------------------------------    -------------------

                         (clock clk rise edge)        0.000     0.000 r  
    U18                                               0.000     0.000 r  clk (IN)
                         net (fo=0)                   0.000     0.000    clk
    U18                  IBUF (Prop_ibuf_I_O)         0.486     0.486 r  clk_IBUF_inst/O
                         net (fo=1, routed)           0.683     1.169    clk_IBUF
    BUFGCTRL_X0Y2        BUFG (Prop_bufg_I_O)         0.029     1.198 r  clk_IBUF_BUFG_inst/O
                         net (fo=152, routed)         0.864     2.062    datapath_inst/ch2BRAM_inst/U0/inst_blk_mem_gen/gnbram.gnativebmg.native_blk_mem_gen/valid.cstr/ramloop[0].ram.r/prim_noinit.ram/clka
    RAMB18_X1Y7          RAMB18E1                                     r  datapath_inst/ch2BRAM_inst/U0/inst_blk_mem_gen/gnbram.gnativebmg.native_blk_mem_gen/valid.cstr/ramloop[0].ram.r/prim_noinit.ram/DEVICE_7SERIES.NO_BMM_INFO.SDP.SIMPLE_PRIM18.ram/CLKARDCLK
                         clock pessimism             -0.500     1.563    
    RAMB18_X1Y7          RAMB18E1 (Hold_ramb18e1_CLKARDCLK_ADDRARDADDR[13])
                                                      0.183     1.746    datapath_inst/ch2BRAM_inst/U0/inst_blk_mem_gen/gnbram.gnativebmg.native_blk_mem_gen/valid.cstr/ramloop[0].ram.r/prim_noinit.ram/DEVICE_7SERIES.NO_BMM_INFO.SDP.SIMPLE_PRIM18.ram
  -------------------------------------------------------------------
                         required time                         -1.746    
                         arrival time                           1.920    
  -------------------------------------------------------------------
                         slack                                  0.174    

Slack (MET) :             0.175ns  (arrival time - required time)
  Source:                 datapath_inst/storeIntoBramFlag_reg/C
                            (rising edge-triggered cell FDRE clocked by clk  {rise@0.000ns fall@10.000ns period=20.000ns})
  Destination:            control_inst/FSM_sequential_state_reg[3]/D
                            (rising edge-triggered cell FDRE clocked by clk  {rise@0.000ns fall@10.000ns period=20.000ns})
  Path Group:             clk
  Path Type:              Hold (Min at Fast Process Corner)
  Requirement:            0.000ns  (clk rise@0.000ns - clk rise@0.000ns)
  Data Path Delay:        0.308ns  (logic 0.186ns (60.296%)  route 0.122ns (39.704%))
  Logic Levels:           1  (LUT5=1)
  Clock Path Skew:        0.013ns (DCD - SCD - CPR)
    Destination Clock Delay (DCD):    2.025ns
    Source Clock Delay      (SCD):    1.510ns
    Clock Pessimism Removal (CPR):    0.502ns

    Location             Delay type                Incr(ns)  Path(ns)    Netlist Resource(s)
  -------------------------------------------------------------------    -------------------
                         (clock clk rise edge)        0.000     0.000 r  
    U18                                               0.000     0.000 r  clk (IN)
                         net (fo=0)                   0.000     0.000    clk
    U18                  IBUF (Prop_ibuf_I_O)         0.297     0.297 r  clk_IBUF_inst/O
                         net (fo=1, routed)           0.627     0.925    clk_IBUF
    BUFGCTRL_X0Y2        BUFG (Prop_bufg_I_O)         0.026     0.951 r  clk_IBUF_BUFG_inst/O
                         net (fo=152, routed)         0.560     1.510    datapath_inst/clk
    SLICE_X31Y12         FDRE                                         r  datapath_inst/storeIntoBramFlag_reg/C
  -------------------------------------------------------------------    -------------------
    SLICE_X31Y12         FDRE (Prop_fdre_C_Q)         0.141     1.651 r  datapath_inst/storeIntoBramFlag_reg/Q
                         net (fo=7, routed)           0.122     1.774    control_inst/storeIntoBramFlag
    SLICE_X30Y12         LUT5 (Prop_lut5_I4_O)        0.045     1.819 r  control_inst/FSM_sequential_state[3]_i_1/O
                         net (fo=1, routed)           0.000     1.819    control_inst/FSM_sequential_state[3]_i_1_n_0
    SLICE_X30Y12         FDRE                                         r  control_inst/FSM_sequential_state_reg[3]/D
  -------------------------------------------------------------------    -------------------

                         (clock clk rise edge)        0.000     0.000 r  
    U18                                               0.000     0.000 r  clk (IN)
                         net (fo=0)                   0.000     0.000    clk
    U18                  IBUF (Prop_ibuf_I_O)         0.486     0.486 r  clk_IBUF_inst/O
                         net (fo=1, routed)           0.683     1.169    clk_IBUF
    BUFGCTRL_X0Y2        BUFG (Prop_bufg_I_O)         0.029     1.198 r  clk_IBUF_BUFG_inst/O
                         net (fo=152, routed)         0.827     2.025    control_inst/clk
    SLICE_X30Y12         FDRE                                         r  control_inst/FSM_sequential_state_reg[3]/C
                         clock pessimism             -0.502     1.523    
    SLICE_X30Y12         FDRE (Hold_fdre_C_D)         0.120     1.643    control_inst/FSM_sequential_state_reg[3]
  -------------------------------------------------------------------
                         required time                         -1.643    
                         arrival time                           1.819    
  -------------------------------------------------------------------
                         slack                                  0.175    

Slack (MET) :             0.184ns  (arrival time - required time)
  Source:                 datapath_inst/ch2TriggerRegCurr_inst/q_reg[8]/C
                            (rising edge-triggered cell FDRE clocked by clk  {rise@0.000ns fall@10.000ns period=20.000ns})
  Destination:            datapath_inst/ch2TriggerRegPrev_inst/q_reg[8]/D
                            (rising edge-triggered cell FDRE clocked by clk  {rise@0.000ns fall@10.000ns period=20.000ns})
  Path Group:             clk
  Path Type:              Hold (Min at Fast Process Corner)
  Requirement:            0.000ns  (clk rise@0.000ns - clk rise@0.000ns)
  Data Path Delay:        0.271ns  (logic 0.141ns (52.047%)  route 0.130ns (47.952%))
  Logic Levels:           0  
  Clock Path Skew:        0.015ns (DCD - SCD - CPR)
    Destination Clock Delay (DCD):    2.052ns
    Source Clock Delay      (SCD):    1.536ns
    Clock Pessimism Removal (CPR):    0.501ns

    Location             Delay type                Incr(ns)  Path(ns)    Netlist Resource(s)
  -------------------------------------------------------------------    -------------------
                         (clock clk rise edge)        0.000     0.000 r  
    U18                                               0.000     0.000 r  clk (IN)
                         net (fo=0)                   0.000     0.000    clk
    U18                  IBUF (Prop_ibuf_I_O)         0.297     0.297 r  clk_IBUF_inst/O
                         net (fo=1, routed)           0.627     0.925    clk_IBUF
    BUFGCTRL_X0Y2        BUFG (Prop_bufg_I_O)         0.026     0.951 r  clk_IBUF_BUFG_inst/O
                         net (fo=152, routed)         0.586     1.536    datapath_inst/ch2TriggerRegCurr_inst/clk
    SLICE_X36Y15         FDRE                                         r  datapath_inst/ch2TriggerRegCurr_inst/q_reg[8]/C
  -------------------------------------------------------------------    -------------------
    SLICE_X36Y15         FDRE (Prop_fdre_C_Q)         0.141     1.677 r  datapath_inst/ch2TriggerRegCurr_inst/q_reg[8]/Q
                         net (fo=3, routed)           0.130     1.807    datapath_inst/ch2TriggerRegPrev_inst/D[8]
    SLICE_X36Y14         FDRE                                         r  datapath_inst/ch2TriggerRegPrev_inst/q_reg[8]/D
  -------------------------------------------------------------------    -------------------

                         (clock clk rise edge)        0.000     0.000 r  
    U18                                               0.000     0.000 r  clk (IN)
                         net (fo=0)                   0.000     0.000    clk
    U18                  IBUF (Prop_ibuf_I_O)         0.486     0.486 r  clk_IBUF_inst/O
                         net (fo=1, routed)           0.683     1.169    clk_IBUF
    BUFGCTRL_X0Y2        BUFG (Prop_bufg_I_O)         0.029     1.198 r  clk_IBUF_BUFG_inst/O
                         net (fo=152, routed)         0.854     2.052    datapath_inst/ch2TriggerRegPrev_inst/clk
    SLICE_X36Y14         FDRE                                         r  datapath_inst/ch2TriggerRegPrev_inst/q_reg[8]/C
                         clock pessimism             -0.501     1.551    
    SLICE_X36Y14         FDRE (Hold_fdre_C_D)         0.072     1.623    datapath_inst/ch2TriggerRegPrev_inst/q_reg[8]
  -------------------------------------------------------------------
                         required time                         -1.623    
                         arrival time                           1.807    
  -------------------------------------------------------------------
                         slack                                  0.184    

Slack (MET) :             0.185ns  (arrival time - required time)
  Source:                 btnPrev_reg[0]/C
                            (rising edge-triggered cell FDSE clocked by clk  {rise@0.000ns fall@10.000ns period=20.000ns})
  Destination:            single_reg/D
                            (rising edge-triggered cell FDRE clocked by clk  {rise@0.000ns fall@10.000ns period=20.000ns})
  Path Group:             clk
  Path Type:              Hold (Min at Fast Process Corner)
  Requirement:            0.000ns  (clk rise@0.000ns - clk rise@0.000ns)
  Data Path Delay:        0.305ns  (logic 0.246ns (80.588%)  route 0.059ns (19.412%))
  Logic Levels:           1  (LUT2=1)
  Clock Path Skew:        0.000ns (DCD - SCD - CPR)
    Destination Clock Delay (DCD):    2.055ns
    Source Clock Delay      (SCD):    1.538ns
    Clock Pessimism Removal (CPR):    0.517ns

    Location             Delay type                Incr(ns)  Path(ns)    Netlist Resource(s)
  -------------------------------------------------------------------    -------------------
                         (clock clk rise edge)        0.000     0.000 r  
    U18                                               0.000     0.000 r  clk (IN)
                         net (fo=0)                   0.000     0.000    clk
    U18                  IBUF (Prop_ibuf_I_O)         0.297     0.297 r  clk_IBUF_inst/O
                         net (fo=1, routed)           0.627     0.925    clk_IBUF
    BUFGCTRL_X0Y2        BUFG (Prop_bufg_I_O)         0.026     0.951 r  clk_IBUF_BUFG_inst/O
                         net (fo=152, routed)         0.588     1.538    clk_IBUF_BUFG
    SLICE_X38Y11         FDSE                                         r  btnPrev_reg[0]/C
  -------------------------------------------------------------------    -------------------
    SLICE_X38Y11         FDSE (Prop_fdse_C_Q)         0.148     1.686 r  btnPrev_reg[0]/Q
                         net (fo=1, routed)           0.059     1.745    btnPrev[0]
    SLICE_X38Y11         LUT2 (Prop_lut2_I0_O)        0.098     1.843 r  single_i_1/O
                         net (fo=1, routed)           0.000     1.843    single_i_1_n_0
    SLICE_X38Y11         FDRE                                         r  single_reg/D
  -------------------------------------------------------------------    -------------------

                         (clock clk rise edge)        0.000     0.000 r  
    U18                                               0.000     0.000 r  clk (IN)
                         net (fo=0)                   0.000     0.000    clk
    U18                  IBUF (Prop_ibuf_I_O)         0.486     0.486 r  clk_IBUF_inst/O
                         net (fo=1, routed)           0.683     1.169    clk_IBUF
    BUFGCTRL_X0Y2        BUFG (Prop_bufg_I_O)         0.029     1.198 r  clk_IBUF_BUFG_inst/O
                         net (fo=152, routed)         0.857     2.055    clk_IBUF_BUFG
    SLICE_X38Y11         FDRE                                         r  single_reg/C
                         clock pessimism             -0.517     1.538    
    SLICE_X38Y11         FDRE (Hold_fdre_C_D)         0.120     1.658    single_reg
  -------------------------------------------------------------------
                         required time                         -1.658    
                         arrival time                           1.843    
  -------------------------------------------------------------------
                         slack                                  0.185    

Slack (MET) :             0.188ns  (arrival time - required time)
  Source:                 datapath_inst/ch2TriggerRegCurr_inst/q_reg[13]/C
                            (rising edge-triggered cell FDRE clocked by clk  {rise@0.000ns fall@10.000ns period=20.000ns})
  Destination:            datapath_inst/ch2TriggerRegPrev_inst/q_reg[13]/D
                            (rising edge-triggered cell FDRE clocked by clk  {rise@0.000ns fall@10.000ns period=20.000ns})
  Path Group:             clk
  Path Type:              Hold (Min at Fast Process Corner)
  Requirement:            0.000ns  (clk rise@0.000ns - clk rise@0.000ns)
  Data Path Delay:        0.260ns  (logic 0.141ns (54.222%)  route 0.119ns (45.778%))
  Logic Levels:           0  
  Clock Path Skew:        0.000ns (DCD - SCD - CPR)
    Destination Clock Delay (DCD):    2.052ns
    Source Clock Delay      (SCD):    1.536ns
    Clock Pessimism Removal (CPR):    0.516ns

    Location             Delay type                Incr(ns)  Path(ns)    Netlist Resource(s)
  -------------------------------------------------------------------    -------------------
                         (clock clk rise edge)        0.000     0.000 r  
    U18                                               0.000     0.000 r  clk (IN)
                         net (fo=0)                   0.000     0.000    clk
    U18                  IBUF (Prop_ibuf_I_O)         0.297     0.297 r  clk_IBUF_inst/O
                         net (fo=1, routed)           0.627     0.925    clk_IBUF
    BUFGCTRL_X0Y2        BUFG (Prop_bufg_I_O)         0.026     0.951 r  clk_IBUF_BUFG_inst/O
                         net (fo=152, routed)         0.586     1.536    datapath_inst/ch2TriggerRegCurr_inst/clk
    SLICE_X37Y14         FDRE                                         r  datapath_inst/ch2TriggerRegCurr_inst/q_reg[13]/C
  -------------------------------------------------------------------    -------------------
    SLICE_X37Y14         FDRE (Prop_fdre_C_Q)         0.141     1.677 r  datapath_inst/ch2TriggerRegCurr_inst/q_reg[13]/Q
                         net (fo=3, routed)           0.119     1.796    datapath_inst/ch2TriggerRegPrev_inst/D[13]
    SLICE_X37Y14         FDRE                                         r  datapath_inst/ch2TriggerRegPrev_inst/q_reg[13]/D
  -------------------------------------------------------------------    -------------------

                         (clock clk rise edge)        0.000     0.000 r  
    U18                                               0.000     0.000 r  clk (IN)
                         net (fo=0)                   0.000     0.000    clk
    U18                  IBUF (Prop_ibuf_I_O)         0.486     0.486 r  clk_IBUF_inst/O
                         net (fo=1, routed)           0.683     1.169    clk_IBUF
    BUFGCTRL_X0Y2        BUFG (Prop_bufg_I_O)         0.029     1.198 r  clk_IBUF_BUFG_inst/O
                         net (fo=152, routed)         0.854     2.052    datapath_inst/ch2TriggerRegPrev_inst/clk
    SLICE_X37Y14         FDRE                                         r  datapath_inst/ch2TriggerRegPrev_inst/q_reg[13]/C
                         clock pessimism             -0.516     1.536    
    SLICE_X37Y14         FDRE (Hold_fdre_C_D)         0.072     1.608    datapath_inst/ch2TriggerRegPrev_inst/q_reg[13]
  -------------------------------------------------------------------
                         required time                         -1.608    
                         arrival time                           1.796    
  -------------------------------------------------------------------
                         slack                                  0.188    

Slack (MET) :             0.189ns  (arrival time - required time)
  Source:                 datapath_inst/ch1TriggerRegCurr_inst/q_reg[7]/C
                            (rising edge-triggered cell FDRE clocked by clk  {rise@0.000ns fall@10.000ns period=20.000ns})
  Destination:            datapath_inst/ch1TriggerRegPrev_inst/q_reg[7]/D
                            (rising edge-triggered cell FDRE clocked by clk  {rise@0.000ns fall@10.000ns period=20.000ns})
  Path Group:             clk
  Path Type:              Hold (Min at Fast Process Corner)
  Requirement:            0.000ns  (clk rise@0.000ns - clk rise@0.000ns)
  Data Path Delay:        0.261ns  (logic 0.141ns (54.048%)  route 0.120ns (45.952%))
  Logic Levels:           0  
  Clock Path Skew:        0.000ns (DCD - SCD - CPR)
    Destination Clock Delay (DCD):    2.054ns
    Source Clock Delay      (SCD):    1.538ns
    Clock Pessimism Removal (CPR):    0.516ns

    Location             Delay type                Incr(ns)  Path(ns)    Netlist Resource(s)
  -------------------------------------------------------------------    -------------------
                         (clock clk rise edge)        0.000     0.000 r  
    U18                                               0.000     0.000 r  clk (IN)
                         net (fo=0)                   0.000     0.000    clk
    U18                  IBUF (Prop_ibuf_I_O)         0.297     0.297 r  clk_IBUF_inst/O
                         net (fo=1, routed)           0.627     0.925    clk_IBUF
    BUFGCTRL_X0Y2        BUFG (Prop_bufg_I_O)         0.026     0.951 r  clk_IBUF_BUFG_inst/O
                         net (fo=152, routed)         0.588     1.538    datapath_inst/ch1TriggerRegCurr_inst/clk
    SLICE_X43Y14         FDRE                                         r  datapath_inst/ch1TriggerRegCurr_inst/q_reg[7]/C
  -------------------------------------------------------------------    -------------------
    SLICE_X43Y14         FDRE (Prop_fdre_C_Q)         0.141     1.679 r  datapath_inst/ch1TriggerRegCurr_inst/q_reg[7]/Q
                         net (fo=3, routed)           0.120     1.799    datapath_inst/ch1TriggerRegPrev_inst/D[7]
    SLICE_X43Y14         FDRE                                         r  datapath_inst/ch1TriggerRegPrev_inst/q_reg[7]/D
  -------------------------------------------------------------------    -------------------

                         (clock clk rise edge)        0.000     0.000 r  
    U18                                               0.000     0.000 r  clk (IN)
                         net (fo=0)                   0.000     0.000    clk
    U18                  IBUF (Prop_ibuf_I_O)         0.486     0.486 r  clk_IBUF_inst/O
                         net (fo=1, routed)           0.683     1.169    clk_IBUF
    BUFGCTRL_X0Y2        BUFG (Prop_bufg_I_O)         0.029     1.198 r  clk_IBUF_BUFG_inst/O
                         net (fo=152, routed)         0.856     2.054    datapath_inst/ch1TriggerRegPrev_inst/clk
    SLICE_X43Y14         FDRE                                         r  datapath_inst/ch1TriggerRegPrev_inst/q_reg[7]/C
                         clock pessimism             -0.516     1.538    
    SLICE_X43Y14         FDRE (Hold_fdre_C_D)         0.072     1.610    datapath_inst/ch1TriggerRegPrev_inst/q_reg[7]
  -------------------------------------------------------------------
                         required time                         -1.610    
                         arrival time                           1.799    
  -------------------------------------------------------------------
                         slack                                  0.189    

Slack (MET) :             0.196ns  (arrival time - required time)
  Source:                 datapath_inst/ch2TriggerRegCurr_inst/q_reg[12]/C
                            (rising edge-triggered cell FDRE clocked by clk  {rise@0.000ns fall@10.000ns period=20.000ns})
  Destination:            datapath_inst/ch2TriggerRegPrev_inst/q_reg[12]/D
                            (rising edge-triggered cell FDRE clocked by clk  {rise@0.000ns fall@10.000ns period=20.000ns})
  Path Group:             clk
  Path Type:              Hold (Min at Fast Process Corner)
  Requirement:            0.000ns  (clk rise@0.000ns - clk rise@0.000ns)
  Data Path Delay:        0.266ns  (logic 0.141ns (53.070%)  route 0.125ns (46.930%))
  Logic Levels:           0  
  Clock Path Skew:        0.000ns (DCD - SCD - CPR)
    Destination Clock Delay (DCD):    2.052ns
    Source Clock Delay      (SCD):    1.536ns
    Clock Pessimism Removal (CPR):    0.516ns

    Location             Delay type                Incr(ns)  Path(ns)    Netlist Resource(s)
  -------------------------------------------------------------------    -------------------
                         (clock clk rise edge)        0.000     0.000 r  
    U18                                               0.000     0.000 r  clk (IN)
                         net (fo=0)                   0.000     0.000    clk
    U18                  IBUF (Prop_ibuf_I_O)         0.297     0.297 r  clk_IBUF_inst/O
                         net (fo=1, routed)           0.627     0.925    clk_IBUF
    BUFGCTRL_X0Y2        BUFG (Prop_bufg_I_O)         0.026     0.951 r  clk_IBUF_BUFG_inst/O
                         net (fo=152, routed)         0.586     1.536    datapath_inst/ch2TriggerRegCurr_inst/clk
    SLICE_X36Y14         FDRE                                         r  datapath_inst/ch2TriggerRegCurr_inst/q_reg[12]/C
  -------------------------------------------------------------------    -------------------
    SLICE_X36Y14         FDRE (Prop_fdre_C_Q)         0.141     1.677 r  datapath_inst/ch2TriggerRegCurr_inst/q_reg[12]/Q
                         net (fo=3, routed)           0.125     1.802    datapath_inst/ch2TriggerRegPrev_inst/D[12]
    SLICE_X36Y14         FDRE                                         r  datapath_inst/ch2TriggerRegPrev_inst/q_reg[12]/D
  -------------------------------------------------------------------    -------------------

                         (clock clk rise edge)        0.000     0.000 r  
    U18                                               0.000     0.000 r  clk (IN)
                         net (fo=0)                   0.000     0.000    clk
    U18                  IBUF (Prop_ibuf_I_O)         0.486     0.486 r  clk_IBUF_inst/O
                         net (fo=1, routed)           0.683     1.169    clk_IBUF
    BUFGCTRL_X0Y2        BUFG (Prop_bufg_I_O)         0.029     1.198 r  clk_IBUF_BUFG_inst/O
                         net (fo=152, routed)         0.854     2.052    datapath_inst/ch2TriggerRegPrev_inst/clk
    SLICE_X36Y14         FDRE                                         r  datapath_inst/ch2TriggerRegPrev_inst/q_reg[12]/C
                         clock pessimism             -0.516     1.536    
    SLICE_X36Y14         FDRE (Hold_fdre_C_D)         0.070     1.606    datapath_inst/ch2TriggerRegPrev_inst/q_reg[12]
  -------------------------------------------------------------------
                         required time                         -1.606    
                         arrival time                           1.802    
  -------------------------------------------------------------------
                         slack                                  0.196    

Slack (MET) :             0.196ns  (arrival time - required time)
  Source:                 datapath_inst/ch2TriggerRegCurr_inst/q_reg[3]/C
                            (rising edge-triggered cell FDRE clocked by clk  {rise@0.000ns fall@10.000ns period=20.000ns})
  Destination:            datapath_inst/ch2TriggerRegPrev_inst/q_reg[3]/D
                            (rising edge-triggered cell FDRE clocked by clk  {rise@0.000ns fall@10.000ns period=20.000ns})
  Path Group:             clk
  Path Type:              Hold (Min at Fast Process Corner)
  Requirement:            0.000ns  (clk rise@0.000ns - clk rise@0.000ns)
  Data Path Delay:        0.266ns  (logic 0.141ns (53.070%)  route 0.125ns (46.930%))
  Logic Levels:           0  
  Clock Path Skew:        0.000ns (DCD - SCD - CPR)
    Destination Clock Delay (DCD):    2.052ns
    Source Clock Delay      (SCD):    1.536ns
    Clock Pessimism Removal (CPR):    0.516ns

    Location             Delay type                Incr(ns)  Path(ns)    Netlist Resource(s)
  -------------------------------------------------------------------    -------------------
                         (clock clk rise edge)        0.000     0.000 r  
    U18                                               0.000     0.000 r  clk (IN)
                         net (fo=0)                   0.000     0.000    clk
    U18                  IBUF (Prop_ibuf_I_O)         0.297     0.297 r  clk_IBUF_inst/O
                         net (fo=1, routed)           0.627     0.925    clk_IBUF
    BUFGCTRL_X0Y2        BUFG (Prop_bufg_I_O)         0.026     0.951 r  clk_IBUF_BUFG_inst/O
                         net (fo=152, routed)         0.586     1.536    datapath_inst/ch2TriggerRegCurr_inst/clk
    SLICE_X36Y13         FDRE                                         r  datapath_inst/ch2TriggerRegCurr_inst/q_reg[3]/C
  -------------------------------------------------------------------    -------------------
    SLICE_X36Y13         FDRE (Prop_fdre_C_Q)         0.141     1.677 r  datapath_inst/ch2TriggerRegCurr_inst/q_reg[3]/Q
                         net (fo=3, routed)           0.125     1.802    datapath_inst/ch2TriggerRegPrev_inst/D[3]
    SLICE_X36Y13         FDRE                                         r  datapath_inst/ch2TriggerRegPrev_inst/q_reg[3]/D
  -------------------------------------------------------------------    -------------------

                         (clock clk rise edge)        0.000     0.000 r  
    U18                                               0.000     0.000 r  clk (IN)
                         net (fo=0)                   0.000     0.000    clk
    U18                  IBUF (Prop_ibuf_I_O)         0.486     0.486 r  clk_IBUF_inst/O
                         net (fo=1, routed)           0.683     1.169    clk_IBUF
    BUFGCTRL_X0Y2        BUFG (Prop_bufg_I_O)         0.029     1.198 r  clk_IBUF_BUFG_inst/O
                         net (fo=152, routed)         0.854     2.052    datapath_inst/ch2TriggerRegPrev_inst/clk
    SLICE_X36Y13         FDRE                                         r  datapath_inst/ch2TriggerRegPrev_inst/q_reg[3]/C
                         clock pessimism             -0.516     1.536    
    SLICE_X36Y13         FDRE (Hold_fdre_C_D)         0.070     1.606    datapath_inst/ch2TriggerRegPrev_inst/q_reg[3]
  -------------------------------------------------------------------
                         required time                         -1.606    
                         arrival time                           1.802    
  -------------------------------------------------------------------
                         slack                                  0.196    





Pulse Width Checks
--------------------------------------------------------------------------------------
Clock Name:         clk
Waveform(ns):       { 0.000 10.000 }
Period(ns):         20.000
Sources:            { clk }

Check Type        Corner  Lib Pin             Reference Pin  Required(ns)  Actual(ns)  Slack(ns)  Location       Pin
Min Period        n/a     RAMB18E1/CLKARDCLK  n/a            2.576         20.000      17.424     RAMB18_X1Y6    datapath_inst/ch1BRAM_inst/U0/inst_blk_mem_gen/gnbram.gnativebmg.native_blk_mem_gen/valid.cstr/ramloop[0].ram.r/prim_noinit.ram/DEVICE_7SERIES.NO_BMM_INFO.SDP.SIMPLE_PRIM18.ram/CLKARDCLK
Min Period        n/a     RAMB18E1/CLKARDCLK  n/a            2.576         20.000      17.424     RAMB18_X1Y7    datapath_inst/ch2BRAM_inst/U0/inst_blk_mem_gen/gnbram.gnativebmg.native_blk_mem_gen/valid.cstr/ramloop[0].ram.r/prim_noinit.ram/DEVICE_7SERIES.NO_BMM_INFO.SDP.SIMPLE_PRIM18.ram/CLKARDCLK
Min Period        n/a     BUFG/I              n/a            2.155         20.000      17.845     BUFGCTRL_X0Y2  clk_IBUF_BUFG_inst/I
Min Period        n/a     FDSE/C              n/a            1.000         20.000      19.000     SLICE_X38Y11   btnPrev_reg[0]/C
Min Period        n/a     FDSE/C              n/a            1.000         20.000      19.000     SLICE_X31Y12   btnPrev_reg[1]/C
Min Period        n/a     FDRE/C              n/a            1.000         20.000      19.000     SLICE_X31Y12   forcedModePrev_reg/C
Min Period        n/a     FDRE/C              n/a            1.000         20.000      19.000     SLICE_X31Y12   forcedMode_reg/C
Min Period        n/a     FDRE/C              n/a            1.000         20.000      19.000     SLICE_X38Y11   single_reg/C
Min Period        n/a     FDRE/C              n/a            1.000         20.000      19.000     SLICE_X30Y12   control_inst/FSM_sequential_state_reg[0]/C
Min Period        n/a     FDRE/C              n/a            1.000         20.000      19.000     SLICE_X30Y11   control_inst/FSM_sequential_state_reg[1]/C
Low Pulse Width   Slow    FDSE/C              n/a            0.500         10.000      9.500      SLICE_X38Y11   btnPrev_reg[0]/C
Low Pulse Width   Fast    FDSE/C              n/a            0.500         10.000      9.500      SLICE_X38Y11   btnPrev_reg[0]/C
Low Pulse Width   Slow    FDSE/C              n/a            0.500         10.000      9.500      SLICE_X31Y12   btnPrev_reg[1]/C
Low Pulse Width   Fast    FDSE/C              n/a            0.500         10.000      9.500      SLICE_X31Y12   btnPrev_reg[1]/C
Low Pulse Width   Slow    FDRE/C              n/a            0.500         10.000      9.500      SLICE_X31Y12   forcedModePrev_reg/C
Low Pulse Width   Fast    FDRE/C              n/a            0.500         10.000      9.500      SLICE_X31Y12   forcedModePrev_reg/C
Low Pulse Width   Slow    FDRE/C              n/a            0.500         10.000      9.500      SLICE_X31Y12   forcedMode_reg/C
Low Pulse Width   Fast    FDRE/C              n/a            0.500         10.000      9.500      SLICE_X31Y12   forcedMode_reg/C
Low Pulse Width   Slow    FDRE/C              n/a            0.500         10.000      9.500      SLICE_X38Y11   single_reg/C
Low Pulse Width   Fast    FDRE/C              n/a            0.500         10.000      9.500      SLICE_X38Y11   single_reg/C
High Pulse Width  Slow    FDSE/C              n/a            0.500         10.000      9.500      SLICE_X38Y11   btnPrev_reg[0]/C
High Pulse Width  Fast    FDSE/C              n/a            0.500         10.000      9.500      SLICE_X38Y11   btnPrev_reg[0]/C
High Pulse Width  Slow    FDSE/C              n/a            0.500         10.000      9.500      SLICE_X31Y12   btnPrev_reg[1]/C
High Pulse Width  Fast    FDSE/C              n/a            0.500         10.000      9.500      SLICE_X31Y12   btnPrev_reg[1]/C
High Pulse Width  Slow    FDRE/C              n/a            0.500         10.000      9.500      SLICE_X31Y12   forcedModePrev_reg/C
High Pulse Width  Fast    FDRE/C              n/a            0.500         10.000      9.500      SLICE_X31Y12   forcedModePrev_reg/C
High Pulse Width  Slow    FDRE/C              n/a            0.500         10.000      9.500      SLICE_X31Y12   forcedMode_reg/C
High Pulse Width  Fast    FDRE/C              n/a            0.500         10.000      9.500      SLICE_X31Y12   forcedMode_reg/C
High Pulse Width  Slow    FDRE/C              n/a            0.500         10.000      9.500      SLICE_X38Y11   single_reg/C
High Pulse Width  Fast    FDRE/C              n/a            0.500         10.000      9.500      SLICE_X38Y11   single_reg/C



---------------------------------------------------------------------------------------------------
From Clock:  datapath_inst/vc/inst/clk_in1
  To Clock:  datapath_inst/vc/inst/clk_in1

Setup :           NA  Failing Endpoints,  Worst Slack           NA  ,  Total Violation           NA
Hold  :           NA  Failing Endpoints,  Worst Slack           NA  ,  Total Violation           NA
PW    :            0  Failing Endpoints,  Worst Slack        7.000ns,  Total Violation        0.000ns
---------------------------------------------------------------------------------------------------


Pulse Width Checks
--------------------------------------------------------------------------------------
Clock Name:         datapath_inst/vc/inst/clk_in1
Waveform(ns):       { 0.000 10.000 }
Period(ns):         20.000
Sources:            { datapath_inst/vc/inst/clk_in1 }

Check Type        Corner  Lib Pin            Reference Pin  Required(ns)  Actual(ns)  Slack(ns)  Location         Pin
Min Period        n/a     MMCME2_ADV/CLKIN1  n/a            1.249         20.000      18.751     MMCME2_ADV_X0Y0  datapath_inst/vc/inst/mmcm_adv_inst/CLKIN1
Max Period        n/a     MMCME2_ADV/CLKIN1  n/a            100.000       20.000      80.000     MMCME2_ADV_X0Y0  datapath_inst/vc/inst/mmcm_adv_inst/CLKIN1
Low Pulse Width   Slow    MMCME2_ADV/CLKIN1  n/a            3.000         10.000      7.000      MMCME2_ADV_X0Y0  datapath_inst/vc/inst/mmcm_adv_inst/CLKIN1
Low Pulse Width   Fast    MMCME2_ADV/CLKIN1  n/a            3.000         10.000      7.000      MMCME2_ADV_X0Y0  datapath_inst/vc/inst/mmcm_adv_inst/CLKIN1
High Pulse Width  Slow    MMCME2_ADV/CLKIN1  n/a            3.000         10.000      7.000      MMCME2_ADV_X0Y0  datapath_inst/vc/inst/mmcm_adv_inst/CLKIN1
High Pulse Width  Fast    MMCME2_ADV/CLKIN1  n/a            3.000         10.000      7.000      MMCME2_ADV_X0Y0  datapath_inst/vc/inst/mmcm_adv_inst/CLKIN1



---------------------------------------------------------------------------------------------------
From Clock:  clk_out1_clk_wiz_0
  To Clock:  clk_out1_clk_wiz_0

Setup :            0  Failing Endpoints,  Worst Slack        2.084ns,  Total Violation        0.000ns
Hold  :            0  Failing Endpoints,  Worst Slack        0.156ns,  Total Violation        0.000ns
PW    :            0  Failing Endpoints,  Worst Slack        5.757ns,  Total Violation        0.000ns
---------------------------------------------------------------------------------------------------


Max Delay Paths
--------------------------------------------------------------------------------------
Slack (MET) :             2.084ns  (required time - arrival time)
  Source:                 datapath_inst/ch1BRAM_inst/U0/inst_blk_mem_gen/gnbram.gnativebmg.native_blk_mem_gen/valid.cstr/ramloop[0].ram.r/prim_noinit.ram/DEVICE_7SERIES.NO_BMM_INFO.SDP.SIMPLE_PRIM18.ram/CLKBWRCLK
                            (rising edge-triggered cell RAMB18E1 clocked by clk_out1_clk_wiz_0  {rise@0.000ns fall@6.737ns period=13.474ns})
  Destination:            datapath_inst/scopeFace_inst/blue_reg[7]/D
                            (rising edge-triggered cell FDRE clocked by clk_out1_clk_wiz_0  {rise@0.000ns fall@6.737ns period=13.474ns})
  Path Group:             clk_out1_clk_wiz_0
  Path Type:              Setup (Max at Slow Process Corner)
  Requirement:            13.474ns  (clk_out1_clk_wiz_0 rise@13.474ns - clk_out1_clk_wiz_0 rise@0.000ns)
  Data Path Delay:        11.068ns  (logic 6.043ns (54.597%)  route 5.025ns (45.403%))
  Logic Levels:           7  (CARRY4=1 DSP48E1=1 LUT2=2 LUT3=1 LUT5=1 LUT6=1)
  Clock Path Skew:        -0.116ns (DCD - SCD + CPR)
    Destination Clock Delay (DCD):    1.486ns = ( 14.960 - 13.474 ) 
    Source Clock Delay      (SCD):    1.707ns
    Clock Pessimism Removal (CPR):    0.105ns
  Clock Uncertainty:      0.234ns  ((TSJ^2 + DJ^2)^1/2) / 2 + PE
    Total System Jitter     (TSJ):    0.071ns
    Discrete Jitter          (DJ):    0.462ns
    Phase Error              (PE):    0.000ns

    Location             Delay type                Incr(ns)  Path(ns)    Netlist Resource(s)
  -------------------------------------------------------------------    -------------------
                         (clock clk_out1_clk_wiz_0 rise edge)
                                                      0.000     0.000 r  
    BUFGCTRL_X0Y2        BUFG                         0.000     0.000 r  clk_IBUF_BUFG_inst/O
                         net (fo=152, routed)         1.677     1.677    datapath_inst/vc/inst/clk_in1
    MMCME2_ADV_X0Y0      MMCME2_ADV (Prop_mmcme2_adv_CLKIN1_CLKOUT0)
                                                     -3.538    -1.861 r  datapath_inst/vc/inst/mmcm_adv_inst/CLKOUT0
                         net (fo=1, routed)           1.760    -0.101    datapath_inst/vc/inst/clk_out1_clk_wiz_0
    BUFGCTRL_X0Y0        BUFG (Prop_bufg_I_O)         0.101     0.000 r  datapath_inst/vc/inst/clkout1_buf/O
                         net (fo=223, routed)         1.707     1.707    datapath_inst/ch1BRAM_inst/U0/inst_blk_mem_gen/gnbram.gnativebmg.native_blk_mem_gen/valid.cstr/ramloop[0].ram.r/prim_noinit.ram/clkb
    RAMB18_X1Y6          RAMB18E1                                     r  datapath_inst/ch1BRAM_inst/U0/inst_blk_mem_gen/gnbram.gnativebmg.native_blk_mem_gen/valid.cstr/ramloop[0].ram.r/prim_noinit.ram/DEVICE_7SERIES.NO_BMM_INFO.SDP.SIMPLE_PRIM18.ram/CLKBWRCLK
  -------------------------------------------------------------------    -------------------
    RAMB18_X1Y6          RAMB18E1 (Prop_ramb18e1_CLKBWRCLK_DOBDO[15])
                                                      0.882     2.589 r  datapath_inst/ch1BRAM_inst/U0/inst_blk_mem_gen/gnbram.gnativebmg.native_blk_mem_gen/valid.cstr/ramloop[0].ram.r/prim_noinit.ram/DEVICE_7SERIES.NO_BMM_INFO.SDP.SIMPLE_PRIM18.ram/DOBDO[15]
                         net (fo=15, routed)          1.110     3.699    datapath_inst/ch1dataToPixel_inst/doutb[15]
    DSP48_X1Y6           DSP48E1 (Prop_dsp48e1_A[15]_P[20])
                                                      3.841     7.540 r  datapath_inst/ch1dataToPixel_inst/x_SIGNED32/P[20]
                         net (fo=10, routed)          1.256     8.796    datapath_inst/ch1dataToPixel_inst/P[4]
    SLICE_X32Y22         LUT2 (Prop_lut2_I0_O)        0.124     8.920 r  datapath_inst/ch1dataToPixel_inst/tmp1_carry__0_i_7/O
                         net (fo=1, routed)           0.492     9.412    datapath_inst/ch1dataToPixel_inst/tmp1_carry__0_i_7_n_0
    SLICE_X32Y22         LUT6 (Prop_lut6_I2_O)        0.124     9.536 r  datapath_inst/ch1dataToPixel_inst/tmp1_carry__0_i_5/O
                         net (fo=4, routed)           0.601    10.137    datapath_inst/videoSigGen_inst/ch1pixelHeight[0]
    SLICE_X32Y24         LUT2 (Prop_lut2_I1_O)        0.124    10.261 r  datapath_inst/videoSigGen_inst/tmp1_carry__0_i_3/O
                         net (fo=1, routed)           0.000    10.261    datapath_inst/ch1PixelCompare_inst/green_reg[6]_0[1]
    SLICE_X32Y24         CARRY4 (Prop_carry4_S[1]_CO[1])
                                                      0.492    10.753 r  datapath_inst/ch1PixelCompare_inst/tmp1_carry__0/CO[1]
                         net (fo=3, routed)           1.001    11.754    datapath_inst/ch2dataToPixel_inst/green_reg[7]_1[0]
    SLICE_X31Y23         LUT5 (Prop_lut5_I3_O)        0.332    12.086 f  datapath_inst/ch2dataToPixel_inst/green[7]_i_2/O
                         net (fo=2, routed)           0.566    12.652    datapath_inst/videoSigGen_inst/green_reg[7]
    SLICE_X33Y22         LUT3 (Prop_lut3_I1_O)        0.124    12.776 r  datapath_inst/videoSigGen_inst/blue[7]_i_1/O
                         net (fo=1, routed)           0.000    12.776    datapath_inst/scopeFace_inst/blue_reg[7]_1[1]
    SLICE_X33Y22         FDRE                                         r  datapath_inst/scopeFace_inst/blue_reg[7]/D
  -------------------------------------------------------------------    -------------------

                         (clock clk_out1_clk_wiz_0 rise edge)
                                                     13.474    13.474 r  
    BUFGCTRL_X0Y2        BUFG                         0.000    13.474 r  clk_IBUF_BUFG_inst/O
                         net (fo=152, routed)         1.487    14.961    datapath_inst/vc/inst/clk_in1
    MMCME2_ADV_X0Y0      MMCME2_ADV (Prop_mmcme2_adv_CLKIN1_CLKOUT0)
                                                     -3.177    11.784 r  datapath_inst/vc/inst/mmcm_adv_inst/CLKOUT0
                         net (fo=1, routed)           1.599    13.383    datapath_inst/vc/inst/clk_out1_clk_wiz_0
    BUFGCTRL_X0Y0        BUFG (Prop_bufg_I_O)         0.091    13.474 r  datapath_inst/vc/inst/clkout1_buf/O
                         net (fo=223, routed)         1.486    14.960    datapath_inst/scopeFace_inst/CLK
    SLICE_X33Y22         FDRE                                         r  datapath_inst/scopeFace_inst/blue_reg[7]/C
                         clock pessimism              0.105    15.065    
                         clock uncertainty           -0.234    14.831    
    SLICE_X33Y22         FDRE (Setup_fdre_C_D)        0.029    14.860    datapath_inst/scopeFace_inst/blue_reg[7]
  -------------------------------------------------------------------
                         required time                         14.860    
                         arrival time                         -12.776    
  -------------------------------------------------------------------
                         slack                                  2.084    

Slack (MET) :             2.136ns  (required time - arrival time)
  Source:                 datapath_inst/ch1BRAM_inst/U0/inst_blk_mem_gen/gnbram.gnativebmg.native_blk_mem_gen/valid.cstr/ramloop[0].ram.r/prim_noinit.ram/DEVICE_7SERIES.NO_BMM_INFO.SDP.SIMPLE_PRIM18.ram/CLKBWRCLK
                            (rising edge-triggered cell RAMB18E1 clocked by clk_out1_clk_wiz_0  {rise@0.000ns fall@6.737ns period=13.474ns})
  Destination:            datapath_inst/scopeFace_inst/green_reg[7]/D
                            (rising edge-triggered cell FDRE clocked by clk_out1_clk_wiz_0  {rise@0.000ns fall@6.737ns period=13.474ns})
  Path Group:             clk_out1_clk_wiz_0
  Path Type:              Setup (Max at Slow Process Corner)
  Requirement:            13.474ns  (clk_out1_clk_wiz_0 rise@13.474ns - clk_out1_clk_wiz_0 rise@0.000ns)
  Data Path Delay:        11.062ns  (logic 6.037ns (54.572%)  route 5.025ns (45.428%))
  Logic Levels:           7  (CARRY4=1 DSP48E1=1 LUT2=2 LUT3=1 LUT5=1 LUT6=1)
  Clock Path Skew:        -0.116ns (DCD - SCD + CPR)
    Destination Clock Delay (DCD):    1.486ns = ( 14.960 - 13.474 ) 
    Source Clock Delay      (SCD):    1.707ns
    Clock Pessimism Removal (CPR):    0.105ns
  Clock Uncertainty:      0.234ns  ((TSJ^2 + DJ^2)^1/2) / 2 + PE
    Total System Jitter     (TSJ):    0.071ns
    Discrete Jitter          (DJ):    0.462ns
    Phase Error              (PE):    0.000ns

    Location             Delay type                Incr(ns)  Path(ns)    Netlist Resource(s)
  -------------------------------------------------------------------    -------------------
                         (clock clk_out1_clk_wiz_0 rise edge)
                                                      0.000     0.000 r  
    BUFGCTRL_X0Y2        BUFG                         0.000     0.000 r  clk_IBUF_BUFG_inst/O
                         net (fo=152, routed)         1.677     1.677    datapath_inst/vc/inst/clk_in1
    MMCME2_ADV_X0Y0      MMCME2_ADV (Prop_mmcme2_adv_CLKIN1_CLKOUT0)
                                                     -3.538    -1.861 r  datapath_inst/vc/inst/mmcm_adv_inst/CLKOUT0
                         net (fo=1, routed)           1.760    -0.101    datapath_inst/vc/inst/clk_out1_clk_wiz_0
    BUFGCTRL_X0Y0        BUFG (Prop_bufg_I_O)         0.101     0.000 r  datapath_inst/vc/inst/clkout1_buf/O
                         net (fo=223, routed)         1.707     1.707    datapath_inst/ch1BRAM_inst/U0/inst_blk_mem_gen/gnbram.gnativebmg.native_blk_mem_gen/valid.cstr/ramloop[0].ram.r/prim_noinit.ram/clkb
    RAMB18_X1Y6          RAMB18E1                                     r  datapath_inst/ch1BRAM_inst/U0/inst_blk_mem_gen/gnbram.gnativebmg.native_blk_mem_gen/valid.cstr/ramloop[0].ram.r/prim_noinit.ram/DEVICE_7SERIES.NO_BMM_INFO.SDP.SIMPLE_PRIM18.ram/CLKBWRCLK
  -------------------------------------------------------------------    -------------------
    RAMB18_X1Y6          RAMB18E1 (Prop_ramb18e1_CLKBWRCLK_DOBDO[15])
                                                      0.882     2.589 r  datapath_inst/ch1BRAM_inst/U0/inst_blk_mem_gen/gnbram.gnativebmg.native_blk_mem_gen/valid.cstr/ramloop[0].ram.r/prim_noinit.ram/DEVICE_7SERIES.NO_BMM_INFO.SDP.SIMPLE_PRIM18.ram/DOBDO[15]
                         net (fo=15, routed)          1.110     3.699    datapath_inst/ch1dataToPixel_inst/doutb[15]
    DSP48_X1Y6           DSP48E1 (Prop_dsp48e1_A[15]_P[20])
                                                      3.841     7.540 r  datapath_inst/ch1dataToPixel_inst/x_SIGNED32/P[20]
                         net (fo=10, routed)          1.256     8.796    datapath_inst/ch1dataToPixel_inst/P[4]
    SLICE_X32Y22         LUT2 (Prop_lut2_I0_O)        0.124     8.920 r  datapath_inst/ch1dataToPixel_inst/tmp1_carry__0_i_7/O
                         net (fo=1, routed)           0.492     9.412    datapath_inst/ch1dataToPixel_inst/tmp1_carry__0_i_7_n_0
    SLICE_X32Y22         LUT6 (Prop_lut6_I2_O)        0.124     9.536 r  datapath_inst/ch1dataToPixel_inst/tmp1_carry__0_i_5/O
                         net (fo=4, routed)           0.601    10.137    datapath_inst/videoSigGen_inst/ch1pixelHeight[0]
    SLICE_X32Y24         LUT2 (Prop_lut2_I1_O)        0.124    10.261 r  datapath_inst/videoSigGen_inst/tmp1_carry__0_i_3/O
                         net (fo=1, routed)           0.000    10.261    datapath_inst/ch1PixelCompare_inst/green_reg[6]_0[1]
    SLICE_X32Y24         CARRY4 (Prop_carry4_S[1]_CO[1])
                                                      0.492    10.753 f  datapath_inst/ch1PixelCompare_inst/tmp1_carry__0/CO[1]
                         net (fo=3, routed)           1.001    11.754    datapath_inst/ch2dataToPixel_inst/green_reg[7]_1[0]
    SLICE_X31Y23         LUT5 (Prop_lut5_I3_O)        0.332    12.086 r  datapath_inst/ch2dataToPixel_inst/green[7]_i_2/O
                         net (fo=2, routed)           0.566    12.652    datapath_inst/videoSigGen_inst/green_reg[7]
    SLICE_X33Y22         LUT3 (Prop_lut3_I1_O)        0.118    12.770 r  datapath_inst/videoSigGen_inst/green[7]_i_1/O
                         net (fo=1, routed)           0.000    12.770    datapath_inst/scopeFace_inst/green_reg[7]_0
    SLICE_X33Y22         FDRE                                         r  datapath_inst/scopeFace_inst/green_reg[7]/D
  -------------------------------------------------------------------    -------------------

                         (clock clk_out1_clk_wiz_0 rise edge)
                                                     13.474    13.474 r  
    BUFGCTRL_X0Y2        BUFG                         0.000    13.474 r  clk_IBUF_BUFG_inst/O
                         net (fo=152, routed)         1.487    14.961    datapath_inst/vc/inst/clk_in1
    MMCME2_ADV_X0Y0      MMCME2_ADV (Prop_mmcme2_adv_CLKIN1_CLKOUT0)
                                                     -3.177    11.784 r  datapath_inst/vc/inst/mmcm_adv_inst/CLKOUT0
                         net (fo=1, routed)           1.599    13.383    datapath_inst/vc/inst/clk_out1_clk_wiz_0
    BUFGCTRL_X0Y0        BUFG (Prop_bufg_I_O)         0.091    13.474 r  datapath_inst/vc/inst/clkout1_buf/O
                         net (fo=223, routed)         1.486    14.960    datapath_inst/scopeFace_inst/CLK
    SLICE_X33Y22         FDRE                                         r  datapath_inst/scopeFace_inst/green_reg[7]/C
                         clock pessimism              0.105    15.065    
                         clock uncertainty           -0.234    14.831    
    SLICE_X33Y22         FDRE (Setup_fdre_C_D)        0.075    14.906    datapath_inst/scopeFace_inst/green_reg[7]
  -------------------------------------------------------------------
                         required time                         14.906    
                         arrival time                         -12.770    
  -------------------------------------------------------------------
                         slack                                  2.136    

Slack (MET) :             2.143ns  (required time - arrival time)
  Source:                 datapath_inst/ch2BRAM_inst/U0/inst_blk_mem_gen/gnbram.gnativebmg.native_blk_mem_gen/valid.cstr/ramloop[0].ram.r/prim_noinit.ram/DEVICE_7SERIES.NO_BMM_INFO.SDP.SIMPLE_PRIM18.ram/CLKBWRCLK
                            (rising edge-triggered cell RAMB18E1 clocked by clk_out1_clk_wiz_0  {rise@0.000ns fall@6.737ns period=13.474ns})
  Destination:            datapath_inst/scopeFace_inst/red_reg[7]/D
                            (rising edge-triggered cell FDRE clocked by clk_out1_clk_wiz_0  {rise@0.000ns fall@6.737ns period=13.474ns})
  Path Group:             clk_out1_clk_wiz_0
  Path Type:              Setup (Max at Slow Process Corner)
  Requirement:            13.474ns  (clk_out1_clk_wiz_0 rise@13.474ns - clk_out1_clk_wiz_0 rise@0.000ns)
  Data Path Delay:        11.009ns  (logic 6.501ns (59.051%)  route 4.508ns (40.949%))
  Logic Levels:           7  (CARRY4=1 DSP48E1=1 LUT2=2 LUT3=1 LUT6=2)
  Clock Path Skew:        -0.118ns (DCD - SCD + CPR)
    Destination Clock Delay (DCD):    1.484ns = ( 14.958 - 13.474 ) 
    Source Clock Delay      (SCD):    1.707ns
    Clock Pessimism Removal (CPR):    0.105ns
  Clock Uncertainty:      0.234ns  ((TSJ^2 + DJ^2)^1/2) / 2 + PE
    Total System Jitter     (TSJ):    0.071ns
    Discrete Jitter          (DJ):    0.462ns
    Phase Error              (PE):    0.000ns

    Location             Delay type                Incr(ns)  Path(ns)    Netlist Resource(s)
  -------------------------------------------------------------------    -------------------
                         (clock clk_out1_clk_wiz_0 rise edge)
                                                      0.000     0.000 r  
    BUFGCTRL_X0Y2        BUFG                         0.000     0.000 r  clk_IBUF_BUFG_inst/O
                         net (fo=152, routed)         1.677     1.677    datapath_inst/vc/inst/clk_in1
    MMCME2_ADV_X0Y0      MMCME2_ADV (Prop_mmcme2_adv_CLKIN1_CLKOUT0)
                                                     -3.538    -1.861 r  datapath_inst/vc/inst/mmcm_adv_inst/CLKOUT0
                         net (fo=1, routed)           1.760    -0.101    datapath_inst/vc/inst/clk_out1_clk_wiz_0
    BUFGCTRL_X0Y0        BUFG (Prop_bufg_I_O)         0.101     0.000 r  datapath_inst/vc/inst/clkout1_buf/O
                         net (fo=223, routed)         1.707     1.707    datapath_inst/ch2BRAM_inst/U0/inst_blk_mem_gen/gnbram.gnativebmg.native_blk_mem_gen/valid.cstr/ramloop[0].ram.r/prim_noinit.ram/clkb
    RAMB18_X1Y7          RAMB18E1                                     r  datapath_inst/ch2BRAM_inst/U0/inst_blk_mem_gen/gnbram.gnativebmg.native_blk_mem_gen/valid.cstr/ramloop[0].ram.r/prim_noinit.ram/DEVICE_7SERIES.NO_BMM_INFO.SDP.SIMPLE_PRIM18.ram/CLKBWRCLK
  -------------------------------------------------------------------    -------------------
    RAMB18_X1Y7          RAMB18E1 (Prop_ramb18e1_CLKBWRCLK_DOBDO[15])
                                                      0.882     2.589 r  datapath_inst/ch2BRAM_inst/U0/inst_blk_mem_gen/gnbram.gnativebmg.native_blk_mem_gen/valid.cstr/ramloop[0].ram.r/prim_noinit.ram/DEVICE_7SERIES.NO_BMM_INFO.SDP.SIMPLE_PRIM18.ram/DOBDO[15]
                         net (fo=15, routed)          1.150     3.739    datapath_inst/ch2dataToPixel_inst/doutb[15]
    DSP48_X1Y7           DSP48E1 (Prop_dsp48e1_A[29]_P[20])
                                                      3.841     7.580 r  datapath_inst/ch2dataToPixel_inst/x_SIGNED32/P[20]
                         net (fo=10, routed)          0.870     8.450    datapath_inst/ch2dataToPixel_inst/P[4]
    SLICE_X32Y16         LUT2 (Prop_lut2_I0_O)        0.148     8.598 r  datapath_inst/ch2dataToPixel_inst/tmp1_carry__0_i_7__0/O
                         net (fo=1, routed)           0.452     9.050    datapath_inst/ch2dataToPixel_inst/tmp1_carry__0_i_7__0_n_0
    SLICE_X32Y16         LUT6 (Prop_lut6_I2_O)        0.328     9.378 r  datapath_inst/ch2dataToPixel_inst/tmp1_carry__0_i_5__0/O
                         net (fo=4, routed)           0.578     9.956    datapath_inst/videoSigGen_inst/ch2pixelHeight[0]
    SLICE_X32Y18         LUT2 (Prop_lut2_I1_O)        0.124    10.080 r  datapath_inst/videoSigGen_inst/tmp1_carry__0_i_3__0/O
                         net (fo=1, routed)           0.000    10.080    datapath_inst/ch2PixelCompare_inst/green_reg[6]_0[1]
    SLICE_X32Y18         CARRY4 (Prop_carry4_S[1]_CO[1])
                                                      0.492    10.572 r  datapath_inst/ch2PixelCompare_inst/tmp1_carry__0/CO[1]
                         net (fo=3, routed)           1.025    11.597    datapath_inst/ch2dataToPixel_inst/CO[0]
    SLICE_X31Y23         LUT3 (Prop_lut3_I2_O)        0.360    11.957 f  datapath_inst/ch2dataToPixel_inst/red[7]_i_6/O
                         net (fo=1, routed)           0.433    12.391    datapath_inst/videoSigGen_inst/red_reg[7]_0
    SLICE_X31Y23         LUT6 (Prop_lut6_I4_O)        0.326    12.717 r  datapath_inst/videoSigGen_inst/red[7]_i_1/O
                         net (fo=1, routed)           0.000    12.717    datapath_inst/scopeFace_inst/D[1]
    SLICE_X31Y23         FDRE                                         r  datapath_inst/scopeFace_inst/red_reg[7]/D
  -------------------------------------------------------------------    -------------------

                         (clock clk_out1_clk_wiz_0 rise edge)
                                                     13.474    13.474 r  
    BUFGCTRL_X0Y2        BUFG                         0.000    13.474 r  clk_IBUF_BUFG_inst/O
                         net (fo=152, routed)         1.487    14.961    datapath_inst/vc/inst/clk_in1
    MMCME2_ADV_X0Y0      MMCME2_ADV (Prop_mmcme2_adv_CLKIN1_CLKOUT0)
                                                     -3.177    11.784 r  datapath_inst/vc/inst/mmcm_adv_inst/CLKOUT0
                         net (fo=1, routed)           1.599    13.383    datapath_inst/vc/inst/clk_out1_clk_wiz_0
    BUFGCTRL_X0Y0        BUFG (Prop_bufg_I_O)         0.091    13.474 r  datapath_inst/vc/inst/clkout1_buf/O
                         net (fo=223, routed)         1.484    14.958    datapath_inst/scopeFace_inst/CLK
    SLICE_X31Y23         FDRE                                         r  datapath_inst/scopeFace_inst/red_reg[7]/C
                         clock pessimism              0.105    15.063    
                         clock uncertainty           -0.234    14.829    
    SLICE_X31Y23         FDRE (Setup_fdre_C_D)        0.031    14.860    datapath_inst/scopeFace_inst/red_reg[7]
  -------------------------------------------------------------------
                         required time                         14.860    
                         arrival time                         -12.717    
  -------------------------------------------------------------------
                         slack                                  2.143    

Slack (MET) :             2.705ns  (required time - arrival time)
  Source:                 datapath_inst/ch1BRAM_inst/U0/inst_blk_mem_gen/gnbram.gnativebmg.native_blk_mem_gen/valid.cstr/ramloop[0].ram.r/prim_noinit.ram/DEVICE_7SERIES.NO_BMM_INFO.SDP.SIMPLE_PRIM18.ram/CLKBWRCLK
                            (rising edge-triggered cell RAMB18E1 clocked by clk_out1_clk_wiz_0  {rise@0.000ns fall@6.737ns period=13.474ns})
  Destination:            datapath_inst/scopeFace_inst/red_reg[6]/D
                            (rising edge-triggered cell FDRE clocked by clk_out1_clk_wiz_0  {rise@0.000ns fall@6.737ns period=13.474ns})
  Path Group:             clk_out1_clk_wiz_0
  Path Type:              Setup (Max at Slow Process Corner)
  Requirement:            13.474ns  (clk_out1_clk_wiz_0 rise@13.474ns - clk_out1_clk_wiz_0 rise@0.000ns)
  Data Path Delay:        10.446ns  (logic 6.043ns (57.852%)  route 4.403ns (42.148%))
  Logic Levels:           7  (CARRY4=1 DSP48E1=1 LUT2=2 LUT3=1 LUT6=2)
  Clock Path Skew:        -0.118ns (DCD - SCD + CPR)
    Destination Clock Delay (DCD):    1.484ns = ( 14.958 - 13.474 ) 
    Source Clock Delay      (SCD):    1.707ns
    Clock Pessimism Removal (CPR):    0.105ns
  Clock Uncertainty:      0.234ns  ((TSJ^2 + DJ^2)^1/2) / 2 + PE
    Total System Jitter     (TSJ):    0.071ns
    Discrete Jitter          (DJ):    0.462ns
    Phase Error              (PE):    0.000ns

    Location             Delay type                Incr(ns)  Path(ns)    Netlist Resource(s)
  -------------------------------------------------------------------    -------------------
                         (clock clk_out1_clk_wiz_0 rise edge)
                                                      0.000     0.000 r  
    BUFGCTRL_X0Y2        BUFG                         0.000     0.000 r  clk_IBUF_BUFG_inst/O
                         net (fo=152, routed)         1.677     1.677    datapath_inst/vc/inst/clk_in1
    MMCME2_ADV_X0Y0      MMCME2_ADV (Prop_mmcme2_adv_CLKIN1_CLKOUT0)
                                                     -3.538    -1.861 r  datapath_inst/vc/inst/mmcm_adv_inst/CLKOUT0
                         net (fo=1, routed)           1.760    -0.101    datapath_inst/vc/inst/clk_out1_clk_wiz_0
    BUFGCTRL_X0Y0        BUFG (Prop_bufg_I_O)         0.101     0.000 r  datapath_inst/vc/inst/clkout1_buf/O
                         net (fo=223, routed)         1.707     1.707    datapath_inst/ch1BRAM_inst/U0/inst_blk_mem_gen/gnbram.gnativebmg.native_blk_mem_gen/valid.cstr/ramloop[0].ram.r/prim_noinit.ram/clkb
    RAMB18_X1Y6          RAMB18E1                                     r  datapath_inst/ch1BRAM_inst/U0/inst_blk_mem_gen/gnbram.gnativebmg.native_blk_mem_gen/valid.cstr/ramloop[0].ram.r/prim_noinit.ram/DEVICE_7SERIES.NO_BMM_INFO.SDP.SIMPLE_PRIM18.ram/CLKBWRCLK
  -------------------------------------------------------------------    -------------------
    RAMB18_X1Y6          RAMB18E1 (Prop_ramb18e1_CLKBWRCLK_DOBDO[15])
                                                      0.882     2.589 r  datapath_inst/ch1BRAM_inst/U0/inst_blk_mem_gen/gnbram.gnativebmg.native_blk_mem_gen/valid.cstr/ramloop[0].ram.r/prim_noinit.ram/DEVICE_7SERIES.NO_BMM_INFO.SDP.SIMPLE_PRIM18.ram/DOBDO[15]
                         net (fo=15, routed)          1.110     3.699    datapath_inst/ch1dataToPixel_inst/doutb[15]
    DSP48_X1Y6           DSP48E1 (Prop_dsp48e1_A[15]_P[20])
                                                      3.841     7.540 r  datapath_inst/ch1dataToPixel_inst/x_SIGNED32/P[20]
                         net (fo=10, routed)          1.256     8.796    datapath_inst/ch1dataToPixel_inst/P[4]
    SLICE_X32Y22         LUT2 (Prop_lut2_I0_O)        0.124     8.920 r  datapath_inst/ch1dataToPixel_inst/tmp1_carry__0_i_7/O
                         net (fo=1, routed)           0.492     9.412    datapath_inst/ch1dataToPixel_inst/tmp1_carry__0_i_7_n_0
    SLICE_X32Y22         LUT6 (Prop_lut6_I2_O)        0.124     9.536 r  datapath_inst/ch1dataToPixel_inst/tmp1_carry__0_i_5/O
                         net (fo=4, routed)           0.601    10.137    datapath_inst/videoSigGen_inst/ch1pixelHeight[0]
    SLICE_X32Y24         LUT2 (Prop_lut2_I1_O)        0.124    10.261 r  datapath_inst/videoSigGen_inst/tmp1_carry__0_i_3/O
                         net (fo=1, routed)           0.000    10.261    datapath_inst/ch1PixelCompare_inst/green_reg[6]_0[1]
    SLICE_X32Y24         CARRY4 (Prop_carry4_S[1]_CO[1])
                                                      0.492    10.753 f  datapath_inst/ch1PixelCompare_inst/tmp1_carry__0/CO[1]
                         net (fo=3, routed)           0.645    11.398    datapath_inst/ch1dataToPixel_inst/CO[0]
    SLICE_X31Y23         LUT3 (Prop_lut3_I1_O)        0.332    11.730 f  datapath_inst/ch1dataToPixel_inst/red[7]_i_2/O
                         net (fo=2, routed)           0.299    12.029    datapath_inst/videoSigGen_inst/red_reg[7]
    SLICE_X29Y23         LUT6 (Prop_lut6_I1_O)        0.124    12.153 r  datapath_inst/videoSigGen_inst/red[6]_i_1/O
                         net (fo=1, routed)           0.000    12.153    datapath_inst/scopeFace_inst/D[0]
    SLICE_X29Y23         FDRE                                         r  datapath_inst/scopeFace_inst/red_reg[6]/D
  -------------------------------------------------------------------    -------------------

                         (clock clk_out1_clk_wiz_0 rise edge)
                                                     13.474    13.474 r  
    BUFGCTRL_X0Y2        BUFG                         0.000    13.474 r  clk_IBUF_BUFG_inst/O
                         net (fo=152, routed)         1.487    14.961    datapath_inst/vc/inst/clk_in1
    MMCME2_ADV_X0Y0      MMCME2_ADV (Prop_mmcme2_adv_CLKIN1_CLKOUT0)
                                                     -3.177    11.784 r  datapath_inst/vc/inst/mmcm_adv_inst/CLKOUT0
                         net (fo=1, routed)           1.599    13.383    datapath_inst/vc/inst/clk_out1_clk_wiz_0
    BUFGCTRL_X0Y0        BUFG (Prop_bufg_I_O)         0.091    13.474 r  datapath_inst/vc/inst/clkout1_buf/O
                         net (fo=223, routed)         1.484    14.958    datapath_inst/scopeFace_inst/CLK
    SLICE_X29Y23         FDRE                                         r  datapath_inst/scopeFace_inst/red_reg[6]/C
                         clock pessimism              0.105    15.063    
                         clock uncertainty           -0.234    14.829    
    SLICE_X29Y23         FDRE (Setup_fdre_C_D)        0.029    14.858    datapath_inst/scopeFace_inst/red_reg[6]
  -------------------------------------------------------------------
                         required time                         14.858    
                         arrival time                         -12.153    
  -------------------------------------------------------------------
                         slack                                  2.705    

Slack (MET) :             2.772ns  (required time - arrival time)
  Source:                 datapath_inst/ch1BRAM_inst/U0/inst_blk_mem_gen/gnbram.gnativebmg.native_blk_mem_gen/valid.cstr/ramloop[0].ram.r/prim_noinit.ram/DEVICE_7SERIES.NO_BMM_INFO.SDP.SIMPLE_PRIM18.ram/CLKBWRCLK
                            (rising edge-triggered cell RAMB18E1 clocked by clk_out1_clk_wiz_0  {rise@0.000ns fall@6.737ns period=13.474ns})
  Destination:            datapath_inst/scopeFace_inst/green_reg[6]/D
                            (rising edge-triggered cell FDRE clocked by clk_out1_clk_wiz_0  {rise@0.000ns fall@6.737ns period=13.474ns})
  Path Group:             clk_out1_clk_wiz_0
  Path Type:              Setup (Max at Slow Process Corner)
  Requirement:            13.474ns  (clk_out1_clk_wiz_0 rise@13.474ns - clk_out1_clk_wiz_0 rise@0.000ns)
  Data Path Delay:        10.380ns  (logic 5.919ns (57.022%)  route 4.461ns (42.978%))
  Logic Levels:           6  (CARRY4=1 DSP48E1=1 LUT2=2 LUT6=2)
  Clock Path Skew:        -0.118ns (DCD - SCD + CPR)
    Destination Clock Delay (DCD):    1.484ns = ( 14.958 - 13.474 ) 
    Source Clock Delay      (SCD):    1.707ns
    Clock Pessimism Removal (CPR):    0.105ns
  Clock Uncertainty:      0.234ns  ((TSJ^2 + DJ^2)^1/2) / 2 + PE
    Total System Jitter     (TSJ):    0.071ns
    Discrete Jitter          (DJ):    0.462ns
    Phase Error              (PE):    0.000ns

    Location             Delay type                Incr(ns)  Path(ns)    Netlist Resource(s)
  -------------------------------------------------------------------    -------------------
                         (clock clk_out1_clk_wiz_0 rise edge)
                                                      0.000     0.000 r  
    BUFGCTRL_X0Y2        BUFG                         0.000     0.000 r  clk_IBUF_BUFG_inst/O
                         net (fo=152, routed)         1.677     1.677    datapath_inst/vc/inst/clk_in1
    MMCME2_ADV_X0Y0      MMCME2_ADV (Prop_mmcme2_adv_CLKIN1_CLKOUT0)
                                                     -3.538    -1.861 r  datapath_inst/vc/inst/mmcm_adv_inst/CLKOUT0
                         net (fo=1, routed)           1.760    -0.101    datapath_inst/vc/inst/clk_out1_clk_wiz_0
    BUFGCTRL_X0Y0        BUFG (Prop_bufg_I_O)         0.101     0.000 r  datapath_inst/vc/inst/clkout1_buf/O
                         net (fo=223, routed)         1.707     1.707    datapath_inst/ch1BRAM_inst/U0/inst_blk_mem_gen/gnbram.gnativebmg.native_blk_mem_gen/valid.cstr/ramloop[0].ram.r/prim_noinit.ram/clkb
    RAMB18_X1Y6          RAMB18E1                                     r  datapath_inst/ch1BRAM_inst/U0/inst_blk_mem_gen/gnbram.gnativebmg.native_blk_mem_gen/valid.cstr/ramloop[0].ram.r/prim_noinit.ram/DEVICE_7SERIES.NO_BMM_INFO.SDP.SIMPLE_PRIM18.ram/CLKBWRCLK
  -------------------------------------------------------------------    -------------------
    RAMB18_X1Y6          RAMB18E1 (Prop_ramb18e1_CLKBWRCLK_DOBDO[15])
                                                      0.882     2.589 r  datapath_inst/ch1BRAM_inst/U0/inst_blk_mem_gen/gnbram.gnativebmg.native_blk_mem_gen/valid.cstr/ramloop[0].ram.r/prim_noinit.ram/DEVICE_7SERIES.NO_BMM_INFO.SDP.SIMPLE_PRIM18.ram/DOBDO[15]
                         net (fo=15, routed)          1.110     3.699    datapath_inst/ch1dataToPixel_inst/doutb[15]
    DSP48_X1Y6           DSP48E1 (Prop_dsp48e1_A[15]_P[20])
                                                      3.841     7.540 r  datapath_inst/ch1dataToPixel_inst/x_SIGNED32/P[20]
                         net (fo=10, routed)          1.256     8.796    datapath_inst/ch1dataToPixel_inst/P[4]
    SLICE_X32Y22         LUT2 (Prop_lut2_I0_O)        0.124     8.920 r  datapath_inst/ch1dataToPixel_inst/tmp1_carry__0_i_7/O
                         net (fo=1, routed)           0.492     9.412    datapath_inst/ch1dataToPixel_inst/tmp1_carry__0_i_7_n_0
    SLICE_X32Y22         LUT6 (Prop_lut6_I2_O)        0.124     9.536 r  datapath_inst/ch1dataToPixel_inst/tmp1_carry__0_i_5/O
                         net (fo=4, routed)           0.601    10.137    datapath_inst/videoSigGen_inst/ch1pixelHeight[0]
    SLICE_X32Y24         LUT2 (Prop_lut2_I1_O)        0.124    10.261 r  datapath_inst/videoSigGen_inst/tmp1_carry__0_i_3/O
                         net (fo=1, routed)           0.000    10.261    datapath_inst/ch1PixelCompare_inst/green_reg[6]_0[1]
    SLICE_X32Y24         CARRY4 (Prop_carry4_S[1]_CO[1])
                                                      0.492    10.753 f  datapath_inst/ch1PixelCompare_inst/tmp1_carry__0/CO[1]
                         net (fo=3, routed)           1.003    11.756    datapath_inst/videoSigGen_inst/CO[0]
    SLICE_X31Y23         LUT6 (Prop_lut6_I2_O)        0.332    12.088 r  datapath_inst/videoSigGen_inst/green[6]_i_1/O
                         net (fo=1, routed)           0.000    12.088    datapath_inst/scopeFace_inst/green_reg[6]_0
    SLICE_X31Y23         FDRE                                         r  datapath_inst/scopeFace_inst/green_reg[6]/D
  -------------------------------------------------------------------    -------------------

                         (clock clk_out1_clk_wiz_0 rise edge)
                                                     13.474    13.474 r  
    BUFGCTRL_X0Y2        BUFG                         0.000    13.474 r  clk_IBUF_BUFG_inst/O
                         net (fo=152, routed)         1.487    14.961    datapath_inst/vc/inst/clk_in1
    MMCME2_ADV_X0Y0      MMCME2_ADV (Prop_mmcme2_adv_CLKIN1_CLKOUT0)
                                                     -3.177    11.784 r  datapath_inst/vc/inst/mmcm_adv_inst/CLKOUT0
                         net (fo=1, routed)           1.599    13.383    datapath_inst/vc/inst/clk_out1_clk_wiz_0
    BUFGCTRL_X0Y0        BUFG (Prop_bufg_I_O)         0.091    13.474 r  datapath_inst/vc/inst/clkout1_buf/O
                         net (fo=223, routed)         1.484    14.958    datapath_inst/scopeFace_inst/CLK
    SLICE_X31Y23         FDRE                                         r  datapath_inst/scopeFace_inst/green_reg[6]/C
                         clock pessimism              0.105    15.063    
                         clock uncertainty           -0.234    14.829    
    SLICE_X31Y23         FDRE (Setup_fdre_C_D)        0.031    14.860    datapath_inst/scopeFace_inst/green_reg[6]
  -------------------------------------------------------------------
                         required time                         14.860    
                         arrival time                         -12.088    
  -------------------------------------------------------------------
                         slack                                  2.772    

Slack (MET) :             6.358ns  (required time - arrival time)
  Source:                 datapath_inst/videoSigGen_inst/pixelVert_reg[3]/C
                            (rising edge-triggered cell FDRE clocked by clk_out1_clk_wiz_0  {rise@0.000ns fall@6.737ns period=13.474ns})
  Destination:            datapath_inst/scopeFace_inst/blue_reg[6]/D
                            (rising edge-triggered cell FDRE clocked by clk_out1_clk_wiz_0  {rise@0.000ns fall@6.737ns period=13.474ns})
  Path Group:             clk_out1_clk_wiz_0
  Path Type:              Setup (Max at Slow Process Corner)
  Requirement:            13.474ns  (clk_out1_clk_wiz_0 rise@13.474ns - clk_out1_clk_wiz_0 rise@0.000ns)
  Data Path Delay:        6.756ns  (logic 1.884ns (27.885%)  route 4.872ns (72.115%))
  Logic Levels:           7  (CARRY4=3 LUT4=1 LUT6=3)
  Clock Path Skew:        -0.058ns (DCD - SCD + CPR)
    Destination Clock Delay (DCD):    1.490ns = ( 14.964 - 13.474 ) 
    Source Clock Delay      (SCD):    1.653ns
    Clock Pessimism Removal (CPR):    0.105ns
  Clock Uncertainty:      0.234ns  ((TSJ^2 + DJ^2)^1/2) / 2 + PE
    Total System Jitter     (TSJ):    0.071ns
    Discrete Jitter          (DJ):    0.462ns
    Phase Error              (PE):    0.000ns

    Location             Delay type                Incr(ns)  Path(ns)    Netlist Resource(s)
  -------------------------------------------------------------------    -------------------
                         (clock clk_out1_clk_wiz_0 rise edge)
                                                      0.000     0.000 r  
    BUFGCTRL_X0Y2        BUFG                         0.000     0.000 r  clk_IBUF_BUFG_inst/O
                         net (fo=152, routed)         1.677     1.677    datapath_inst/vc/inst/clk_in1
    MMCME2_ADV_X0Y0      MMCME2_ADV (Prop_mmcme2_adv_CLKIN1_CLKOUT0)
                                                     -3.538    -1.861 r  datapath_inst/vc/inst/mmcm_adv_inst/CLKOUT0
                         net (fo=1, routed)           1.760    -0.101    datapath_inst/vc/inst/clk_out1_clk_wiz_0
    BUFGCTRL_X0Y0        BUFG (Prop_bufg_I_O)         0.101     0.000 r  datapath_inst/vc/inst/clkout1_buf/O
                         net (fo=223, routed)         1.653     1.653    datapath_inst/videoSigGen_inst/CLK
    SLICE_X27Y24         FDRE                                         r  datapath_inst/videoSigGen_inst/pixelVert_reg[3]/C
  -------------------------------------------------------------------    -------------------
    SLICE_X27Y24         FDRE (Prop_fdre_C_Q)         0.456     2.109 r  datapath_inst/videoSigGen_inst/pixelVert_reg[3]/Q
                         net (fo=40, routed)          1.986     4.095    datapath_inst/triggerVoltToPixel_inst/Q[3]
    SLICE_X25Y16         LUT4 (Prop_lut4_I3_O)        0.124     4.219 r  datapath_inst/triggerVoltToPixel_inst/i__carry_i_4__12/O
                         net (fo=1, routed)           0.000     4.219    datapath_inst/scopeFace_inst/p_1_out_inferred__8/i__carry__0_1[3]
    SLICE_X25Y16         CARRY4 (Prop_carry4_S[3]_CO[3])
                                                      0.401     4.620 r  datapath_inst/scopeFace_inst/p_1_out_inferred__8/i__carry/CO[3]
                         net (fo=1, routed)           0.000     4.620    datapath_inst/scopeFace_inst/p_1_out_inferred__8/i__carry_n_0
    SLICE_X25Y17         CARRY4 (Prop_carry4_CI_CO[3])
                                                      0.114     4.734 r  datapath_inst/scopeFace_inst/p_1_out_inferred__8/i__carry__0/CO[3]
                         net (fo=1, routed)           0.000     4.734    datapath_inst/scopeFace_inst/p_1_out_inferred__8/i__carry__0_n_0
    SLICE_X25Y18         CARRY4 (Prop_carry4_CI_CO[2])
                                                      0.228     4.962 f  datapath_inst/scopeFace_inst/p_1_out_inferred__8/i__carry__1/CO[2]
                         net (fo=1, routed)           1.009     5.971    datapath_inst/videoSigGen_inst/red[7]_i_15_2[0]
    SLICE_X26Y19         LUT6 (Prop_lut6_I3_O)        0.313     6.284 f  datapath_inst/videoSigGen_inst/red[6]_i_5/O
                         net (fo=2, routed)           0.321     6.605    datapath_inst/videoSigGen_inst/red[6]_i_5_n_0
    SLICE_X28Y19         LUT6 (Prop_lut6_I4_O)        0.124     6.729 f  datapath_inst/videoSigGen_inst/red[6]_i_3/O
                         net (fo=2, routed)           0.792     7.521    datapath_inst/videoSigGen_inst/red[6]_i_3_n_0
    SLICE_X29Y23         LUT6 (Prop_lut6_I2_O)        0.124     7.645 r  datapath_inst/videoSigGen_inst/blue[6]_i_1/O
                         net (fo=4, routed)           0.765     8.409    datapath_inst/scopeFace_inst/blue_reg[7]_1[0]
    SLICE_X33Y18         FDRE                                         r  datapath_inst/scopeFace_inst/blue_reg[6]/D
  -------------------------------------------------------------------    -------------------

                         (clock clk_out1_clk_wiz_0 rise edge)
                                                     13.474    13.474 r  
    BUFGCTRL_X0Y2        BUFG                         0.000    13.474 r  clk_IBUF_BUFG_inst/O
                         net (fo=152, routed)         1.487    14.961    datapath_inst/vc/inst/clk_in1
    MMCME2_ADV_X0Y0      MMCME2_ADV (Prop_mmcme2_adv_CLKIN1_CLKOUT0)
                                                     -3.177    11.784 r  datapath_inst/vc/inst/mmcm_adv_inst/CLKOUT0
                         net (fo=1, routed)           1.599    13.383    datapath_inst/vc/inst/clk_out1_clk_wiz_0
    BUFGCTRL_X0Y0        BUFG (Prop_bufg_I_O)         0.091    13.474 r  datapath_inst/vc/inst/clkout1_buf/O
                         net (fo=223, routed)         1.490    14.964    datapath_inst/scopeFace_inst/CLK
    SLICE_X33Y18         FDRE                                         r  datapath_inst/scopeFace_inst/blue_reg[6]/C
                         clock pessimism              0.105    15.069    
                         clock uncertainty           -0.234    14.835    
    SLICE_X33Y18         FDRE (Setup_fdre_C_D)       -0.067    14.768    datapath_inst/scopeFace_inst/blue_reg[6]
  -------------------------------------------------------------------
                         required time                         14.768    
                         arrival time                          -8.409    
  -------------------------------------------------------------------
                         slack                                  6.358    

Slack (MET) :             7.260ns  (required time - arrival time)
  Source:                 datapath_inst/videoSigGen_inst/h_cnt_reg[10]/C
                            (rising edge-triggered cell FDRE clocked by clk_out1_clk_wiz_0  {rise@0.000ns fall@6.737ns period=13.474ns})
  Destination:            datapath_inst/videoSigGen_inst/v_cnt_reg[5]/R
                            (rising edge-triggered cell FDRE clocked by clk_out1_clk_wiz_0  {rise@0.000ns fall@6.737ns period=13.474ns})
  Path Group:             clk_out1_clk_wiz_0
  Path Type:              Setup (Max at Slow Process Corner)
  Requirement:            13.474ns  (clk_out1_clk_wiz_0 rise@13.474ns - clk_out1_clk_wiz_0 rise@0.000ns)
  Data Path Delay:        5.479ns  (logic 1.182ns (21.572%)  route 4.297ns (78.428%))
  Logic Levels:           4  (LUT2=1 LUT4=1 LUT5=2)
  Clock Path Skew:        -0.072ns (DCD - SCD + CPR)
    Destination Clock Delay (DCD):    1.484ns = ( 14.958 - 13.474 ) 
    Source Clock Delay      (SCD):    1.661ns
    Clock Pessimism Removal (CPR):    0.105ns
  Clock Uncertainty:      0.234ns  ((TSJ^2 + DJ^2)^1/2) / 2 + PE
    Total System Jitter     (TSJ):    0.071ns
    Discrete Jitter          (DJ):    0.462ns
    Phase Error              (PE):    0.000ns

    Location             Delay type                Incr(ns)  Path(ns)    Netlist Resource(s)
  -------------------------------------------------------------------    -------------------
                         (clock clk_out1_clk_wiz_0 rise edge)
                                                      0.000     0.000 r  
    BUFGCTRL_X0Y2        BUFG                         0.000     0.000 r  clk_IBUF_BUFG_inst/O
                         net (fo=152, routed)         1.677     1.677    datapath_inst/vc/inst/clk_in1
    MMCME2_ADV_X0Y0      MMCME2_ADV (Prop_mmcme2_adv_CLKIN1_CLKOUT0)
                                                     -3.538    -1.861 r  datapath_inst/vc/inst/mmcm_adv_inst/CLKOUT0
                         net (fo=1, routed)           1.760    -0.101    datapath_inst/vc/inst/clk_out1_clk_wiz_0
    BUFGCTRL_X0Y0        BUFG (Prop_bufg_I_O)         0.101     0.000 r  datapath_inst/vc/inst/clkout1_buf/O
                         net (fo=223, routed)         1.661     1.661    datapath_inst/videoSigGen_inst/CLK
    SLICE_X33Y20         FDRE                                         r  datapath_inst/videoSigGen_inst/h_cnt_reg[10]/C
  -------------------------------------------------------------------    -------------------
    SLICE_X33Y20         FDRE (Prop_fdre_C_Q)         0.456     2.117 f  datapath_inst/videoSigGen_inst/h_cnt_reg[10]/Q
                         net (fo=6, routed)           0.873     2.990    datapath_inst/videoSigGen_inst/h_cnt_reg[10]
    SLICE_X34Y20         LUT4 (Prop_lut4_I2_O)        0.150     3.140 r  datapath_inst/videoSigGen_inst/v_cnt[10]_i_5/O
                         net (fo=2, routed)           0.839     3.979    datapath_inst/videoSigGen_inst/v_cnt[10]_i_5_n_0
    SLICE_X33Y21         LUT5 (Prop_lut5_I0_O)        0.328     4.307 r  datapath_inst/videoSigGen_inst/v_cnt[10]_i_2/O
                         net (fo=16, routed)          0.940     5.247    datapath_inst/videoSigGen_inst/eqOp3_in
    SLICE_X28Y24         LUT5 (Prop_lut5_I0_O)        0.124     5.371 r  datapath_inst/videoSigGen_inst/v_cnt[10]_i_4/O
                         net (fo=2, routed)           0.413     5.784    datapath_inst/videoSigGen_inst/v_cnt[10]_i_4_n_0
    SLICE_X29Y24         LUT2 (Prop_lut2_I0_O)        0.124     5.908 r  datapath_inst/videoSigGen_inst/v_cnt[10]_i_1/O
                         net (fo=11, routed)          1.233     7.140    datapath_inst/videoSigGen_inst/v_cnt[10]_i_1_n_0
    SLICE_X27Y26         FDRE                                         r  datapath_inst/videoSigGen_inst/v_cnt_reg[5]/R
  -------------------------------------------------------------------    -------------------

                         (clock clk_out1_clk_wiz_0 rise edge)
                                                     13.474    13.474 r  
    BUFGCTRL_X0Y2        BUFG                         0.000    13.474 r  clk_IBUF_BUFG_inst/O
                         net (fo=152, routed)         1.487    14.961    datapath_inst/vc/inst/clk_in1
    MMCME2_ADV_X0Y0      MMCME2_ADV (Prop_mmcme2_adv_CLKIN1_CLKOUT0)
                                                     -3.177    11.784 r  datapath_inst/vc/inst/mmcm_adv_inst/CLKOUT0
                         net (fo=1, routed)           1.599    13.383    datapath_inst/vc/inst/clk_out1_clk_wiz_0
    BUFGCTRL_X0Y0        BUFG (Prop_bufg_I_O)         0.091    13.474 r  datapath_inst/vc/inst/clkout1_buf/O
                         net (fo=223, routed)         1.484    14.958    datapath_inst/videoSigGen_inst/CLK
    SLICE_X27Y26         FDRE                                         r  datapath_inst/videoSigGen_inst/v_cnt_reg[5]/C
                         clock pessimism              0.105    15.063    
                         clock uncertainty           -0.234    14.829    
    SLICE_X27Y26         FDRE (Setup_fdre_C_R)       -0.429    14.400    datapath_inst/videoSigGen_inst/v_cnt_reg[5]
  -------------------------------------------------------------------
                         required time                         14.400    
                         arrival time                          -7.140    
  -------------------------------------------------------------------
                         slack                                  7.260    

Slack (MET) :             7.260ns  (required time - arrival time)
  Source:                 datapath_inst/videoSigGen_inst/h_cnt_reg[10]/C
                            (rising edge-triggered cell FDRE clocked by clk_out1_clk_wiz_0  {rise@0.000ns fall@6.737ns period=13.474ns})
  Destination:            datapath_inst/videoSigGen_inst/v_cnt_reg[9]/R
                            (rising edge-triggered cell FDRE clocked by clk_out1_clk_wiz_0  {rise@0.000ns fall@6.737ns period=13.474ns})
  Path Group:             clk_out1_clk_wiz_0
  Path Type:              Setup (Max at Slow Process Corner)
  Requirement:            13.474ns  (clk_out1_clk_wiz_0 rise@13.474ns - clk_out1_clk_wiz_0 rise@0.000ns)
  Data Path Delay:        5.479ns  (logic 1.182ns (21.572%)  route 4.297ns (78.428%))
  Logic Levels:           4  (LUT2=1 LUT4=1 LUT5=2)
  Clock Path Skew:        -0.072ns (DCD - SCD + CPR)
    Destination Clock Delay (DCD):    1.484ns = ( 14.958 - 13.474 ) 
    Source Clock Delay      (SCD):    1.661ns
    Clock Pessimism Removal (CPR):    0.105ns
  Clock Uncertainty:      0.234ns  ((TSJ^2 + DJ^2)^1/2) / 2 + PE
    Total System Jitter     (TSJ):    0.071ns
    Discrete Jitter          (DJ):    0.462ns
    Phase Error              (PE):    0.000ns

    Location             Delay type                Incr(ns)  Path(ns)    Netlist Resource(s)
  -------------------------------------------------------------------    -------------------
                         (clock clk_out1_clk_wiz_0 rise edge)
                                                      0.000     0.000 r  
    BUFGCTRL_X0Y2        BUFG                         0.000     0.000 r  clk_IBUF_BUFG_inst/O
                         net (fo=152, routed)         1.677     1.677    datapath_inst/vc/inst/clk_in1
    MMCME2_ADV_X0Y0      MMCME2_ADV (Prop_mmcme2_adv_CLKIN1_CLKOUT0)
                                                     -3.538    -1.861 r  datapath_inst/vc/inst/mmcm_adv_inst/CLKOUT0
                         net (fo=1, routed)           1.760    -0.101    datapath_inst/vc/inst/clk_out1_clk_wiz_0
    BUFGCTRL_X0Y0        BUFG (Prop_bufg_I_O)         0.101     0.000 r  datapath_inst/vc/inst/clkout1_buf/O
                         net (fo=223, routed)         1.661     1.661    datapath_inst/videoSigGen_inst/CLK
    SLICE_X33Y20         FDRE                                         r  datapath_inst/videoSigGen_inst/h_cnt_reg[10]/C
  -------------------------------------------------------------------    -------------------
    SLICE_X33Y20         FDRE (Prop_fdre_C_Q)         0.456     2.117 f  datapath_inst/videoSigGen_inst/h_cnt_reg[10]/Q
                         net (fo=6, routed)           0.873     2.990    datapath_inst/videoSigGen_inst/h_cnt_reg[10]
    SLICE_X34Y20         LUT4 (Prop_lut4_I2_O)        0.150     3.140 r  datapath_inst/videoSigGen_inst/v_cnt[10]_i_5/O
                         net (fo=2, routed)           0.839     3.979    datapath_inst/videoSigGen_inst/v_cnt[10]_i_5_n_0
    SLICE_X33Y21         LUT5 (Prop_lut5_I0_O)        0.328     4.307 r  datapath_inst/videoSigGen_inst/v_cnt[10]_i_2/O
                         net (fo=16, routed)          0.940     5.247    datapath_inst/videoSigGen_inst/eqOp3_in
    SLICE_X28Y24         LUT5 (Prop_lut5_I0_O)        0.124     5.371 r  datapath_inst/videoSigGen_inst/v_cnt[10]_i_4/O
                         net (fo=2, routed)           0.413     5.784    datapath_inst/videoSigGen_inst/v_cnt[10]_i_4_n_0
    SLICE_X29Y24         LUT2 (Prop_lut2_I0_O)        0.124     5.908 r  datapath_inst/videoSigGen_inst/v_cnt[10]_i_1/O
                         net (fo=11, routed)          1.233     7.140    datapath_inst/videoSigGen_inst/v_cnt[10]_i_1_n_0
    SLICE_X27Y26         FDRE                                         r  datapath_inst/videoSigGen_inst/v_cnt_reg[9]/R
  -------------------------------------------------------------------    -------------------

                         (clock clk_out1_clk_wiz_0 rise edge)
                                                     13.474    13.474 r  
    BUFGCTRL_X0Y2        BUFG                         0.000    13.474 r  clk_IBUF_BUFG_inst/O
                         net (fo=152, routed)         1.487    14.961    datapath_inst/vc/inst/clk_in1
    MMCME2_ADV_X0Y0      MMCME2_ADV (Prop_mmcme2_adv_CLKIN1_CLKOUT0)
                                                     -3.177    11.784 r  datapath_inst/vc/inst/mmcm_adv_inst/CLKOUT0
                         net (fo=1, routed)           1.599    13.383    datapath_inst/vc/inst/clk_out1_clk_wiz_0
    BUFGCTRL_X0Y0        BUFG (Prop_bufg_I_O)         0.091    13.474 r  datapath_inst/vc/inst/clkout1_buf/O
                         net (fo=223, routed)         1.484    14.958    datapath_inst/videoSigGen_inst/CLK
    SLICE_X27Y26         FDRE                                         r  datapath_inst/videoSigGen_inst/v_cnt_reg[9]/C
                         clock pessimism              0.105    15.063    
                         clock uncertainty           -0.234    14.829    
    SLICE_X27Y26         FDRE (Setup_fdre_C_R)       -0.429    14.400    datapath_inst/videoSigGen_inst/v_cnt_reg[9]
  -------------------------------------------------------------------
                         required time                         14.400    
                         arrival time                          -7.140    
  -------------------------------------------------------------------
                         slack                                  7.260    

Slack (MET) :             7.499ns  (required time - arrival time)
  Source:                 datapath_inst/videoSigGen_inst/h_cnt_reg[10]/C
                            (rising edge-triggered cell FDRE clocked by clk_out1_clk_wiz_0  {rise@0.000ns fall@6.737ns period=13.474ns})
  Destination:            datapath_inst/videoSigGen_inst/v_cnt_reg[10]/R
                            (rising edge-triggered cell FDRE clocked by clk_out1_clk_wiz_0  {rise@0.000ns fall@6.737ns period=13.474ns})
  Path Group:             clk_out1_clk_wiz_0
  Path Type:              Setup (Max at Slow Process Corner)
  Requirement:            13.474ns  (clk_out1_clk_wiz_0 rise@13.474ns - clk_out1_clk_wiz_0 rise@0.000ns)
  Data Path Delay:        5.145ns  (logic 1.182ns (22.976%)  route 3.963ns (77.024%))
  Logic Levels:           4  (LUT2=1 LUT4=1 LUT5=2)
  Clock Path Skew:        -0.072ns (DCD - SCD + CPR)
    Destination Clock Delay (DCD):    1.484ns = ( 14.958 - 13.474 ) 
    Source Clock Delay      (SCD):    1.661ns
    Clock Pessimism Removal (CPR):    0.105ns
  Clock Uncertainty:      0.234ns  ((TSJ^2 + DJ^2)^1/2) / 2 + PE
    Total System Jitter     (TSJ):    0.071ns
    Discrete Jitter          (DJ):    0.462ns
    Phase Error              (PE):    0.000ns

    Location             Delay type                Incr(ns)  Path(ns)    Netlist Resource(s)
  -------------------------------------------------------------------    -------------------
                         (clock clk_out1_clk_wiz_0 rise edge)
                                                      0.000     0.000 r  
    BUFGCTRL_X0Y2        BUFG                         0.000     0.000 r  clk_IBUF_BUFG_inst/O
                         net (fo=152, routed)         1.677     1.677    datapath_inst/vc/inst/clk_in1
    MMCME2_ADV_X0Y0      MMCME2_ADV (Prop_mmcme2_adv_CLKIN1_CLKOUT0)
                                                     -3.538    -1.861 r  datapath_inst/vc/inst/mmcm_adv_inst/CLKOUT0
                         net (fo=1, routed)           1.760    -0.101    datapath_inst/vc/inst/clk_out1_clk_wiz_0
    BUFGCTRL_X0Y0        BUFG (Prop_bufg_I_O)         0.101     0.000 r  datapath_inst/vc/inst/clkout1_buf/O
                         net (fo=223, routed)         1.661     1.661    datapath_inst/videoSigGen_inst/CLK
    SLICE_X33Y20         FDRE                                         r  datapath_inst/videoSigGen_inst/h_cnt_reg[10]/C
  -------------------------------------------------------------------    -------------------
    SLICE_X33Y20         FDRE (Prop_fdre_C_Q)         0.456     2.117 f  datapath_inst/videoSigGen_inst/h_cnt_reg[10]/Q
                         net (fo=6, routed)           0.873     2.990    datapath_inst/videoSigGen_inst/h_cnt_reg[10]
    SLICE_X34Y20         LUT4 (Prop_lut4_I2_O)        0.150     3.140 r  datapath_inst/videoSigGen_inst/v_cnt[10]_i_5/O
                         net (fo=2, routed)           0.839     3.979    datapath_inst/videoSigGen_inst/v_cnt[10]_i_5_n_0
    SLICE_X33Y21         LUT5 (Prop_lut5_I0_O)        0.328     4.307 r  datapath_inst/videoSigGen_inst/v_cnt[10]_i_2/O
                         net (fo=16, routed)          0.940     5.247    datapath_inst/videoSigGen_inst/eqOp3_in
    SLICE_X28Y24         LUT5 (Prop_lut5_I0_O)        0.124     5.371 r  datapath_inst/videoSigGen_inst/v_cnt[10]_i_4/O
                         net (fo=2, routed)           0.413     5.784    datapath_inst/videoSigGen_inst/v_cnt[10]_i_4_n_0
    SLICE_X29Y24         LUT2 (Prop_lut2_I0_O)        0.124     5.908 r  datapath_inst/videoSigGen_inst/v_cnt[10]_i_1/O
                         net (fo=11, routed)          0.898     6.806    datapath_inst/videoSigGen_inst/v_cnt[10]_i_1_n_0
    SLICE_X28Y26         FDRE                                         r  datapath_inst/videoSigGen_inst/v_cnt_reg[10]/R
  -------------------------------------------------------------------    -------------------

                         (clock clk_out1_clk_wiz_0 rise edge)
                                                     13.474    13.474 r  
    BUFGCTRL_X0Y2        BUFG                         0.000    13.474 r  clk_IBUF_BUFG_inst/O
                         net (fo=152, routed)         1.487    14.961    datapath_inst/vc/inst/clk_in1
    MMCME2_ADV_X0Y0      MMCME2_ADV (Prop_mmcme2_adv_CLKIN1_CLKOUT0)
                                                     -3.177    11.784 r  datapath_inst/vc/inst/mmcm_adv_inst/CLKOUT0
                         net (fo=1, routed)           1.599    13.383    datapath_inst/vc/inst/clk_out1_clk_wiz_0
    BUFGCTRL_X0Y0        BUFG (Prop_bufg_I_O)         0.091    13.474 r  datapath_inst/vc/inst/clkout1_buf/O
                         net (fo=223, routed)         1.484    14.958    datapath_inst/videoSigGen_inst/CLK
    SLICE_X28Y26         FDRE                                         r  datapath_inst/videoSigGen_inst/v_cnt_reg[10]/C
                         clock pessimism              0.105    15.063    
                         clock uncertainty           -0.234    14.829    
    SLICE_X28Y26         FDRE (Setup_fdre_C_R)       -0.524    14.305    datapath_inst/videoSigGen_inst/v_cnt_reg[10]
  -------------------------------------------------------------------
                         required time                         14.305    
                         arrival time                          -6.806    
  -------------------------------------------------------------------
                         slack                                  7.499    

Slack (MET) :             7.499ns  (required time - arrival time)
  Source:                 datapath_inst/videoSigGen_inst/h_cnt_reg[10]/C
                            (rising edge-triggered cell FDRE clocked by clk_out1_clk_wiz_0  {rise@0.000ns fall@6.737ns period=13.474ns})
  Destination:            datapath_inst/videoSigGen_inst/v_cnt_reg[6]/R
                            (rising edge-triggered cell FDRE clocked by clk_out1_clk_wiz_0  {rise@0.000ns fall@6.737ns period=13.474ns})
  Path Group:             clk_out1_clk_wiz_0
  Path Type:              Setup (Max at Slow Process Corner)
  Requirement:            13.474ns  (clk_out1_clk_wiz_0 rise@13.474ns - clk_out1_clk_wiz_0 rise@0.000ns)
  Data Path Delay:        5.145ns  (logic 1.182ns (22.976%)  route 3.963ns (77.024%))
  Logic Levels:           4  (LUT2=1 LUT4=1 LUT5=2)
  Clock Path Skew:        -0.072ns (DCD - SCD + CPR)
    Destination Clock Delay (DCD):    1.484ns = ( 14.958 - 13.474 ) 
    Source Clock Delay      (SCD):    1.661ns
    Clock Pessimism Removal (CPR):    0.105ns
  Clock Uncertainty:      0.234ns  ((TSJ^2 + DJ^2)^1/2) / 2 + PE
    Total System Jitter     (TSJ):    0.071ns
    Discrete Jitter          (DJ):    0.462ns
    Phase Error              (PE):    0.000ns

    Location             Delay type                Incr(ns)  Path(ns)    Netlist Resource(s)
  -------------------------------------------------------------------    -------------------
                         (clock clk_out1_clk_wiz_0 rise edge)
                                                      0.000     0.000 r  
    BUFGCTRL_X0Y2        BUFG                         0.000     0.000 r  clk_IBUF_BUFG_inst/O
                         net (fo=152, routed)         1.677     1.677    datapath_inst/vc/inst/clk_in1
    MMCME2_ADV_X0Y0      MMCME2_ADV (Prop_mmcme2_adv_CLKIN1_CLKOUT0)
                                                     -3.538    -1.861 r  datapath_inst/vc/inst/mmcm_adv_inst/CLKOUT0
                         net (fo=1, routed)           1.760    -0.101    datapath_inst/vc/inst/clk_out1_clk_wiz_0
    BUFGCTRL_X0Y0        BUFG (Prop_bufg_I_O)         0.101     0.000 r  datapath_inst/vc/inst/clkout1_buf/O
                         net (fo=223, routed)         1.661     1.661    datapath_inst/videoSigGen_inst/CLK
    SLICE_X33Y20         FDRE                                         r  datapath_inst/videoSigGen_inst/h_cnt_reg[10]/C
  -------------------------------------------------------------------    -------------------
    SLICE_X33Y20         FDRE (Prop_fdre_C_Q)         0.456     2.117 f  datapath_inst/videoSigGen_inst/h_cnt_reg[10]/Q
                         net (fo=6, routed)           0.873     2.990    datapath_inst/videoSigGen_inst/h_cnt_reg[10]
    SLICE_X34Y20         LUT4 (Prop_lut4_I2_O)        0.150     3.140 r  datapath_inst/videoSigGen_inst/v_cnt[10]_i_5/O
                         net (fo=2, routed)           0.839     3.979    datapath_inst/videoSigGen_inst/v_cnt[10]_i_5_n_0
    SLICE_X33Y21         LUT5 (Prop_lut5_I0_O)        0.328     4.307 r  datapath_inst/videoSigGen_inst/v_cnt[10]_i_2/O
                         net (fo=16, routed)          0.940     5.247    datapath_inst/videoSigGen_inst/eqOp3_in
    SLICE_X28Y24         LUT5 (Prop_lut5_I0_O)        0.124     5.371 r  datapath_inst/videoSigGen_inst/v_cnt[10]_i_4/O
                         net (fo=2, routed)           0.413     5.784    datapath_inst/videoSigGen_inst/v_cnt[10]_i_4_n_0
    SLICE_X29Y24         LUT2 (Prop_lut2_I0_O)        0.124     5.908 r  datapath_inst/videoSigGen_inst/v_cnt[10]_i_1/O
                         net (fo=11, routed)          0.898     6.806    datapath_inst/videoSigGen_inst/v_cnt[10]_i_1_n_0
    SLICE_X28Y26         FDRE                                         r  datapath_inst/videoSigGen_inst/v_cnt_reg[6]/R
  -------------------------------------------------------------------    -------------------

                         (clock clk_out1_clk_wiz_0 rise edge)
                                                     13.474    13.474 r  
    BUFGCTRL_X0Y2        BUFG                         0.000    13.474 r  clk_IBUF_BUFG_inst/O
                         net (fo=152, routed)         1.487    14.961    datapath_inst/vc/inst/clk_in1
    MMCME2_ADV_X0Y0      MMCME2_ADV (Prop_mmcme2_adv_CLKIN1_CLKOUT0)
                                                     -3.177    11.784 r  datapath_inst/vc/inst/mmcm_adv_inst/CLKOUT0
                         net (fo=1, routed)           1.599    13.383    datapath_inst/vc/inst/clk_out1_clk_wiz_0
    BUFGCTRL_X0Y0        BUFG (Prop_bufg_I_O)         0.091    13.474 r  datapath_inst/vc/inst/clkout1_buf/O
                         net (fo=223, routed)         1.484    14.958    datapath_inst/videoSigGen_inst/CLK
    SLICE_X28Y26         FDRE                                         r  datapath_inst/videoSigGen_inst/v_cnt_reg[6]/C
                         clock pessimism              0.105    15.063    
                         clock uncertainty           -0.234    14.829    
    SLICE_X28Y26         FDRE (Setup_fdre_C_R)       -0.524    14.305    datapath_inst/videoSigGen_inst/v_cnt_reg[6]
  -------------------------------------------------------------------
                         required time                         14.305    
                         arrival time                          -6.806    
  -------------------------------------------------------------------
                         slack                                  7.499    





Min Delay Paths
--------------------------------------------------------------------------------------
Slack (MET) :             0.156ns  (arrival time - required time)
  Source:                 datapath_inst/videoSigGen_inst/h_cnt_reg[10]/C
                            (rising edge-triggered cell FDRE clocked by clk_out1_clk_wiz_0  {rise@0.000ns fall@6.737ns period=13.474ns})
  Destination:            datapath_inst/videoSigGen_inst/h_activeArea_reg/D
                            (rising edge-triggered cell FDRE clocked by clk_out1_clk_wiz_0  {rise@0.000ns fall@6.737ns period=13.474ns})
  Path Group:             clk_out1_clk_wiz_0
  Path Type:              Hold (Min at Fast Process Corner)
  Requirement:            0.000ns  (clk_out1_clk_wiz_0 rise@0.000ns - clk_out1_clk_wiz_0 rise@0.000ns)
  Data Path Delay:        0.289ns  (logic 0.186ns (64.439%)  route 0.103ns (35.561%))
  Logic Levels:           1  (LUT5=1)
  Clock Path Skew:        0.013ns (DCD - SCD - CPR)
    Destination Clock Delay (DCD):    0.820ns
    Source Clock Delay      (SCD):    0.554ns
    Clock Pessimism Removal (CPR):    0.253ns

    Location             Delay type                Incr(ns)  Path(ns)    Netlist Resource(s)
  -------------------------------------------------------------------    -------------------
                         (clock clk_out1_clk_wiz_0 rise edge)
                                                      0.000     0.000 r  
    BUFGCTRL_X0Y2        BUFG                         0.000     0.000 r  clk_IBUF_BUFG_inst/O
                         net (fo=152, routed)         0.546     0.546    datapath_inst/vc/inst/clk_in1
    MMCME2_ADV_X0Y0      MMCME2_ADV (Prop_mmcme2_adv_CLKIN1_CLKOUT0)
                                                     -1.053    -0.508 r  datapath_inst/vc/inst/mmcm_adv_inst/CLKOUT0
                         net (fo=1, routed)           0.482    -0.026    datapath_inst/vc/inst/clk_out1_clk_wiz_0
    BUFGCTRL_X0Y0        BUFG (Prop_bufg_I_O)         0.026     0.000 r  datapath_inst/vc/inst/clkout1_buf/O
                         net (fo=223, routed)         0.554     0.554    datapath_inst/videoSigGen_inst/CLK
    SLICE_X33Y20         FDRE                                         r  datapath_inst/videoSigGen_inst/h_cnt_reg[10]/C
  -------------------------------------------------------------------    -------------------
    SLICE_X33Y20         FDRE (Prop_fdre_C_Q)         0.141     0.695 f  datapath_inst/videoSigGen_inst/h_cnt_reg[10]/Q
                         net (fo=6, routed)           0.103     0.797    datapath_inst/videoSigGen_inst/h_cnt_reg[10]
    SLICE_X32Y20         LUT5 (Prop_lut5_I0_O)        0.045     0.842 r  datapath_inst/videoSigGen_inst/h_activeArea_i_1/O
                         net (fo=1, routed)           0.000     0.842    datapath_inst/videoSigGen_inst/h_activeArea_i_1_n_0
    SLICE_X32Y20         FDRE                                         r  datapath_inst/videoSigGen_inst/h_activeArea_reg/D
  -------------------------------------------------------------------    -------------------

                         (clock clk_out1_clk_wiz_0 rise edge)
                                                      0.000     0.000 r  
    BUFGCTRL_X0Y2        BUFG                         0.000     0.000 r  clk_IBUF_BUFG_inst/O
                         net (fo=152, routed)         0.812     0.812    datapath_inst/vc/inst/clk_in1
    MMCME2_ADV_X0Y0      MMCME2_ADV (Prop_mmcme2_adv_CLKIN1_CLKOUT0)
                                                     -1.369    -0.557 r  datapath_inst/vc/inst/mmcm_adv_inst/CLKOUT0
                         net (fo=1, routed)           0.528    -0.029    datapath_inst/vc/inst/clk_out1_clk_wiz_0
    BUFGCTRL_X0Y0        BUFG (Prop_bufg_I_O)         0.029    -0.000 r  datapath_inst/vc/inst/clkout1_buf/O
                         net (fo=223, routed)         0.820     0.820    datapath_inst/videoSigGen_inst/CLK
    SLICE_X32Y20         FDRE                                         r  datapath_inst/videoSigGen_inst/h_activeArea_reg/C
                         clock pessimism             -0.253     0.567    
    SLICE_X32Y20         FDRE (Hold_fdre_C_D)         0.120     0.687    datapath_inst/videoSigGen_inst/h_activeArea_reg
  -------------------------------------------------------------------
                         required time                         -0.687    
                         arrival time                           0.842    
  -------------------------------------------------------------------
                         slack                                  0.156    

Slack (MET) :             0.175ns  (arrival time - required time)
  Source:                 datapath_inst/hdmi0_inst/inst/encr/q_m_reg_reg[3]/C
                            (rising edge-triggered cell FDRE clocked by clk_out1_clk_wiz_0  {rise@0.000ns fall@6.737ns period=13.474ns})
  Destination:            datapath_inst/hdmi0_inst/inst/encr/dout_reg[3]/D
                            (rising edge-triggered cell FDCE clocked by clk_out1_clk_wiz_0  {rise@0.000ns fall@6.737ns period=13.474ns})
  Path Group:             clk_out1_clk_wiz_0
  Path Type:              Hold (Min at Fast Process Corner)
  Requirement:            0.000ns  (clk_out1_clk_wiz_0 rise@0.000ns - clk_out1_clk_wiz_0 rise@0.000ns)
  Data Path Delay:        0.281ns  (logic 0.186ns (66.095%)  route 0.095ns (33.905%))
  Logic Levels:           1  (LUT4=1)
  Clock Path Skew:        0.015ns (DCD - SCD - CPR)
    Destination Clock Delay (DCD):    0.848ns
    Source Clock Delay      (SCD):    0.580ns
    Clock Pessimism Removal (CPR):    0.253ns

    Location             Delay type                Incr(ns)  Path(ns)    Netlist Resource(s)
  -------------------------------------------------------------------    -------------------
                         (clock clk_out1_clk_wiz_0 rise edge)
                                                      0.000     0.000 r  
    BUFGCTRL_X0Y2        BUFG                         0.000     0.000 r  clk_IBUF_BUFG_inst/O
                         net (fo=152, routed)         0.546     0.546    datapath_inst/vc/inst/clk_in1
    MMCME2_ADV_X0Y0      MMCME2_ADV (Prop_mmcme2_adv_CLKIN1_CLKOUT0)
                                                     -1.053    -0.508 r  datapath_inst/vc/inst/mmcm_adv_inst/CLKOUT0
                         net (fo=1, routed)           0.482    -0.026    datapath_inst/vc/inst/clk_out1_clk_wiz_0
    BUFGCTRL_X0Y0        BUFG (Prop_bufg_I_O)         0.026     0.000 r  datapath_inst/vc/inst/clkout1_buf/O
                         net (fo=223, routed)         0.580     0.580    datapath_inst/hdmi0_inst/inst/encr/pix_clk
    SLICE_X41Y23         FDRE                                         r  datapath_inst/hdmi0_inst/inst/encr/q_m_reg_reg[3]/C
  -------------------------------------------------------------------    -------------------
    SLICE_X41Y23         FDRE (Prop_fdre_C_Q)         0.141     0.721 r  datapath_inst/hdmi0_inst/inst/encr/q_m_reg_reg[3]/Q
                         net (fo=1, routed)           0.095     0.816    datapath_inst/hdmi0_inst/inst/encr/q_m_reg_reg_n_0_[3]
    SLICE_X43Y22         LUT4 (Prop_lut4_I2_O)        0.045     0.861 r  datapath_inst/hdmi0_inst/inst/encr/dout[3]_i_1__1/O
                         net (fo=1, routed)           0.000     0.861    datapath_inst/hdmi0_inst/inst/encr/dout[3]_i_1__1_n_0
    SLICE_X43Y22         FDCE                                         r  datapath_inst/hdmi0_inst/inst/encr/dout_reg[3]/D
  -------------------------------------------------------------------    -------------------

                         (clock clk_out1_clk_wiz_0 rise edge)
                                                      0.000     0.000 r  
    BUFGCTRL_X0Y2        BUFG                         0.000     0.000 r  clk_IBUF_BUFG_inst/O
                         net (fo=152, routed)         0.812     0.812    datapath_inst/vc/inst/clk_in1
    MMCME2_ADV_X0Y0      MMCME2_ADV (Prop_mmcme2_adv_CLKIN1_CLKOUT0)
                                                     -1.369    -0.557 r  datapath_inst/vc/inst/mmcm_adv_inst/CLKOUT0
                         net (fo=1, routed)           0.528    -0.029    datapath_inst/vc/inst/clk_out1_clk_wiz_0
    BUFGCTRL_X0Y0        BUFG (Prop_bufg_I_O)         0.029    -0.000 r  datapath_inst/vc/inst/clkout1_buf/O
                         net (fo=223, routed)         0.848     0.848    datapath_inst/hdmi0_inst/inst/encr/pix_clk
    SLICE_X43Y22         FDCE                                         r  datapath_inst/hdmi0_inst/inst/encr/dout_reg[3]/C
                         clock pessimism             -0.253     0.595    
    SLICE_X43Y22         FDCE (Hold_fdce_C_D)         0.091     0.686    datapath_inst/hdmi0_inst/inst/encr/dout_reg[3]
  -------------------------------------------------------------------
                         required time                         -0.686    
                         arrival time                           0.861    
  -------------------------------------------------------------------
                         slack                                  0.175    

Slack (MET) :             0.177ns  (arrival time - required time)
  Source:                 datapath_inst/hdmi0_inst/inst/encr/vdin_q_reg[3]/C
                            (rising edge-triggered cell FDRE clocked by clk_out1_clk_wiz_0  {rise@0.000ns fall@6.737ns period=13.474ns})
  Destination:            datapath_inst/hdmi0_inst/inst/encr/q_m_reg_reg[6]/D
                            (rising edge-triggered cell FDRE clocked by clk_out1_clk_wiz_0  {rise@0.000ns fall@6.737ns period=13.474ns})
  Path Group:             clk_out1_clk_wiz_0
  Path Type:              Hold (Min at Fast Process Corner)
  Requirement:            0.000ns  (clk_out1_clk_wiz_0 rise@0.000ns - clk_out1_clk_wiz_0 rise@0.000ns)
  Data Path Delay:        0.282ns  (logic 0.186ns (65.903%)  route 0.096ns (34.097%))
  Logic Levels:           1  (LUT5=1)
  Clock Path Skew:        0.013ns (DCD - SCD - CPR)
    Destination Clock Delay (DCD):    0.845ns
    Source Clock Delay      (SCD):    0.579ns
    Clock Pessimism Removal (CPR):    0.253ns

    Location             Delay type                Incr(ns)  Path(ns)    Netlist Resource(s)
  -------------------------------------------------------------------    -------------------
                         (clock clk_out1_clk_wiz_0 rise edge)
                                                      0.000     0.000 r  
    BUFGCTRL_X0Y2        BUFG                         0.000     0.000 r  clk_IBUF_BUFG_inst/O
                         net (fo=152, routed)         0.546     0.546    datapath_inst/vc/inst/clk_in1
    MMCME2_ADV_X0Y0      MMCME2_ADV (Prop_mmcme2_adv_CLKIN1_CLKOUT0)
                                                     -1.053    -0.508 r  datapath_inst/vc/inst/mmcm_adv_inst/CLKOUT0
                         net (fo=1, routed)           0.482    -0.026    datapath_inst/vc/inst/clk_out1_clk_wiz_0
    BUFGCTRL_X0Y0        BUFG (Prop_bufg_I_O)         0.026     0.000 r  datapath_inst/vc/inst/clkout1_buf/O
                         net (fo=223, routed)         0.579     0.579    datapath_inst/hdmi0_inst/inst/encr/pix_clk
    SLICE_X40Y24         FDRE                                         r  datapath_inst/hdmi0_inst/inst/encr/vdin_q_reg[3]/C
  -------------------------------------------------------------------    -------------------
    SLICE_X40Y24         FDRE (Prop_fdre_C_Q)         0.141     0.720 r  datapath_inst/hdmi0_inst/inst/encr/vdin_q_reg[3]/Q
                         net (fo=11, routed)          0.096     0.816    datapath_inst/hdmi0_inst/inst/encr/p_0_in3_in
    SLICE_X41Y24         LUT5 (Prop_lut5_I1_O)        0.045     0.861 r  datapath_inst/hdmi0_inst/inst/encr/q_m_reg[6]_i_1__1/O
                         net (fo=1, routed)           0.000     0.861    datapath_inst/hdmi0_inst/inst/encr/q_m_6
    SLICE_X41Y24         FDRE                                         r  datapath_inst/hdmi0_inst/inst/encr/q_m_reg_reg[6]/D
  -------------------------------------------------------------------    -------------------

                         (clock clk_out1_clk_wiz_0 rise edge)
                                                      0.000     0.000 r  
    BUFGCTRL_X0Y2        BUFG                         0.000     0.000 r  clk_IBUF_BUFG_inst/O
                         net (fo=152, routed)         0.812     0.812    datapath_inst/vc/inst/clk_in1
    MMCME2_ADV_X0Y0      MMCME2_ADV (Prop_mmcme2_adv_CLKIN1_CLKOUT0)
                                                     -1.369    -0.557 r  datapath_inst/vc/inst/mmcm_adv_inst/CLKOUT0
                         net (fo=1, routed)           0.528    -0.029    datapath_inst/vc/inst/clk_out1_clk_wiz_0
    BUFGCTRL_X0Y0        BUFG (Prop_bufg_I_O)         0.029    -0.000 r  datapath_inst/vc/inst/clkout1_buf/O
                         net (fo=223, routed)         0.845     0.845    datapath_inst/hdmi0_inst/inst/encr/pix_clk
    SLICE_X41Y24         FDRE                                         r  datapath_inst/hdmi0_inst/inst/encr/q_m_reg_reg[6]/C
                         clock pessimism             -0.253     0.592    
    SLICE_X41Y24         FDRE (Hold_fdre_C_D)         0.092     0.684    datapath_inst/hdmi0_inst/inst/encr/q_m_reg_reg[6]
  -------------------------------------------------------------------
                         required time                         -0.684    
                         arrival time                           0.861    
  -------------------------------------------------------------------
                         slack                                  0.177    

Slack (MET) :             0.178ns  (arrival time - required time)
  Source:                 datapath_inst/hdmi0_inst/inst/encr/vdin_q_reg[4]/C
                            (rising edge-triggered cell FDRE clocked by clk_out1_clk_wiz_0  {rise@0.000ns fall@6.737ns period=13.474ns})
  Destination:            datapath_inst/hdmi0_inst/inst/encr/q_m_reg_reg[5]/D
                            (rising edge-triggered cell FDRE clocked by clk_out1_clk_wiz_0  {rise@0.000ns fall@6.737ns period=13.474ns})
  Path Group:             clk_out1_clk_wiz_0
  Path Type:              Hold (Min at Fast Process Corner)
  Requirement:            0.000ns  (clk_out1_clk_wiz_0 rise@0.000ns - clk_out1_clk_wiz_0 rise@0.000ns)
  Data Path Delay:        0.283ns  (logic 0.186ns (65.686%)  route 0.097ns (34.314%))
  Logic Levels:           1  (LUT5=1)
  Clock Path Skew:        0.013ns (DCD - SCD - CPR)
    Destination Clock Delay (DCD):    0.845ns
    Source Clock Delay      (SCD):    0.579ns
    Clock Pessimism Removal (CPR):    0.253ns

    Location             Delay type                Incr(ns)  Path(ns)    Netlist Resource(s)
  -------------------------------------------------------------------    -------------------
                         (clock clk_out1_clk_wiz_0 rise edge)
                                                      0.000     0.000 r  
    BUFGCTRL_X0Y2        BUFG                         0.000     0.000 r  clk_IBUF_BUFG_inst/O
                         net (fo=152, routed)         0.546     0.546    datapath_inst/vc/inst/clk_in1
    MMCME2_ADV_X0Y0      MMCME2_ADV (Prop_mmcme2_adv_CLKIN1_CLKOUT0)
                                                     -1.053    -0.508 r  datapath_inst/vc/inst/mmcm_adv_inst/CLKOUT0
                         net (fo=1, routed)           0.482    -0.026    datapath_inst/vc/inst/clk_out1_clk_wiz_0
    BUFGCTRL_X0Y0        BUFG (Prop_bufg_I_O)         0.026     0.000 r  datapath_inst/vc/inst/clkout1_buf/O
                         net (fo=223, routed)         0.579     0.579    datapath_inst/hdmi0_inst/inst/encr/pix_clk
    SLICE_X40Y24         FDRE                                         r  datapath_inst/hdmi0_inst/inst/encr/vdin_q_reg[4]/C
  -------------------------------------------------------------------    -------------------
    SLICE_X40Y24         FDRE (Prop_fdre_C_Q)         0.141     0.720 r  datapath_inst/hdmi0_inst/inst/encr/vdin_q_reg[4]/Q
                         net (fo=6, routed)           0.097     0.817    datapath_inst/hdmi0_inst/inst/encr/p_0_in2_in
    SLICE_X41Y24         LUT5 (Prop_lut5_I2_O)        0.045     0.862 r  datapath_inst/hdmi0_inst/inst/encr/q_m_reg[5]_i_1__1/O
                         net (fo=1, routed)           0.000     0.862    datapath_inst/hdmi0_inst/inst/encr/q_m_reg[5]_i_1__1_n_0
    SLICE_X41Y24         FDRE                                         r  datapath_inst/hdmi0_inst/inst/encr/q_m_reg_reg[5]/D
  -------------------------------------------------------------------    -------------------

                         (clock clk_out1_clk_wiz_0 rise edge)
                                                      0.000     0.000 r  
    BUFGCTRL_X0Y2        BUFG                         0.000     0.000 r  clk_IBUF_BUFG_inst/O
                         net (fo=152, routed)         0.812     0.812    datapath_inst/vc/inst/clk_in1
    MMCME2_ADV_X0Y0      MMCME2_ADV (Prop_mmcme2_adv_CLKIN1_CLKOUT0)
                                                     -1.369    -0.557 r  datapath_inst/vc/inst/mmcm_adv_inst/CLKOUT0
                         net (fo=1, routed)           0.528    -0.029    datapath_inst/vc/inst/clk_out1_clk_wiz_0
    BUFGCTRL_X0Y0        BUFG (Prop_bufg_I_O)         0.029    -0.000 r  datapath_inst/vc/inst/clkout1_buf/O
                         net (fo=223, routed)         0.845     0.845    datapath_inst/hdmi0_inst/inst/encr/pix_clk
    SLICE_X41Y24         FDRE                                         r  datapath_inst/hdmi0_inst/inst/encr/q_m_reg_reg[5]/C
                         clock pessimism             -0.253     0.592    
    SLICE_X41Y24         FDRE (Hold_fdre_C_D)         0.092     0.684    datapath_inst/hdmi0_inst/inst/encr/q_m_reg_reg[5]
  -------------------------------------------------------------------
                         required time                         -0.684    
                         arrival time                           0.862    
  -------------------------------------------------------------------
                         slack                                  0.178    

Slack (MET) :             0.188ns  (arrival time - required time)
  Source:                 datapath_inst/hdmi0_inst/inst/encg/vdin_q_reg[5]/C
                            (rising edge-triggered cell FDRE clocked by clk_out1_clk_wiz_0  {rise@0.000ns fall@6.737ns period=13.474ns})
  Destination:            datapath_inst/hdmi0_inst/inst/encg/q_m_reg_reg[5]/D
                            (rising edge-triggered cell FDRE clocked by clk_out1_clk_wiz_0  {rise@0.000ns fall@6.737ns period=13.474ns})
  Path Group:             clk_out1_clk_wiz_0
  Path Type:              Hold (Min at Fast Process Corner)
  Requirement:            0.000ns  (clk_out1_clk_wiz_0 rise@0.000ns - clk_out1_clk_wiz_0 rise@0.000ns)
  Data Path Delay:        0.293ns  (logic 0.186ns (63.377%)  route 0.107ns (36.623%))
  Logic Levels:           1  (LUT5=1)
  Clock Path Skew:        0.013ns (DCD - SCD - CPR)
    Destination Clock Delay (DCD):    0.849ns
    Source Clock Delay      (SCD):    0.582ns
    Clock Pessimism Removal (CPR):    0.254ns

    Location             Delay type                Incr(ns)  Path(ns)    Netlist Resource(s)
  -------------------------------------------------------------------    -------------------
                         (clock clk_out1_clk_wiz_0 rise edge)
                                                      0.000     0.000 r  
    BUFGCTRL_X0Y2        BUFG                         0.000     0.000 r  clk_IBUF_BUFG_inst/O
                         net (fo=152, routed)         0.546     0.546    datapath_inst/vc/inst/clk_in1
    MMCME2_ADV_X0Y0      MMCME2_ADV (Prop_mmcme2_adv_CLKIN1_CLKOUT0)
                                                     -1.053    -0.508 r  datapath_inst/vc/inst/mmcm_adv_inst/CLKOUT0
                         net (fo=1, routed)           0.482    -0.026    datapath_inst/vc/inst/clk_out1_clk_wiz_0
    BUFGCTRL_X0Y0        BUFG (Prop_bufg_I_O)         0.026     0.000 r  datapath_inst/vc/inst/clkout1_buf/O
                         net (fo=223, routed)         0.582     0.582    datapath_inst/hdmi0_inst/inst/encg/pix_clk
    SLICE_X40Y21         FDRE                                         r  datapath_inst/hdmi0_inst/inst/encg/vdin_q_reg[5]/C
  -------------------------------------------------------------------    -------------------
    SLICE_X40Y21         FDRE (Prop_fdre_C_Q)         0.141     0.723 r  datapath_inst/hdmi0_inst/inst/encg/vdin_q_reg[5]/Q
                         net (fo=7, routed)           0.107     0.830    datapath_inst/hdmi0_inst/inst/encg/p_0_in1_in
    SLICE_X41Y21         LUT5 (Prop_lut5_I4_O)        0.045     0.875 r  datapath_inst/hdmi0_inst/inst/encg/q_m_reg[5]_i_1__0/O
                         net (fo=1, routed)           0.000     0.875    datapath_inst/hdmi0_inst/inst/encg/q_m_reg[5]_i_1__0_n_0
    SLICE_X41Y21         FDRE                                         r  datapath_inst/hdmi0_inst/inst/encg/q_m_reg_reg[5]/D
  -------------------------------------------------------------------    -------------------

                         (clock clk_out1_clk_wiz_0 rise edge)
                                                      0.000     0.000 r  
    BUFGCTRL_X0Y2        BUFG                         0.000     0.000 r  clk_IBUF_BUFG_inst/O
                         net (fo=152, routed)         0.812     0.812    datapath_inst/vc/inst/clk_in1
    MMCME2_ADV_X0Y0      MMCME2_ADV (Prop_mmcme2_adv_CLKIN1_CLKOUT0)
                                                     -1.369    -0.557 r  datapath_inst/vc/inst/mmcm_adv_inst/CLKOUT0
                         net (fo=1, routed)           0.528    -0.029    datapath_inst/vc/inst/clk_out1_clk_wiz_0
    BUFGCTRL_X0Y0        BUFG (Prop_bufg_I_O)         0.029    -0.000 r  datapath_inst/vc/inst/clkout1_buf/O
                         net (fo=223, routed)         0.849     0.849    datapath_inst/hdmi0_inst/inst/encg/pix_clk
    SLICE_X41Y21         FDRE                                         r  datapath_inst/hdmi0_inst/inst/encg/q_m_reg_reg[5]/C
                         clock pessimism             -0.254     0.595    
    SLICE_X41Y21         FDRE (Hold_fdre_C_D)         0.092     0.687    datapath_inst/hdmi0_inst/inst/encg/q_m_reg_reg[5]
  -------------------------------------------------------------------
                         required time                         -0.687    
                         arrival time                           0.875    
  -------------------------------------------------------------------
                         slack                                  0.188    

Slack (MET) :             0.190ns  (arrival time - required time)
  Source:                 datapath_inst/videoSigGen_inst/h_cnt_reg[0]/C
                            (rising edge-triggered cell FDRE clocked by clk_out1_clk_wiz_0  {rise@0.000ns fall@6.737ns period=13.474ns})
  Destination:            datapath_inst/videoSigGen_inst/pixelHorz_reg[4]/D
                            (rising edge-triggered cell FDRE clocked by clk_out1_clk_wiz_0  {rise@0.000ns fall@6.737ns period=13.474ns})
  Path Group:             clk_out1_clk_wiz_0
  Path Type:              Hold (Min at Fast Process Corner)
  Requirement:            0.000ns  (clk_out1_clk_wiz_0 rise@0.000ns - clk_out1_clk_wiz_0 rise@0.000ns)
  Data Path Delay:        0.334ns  (logic 0.189ns (56.640%)  route 0.145ns (43.360%))
  Logic Levels:           1  (LUT5=1)
  Clock Path Skew:        0.013ns (DCD - SCD - CPR)
    Destination Clock Delay (DCD):    0.819ns
    Source Clock Delay      (SCD):    0.553ns
    Clock Pessimism Removal (CPR):    0.253ns

    Location             Delay type                Incr(ns)  Path(ns)    Netlist Resource(s)
  -------------------------------------------------------------------    -------------------
                         (clock clk_out1_clk_wiz_0 rise edge)
                                                      0.000     0.000 r  
    BUFGCTRL_X0Y2        BUFG                         0.000     0.000 r  clk_IBUF_BUFG_inst/O
                         net (fo=152, routed)         0.546     0.546    datapath_inst/vc/inst/clk_in1
    MMCME2_ADV_X0Y0      MMCME2_ADV (Prop_mmcme2_adv_CLKIN1_CLKOUT0)
                                                     -1.053    -0.508 r  datapath_inst/vc/inst/mmcm_adv_inst/CLKOUT0
                         net (fo=1, routed)           0.482    -0.026    datapath_inst/vc/inst/clk_out1_clk_wiz_0
    BUFGCTRL_X0Y0        BUFG (Prop_bufg_I_O)         0.026     0.000 r  datapath_inst/vc/inst/clkout1_buf/O
                         net (fo=223, routed)         0.553     0.553    datapath_inst/videoSigGen_inst/CLK
    SLICE_X33Y21         FDRE                                         r  datapath_inst/videoSigGen_inst/h_cnt_reg[0]/C
  -------------------------------------------------------------------    -------------------
    SLICE_X33Y21         FDRE (Prop_fdre_C_Q)         0.141     0.694 r  datapath_inst/videoSigGen_inst/h_cnt_reg[0]/Q
                         net (fo=15, routed)          0.145     0.838    datapath_inst/videoSigGen_inst/h_cnt_reg[0]
    SLICE_X32Y21         LUT5 (Prop_lut5_I1_O)        0.048     0.886 r  datapath_inst/videoSigGen_inst/pixelHorz[4]_i_1/O
                         net (fo=1, routed)           0.000     0.886    datapath_inst/videoSigGen_inst/pixelHorz[4]_i_1_n_0
    SLICE_X32Y21         FDRE                                         r  datapath_inst/videoSigGen_inst/pixelHorz_reg[4]/D
  -------------------------------------------------------------------    -------------------

                         (clock clk_out1_clk_wiz_0 rise edge)
                                                      0.000     0.000 r  
    BUFGCTRL_X0Y2        BUFG                         0.000     0.000 r  clk_IBUF_BUFG_inst/O
                         net (fo=152, routed)         0.812     0.812    datapath_inst/vc/inst/clk_in1
    MMCME2_ADV_X0Y0      MMCME2_ADV (Prop_mmcme2_adv_CLKIN1_CLKOUT0)
                                                     -1.369    -0.557 r  datapath_inst/vc/inst/mmcm_adv_inst/CLKOUT0
                         net (fo=1, routed)           0.528    -0.029    datapath_inst/vc/inst/clk_out1_clk_wiz_0
    BUFGCTRL_X0Y0        BUFG (Prop_bufg_I_O)         0.029    -0.000 r  datapath_inst/vc/inst/clkout1_buf/O
                         net (fo=223, routed)         0.819     0.819    datapath_inst/videoSigGen_inst/CLK
    SLICE_X32Y21         FDRE                                         r  datapath_inst/videoSigGen_inst/pixelHorz_reg[4]/C
                         clock pessimism             -0.253     0.566    
    SLICE_X32Y21         FDRE (Hold_fdre_C_D)         0.131     0.697    datapath_inst/videoSigGen_inst/pixelHorz_reg[4]
  -------------------------------------------------------------------
                         required time                         -0.697    
                         arrival time                           0.886    
  -------------------------------------------------------------------
                         slack                                  0.190    

Slack (MET) :             0.191ns  (arrival time - required time)
  Source:                 datapath_inst/hdmi0_inst/inst/encg/vdin_q_reg[5]/C
                            (rising edge-triggered cell FDRE clocked by clk_out1_clk_wiz_0  {rise@0.000ns fall@6.737ns period=13.474ns})
  Destination:            datapath_inst/hdmi0_inst/inst/encg/q_m_reg_reg[6]/D
                            (rising edge-triggered cell FDRE clocked by clk_out1_clk_wiz_0  {rise@0.000ns fall@6.737ns period=13.474ns})
  Path Group:             clk_out1_clk_wiz_0
  Path Type:              Hold (Min at Fast Process Corner)
  Requirement:            0.000ns  (clk_out1_clk_wiz_0 rise@0.000ns - clk_out1_clk_wiz_0 rise@0.000ns)
  Data Path Delay:        0.296ns  (logic 0.186ns (62.736%)  route 0.110ns (37.264%))
  Logic Levels:           1  (LUT5=1)
  Clock Path Skew:        0.013ns (DCD - SCD - CPR)
    Destination Clock Delay (DCD):    0.849ns
    Source Clock Delay      (SCD):    0.582ns
    Clock Pessimism Removal (CPR):    0.254ns

    Location             Delay type                Incr(ns)  Path(ns)    Netlist Resource(s)
  -------------------------------------------------------------------    -------------------
                         (clock clk_out1_clk_wiz_0 rise edge)
                                                      0.000     0.000 r  
    BUFGCTRL_X0Y2        BUFG                         0.000     0.000 r  clk_IBUF_BUFG_inst/O
                         net (fo=152, routed)         0.546     0.546    datapath_inst/vc/inst/clk_in1
    MMCME2_ADV_X0Y0      MMCME2_ADV (Prop_mmcme2_adv_CLKIN1_CLKOUT0)
                                                     -1.053    -0.508 r  datapath_inst/vc/inst/mmcm_adv_inst/CLKOUT0
                         net (fo=1, routed)           0.482    -0.026    datapath_inst/vc/inst/clk_out1_clk_wiz_0
    BUFGCTRL_X0Y0        BUFG (Prop_bufg_I_O)         0.026     0.000 r  datapath_inst/vc/inst/clkout1_buf/O
                         net (fo=223, routed)         0.582     0.582    datapath_inst/hdmi0_inst/inst/encg/pix_clk
    SLICE_X40Y21         FDRE                                         r  datapath_inst/hdmi0_inst/inst/encg/vdin_q_reg[5]/C
  -------------------------------------------------------------------    -------------------
    SLICE_X40Y21         FDRE (Prop_fdre_C_Q)         0.141     0.723 r  datapath_inst/hdmi0_inst/inst/encg/vdin_q_reg[5]/Q
                         net (fo=7, routed)           0.110     0.833    datapath_inst/hdmi0_inst/inst/encg/p_0_in1_in
    SLICE_X41Y21         LUT5 (Prop_lut5_I0_O)        0.045     0.878 r  datapath_inst/hdmi0_inst/inst/encg/q_m_reg[6]_i_1__0/O
                         net (fo=1, routed)           0.000     0.878    datapath_inst/hdmi0_inst/inst/encg/q_m_6
    SLICE_X41Y21         FDRE                                         r  datapath_inst/hdmi0_inst/inst/encg/q_m_reg_reg[6]/D
  -------------------------------------------------------------------    -------------------

                         (clock clk_out1_clk_wiz_0 rise edge)
                                                      0.000     0.000 r  
    BUFGCTRL_X0Y2        BUFG                         0.000     0.000 r  clk_IBUF_BUFG_inst/O
                         net (fo=152, routed)         0.812     0.812    datapath_inst/vc/inst/clk_in1
    MMCME2_ADV_X0Y0      MMCME2_ADV (Prop_mmcme2_adv_CLKIN1_CLKOUT0)
                                                     -1.369    -0.557 r  datapath_inst/vc/inst/mmcm_adv_inst/CLKOUT0
                         net (fo=1, routed)           0.528    -0.029    datapath_inst/vc/inst/clk_out1_clk_wiz_0
    BUFGCTRL_X0Y0        BUFG (Prop_bufg_I_O)         0.029    -0.000 r  datapath_inst/vc/inst/clkout1_buf/O
                         net (fo=223, routed)         0.849     0.849    datapath_inst/hdmi0_inst/inst/encg/pix_clk
    SLICE_X41Y21         FDRE                                         r  datapath_inst/hdmi0_inst/inst/encg/q_m_reg_reg[6]/C
                         clock pessimism             -0.254     0.595    
    SLICE_X41Y21         FDRE (Hold_fdre_C_D)         0.092     0.687    datapath_inst/hdmi0_inst/inst/encg/q_m_reg_reg[6]
  -------------------------------------------------------------------
                         required time                         -0.687    
                         arrival time                           0.878    
  -------------------------------------------------------------------
                         slack                                  0.191    

Slack (MET) :             0.198ns  (arrival time - required time)
  Source:                 datapath_inst/videoSigGen_inst/h_cnt_reg[0]/C
                            (rising edge-triggered cell FDRE clocked by clk_out1_clk_wiz_0  {rise@0.000ns fall@6.737ns period=13.474ns})
  Destination:            datapath_inst/videoSigGen_inst/pixelHorz_reg[3]/D
                            (rising edge-triggered cell FDRE clocked by clk_out1_clk_wiz_0  {rise@0.000ns fall@6.737ns period=13.474ns})
  Path Group:             clk_out1_clk_wiz_0
  Path Type:              Hold (Min at Fast Process Corner)
  Requirement:            0.000ns  (clk_out1_clk_wiz_0 rise@0.000ns - clk_out1_clk_wiz_0 rise@0.000ns)
  Data Path Delay:        0.331ns  (logic 0.186ns (56.247%)  route 0.145ns (43.753%))
  Logic Levels:           1  (LUT4=1)
  Clock Path Skew:        0.013ns (DCD - SCD - CPR)
    Destination Clock Delay (DCD):    0.819ns
    Source Clock Delay      (SCD):    0.553ns
    Clock Pessimism Removal (CPR):    0.253ns

    Location             Delay type                Incr(ns)  Path(ns)    Netlist Resource(s)
  -------------------------------------------------------------------    -------------------
                         (clock clk_out1_clk_wiz_0 rise edge)
                                                      0.000     0.000 r  
    BUFGCTRL_X0Y2        BUFG                         0.000     0.000 r  clk_IBUF_BUFG_inst/O
                         net (fo=152, routed)         0.546     0.546    datapath_inst/vc/inst/clk_in1
    MMCME2_ADV_X0Y0      MMCME2_ADV (Prop_mmcme2_adv_CLKIN1_CLKOUT0)
                                                     -1.053    -0.508 r  datapath_inst/vc/inst/mmcm_adv_inst/CLKOUT0
                         net (fo=1, routed)           0.482    -0.026    datapath_inst/vc/inst/clk_out1_clk_wiz_0
    BUFGCTRL_X0Y0        BUFG (Prop_bufg_I_O)         0.026     0.000 r  datapath_inst/vc/inst/clkout1_buf/O
                         net (fo=223, routed)         0.553     0.553    datapath_inst/videoSigGen_inst/CLK
    SLICE_X33Y21         FDRE                                         r  datapath_inst/videoSigGen_inst/h_cnt_reg[0]/C
  -------------------------------------------------------------------    -------------------
    SLICE_X33Y21         FDRE (Prop_fdre_C_Q)         0.141     0.694 r  datapath_inst/videoSigGen_inst/h_cnt_reg[0]/Q
                         net (fo=15, routed)          0.145     0.838    datapath_inst/videoSigGen_inst/h_cnt_reg[0]
    SLICE_X32Y21         LUT4 (Prop_lut4_I1_O)        0.045     0.883 r  datapath_inst/videoSigGen_inst/pixelHorz[3]_i_1/O
                         net (fo=1, routed)           0.000     0.883    datapath_inst/videoSigGen_inst/minusOp[3]
    SLICE_X32Y21         FDRE                                         r  datapath_inst/videoSigGen_inst/pixelHorz_reg[3]/D
  -------------------------------------------------------------------    -------------------

                         (clock clk_out1_clk_wiz_0 rise edge)
                                                      0.000     0.000 r  
    BUFGCTRL_X0Y2        BUFG                         0.000     0.000 r  clk_IBUF_BUFG_inst/O
                         net (fo=152, routed)         0.812     0.812    datapath_inst/vc/inst/clk_in1
    MMCME2_ADV_X0Y0      MMCME2_ADV (Prop_mmcme2_adv_CLKIN1_CLKOUT0)
                                                     -1.369    -0.557 r  datapath_inst/vc/inst/mmcm_adv_inst/CLKOUT0
                         net (fo=1, routed)           0.528    -0.029    datapath_inst/vc/inst/clk_out1_clk_wiz_0
    BUFGCTRL_X0Y0        BUFG (Prop_bufg_I_O)         0.029    -0.000 r  datapath_inst/vc/inst/clkout1_buf/O
                         net (fo=223, routed)         0.819     0.819    datapath_inst/videoSigGen_inst/CLK
    SLICE_X32Y21         FDRE                                         r  datapath_inst/videoSigGen_inst/pixelHorz_reg[3]/C
                         clock pessimism             -0.253     0.566    
    SLICE_X32Y21         FDRE (Hold_fdre_C_D)         0.120     0.686    datapath_inst/videoSigGen_inst/pixelHorz_reg[3]
  -------------------------------------------------------------------
                         required time                         -0.686    
                         arrival time                           0.883    
  -------------------------------------------------------------------
                         slack                                  0.198    

Slack (MET) :             0.203ns  (arrival time - required time)
  Source:                 datapath_inst/hdmi0_inst/inst/encr/vdin_q_reg[1]/C
                            (rising edge-triggered cell FDRE clocked by clk_out1_clk_wiz_0  {rise@0.000ns fall@6.737ns period=13.474ns})
  Destination:            datapath_inst/hdmi0_inst/inst/encr/q_m_reg_reg[4]/D
                            (rising edge-triggered cell FDRE clocked by clk_out1_clk_wiz_0  {rise@0.000ns fall@6.737ns period=13.474ns})
  Path Group:             clk_out1_clk_wiz_0
  Path Type:              Hold (Min at Fast Process Corner)
  Requirement:            0.000ns  (clk_out1_clk_wiz_0 rise@0.000ns - clk_out1_clk_wiz_0 rise@0.000ns)
  Data Path Delay:        0.307ns  (logic 0.186ns (60.563%)  route 0.121ns (39.437%))
  Logic Levels:           1  (LUT5=1)
  Clock Path Skew:        0.013ns (DCD - SCD - CPR)
    Destination Clock Delay (DCD):    0.845ns
    Source Clock Delay      (SCD):    0.579ns
    Clock Pessimism Removal (CPR):    0.253ns

    Location             Delay type                Incr(ns)  Path(ns)    Netlist Resource(s)
  -------------------------------------------------------------------    -------------------
                         (clock clk_out1_clk_wiz_0 rise edge)
                                                      0.000     0.000 r  
    BUFGCTRL_X0Y2        BUFG                         0.000     0.000 r  clk_IBUF_BUFG_inst/O
                         net (fo=152, routed)         0.546     0.546    datapath_inst/vc/inst/clk_in1
    MMCME2_ADV_X0Y0      MMCME2_ADV (Prop_mmcme2_adv_CLKIN1_CLKOUT0)
                                                     -1.053    -0.508 r  datapath_inst/vc/inst/mmcm_adv_inst/CLKOUT0
                         net (fo=1, routed)           0.482    -0.026    datapath_inst/vc/inst/clk_out1_clk_wiz_0
    BUFGCTRL_X0Y0        BUFG (Prop_bufg_I_O)         0.026     0.000 r  datapath_inst/vc/inst/clkout1_buf/O
                         net (fo=223, routed)         0.579     0.579    datapath_inst/hdmi0_inst/inst/encr/pix_clk
    SLICE_X40Y24         FDRE                                         r  datapath_inst/hdmi0_inst/inst/encr/vdin_q_reg[1]/C
  -------------------------------------------------------------------    -------------------
    SLICE_X40Y24         FDRE (Prop_fdre_C_Q)         0.141     0.720 r  datapath_inst/hdmi0_inst/inst/encr/vdin_q_reg[1]/Q
                         net (fo=10, routed)          0.121     0.841    datapath_inst/hdmi0_inst/inst/encr/p_0_in5_in
    SLICE_X41Y24         LUT5 (Prop_lut5_I4_O)        0.045     0.886 r  datapath_inst/hdmi0_inst/inst/encr/q_m_reg[4]_i_1__1/O
                         net (fo=1, routed)           0.000     0.886    datapath_inst/hdmi0_inst/inst/encr/q_m_4
    SLICE_X41Y24         FDRE                                         r  datapath_inst/hdmi0_inst/inst/encr/q_m_reg_reg[4]/D
  -------------------------------------------------------------------    -------------------

                         (clock clk_out1_clk_wiz_0 rise edge)
                                                      0.000     0.000 r  
    BUFGCTRL_X0Y2        BUFG                         0.000     0.000 r  clk_IBUF_BUFG_inst/O
                         net (fo=152, routed)         0.812     0.812    datapath_inst/vc/inst/clk_in1
    MMCME2_ADV_X0Y0      MMCME2_ADV (Prop_mmcme2_adv_CLKIN1_CLKOUT0)
                                                     -1.369    -0.557 r  datapath_inst/vc/inst/mmcm_adv_inst/CLKOUT0
                         net (fo=1, routed)           0.528    -0.029    datapath_inst/vc/inst/clk_out1_clk_wiz_0
    BUFGCTRL_X0Y0        BUFG (Prop_bufg_I_O)         0.029    -0.000 r  datapath_inst/vc/inst/clkout1_buf/O
                         net (fo=223, routed)         0.845     0.845    datapath_inst/hdmi0_inst/inst/encr/pix_clk
    SLICE_X41Y24         FDRE                                         r  datapath_inst/hdmi0_inst/inst/encr/q_m_reg_reg[4]/C
                         clock pessimism             -0.253     0.592    
    SLICE_X41Y24         FDRE (Hold_fdre_C_D)         0.091     0.683    datapath_inst/hdmi0_inst/inst/encr/q_m_reg_reg[4]
  -------------------------------------------------------------------
                         required time                         -0.683    
                         arrival time                           0.886    
  -------------------------------------------------------------------
                         slack                                  0.203    

Slack (MET) :             0.204ns  (arrival time - required time)
  Source:                 datapath_inst/hdmi0_inst/inst/encg/vdin_q_reg[1]/C
                            (rising edge-triggered cell FDRE clocked by clk_out1_clk_wiz_0  {rise@0.000ns fall@6.737ns period=13.474ns})
  Destination:            datapath_inst/hdmi0_inst/inst/encg/q_m_reg_reg[1]/D
                            (rising edge-triggered cell FDRE clocked by clk_out1_clk_wiz_0  {rise@0.000ns fall@6.737ns period=13.474ns})
  Path Group:             clk_out1_clk_wiz_0
  Path Type:              Hold (Min at Fast Process Corner)
  Requirement:            0.000ns  (clk_out1_clk_wiz_0 rise@0.000ns - clk_out1_clk_wiz_0 rise@0.000ns)
  Data Path Delay:        0.296ns  (logic 0.227ns (76.649%)  route 0.069ns (23.351%))
  Logic Levels:           1  (LUT6=1)
  Clock Path Skew:        0.000ns (DCD - SCD - CPR)
    Destination Clock Delay (DCD):    0.848ns
    Source Clock Delay      (SCD):    0.581ns
    Clock Pessimism Removal (CPR):    0.267ns

    Location             Delay type                Incr(ns)  Path(ns)    Netlist Resource(s)
  -------------------------------------------------------------------    -------------------
                         (clock clk_out1_clk_wiz_0 rise edge)
                                                      0.000     0.000 r  
    BUFGCTRL_X0Y2        BUFG                         0.000     0.000 r  clk_IBUF_BUFG_inst/O
                         net (fo=152, routed)         0.546     0.546    datapath_inst/vc/inst/clk_in1
    MMCME2_ADV_X0Y0      MMCME2_ADV (Prop_mmcme2_adv_CLKIN1_CLKOUT0)
                                                     -1.053    -0.508 r  datapath_inst/vc/inst/mmcm_adv_inst/CLKOUT0
                         net (fo=1, routed)           0.482    -0.026    datapath_inst/vc/inst/clk_out1_clk_wiz_0
    BUFGCTRL_X0Y0        BUFG (Prop_bufg_I_O)         0.026     0.000 r  datapath_inst/vc/inst/clkout1_buf/O
                         net (fo=223, routed)         0.581     0.581    datapath_inst/hdmi0_inst/inst/encg/pix_clk
    SLICE_X39Y20         FDRE                                         r  datapath_inst/hdmi0_inst/inst/encg/vdin_q_reg[1]/C
  -------------------------------------------------------------------    -------------------
    SLICE_X39Y20         FDRE (Prop_fdre_C_Q)         0.128     0.709 r  datapath_inst/hdmi0_inst/inst/encg/vdin_q_reg[1]/Q
                         net (fo=10, routed)          0.069     0.778    datapath_inst/hdmi0_inst/inst/encg/p_0_in5_in
    SLICE_X39Y20         LUT6 (Prop_lut6_I4_O)        0.099     0.877 r  datapath_inst/hdmi0_inst/inst/encg/q_m_reg[1]_i_1__0/O
                         net (fo=1, routed)           0.000     0.877    datapath_inst/hdmi0_inst/inst/encg/q_m_1
    SLICE_X39Y20         FDRE                                         r  datapath_inst/hdmi0_inst/inst/encg/q_m_reg_reg[1]/D
  -------------------------------------------------------------------    -------------------

                         (clock clk_out1_clk_wiz_0 rise edge)
                                                      0.000     0.000 r  
    BUFGCTRL_X0Y2        BUFG                         0.000     0.000 r  clk_IBUF_BUFG_inst/O
                         net (fo=152, routed)         0.812     0.812    datapath_inst/vc/inst/clk_in1
    MMCME2_ADV_X0Y0      MMCME2_ADV (Prop_mmcme2_adv_CLKIN1_CLKOUT0)
                                                     -1.369    -0.557 r  datapath_inst/vc/inst/mmcm_adv_inst/CLKOUT0
                         net (fo=1, routed)           0.528    -0.029    datapath_inst/vc/inst/clk_out1_clk_wiz_0
    BUFGCTRL_X0Y0        BUFG (Prop_bufg_I_O)         0.029    -0.000 r  datapath_inst/vc/inst/clkout1_buf/O
                         net (fo=223, routed)         0.848     0.848    datapath_inst/hdmi0_inst/inst/encg/pix_clk
    SLICE_X39Y20         FDRE                                         r  datapath_inst/hdmi0_inst/inst/encg/q_m_reg_reg[1]/C
                         clock pessimism             -0.267     0.581    
    SLICE_X39Y20         FDRE (Hold_fdre_C_D)         0.092     0.673    datapath_inst/hdmi0_inst/inst/encg/q_m_reg_reg[1]
  -------------------------------------------------------------------
                         required time                         -0.673    
                         arrival time                           0.877    
  -------------------------------------------------------------------
                         slack                                  0.204    





Pulse Width Checks
--------------------------------------------------------------------------------------
Clock Name:         clk_out1_clk_wiz_0
Waveform(ns):       { 0.000 6.737 }
Period(ns):         13.474
Sources:            { datapath_inst/vc/inst/mmcm_adv_inst/CLKOUT0 }

Check Type        Corner  Lib Pin             Reference Pin  Required(ns)  Actual(ns)  Slack(ns)  Location         Pin
Min Period        n/a     RAMB18E1/CLKBWRCLK  n/a            2.576         13.474      10.898     RAMB18_X1Y6      datapath_inst/ch1BRAM_inst/U0/inst_blk_mem_gen/gnbram.gnativebmg.native_blk_mem_gen/valid.cstr/ramloop[0].ram.r/prim_noinit.ram/DEVICE_7SERIES.NO_BMM_INFO.SDP.SIMPLE_PRIM18.ram/CLKBWRCLK
Min Period        n/a     RAMB18E1/CLKBWRCLK  n/a            2.576         13.474      10.898     RAMB18_X1Y7      datapath_inst/ch2BRAM_inst/U0/inst_blk_mem_gen/gnbram.gnativebmg.native_blk_mem_gen/valid.cstr/ramloop[0].ram.r/prim_noinit.ram/DEVICE_7SERIES.NO_BMM_INFO.SDP.SIMPLE_PRIM18.ram/CLKBWRCLK
Min Period        n/a     BUFG/I              n/a            2.155         13.474      11.318     BUFGCTRL_X0Y0    datapath_inst/vc/inst/clkout1_buf/I
Min Period        n/a     OSERDESE2/CLKDIV    n/a            1.667         13.474      11.807     OLOGIC_X0Y18     datapath_inst/hdmi0_inst/inst/serial_b/oserdes_m/CLKDIV
Min Period        n/a     OSERDESE2/CLKDIV    n/a            1.667         13.474      11.807     OLOGIC_X0Y17     datapath_inst/hdmi0_inst/inst/serial_b/oserdes_s/CLKDIV
Min Period        n/a     OSERDESE2/CLKDIV    n/a            1.667         13.474      11.807     OLOGIC_X0Y24     datapath_inst/hdmi0_inst/inst/serial_clk/oserdes_m/CLKDIV
Min Period        n/a     OSERDESE2/CLKDIV    n/a            1.667         13.474      11.807     OLOGIC_X0Y23     datapath_inst/hdmi0_inst/inst/serial_clk/oserdes_s/CLKDIV
Min Period        n/a     OSERDESE2/CLKDIV    n/a            1.667         13.474      11.807     OLOGIC_X0Y20     datapath_inst/hdmi0_inst/inst/serial_g/oserdes_m/CLKDIV
Min Period        n/a     OSERDESE2/CLKDIV    n/a            1.667         13.474      11.807     OLOGIC_X0Y19     datapath_inst/hdmi0_inst/inst/serial_g/oserdes_s/CLKDIV
Min Period        n/a     OSERDESE2/CLKDIV    n/a            1.667         13.474      11.807     OLOGIC_X0Y22     datapath_inst/hdmi0_inst/inst/serial_r/oserdes_m/CLKDIV
Max Period        n/a     MMCME2_ADV/CLKOUT0  n/a            213.360       13.474      199.886    MMCME2_ADV_X0Y0  datapath_inst/vc/inst/mmcm_adv_inst/CLKOUT0
Low Pulse Width   Slow    SRL16E/CLK          n/a            0.980         6.737       5.757      SLICE_X42Y22     datapath_inst/hdmi0_inst/inst/encg/c0_q_reg_srl2/CLK
Low Pulse Width   Fast    SRL16E/CLK          n/a            0.980         6.737       5.757      SLICE_X42Y22     datapath_inst/hdmi0_inst/inst/encg/c0_q_reg_srl2/CLK
Low Pulse Width   Slow    SRL16E/CLK          n/a            0.980         6.737       5.757      SLICE_X38Y24     datapath_inst/hdmi0_inst/inst/srldly_0/srl[16].srl16_i/CLK
Low Pulse Width   Fast    SRL16E/CLK          n/a            0.980         6.737       5.757      SLICE_X38Y24     datapath_inst/hdmi0_inst/inst/srldly_0/srl[16].srl16_i/CLK
Low Pulse Width   Slow    SRL16E/CLK          n/a            0.980         6.737       5.757      SLICE_X38Y24     datapath_inst/hdmi0_inst/inst/srldly_0/srl[17].srl16_i/CLK
Low Pulse Width   Fast    SRL16E/CLK          n/a            0.980         6.737       5.757      SLICE_X38Y24     datapath_inst/hdmi0_inst/inst/srldly_0/srl[17].srl16_i/CLK
Low Pulse Width   Slow    SRL16E/CLK          n/a            0.980         6.737       5.757      SLICE_X38Y24     datapath_inst/hdmi0_inst/inst/srldly_0/srl[18].srl16_i/CLK
Low Pulse Width   Fast    SRL16E/CLK          n/a            0.980         6.737       5.757      SLICE_X38Y24     datapath_inst/hdmi0_inst/inst/srldly_0/srl[18].srl16_i/CLK
Low Pulse Width   Slow    SRL16E/CLK          n/a            0.980         6.737       5.757      SLICE_X38Y24     datapath_inst/hdmi0_inst/inst/srldly_0/srl[19].srl16_i/CLK
Low Pulse Width   Fast    SRL16E/CLK          n/a            0.980         6.737       5.757      SLICE_X38Y24     datapath_inst/hdmi0_inst/inst/srldly_0/srl[19].srl16_i/CLK
High Pulse Width  Slow    SRL16E/CLK          n/a            0.980         6.737       5.757      SLICE_X42Y22     datapath_inst/hdmi0_inst/inst/encg/c0_q_reg_srl2/CLK
High Pulse Width  Fast    SRL16E/CLK          n/a            0.980         6.737       5.757      SLICE_X42Y22     datapath_inst/hdmi0_inst/inst/encg/c0_q_reg_srl2/CLK
High Pulse Width  Slow    SRL16E/CLK          n/a            0.980         6.737       5.757      SLICE_X38Y24     datapath_inst/hdmi0_inst/inst/srldly_0/srl[16].srl16_i/CLK
High Pulse Width  Fast    SRL16E/CLK          n/a            0.980         6.737       5.757      SLICE_X38Y24     datapath_inst/hdmi0_inst/inst/srldly_0/srl[16].srl16_i/CLK
High Pulse Width  Slow    SRL16E/CLK          n/a            0.980         6.737       5.757      SLICE_X38Y24     datapath_inst/hdmi0_inst/inst/srldly_0/srl[17].srl16_i/CLK
High Pulse Width  Fast    SRL16E/CLK          n/a            0.980         6.737       5.757      SLICE_X38Y24     datapath_inst/hdmi0_inst/inst/srldly_0/srl[17].srl16_i/CLK
High Pulse Width  Slow    SRL16E/CLK          n/a            0.980         6.737       5.757      SLICE_X38Y24     datapath_inst/hdmi0_inst/inst/srldly_0/srl[18].srl16_i/CLK
High Pulse Width  Fast    SRL16E/CLK          n/a            0.980         6.737       5.757      SLICE_X38Y24     datapath_inst/hdmi0_inst/inst/srldly_0/srl[18].srl16_i/CLK
High Pulse Width  Slow    SRL16E/CLK          n/a            0.980         6.737       5.757      SLICE_X38Y24     datapath_inst/hdmi0_inst/inst/srldly_0/srl[19].srl16_i/CLK
High Pulse Width  Fast    SRL16E/CLK          n/a            0.980         6.737       5.757      SLICE_X38Y24     datapath_inst/hdmi0_inst/inst/srldly_0/srl[19].srl16_i/CLK



---------------------------------------------------------------------------------------------------
From Clock:  clk_out2_clk_wiz_0
  To Clock:  clk_out2_clk_wiz_0

Setup :           NA  Failing Endpoints,  Worst Slack           NA  ,  Total Violation           NA
Hold  :           NA  Failing Endpoints,  Worst Slack           NA  ,  Total Violation           NA
PW    :            0  Failing Endpoints,  Worst Slack        0.540ns,  Total Violation        0.000ns
---------------------------------------------------------------------------------------------------


Pulse Width Checks
--------------------------------------------------------------------------------------
Clock Name:         clk_out2_clk_wiz_0
Waveform(ns):       { 0.000 1.347 }
Period(ns):         2.695
Sources:            { datapath_inst/vc/inst/mmcm_adv_inst/CLKOUT1 }

Check Type  Corner  Lib Pin             Reference Pin  Required(ns)  Actual(ns)  Slack(ns)  Location         Pin
Min Period  n/a     BUFG/I              n/a            2.155         2.695       0.540      BUFGCTRL_X0Y1    datapath_inst/vc/inst/clkout2_buf/I
Min Period  n/a     OSERDESE2/CLK       n/a            1.667         2.695       1.028      OLOGIC_X0Y18     datapath_inst/hdmi0_inst/inst/serial_b/oserdes_m/CLK
Min Period  n/a     OSERDESE2/CLK       n/a            1.667         2.695       1.028      OLOGIC_X0Y17     datapath_inst/hdmi0_inst/inst/serial_b/oserdes_s/CLK
Min Period  n/a     OSERDESE2/CLK       n/a            1.667         2.695       1.028      OLOGIC_X0Y24     datapath_inst/hdmi0_inst/inst/serial_clk/oserdes_m/CLK
Min Period  n/a     OSERDESE2/CLK       n/a            1.667         2.695       1.028      OLOGIC_X0Y23     datapath_inst/hdmi0_inst/inst/serial_clk/oserdes_s/CLK
Min Period  n/a     OSERDESE2/CLK       n/a            1.667         2.695       1.028      OLOGIC_X0Y20     datapath_inst/hdmi0_inst/inst/serial_g/oserdes_m/CLK
Min Period  n/a     OSERDESE2/CLK       n/a            1.667         2.695       1.028      OLOGIC_X0Y19     datapath_inst/hdmi0_inst/inst/serial_g/oserdes_s/CLK
Min Period  n/a     OSERDESE2/CLK       n/a            1.667         2.695       1.028      OLOGIC_X0Y22     datapath_inst/hdmi0_inst/inst/serial_r/oserdes_m/CLK
Min Period  n/a     OSERDESE2/CLK       n/a            1.667         2.695       1.028      OLOGIC_X0Y21     datapath_inst/hdmi0_inst/inst/serial_r/oserdes_s/CLK
Min Period  n/a     MMCME2_ADV/CLKOUT1  n/a            1.249         2.695       1.446      MMCME2_ADV_X0Y0  datapath_inst/vc/inst/mmcm_adv_inst/CLKOUT1
Max Period  n/a     MMCME2_ADV/CLKOUT1  n/a            213.360       2.695       210.665    MMCME2_ADV_X0Y0  datapath_inst/vc/inst/mmcm_adv_inst/CLKOUT1



---------------------------------------------------------------------------------------------------
From Clock:  clkfbout_clk_wiz_0
  To Clock:  clkfbout_clk_wiz_0

Setup :           NA  Failing Endpoints,  Worst Slack           NA  ,  Total Violation           NA
Hold  :           NA  Failing Endpoints,  Worst Slack           NA  ,  Total Violation           NA
PW    :            0  Failing Endpoints,  Worst Slack       20.000ns,  Total Violation        0.000ns
---------------------------------------------------------------------------------------------------


Pulse Width Checks
--------------------------------------------------------------------------------------
Clock Name:         clkfbout_clk_wiz_0
Waveform(ns):       { 0.000 40.000 }
Period(ns):         80.000
Sources:            { datapath_inst/vc/inst/mmcm_adv_inst/CLKFBOUT }

Check Type  Corner  Lib Pin              Reference Pin  Required(ns)  Actual(ns)  Slack(ns)  Location         Pin
Min Period  n/a     BUFG/I               n/a            2.155         80.000      77.845     BUFGCTRL_X0Y3    datapath_inst/vc/inst/clkf_buf/I
Min Period  n/a     MMCME2_ADV/CLKFBOUT  n/a            1.249         80.000      78.751     MMCME2_ADV_X0Y0  datapath_inst/vc/inst/mmcm_adv_inst/CLKFBOUT
Min Period  n/a     MMCME2_ADV/CLKFBIN   n/a            1.249         80.000      78.751     MMCME2_ADV_X0Y0  datapath_inst/vc/inst/mmcm_adv_inst/CLKFBIN
Max Period  n/a     MMCME2_ADV/CLKFBIN   n/a            100.000       80.000      20.000     MMCME2_ADV_X0Y0  datapath_inst/vc/inst/mmcm_adv_inst/CLKFBIN
Max Period  n/a     MMCME2_ADV/CLKFBOUT  n/a            213.360       80.000      133.360    MMCME2_ADV_X0Y0  datapath_inst/vc/inst/mmcm_adv_inst/CLKFBOUT



--------------------------------------------------------------------------------------
Path Group:  (none)
From Clock:  clk
  To Clock:  

Max Delay             8 Endpoints
Min Delay             8 Endpoints
--------------------------------------------------------------------------------------


Max Delay Paths
--------------------------------------------------------------------------------------
Slack:                    inf
  Source:                 datapath_inst/ch1TriggerRegCurr_inst/q_reg[9]/C
                            (rising edge-triggered cell FDRE clocked by clk  {rise@0.000ns fall@10.000ns period=20.000ns})
  Destination:            triggerCh1
                            (output port)
  Path Group:             (none)
  Path Type:              Max at Slow Process Corner
  Data Path Delay:        9.862ns  (logic 4.767ns (48.340%)  route 5.095ns (51.660%))
  Logic Levels:           4  (CARRY4=1 LUT2=1 LUT3=1 OBUF=1)
  Clock Uncertainty:      0.025ns  ((TSJ^2 + TIJ^2)^1/2 + DJ) / 2 + PE
    Total System Jitter     (TSJ):    0.050ns
    Total Input Jitter      (TIJ):    0.000ns
    Discrete Jitter          (DJ):    0.000ns
    Phase Error              (PE):    0.000ns

    Location             Delay type                Incr(ns)  Path(ns)    Netlist Resource(s)
  -------------------------------------------------------------------    -------------------
                         (clock clk rise edge)        0.000     0.000 r  
    U18                                               0.000     0.000 r  clk (IN)
                         net (fo=0)                   0.000     0.000    clk
    U18                  IBUF (Prop_ibuf_I_O)         1.530     1.530 r  clk_IBUF_inst/O
                         net (fo=1, routed)           2.076     3.606    clk_IBUF
    BUFGCTRL_X0Y2        BUFG (Prop_bufg_I_O)         0.101     3.707 r  clk_IBUF_BUFG_inst/O
                         net (fo=152, routed)         1.746     5.453    datapath_inst/ch1TriggerRegCurr_inst/clk
    SLICE_X43Y16         FDRE                                         r  datapath_inst/ch1TriggerRegCurr_inst/q_reg[9]/C
  -------------------------------------------------------------------    -------------------
    SLICE_X43Y16         FDRE (Prop_fdre_C_Q)         0.456     5.909 f  datapath_inst/ch1TriggerRegCurr_inst/q_reg[9]/Q
                         net (fo=3, routed)           1.147     7.056    datapath_inst/ch1TriggerRegCurr_inst/Q[9]
    SLICE_X43Y16         LUT2 (Prop_lut2_I1_O)        0.124     7.180 r  datapath_inst/ch1TriggerRegCurr_inst/i__carry__0_i_8/O
                         net (fo=1, routed)           0.000     7.180    datapath_inst/ch1TriggerCurrCompare_inst/triggerCh1_OBUF_inst_i_1_0[0]
    SLICE_X43Y16         CARRY4 (Prop_carry4_S[0]_CO[3])
                                                      0.532     7.712 r  datapath_inst/ch1TriggerCurrCompare_inst/tmp1_inferred__0/i__carry__0/CO[3]
                         net (fo=1, routed)           1.107     8.819    datapath_inst/ch1TriggerRegPrev_inst/CO[0]
    SLICE_X41Y15         LUT3 (Prop_lut3_I0_O)        0.124     8.943 r  datapath_inst/ch1TriggerRegPrev_inst/triggerCh1_OBUF_inst_i_1/O
                         net (fo=2, routed)           2.841    11.784    triggerCh1_OBUF
    M14                  OBUF (Prop_obuf_I_O)         3.531    15.315 r  triggerCh1_OBUF_inst/O
                         net (fo=0)                   0.000    15.315    triggerCh1
    M14                                                               r  triggerCh1 (OUT)
  -------------------------------------------------------------------    -------------------

Slack:                    inf
  Source:                 datapath_inst/ch2TriggerRegPrev_inst/q_reg[8]/C
                            (rising edge-triggered cell FDRE clocked by clk  {rise@0.000ns fall@10.000ns period=20.000ns})
  Destination:            triggerCh2
                            (output port)
  Path Group:             (none)
  Path Type:              Max at Slow Process Corner
  Data Path Delay:        9.789ns  (logic 4.775ns (48.781%)  route 5.014ns (51.219%))
  Logic Levels:           4  (CARRY4=1 LUT2=1 LUT3=1 OBUF=1)
  Clock Uncertainty:      0.025ns  ((TSJ^2 + TIJ^2)^1/2 + DJ) / 2 + PE
    Total System Jitter     (TSJ):    0.050ns
    Total Input Jitter      (TIJ):    0.000ns
    Discrete Jitter          (DJ):    0.000ns
    Phase Error              (PE):    0.000ns

    Location             Delay type                Incr(ns)  Path(ns)    Netlist Resource(s)
  -------------------------------------------------------------------    -------------------
                         (clock clk rise edge)        0.000     0.000 r  
    U18                                               0.000     0.000 r  clk (IN)
                         net (fo=0)                   0.000     0.000    clk
    U18                  IBUF (Prop_ibuf_I_O)         1.530     1.530 r  clk_IBUF_inst/O
                         net (fo=1, routed)           2.076     3.606    clk_IBUF
    BUFGCTRL_X0Y2        BUFG (Prop_bufg_I_O)         0.101     3.707 r  clk_IBUF_BUFG_inst/O
                         net (fo=152, routed)         1.747     5.454    datapath_inst/ch2TriggerRegPrev_inst/clk
    SLICE_X36Y14         FDRE                                         r  datapath_inst/ch2TriggerRegPrev_inst/q_reg[8]/C
  -------------------------------------------------------------------    -------------------
    SLICE_X36Y14         FDRE (Prop_fdre_C_Q)         0.456     5.910 f  datapath_inst/ch2TriggerRegPrev_inst/q_reg[8]/Q
                         net (fo=2, routed)           0.848     6.758    datapath_inst/ch2TriggerRegPrev_inst/prevDataCH2[8]
    SLICE_X36Y14         LUT2 (Prop_lut2_I0_O)        0.124     6.882 r  datapath_inst/ch2TriggerRegPrev_inst/i__carry__0_i_8__2/O
                         net (fo=1, routed)           0.000     6.882    datapath_inst/ch2TriggerPrevCompare_inst/triggerCh2_OBUF_inst_i_1_0[0]
    SLICE_X36Y14         CARRY4 (Prop_carry4_S[0]_CO[3])
                                                      0.532     7.414 f  datapath_inst/ch2TriggerPrevCompare_inst/tmp1_inferred__0/i__carry__0/CO[3]
                         net (fo=1, routed)           1.249     8.664    datapath_inst/ch2TriggerRegPrev_inst/triggerCh2[0]
    SLICE_X38Y14         LUT3 (Prop_lut3_I2_O)        0.124     8.788 r  datapath_inst/ch2TriggerRegPrev_inst/triggerCh2_OBUF_inst_i_1/O
                         net (fo=1, routed)           2.916    11.704    triggerCh2_OBUF
    M15                  OBUF (Prop_obuf_I_O)         3.539    15.243 r  triggerCh2_OBUF_inst/O
                         net (fo=0)                   0.000    15.243    triggerCh2
    M15                                                               r  triggerCh2 (OUT)
  -------------------------------------------------------------------    -------------------

Slack:                    inf
  Source:                 control_inst/FSM_sequential_state_reg[3]/C
                            (rising edge-triggered cell FDRE clocked by clk  {rise@0.000ns fall@10.000ns period=20.000ns})
  Destination:            sampleTimerRollover
                            (output port)
  Path Group:             (none)
  Path Type:              Max at Slow Process Corner
  Data Path Delay:        9.535ns  (logic 4.415ns (46.304%)  route 5.120ns (53.696%))
  Logic Levels:           2  (LUT5=1 OBUF=1)
  Clock Uncertainty:      0.025ns  ((TSJ^2 + TIJ^2)^1/2 + DJ) / 2 + PE
    Total System Jitter     (TSJ):    0.050ns
    Total Input Jitter      (TIJ):    0.000ns
    Discrete Jitter          (DJ):    0.000ns
    Phase Error              (PE):    0.000ns

    Location             Delay type                Incr(ns)  Path(ns)    Netlist Resource(s)
  -------------------------------------------------------------------    -------------------
                         (clock clk rise edge)        0.000     0.000 r  
    U18                                               0.000     0.000 r  clk (IN)
                         net (fo=0)                   0.000     0.000    clk
    U18                  IBUF (Prop_ibuf_I_O)         1.530     1.530 r  clk_IBUF_inst/O
                         net (fo=1, routed)           2.076     3.606    clk_IBUF
    BUFGCTRL_X0Y2        BUFG (Prop_bufg_I_O)         0.101     3.707 r  clk_IBUF_BUFG_inst/O
                         net (fo=152, routed)         1.670     5.377    control_inst/clk
    SLICE_X30Y12         FDRE                                         r  control_inst/FSM_sequential_state_reg[3]/C
  -------------------------------------------------------------------    -------------------
    SLICE_X30Y12         FDRE (Prop_fdre_C_Q)         0.518     5.895 f  control_inst/FSM_sequential_state_reg[3]/Q
                         net (fo=79, routed)          2.226     8.122    control_inst/state[3]
    SLICE_X42Y16         LUT5 (Prop_lut5_I4_O)        0.152     8.274 r  control_inst/sampleTimerRollover_OBUF_inst_i_1/O
                         net (fo=1, routed)           2.894    11.167    sampleTimerRollover_OBUF
    J16                  OBUF (Prop_obuf_I_O)         3.745    14.912 r  sampleTimerRollover_OBUF_inst/O
                         net (fo=0)                   0.000    14.912    sampleTimerRollover
    J16                                                               r  sampleTimerRollover (OUT)
  -------------------------------------------------------------------    -------------------

Slack:                    inf
  Source:                 control_inst/FSM_sequential_state_reg[2]/C
                            (rising edge-triggered cell FDRE clocked by clk  {rise@0.000ns fall@10.000ns period=20.000ns})
  Destination:            conversionPlusReadoutTime
                            (output port)
  Path Group:             (none)
  Path Type:              Max at Slow Process Corner
  Data Path Delay:        9.384ns  (logic 4.381ns (46.687%)  route 5.003ns (53.313%))
  Logic Levels:           2  (LUT5=1 OBUF=1)
  Clock Uncertainty:      0.025ns  ((TSJ^2 + TIJ^2)^1/2 + DJ) / 2 + PE
    Total System Jitter     (TSJ):    0.050ns
    Total Input Jitter      (TIJ):    0.000ns
    Discrete Jitter          (DJ):    0.000ns
    Phase Error              (PE):    0.000ns

    Location             Delay type                Incr(ns)  Path(ns)    Netlist Resource(s)
  -------------------------------------------------------------------    -------------------
                         (clock clk rise edge)        0.000     0.000 r  
    U18                                               0.000     0.000 r  clk (IN)
                         net (fo=0)                   0.000     0.000    clk
    U18                  IBUF (Prop_ibuf_I_O)         1.530     1.530 r  clk_IBUF_inst/O
                         net (fo=1, routed)           2.076     3.606    clk_IBUF
    BUFGCTRL_X0Y2        BUFG (Prop_bufg_I_O)         0.101     3.707 r  clk_IBUF_BUFG_inst/O
                         net (fo=152, routed)         1.671     5.378    control_inst/clk
    SLICE_X30Y11         FDRE                                         r  control_inst/FSM_sequential_state_reg[2]/C
  -------------------------------------------------------------------    -------------------
    SLICE_X30Y11         FDRE (Prop_fdre_C_Q)         0.518     5.896 r  control_inst/FSM_sequential_state_reg[2]/Q
                         net (fo=80, routed)          1.966     7.862    control_inst/state[2]
    SLICE_X34Y16         LUT5 (Prop_lut5_I4_O)        0.146     8.008 r  control_inst/conversionPlusReadoutTime_OBUF_inst_i_1/O
                         net (fo=1, routed)           3.037    11.045    conversionPlusReadoutTime_OBUF
    K16                  OBUF (Prop_obuf_I_O)         3.717    14.762 r  conversionPlusReadoutTime_OBUF_inst/O
                         net (fo=0)                   0.000    14.762    conversionPlusReadoutTime
    K16                                                               r  conversionPlusReadoutTime (OUT)
  -------------------------------------------------------------------    -------------------

Slack:                    inf
  Source:                 control_inst/FSM_sequential_state_reg[1]/C
                            (rising edge-triggered cell FDRE clocked by clk  {rise@0.000ns fall@10.000ns period=20.000ns})
  Destination:            an7606rd
                            (output port)
  Path Group:             (none)
  Path Type:              Max at Slow Process Corner
  Data Path Delay:        8.986ns  (logic 4.485ns (49.911%)  route 4.501ns (50.089%))
  Logic Levels:           2  (LUT5=1 OBUF=1)
  Clock Uncertainty:      0.025ns  ((TSJ^2 + TIJ^2)^1/2 + DJ) / 2 + PE
    Total System Jitter     (TSJ):    0.050ns
    Total Input Jitter      (TIJ):    0.000ns
    Discrete Jitter          (DJ):    0.000ns
    Phase Error              (PE):    0.000ns

    Location             Delay type                Incr(ns)  Path(ns)    Netlist Resource(s)
  -------------------------------------------------------------------    -------------------
                         (clock clk rise edge)        0.000     0.000 r  
    U18                                               0.000     0.000 r  clk (IN)
                         net (fo=0)                   0.000     0.000    clk
    U18                  IBUF (Prop_ibuf_I_O)         1.530     1.530 r  clk_IBUF_inst/O
                         net (fo=1, routed)           2.076     3.606    clk_IBUF
    BUFGCTRL_X0Y2        BUFG (Prop_bufg_I_O)         0.101     3.707 r  clk_IBUF_BUFG_inst/O
                         net (fo=152, routed)         1.671     5.378    control_inst/clk
    SLICE_X30Y11         FDRE                                         r  control_inst/FSM_sequential_state_reg[1]/C
  -------------------------------------------------------------------    -------------------
    SLICE_X30Y11         FDRE (Prop_fdre_C_Q)         0.518     5.896 r  control_inst/FSM_sequential_state_reg[1]/Q
                         net (fo=83, routed)          2.205     8.101    control_inst/state[1]
    SLICE_X42Y16         LUT5 (Prop_lut5_I3_O)        0.148     8.249 r  control_inst/an7606rd_OBUF_inst_i_1/O
                         net (fo=1, routed)           2.296    10.545    an7606rd_OBUF
    Y17                  OBUF (Prop_obuf_I_O)         3.819    14.364 r  an7606rd_OBUF_inst/O
                         net (fo=0)                   0.000    14.364    an7606rd
    Y17                                                               r  an7606rd (OUT)
  -------------------------------------------------------------------    -------------------

Slack:                    inf
  Source:                 control_inst/FSM_sequential_state_reg[2]/C
                            (rising edge-triggered cell FDRE clocked by clk  {rise@0.000ns fall@10.000ns period=20.000ns})
  Destination:            an7606convst
                            (output port)
  Path Group:             (none)
  Path Type:              Max at Slow Process Corner
  Data Path Delay:        8.831ns  (logic 4.435ns (50.223%)  route 4.396ns (49.777%))
  Logic Levels:           2  (LUT5=1 OBUF=1)
  Clock Uncertainty:      0.025ns  ((TSJ^2 + TIJ^2)^1/2 + DJ) / 2 + PE
    Total System Jitter     (TSJ):    0.050ns
    Total Input Jitter      (TIJ):    0.000ns
    Discrete Jitter          (DJ):    0.000ns
    Phase Error              (PE):    0.000ns

    Location             Delay type                Incr(ns)  Path(ns)    Netlist Resource(s)
  -------------------------------------------------------------------    -------------------
                         (clock clk rise edge)        0.000     0.000 r  
    U18                                               0.000     0.000 r  clk (IN)
                         net (fo=0)                   0.000     0.000    clk
    U18                  IBUF (Prop_ibuf_I_O)         1.530     1.530 r  clk_IBUF_inst/O
                         net (fo=1, routed)           2.076     3.606    clk_IBUF
    BUFGCTRL_X0Y2        BUFG (Prop_bufg_I_O)         0.101     3.707 r  clk_IBUF_BUFG_inst/O
                         net (fo=152, routed)         1.671     5.378    control_inst/clk
    SLICE_X30Y11         FDRE                                         r  control_inst/FSM_sequential_state_reg[2]/C
  -------------------------------------------------------------------    -------------------
    SLICE_X30Y11         FDRE (Prop_fdre_C_Q)         0.518     5.896 f  control_inst/FSM_sequential_state_reg[2]/Q
                         net (fo=80, routed)          1.904     7.800    control_inst/state[2]
    SLICE_X38Y14         LUT5 (Prop_lut5_I4_O)        0.146     7.946 r  control_inst/an7606convst_OBUF_inst_i_1/O
                         net (fo=1, routed)           2.492    10.438    an7606convst_OBUF
    R14                  OBUF (Prop_obuf_I_O)         3.771    14.209 r  an7606convst_OBUF_inst/O
                         net (fo=0)                   0.000    14.209    an7606convst
    R14                                                               r  an7606convst (OUT)
  -------------------------------------------------------------------    -------------------

Slack:                    inf
  Source:                 control_inst/FSM_sequential_state_reg[3]/C
                            (rising edge-triggered cell FDRE clocked by clk  {rise@0.000ns fall@10.000ns period=20.000ns})
  Destination:            an7606reset
                            (output port)
  Path Group:             (none)
  Path Type:              Max at Slow Process Corner
  Data Path Delay:        8.775ns  (logic 4.264ns (48.592%)  route 4.511ns (51.408%))
  Logic Levels:           2  (LUT5=1 OBUF=1)
  Clock Uncertainty:      0.025ns  ((TSJ^2 + TIJ^2)^1/2 + DJ) / 2 + PE
    Total System Jitter     (TSJ):    0.050ns
    Total Input Jitter      (TIJ):    0.000ns
    Discrete Jitter          (DJ):    0.000ns
    Phase Error              (PE):    0.000ns

    Location             Delay type                Incr(ns)  Path(ns)    Netlist Resource(s)
  -------------------------------------------------------------------    -------------------
                         (clock clk rise edge)        0.000     0.000 r  
    U18                                               0.000     0.000 r  clk (IN)
                         net (fo=0)                   0.000     0.000    clk
    U18                  IBUF (Prop_ibuf_I_O)         1.530     1.530 r  clk_IBUF_inst/O
                         net (fo=1, routed)           2.076     3.606    clk_IBUF
    BUFGCTRL_X0Y2        BUFG (Prop_bufg_I_O)         0.101     3.707 r  clk_IBUF_BUFG_inst/O
                         net (fo=152, routed)         1.670     5.377    control_inst/clk
    SLICE_X30Y12         FDRE                                         r  control_inst/FSM_sequential_state_reg[3]/C
  -------------------------------------------------------------------    -------------------
    SLICE_X30Y12         FDRE (Prop_fdre_C_Q)         0.518     5.895 f  control_inst/FSM_sequential_state_reg[3]/Q
                         net (fo=79, routed)          2.226     8.122    control_inst/state[3]
    SLICE_X42Y16         LUT5 (Prop_lut5_I4_O)        0.124     8.246 r  control_inst/an7606reset_OBUF_inst_i_1/O
                         net (fo=1, routed)           2.284    10.530    an7606reset_OBUF
    Y16                  OBUF (Prop_obuf_I_O)         3.622    14.152 r  an7606reset_OBUF_inst/O
                         net (fo=0)                   0.000    14.152    an7606reset
    Y16                                                               r  an7606reset (OUT)
  -------------------------------------------------------------------    -------------------

Slack:                    inf
  Source:                 control_inst/FSM_sequential_state_reg[1]/C
                            (rising edge-triggered cell FDRE clocked by clk  {rise@0.000ns fall@10.000ns period=20.000ns})
  Destination:            an7606cs
                            (output port)
  Path Group:             (none)
  Path Type:              Max at Slow Process Corner
  Data Path Delay:        8.622ns  (logic 4.266ns (49.474%)  route 4.357ns (50.526%))
  Logic Levels:           2  (LUT5=1 OBUF=1)
  Clock Uncertainty:      0.025ns  ((TSJ^2 + TIJ^2)^1/2 + DJ) / 2 + PE
    Total System Jitter     (TSJ):    0.050ns
    Total Input Jitter      (TIJ):    0.000ns
    Discrete Jitter          (DJ):    0.000ns
    Phase Error              (PE):    0.000ns

    Location             Delay type                Incr(ns)  Path(ns)    Netlist Resource(s)
  -------------------------------------------------------------------    -------------------
                         (clock clk rise edge)        0.000     0.000 r  
    U18                                               0.000     0.000 r  clk (IN)
                         net (fo=0)                   0.000     0.000    clk
    U18                  IBUF (Prop_ibuf_I_O)         1.530     1.530 r  clk_IBUF_inst/O
                         net (fo=1, routed)           2.076     3.606    clk_IBUF
    BUFGCTRL_X0Y2        BUFG (Prop_bufg_I_O)         0.101     3.707 r  clk_IBUF_BUFG_inst/O
                         net (fo=152, routed)         1.671     5.378    control_inst/clk
    SLICE_X30Y11         FDRE                                         r  control_inst/FSM_sequential_state_reg[1]/C
  -------------------------------------------------------------------    -------------------
    SLICE_X30Y11         FDRE (Prop_fdre_C_Q)         0.518     5.896 r  control_inst/FSM_sequential_state_reg[1]/Q
                         net (fo=83, routed)          2.205     8.101    control_inst/state[1]
    SLICE_X42Y16         LUT5 (Prop_lut5_I1_O)        0.124     8.225 r  control_inst/an7606cs_OBUF_inst_i_1/O
                         net (fo=1, routed)           2.152    10.377    an7606cs_OBUF
    V15                  OBUF (Prop_obuf_I_O)         3.624    14.001 r  an7606cs_OBUF_inst/O
                         net (fo=0)                   0.000    14.001    an7606cs
    V15                                                               r  an7606cs (OUT)
  -------------------------------------------------------------------    -------------------





Min Delay Paths
--------------------------------------------------------------------------------------
Slack:                    inf
  Source:                 datapath_inst/ch1TriggerRegPrev_inst/q_reg[15]/C
                            (rising edge-triggered cell FDRE clocked by clk  {rise@0.000ns fall@10.000ns period=20.000ns})
  Destination:            triggerCh1
                            (output port)
  Path Group:             (none)
  Path Type:              Min at Fast Process Corner
  Data Path Delay:        2.374ns  (logic 1.458ns (61.428%)  route 0.916ns (38.572%))
  Logic Levels:           2  (LUT3=1 OBUF=1)
  Clock Uncertainty:      0.025ns  ((TSJ^2 + TIJ^2)^1/2 + DJ) / 2 + PE
    Total System Jitter     (TSJ):    0.050ns
    Total Input Jitter      (TIJ):    0.000ns
    Discrete Jitter          (DJ):    0.000ns
    Phase Error              (PE):    0.000ns

    Location             Delay type                Incr(ns)  Path(ns)    Netlist Resource(s)
  -------------------------------------------------------------------    -------------------
                         (clock clk rise edge)        0.000     0.000 r  
    U18                                               0.000     0.000 r  clk (IN)
                         net (fo=0)                   0.000     0.000    clk
    U18                  IBUF (Prop_ibuf_I_O)         0.297     0.297 r  clk_IBUF_inst/O
                         net (fo=1, routed)           0.627     0.925    clk_IBUF
    BUFGCTRL_X0Y2        BUFG (Prop_bufg_I_O)         0.026     0.951 r  clk_IBUF_BUFG_inst/O
                         net (fo=152, routed)         0.588     1.538    datapath_inst/ch1TriggerRegPrev_inst/clk
    SLICE_X41Y15         FDRE                                         r  datapath_inst/ch1TriggerRegPrev_inst/q_reg[15]/C
  -------------------------------------------------------------------    -------------------
    SLICE_X41Y15         FDRE (Prop_fdre_C_Q)         0.128     1.666 r  datapath_inst/ch1TriggerRegPrev_inst/q_reg[15]/Q
                         net (fo=3, routed)           0.101     1.767    datapath_inst/ch1TriggerRegPrev_inst/prevDataCH1[15]
    SLICE_X41Y15         LUT3 (Prop_lut3_I1_O)        0.098     1.865 r  datapath_inst/ch1TriggerRegPrev_inst/triggerCh1_OBUF_inst_i_1/O
                         net (fo=2, routed)           0.815     2.680    triggerCh1_OBUF
    M14                  OBUF (Prop_obuf_I_O)         1.232     3.912 r  triggerCh1_OBUF_inst/O
                         net (fo=0)                   0.000     3.912    triggerCh1
    M14                                                               r  triggerCh1 (OUT)
  -------------------------------------------------------------------    -------------------

Slack:                    inf
  Source:                 datapath_inst/ch2TriggerRegPrev_inst/q_reg[15]/C
                            (rising edge-triggered cell FDRE clocked by clk  {rise@0.000ns fall@10.000ns period=20.000ns})
  Destination:            triggerCh2
                            (output port)
  Path Group:             (none)
  Path Type:              Min at Fast Process Corner
  Data Path Delay:        2.542ns  (logic 1.449ns (57.008%)  route 1.093ns (42.992%))
  Logic Levels:           2  (LUT3=1 OBUF=1)
  Clock Uncertainty:      0.025ns  ((TSJ^2 + TIJ^2)^1/2 + DJ) / 2 + PE
    Total System Jitter     (TSJ):    0.050ns
    Total Input Jitter      (TIJ):    0.000ns
    Discrete Jitter          (DJ):    0.000ns
    Phase Error              (PE):    0.000ns

    Location             Delay type                Incr(ns)  Path(ns)    Netlist Resource(s)
  -------------------------------------------------------------------    -------------------
                         (clock clk rise edge)        0.000     0.000 r  
    U18                                               0.000     0.000 r  clk (IN)
                         net (fo=0)                   0.000     0.000    clk
    U18                  IBUF (Prop_ibuf_I_O)         0.297     0.297 r  clk_IBUF_inst/O
                         net (fo=1, routed)           0.627     0.925    clk_IBUF
    BUFGCTRL_X0Y2        BUFG (Prop_bufg_I_O)         0.026     0.951 r  clk_IBUF_BUFG_inst/O
                         net (fo=152, routed)         0.586     1.536    datapath_inst/ch2TriggerRegPrev_inst/clk
    SLICE_X38Y14         FDRE                                         r  datapath_inst/ch2TriggerRegPrev_inst/q_reg[15]/C
  -------------------------------------------------------------------    -------------------
    SLICE_X38Y14         FDRE (Prop_fdre_C_Q)         0.164     1.700 r  datapath_inst/ch2TriggerRegPrev_inst/q_reg[15]/Q
                         net (fo=3, routed)           0.212     1.912    datapath_inst/ch2TriggerRegPrev_inst/prevDataCH2[15]
    SLICE_X38Y14         LUT3 (Prop_lut3_I1_O)        0.045     1.957 r  datapath_inst/ch2TriggerRegPrev_inst/triggerCh2_OBUF_inst_i_1/O
                         net (fo=1, routed)           0.881     2.838    triggerCh2_OBUF
    M15                  OBUF (Prop_obuf_I_O)         1.240     4.078 r  triggerCh2_OBUF_inst/O
                         net (fo=0)                   0.000     4.078    triggerCh2
    M15                                                               r  triggerCh2 (OUT)
  -------------------------------------------------------------------    -------------------

Slack:                    inf
  Source:                 control_inst/FSM_sequential_state_reg[4]/C
                            (rising edge-triggered cell FDRE clocked by clk  {rise@0.000ns fall@10.000ns period=20.000ns})
  Destination:            an7606cs
                            (output port)
  Path Group:             (none)
  Path Type:              Min at Fast Process Corner
  Data Path Delay:        2.869ns  (logic 1.533ns (53.423%)  route 1.336ns (46.577%))
  Logic Levels:           2  (LUT5=1 OBUF=1)
  Clock Uncertainty:      0.025ns  ((TSJ^2 + TIJ^2)^1/2 + DJ) / 2 + PE
    Total System Jitter     (TSJ):    0.050ns
    Total Input Jitter      (TIJ):    0.000ns
    Discrete Jitter          (DJ):    0.000ns
    Phase Error              (PE):    0.000ns

    Location             Delay type                Incr(ns)  Path(ns)    Netlist Resource(s)
  -------------------------------------------------------------------    -------------------
                         (clock clk rise edge)        0.000     0.000 r  
    U18                                               0.000     0.000 r  clk (IN)
                         net (fo=0)                   0.000     0.000    clk
    U18                  IBUF (Prop_ibuf_I_O)         0.297     0.297 r  clk_IBUF_inst/O
                         net (fo=1, routed)           0.627     0.925    clk_IBUF
    BUFGCTRL_X0Y2        BUFG (Prop_bufg_I_O)         0.026     0.951 r  clk_IBUF_BUFG_inst/O
                         net (fo=152, routed)         0.560     1.510    control_inst/clk
    SLICE_X30Y12         FDRE                                         r  control_inst/FSM_sequential_state_reg[4]/C
  -------------------------------------------------------------------    -------------------
    SLICE_X30Y12         FDRE (Prop_fdre_C_Q)         0.164     1.674 r  control_inst/FSM_sequential_state_reg[4]/Q
                         net (fo=80, routed)          0.771     2.445    control_inst/Q[0]
    SLICE_X42Y16         LUT5 (Prop_lut5_I0_O)        0.045     2.490 r  control_inst/an7606cs_OBUF_inst_i_1/O
                         net (fo=1, routed)           0.566     3.056    an7606cs_OBUF
    V15                  OBUF (Prop_obuf_I_O)         1.324     4.379 r  an7606cs_OBUF_inst/O
                         net (fo=0)                   0.000     4.379    an7606cs
    V15                                                               r  an7606cs (OUT)
  -------------------------------------------------------------------    -------------------

Slack:                    inf
  Source:                 control_inst/FSM_sequential_state_reg[4]/C
                            (rising edge-triggered cell FDRE clocked by clk  {rise@0.000ns fall@10.000ns period=20.000ns})
  Destination:            an7606convst
                            (output port)
  Path Group:             (none)
  Path Type:              Min at Fast Process Corner
  Data Path Delay:        2.893ns  (logic 1.546ns (53.427%)  route 1.347ns (46.573%))
  Logic Levels:           2  (LUT5=1 OBUF=1)
  Clock Uncertainty:      0.025ns  ((TSJ^2 + TIJ^2)^1/2 + DJ) / 2 + PE
    Total System Jitter     (TSJ):    0.050ns
    Total Input Jitter      (TIJ):    0.000ns
    Discrete Jitter          (DJ):    0.000ns
    Phase Error              (PE):    0.000ns

    Location             Delay type                Incr(ns)  Path(ns)    Netlist Resource(s)
  -------------------------------------------------------------------    -------------------
                         (clock clk rise edge)        0.000     0.000 r  
    U18                                               0.000     0.000 r  clk (IN)
                         net (fo=0)                   0.000     0.000    clk
    U18                  IBUF (Prop_ibuf_I_O)         0.297     0.297 r  clk_IBUF_inst/O
                         net (fo=1, routed)           0.627     0.925    clk_IBUF
    BUFGCTRL_X0Y2        BUFG (Prop_bufg_I_O)         0.026     0.951 r  clk_IBUF_BUFG_inst/O
                         net (fo=152, routed)         0.560     1.510    control_inst/clk
    SLICE_X30Y12         FDRE                                         r  control_inst/FSM_sequential_state_reg[4]/C
  -------------------------------------------------------------------    -------------------
    SLICE_X30Y12         FDRE (Prop_fdre_C_Q)         0.164     1.674 r  control_inst/FSM_sequential_state_reg[4]/Q
                         net (fo=80, routed)          0.642     2.316    control_inst/Q[0]
    SLICE_X38Y14         LUT5 (Prop_lut5_I1_O)        0.048     2.364 r  control_inst/an7606convst_OBUF_inst_i_1/O
                         net (fo=1, routed)           0.705     3.070    an7606convst_OBUF
    R14                  OBUF (Prop_obuf_I_O)         1.334     4.403 r  an7606convst_OBUF_inst/O
                         net (fo=0)                   0.000     4.403    an7606convst
    R14                                                               r  an7606convst (OUT)
  -------------------------------------------------------------------    -------------------

Slack:                    inf
  Source:                 control_inst/FSM_sequential_state_reg[4]/C
                            (rising edge-triggered cell FDRE clocked by clk  {rise@0.000ns fall@10.000ns period=20.000ns})
  Destination:            an7606reset
                            (output port)
  Path Group:             (none)
  Path Type:              Min at Fast Process Corner
  Data Path Delay:        2.924ns  (logic 1.531ns (52.349%)  route 1.393ns (47.651%))
  Logic Levels:           2  (LUT5=1 OBUF=1)
  Clock Uncertainty:      0.025ns  ((TSJ^2 + TIJ^2)^1/2 + DJ) / 2 + PE
    Total System Jitter     (TSJ):    0.050ns
    Total Input Jitter      (TIJ):    0.000ns
    Discrete Jitter          (DJ):    0.000ns
    Phase Error              (PE):    0.000ns

    Location             Delay type                Incr(ns)  Path(ns)    Netlist Resource(s)
  -------------------------------------------------------------------    -------------------
                         (clock clk rise edge)        0.000     0.000 r  
    U18                                               0.000     0.000 r  clk (IN)
                         net (fo=0)                   0.000     0.000    clk
    U18                  IBUF (Prop_ibuf_I_O)         0.297     0.297 r  clk_IBUF_inst/O
                         net (fo=1, routed)           0.627     0.925    clk_IBUF
    BUFGCTRL_X0Y2        BUFG (Prop_bufg_I_O)         0.026     0.951 r  clk_IBUF_BUFG_inst/O
                         net (fo=152, routed)         0.560     1.510    control_inst/clk
    SLICE_X30Y12         FDRE                                         r  control_inst/FSM_sequential_state_reg[4]/C
  -------------------------------------------------------------------    -------------------
    SLICE_X30Y12         FDRE (Prop_fdre_C_Q)         0.164     1.674 f  control_inst/FSM_sequential_state_reg[4]/Q
                         net (fo=80, routed)          0.775     2.449    control_inst/Q[0]
    SLICE_X42Y16         LUT5 (Prop_lut5_I3_O)        0.045     2.494 r  control_inst/an7606reset_OBUF_inst_i_1/O
                         net (fo=1, routed)           0.618     3.113    an7606reset_OBUF
    Y16                  OBUF (Prop_obuf_I_O)         1.322     4.434 r  an7606reset_OBUF_inst/O
                         net (fo=0)                   0.000     4.434    an7606reset
    Y16                                                               r  an7606reset (OUT)
  -------------------------------------------------------------------    -------------------

Slack:                    inf
  Source:                 control_inst/FSM_sequential_state_reg[4]/C
                            (rising edge-triggered cell FDRE clocked by clk  {rise@0.000ns fall@10.000ns period=20.000ns})
  Destination:            an7606rd
                            (output port)
  Path Group:             (none)
  Path Type:              Min at Fast Process Corner
  Data Path Delay:        2.986ns  (logic 1.593ns (53.353%)  route 1.393ns (46.647%))
  Logic Levels:           2  (LUT5=1 OBUF=1)
  Clock Uncertainty:      0.025ns  ((TSJ^2 + TIJ^2)^1/2 + DJ) / 2 + PE
    Total System Jitter     (TSJ):    0.050ns
    Total Input Jitter      (TIJ):    0.000ns
    Discrete Jitter          (DJ):    0.000ns
    Phase Error              (PE):    0.000ns

    Location             Delay type                Incr(ns)  Path(ns)    Netlist Resource(s)
  -------------------------------------------------------------------    -------------------
                         (clock clk rise edge)        0.000     0.000 r  
    U18                                               0.000     0.000 r  clk (IN)
                         net (fo=0)                   0.000     0.000    clk
    U18                  IBUF (Prop_ibuf_I_O)         0.297     0.297 r  clk_IBUF_inst/O
                         net (fo=1, routed)           0.627     0.925    clk_IBUF
    BUFGCTRL_X0Y2        BUFG (Prop_bufg_I_O)         0.026     0.951 r  clk_IBUF_BUFG_inst/O
                         net (fo=152, routed)         0.560     1.510    control_inst/clk
    SLICE_X30Y12         FDRE                                         r  control_inst/FSM_sequential_state_reg[4]/C
  -------------------------------------------------------------------    -------------------
    SLICE_X30Y12         FDRE (Prop_fdre_C_Q)         0.164     1.674 r  control_inst/FSM_sequential_state_reg[4]/Q
                         net (fo=80, routed)          0.771     2.445    control_inst/Q[0]
    SLICE_X42Y16         LUT5 (Prop_lut5_I2_O)        0.048     2.493 r  control_inst/an7606rd_OBUF_inst_i_1/O
                         net (fo=1, routed)           0.622     3.115    an7606rd_OBUF
    Y17                  OBUF (Prop_obuf_I_O)         1.381     4.496 r  an7606rd_OBUF_inst/O
                         net (fo=0)                   0.000     4.496    an7606rd
    Y17                                                               r  an7606rd (OUT)
  -------------------------------------------------------------------    -------------------

Slack:                    inf
  Source:                 control_inst/FSM_sequential_state_reg[4]/C
                            (rising edge-triggered cell FDRE clocked by clk  {rise@0.000ns fall@10.000ns period=20.000ns})
  Destination:            conversionPlusReadoutTime
                            (output port)
  Path Group:             (none)
  Path Type:              Min at Fast Process Corner
  Data Path Delay:        3.075ns  (logic 1.492ns (48.520%)  route 1.583ns (51.480%))
  Logic Levels:           2  (LUT5=1 OBUF=1)
  Clock Uncertainty:      0.025ns  ((TSJ^2 + TIJ^2)^1/2 + DJ) / 2 + PE
    Total System Jitter     (TSJ):    0.050ns
    Total Input Jitter      (TIJ):    0.000ns
    Discrete Jitter          (DJ):    0.000ns
    Phase Error              (PE):    0.000ns

    Location             Delay type                Incr(ns)  Path(ns)    Netlist Resource(s)
  -------------------------------------------------------------------    -------------------
                         (clock clk rise edge)        0.000     0.000 r  
    U18                                               0.000     0.000 r  clk (IN)
                         net (fo=0)                   0.000     0.000    clk
    U18                  IBUF (Prop_ibuf_I_O)         0.297     0.297 r  clk_IBUF_inst/O
                         net (fo=1, routed)           0.627     0.925    clk_IBUF
    BUFGCTRL_X0Y2        BUFG (Prop_bufg_I_O)         0.026     0.951 r  clk_IBUF_BUFG_inst/O
                         net (fo=152, routed)         0.560     1.510    control_inst/clk
    SLICE_X30Y12         FDRE                                         r  control_inst/FSM_sequential_state_reg[4]/C
  -------------------------------------------------------------------    -------------------
    SLICE_X30Y12         FDRE (Prop_fdre_C_Q)         0.164     1.674 r  control_inst/FSM_sequential_state_reg[4]/Q
                         net (fo=80, routed)          0.594     2.268    control_inst/Q[0]
    SLICE_X34Y16         LUT5 (Prop_lut5_I1_O)        0.048     2.316 r  control_inst/conversionPlusReadoutTime_OBUF_inst_i_1/O
                         net (fo=1, routed)           0.989     3.305    conversionPlusReadoutTime_OBUF
    K16                  OBUF (Prop_obuf_I_O)         1.280     4.585 r  conversionPlusReadoutTime_OBUF_inst/O
                         net (fo=0)                   0.000     4.585    conversionPlusReadoutTime
    K16                                                               r  conversionPlusReadoutTime (OUT)
  -------------------------------------------------------------------    -------------------

Slack:                    inf
  Source:                 control_inst/FSM_sequential_state_reg[4]/C
                            (rising edge-triggered cell FDRE clocked by clk  {rise@0.000ns fall@10.000ns period=20.000ns})
  Destination:            sampleTimerRollover
                            (output port)
  Path Group:             (none)
  Path Type:              Min at Fast Process Corner
  Data Path Delay:        3.151ns  (logic 1.507ns (47.837%)  route 1.643ns (52.163%))
  Logic Levels:           2  (LUT5=1 OBUF=1)
  Clock Uncertainty:      0.025ns  ((TSJ^2 + TIJ^2)^1/2 + DJ) / 2 + PE
    Total System Jitter     (TSJ):    0.050ns
    Total Input Jitter      (TIJ):    0.000ns
    Discrete Jitter          (DJ):    0.000ns
    Phase Error              (PE):    0.000ns

    Location             Delay type                Incr(ns)  Path(ns)    Netlist Resource(s)
  -------------------------------------------------------------------    -------------------
                         (clock clk rise edge)        0.000     0.000 r  
    U18                                               0.000     0.000 r  clk (IN)
                         net (fo=0)                   0.000     0.000    clk
    U18                  IBUF (Prop_ibuf_I_O)         0.297     0.297 r  clk_IBUF_inst/O
                         net (fo=1, routed)           0.627     0.925    clk_IBUF
    BUFGCTRL_X0Y2        BUFG (Prop_bufg_I_O)         0.026     0.951 r  clk_IBUF_BUFG_inst/O
                         net (fo=152, routed)         0.560     1.510    control_inst/clk
    SLICE_X30Y12         FDRE                                         r  control_inst/FSM_sequential_state_reg[4]/C
  -------------------------------------------------------------------    -------------------
    SLICE_X30Y12         FDRE (Prop_fdre_C_Q)         0.164     1.674 f  control_inst/FSM_sequential_state_reg[4]/Q
                         net (fo=80, routed)          0.775     2.449    control_inst/Q[0]
    SLICE_X42Y16         LUT5 (Prop_lut5_I3_O)        0.048     2.497 r  control_inst/sampleTimerRollover_OBUF_inst_i_1/O
                         net (fo=1, routed)           0.869     3.366    sampleTimerRollover_OBUF
    J16                  OBUF (Prop_obuf_I_O)         1.295     4.661 r  sampleTimerRollover_OBUF_inst/O
                         net (fo=0)                   0.000     4.661    sampleTimerRollover
    J16                                                               r  sampleTimerRollover (OUT)
  -------------------------------------------------------------------    -------------------





--------------------------------------------------------------------------------------
Path Group:  (none)
From Clock:  clk_out2_clk_wiz_0
  To Clock:  

Max Delay             8 Endpoints
Min Delay             8 Endpoints
--------------------------------------------------------------------------------------


Max Delay Paths
--------------------------------------------------------------------------------------
Slack:                    inf
  Source:                 datapath_inst/hdmi0_inst/inst/serial_b/oserdes_m/CLK
                            (rising edge-triggered cell OSERDESE2 clocked by clk_out2_clk_wiz_0  {rise@0.000ns fall@1.347ns period=2.695ns})
  Destination:            tmdsDataN[0]
                            (output port)
  Path Group:             (none)
  Path Type:              Max at Slow Process Corner
  Data Path Delay:        2.347ns  (logic 2.346ns (99.957%)  route 0.001ns (0.043%))
  Logic Levels:           1  (OBUFDS=1)
  Clock Uncertainty:      0.799ns  ((TSJ^2 + DJ^2)^1/2) / 2 + PE
    Total System Jitter     (TSJ):    0.050ns
    Discrete Jitter          (DJ):    0.373ns
    Phase Error              (PE):    0.611ns

    Location             Delay type                Incr(ns)  Path(ns)    Netlist Resource(s)
  -------------------------------------------------------------------    -------------------
                         (clock clk_out2_clk_wiz_0 rise edge)
                                                      0.000     0.000 r  
    BUFGCTRL_X0Y2        BUFG                         0.000     0.000 r  clk_IBUF_BUFG_inst/O
                         net (fo=152, routed)         1.677     1.677    datapath_inst/vc/inst/clk_in1
    MMCME2_ADV_X0Y0      MMCME2_ADV (Prop_mmcme2_adv_CLKIN1_CLKOUT1)
                                                     -3.538    -1.861 r  datapath_inst/vc/inst/mmcm_adv_inst/CLKOUT1
                         net (fo=1, routed)           1.760    -0.101    datapath_inst/vc/inst/clk_out2_clk_wiz_0
    BUFGCTRL_X0Y1        BUFG (Prop_bufg_I_O)         0.101     0.000 r  datapath_inst/vc/inst/clkout2_buf/O
                         net (fo=8, routed)           1.766     1.766    datapath_inst/hdmi0_inst/inst/serial_b/pix_clkx5
    OLOGIC_X0Y18         OSERDESE2                                    r  datapath_inst/hdmi0_inst/inst/serial_b/oserdes_m/CLK
  -------------------------------------------------------------------    -------------------
    OLOGIC_X0Y18         OSERDESE2 (Prop_oserdese2_CLK_OQ)
                                                      0.472     2.238 r  datapath_inst/hdmi0_inst/inst/serial_b/oserdes_m/OQ
                         net (fo=1, routed)           0.001     2.239    datapath_inst/hdmi0_inst/inst/TMDSINT_0
    V20                  OBUFDS (Prop_obufds_I_OB)    1.874     4.113 r  datapath_inst/hdmi0_inst/inst/OBUFDS_B/OB
                         net (fo=0)                   0.000     4.113    tmdsDataN[0]
    W20                                                               r  tmdsDataN[0] (OUT)
  -------------------------------------------------------------------    -------------------

Slack:                    inf
  Source:                 datapath_inst/hdmi0_inst/inst/serial_b/oserdes_m/CLK
                            (rising edge-triggered cell OSERDESE2 clocked by clk_out2_clk_wiz_0  {rise@0.000ns fall@1.347ns period=2.695ns})
  Destination:            tmdsDataP[0]
                            (output port)
  Path Group:             (none)
  Path Type:              Max at Slow Process Corner
  Data Path Delay:        2.346ns  (logic 2.345ns (99.957%)  route 0.001ns (0.043%))
  Logic Levels:           1  (OBUFDS=1)
  Clock Uncertainty:      0.799ns  ((TSJ^2 + DJ^2)^1/2) / 2 + PE
    Total System Jitter     (TSJ):    0.050ns
    Discrete Jitter          (DJ):    0.373ns
    Phase Error              (PE):    0.611ns

    Location             Delay type                Incr(ns)  Path(ns)    Netlist Resource(s)
  -------------------------------------------------------------------    -------------------
                         (clock clk_out2_clk_wiz_0 rise edge)
                                                      0.000     0.000 r  
    BUFGCTRL_X0Y2        BUFG                         0.000     0.000 r  clk_IBUF_BUFG_inst/O
                         net (fo=152, routed)         1.677     1.677    datapath_inst/vc/inst/clk_in1
    MMCME2_ADV_X0Y0      MMCME2_ADV (Prop_mmcme2_adv_CLKIN1_CLKOUT1)
                                                     -3.538    -1.861 r  datapath_inst/vc/inst/mmcm_adv_inst/CLKOUT1
                         net (fo=1, routed)           1.760    -0.101    datapath_inst/vc/inst/clk_out2_clk_wiz_0
    BUFGCTRL_X0Y1        BUFG (Prop_bufg_I_O)         0.101     0.000 r  datapath_inst/vc/inst/clkout2_buf/O
                         net (fo=8, routed)           1.766     1.766    datapath_inst/hdmi0_inst/inst/serial_b/pix_clkx5
    OLOGIC_X0Y18         OSERDESE2                                    r  datapath_inst/hdmi0_inst/inst/serial_b/oserdes_m/CLK
  -------------------------------------------------------------------    -------------------
    OLOGIC_X0Y18         OSERDESE2 (Prop_oserdese2_CLK_OQ)
                                                      0.472     2.238 r  datapath_inst/hdmi0_inst/inst/serial_b/oserdes_m/OQ
                         net (fo=1, routed)           0.001     2.239    datapath_inst/hdmi0_inst/inst/TMDSINT_0
    V20                  OBUFDS (Prop_obufds_I_O)     1.873     4.112 r  datapath_inst/hdmi0_inst/inst/OBUFDS_B/O
                         net (fo=0)                   0.000     4.112    tmdsDataP[0]
    V20                                                               r  tmdsDataP[0] (OUT)
  -------------------------------------------------------------------    -------------------

Slack:                    inf
  Source:                 datapath_inst/hdmi0_inst/inst/serial_r/oserdes_m/CLK
                            (rising edge-triggered cell OSERDESE2 clocked by clk_out2_clk_wiz_0  {rise@0.000ns fall@1.347ns period=2.695ns})
  Destination:            tmdsDataN[2]
                            (output port)
  Path Group:             (none)
  Path Type:              Max at Slow Process Corner
  Data Path Delay:        2.351ns  (logic 2.350ns (99.957%)  route 0.001ns (0.043%))
  Logic Levels:           1  (OBUFDS=1)
  Clock Uncertainty:      0.799ns  ((TSJ^2 + DJ^2)^1/2) / 2 + PE
    Total System Jitter     (TSJ):    0.050ns
    Discrete Jitter          (DJ):    0.373ns
    Phase Error              (PE):    0.611ns

    Location             Delay type                Incr(ns)  Path(ns)    Netlist Resource(s)
  -------------------------------------------------------------------    -------------------
                         (clock clk_out2_clk_wiz_0 rise edge)
                                                      0.000     0.000 r  
    BUFGCTRL_X0Y2        BUFG                         0.000     0.000 r  clk_IBUF_BUFG_inst/O
                         net (fo=152, routed)         1.677     1.677    datapath_inst/vc/inst/clk_in1
    MMCME2_ADV_X0Y0      MMCME2_ADV (Prop_mmcme2_adv_CLKIN1_CLKOUT1)
                                                     -3.538    -1.861 r  datapath_inst/vc/inst/mmcm_adv_inst/CLKOUT1
                         net (fo=1, routed)           1.760    -0.101    datapath_inst/vc/inst/clk_out2_clk_wiz_0
    BUFGCTRL_X0Y1        BUFG (Prop_bufg_I_O)         0.101     0.000 r  datapath_inst/vc/inst/clkout2_buf/O
                         net (fo=8, routed)           1.760     1.760    datapath_inst/hdmi0_inst/inst/serial_r/pix_clkx5
    OLOGIC_X0Y22         OSERDESE2                                    r  datapath_inst/hdmi0_inst/inst/serial_r/oserdes_m/CLK
  -------------------------------------------------------------------    -------------------
    OLOGIC_X0Y22         OSERDESE2 (Prop_oserdese2_CLK_OQ)
                                                      0.472     2.232 r  datapath_inst/hdmi0_inst/inst/serial_r/oserdes_m/OQ
                         net (fo=1, routed)           0.001     2.233    datapath_inst/hdmi0_inst/inst/TMDSINT_2
    N20                  OBUFDS (Prop_obufds_I_OB)    1.878     4.111 r  datapath_inst/hdmi0_inst/inst/OBUFDS_R/OB
                         net (fo=0)                   0.000     4.111    tmdsDataN[2]
    P20                                                               r  tmdsDataN[2] (OUT)
  -------------------------------------------------------------------    -------------------

Slack:                    inf
  Source:                 datapath_inst/hdmi0_inst/inst/serial_r/oserdes_m/CLK
                            (rising edge-triggered cell OSERDESE2 clocked by clk_out2_clk_wiz_0  {rise@0.000ns fall@1.347ns period=2.695ns})
  Destination:            tmdsDataP[2]
                            (output port)
  Path Group:             (none)
  Path Type:              Max at Slow Process Corner
  Data Path Delay:        2.350ns  (logic 2.349ns (99.957%)  route 0.001ns (0.043%))
  Logic Levels:           1  (OBUFDS=1)
  Clock Uncertainty:      0.799ns  ((TSJ^2 + DJ^2)^1/2) / 2 + PE
    Total System Jitter     (TSJ):    0.050ns
    Discrete Jitter          (DJ):    0.373ns
    Phase Error              (PE):    0.611ns

    Location             Delay type                Incr(ns)  Path(ns)    Netlist Resource(s)
  -------------------------------------------------------------------    -------------------
                         (clock clk_out2_clk_wiz_0 rise edge)
                                                      0.000     0.000 r  
    BUFGCTRL_X0Y2        BUFG                         0.000     0.000 r  clk_IBUF_BUFG_inst/O
                         net (fo=152, routed)         1.677     1.677    datapath_inst/vc/inst/clk_in1
    MMCME2_ADV_X0Y0      MMCME2_ADV (Prop_mmcme2_adv_CLKIN1_CLKOUT1)
                                                     -3.538    -1.861 r  datapath_inst/vc/inst/mmcm_adv_inst/CLKOUT1
                         net (fo=1, routed)           1.760    -0.101    datapath_inst/vc/inst/clk_out2_clk_wiz_0
    BUFGCTRL_X0Y1        BUFG (Prop_bufg_I_O)         0.101     0.000 r  datapath_inst/vc/inst/clkout2_buf/O
                         net (fo=8, routed)           1.760     1.760    datapath_inst/hdmi0_inst/inst/serial_r/pix_clkx5
    OLOGIC_X0Y22         OSERDESE2                                    r  datapath_inst/hdmi0_inst/inst/serial_r/oserdes_m/CLK
  -------------------------------------------------------------------    -------------------
    OLOGIC_X0Y22         OSERDESE2 (Prop_oserdese2_CLK_OQ)
                                                      0.472     2.232 r  datapath_inst/hdmi0_inst/inst/serial_r/oserdes_m/OQ
                         net (fo=1, routed)           0.001     2.233    datapath_inst/hdmi0_inst/inst/TMDSINT_2
    N20                  OBUFDS (Prop_obufds_I_O)     1.877     4.110 r  datapath_inst/hdmi0_inst/inst/OBUFDS_R/O
                         net (fo=0)                   0.000     4.110    tmdsDataP[2]
    N20                                                               r  tmdsDataP[2] (OUT)
  -------------------------------------------------------------------    -------------------

Slack:                    inf
  Source:                 datapath_inst/hdmi0_inst/inst/serial_clk/oserdes_m/CLK
                            (rising edge-triggered cell OSERDESE2 clocked by clk_out2_clk_wiz_0  {rise@0.000ns fall@1.347ns period=2.695ns})
  Destination:            tmdsClkN
                            (output port)
  Path Group:             (none)
  Path Type:              Max at Slow Process Corner
  Data Path Delay:        2.349ns  (logic 2.348ns (99.957%)  route 0.001ns (0.043%))
  Logic Levels:           1  (OBUFDS=1)
  Clock Uncertainty:      0.799ns  ((TSJ^2 + DJ^2)^1/2) / 2 + PE
    Total System Jitter     (TSJ):    0.050ns
    Discrete Jitter          (DJ):    0.373ns
    Phase Error              (PE):    0.611ns

    Location             Delay type                Incr(ns)  Path(ns)    Netlist Resource(s)
  -------------------------------------------------------------------    -------------------
                         (clock clk_out2_clk_wiz_0 rise edge)
                                                      0.000     0.000 r  
    BUFGCTRL_X0Y2        BUFG                         0.000     0.000 r  clk_IBUF_BUFG_inst/O
                         net (fo=152, routed)         1.677     1.677    datapath_inst/vc/inst/clk_in1
    MMCME2_ADV_X0Y0      MMCME2_ADV (Prop_mmcme2_adv_CLKIN1_CLKOUT1)
                                                     -3.538    -1.861 r  datapath_inst/vc/inst/mmcm_adv_inst/CLKOUT1
                         net (fo=1, routed)           1.760    -0.101    datapath_inst/vc/inst/clk_out2_clk_wiz_0
    BUFGCTRL_X0Y1        BUFG (Prop_bufg_I_O)         0.101     0.000 r  datapath_inst/vc/inst/clkout2_buf/O
                         net (fo=8, routed)           1.758     1.758    datapath_inst/hdmi0_inst/inst/serial_clk/pix_clkx5
    OLOGIC_X0Y24         OSERDESE2                                    r  datapath_inst/hdmi0_inst/inst/serial_clk/oserdes_m/CLK
  -------------------------------------------------------------------    -------------------
    OLOGIC_X0Y24         OSERDESE2 (Prop_oserdese2_CLK_OQ)
                                                      0.472     2.230 r  datapath_inst/hdmi0_inst/inst/serial_clk/oserdes_m/OQ
                         net (fo=1, routed)           0.001     2.231    datapath_inst/hdmi0_inst/inst/tmdsclk
    N18                  OBUFDS (Prop_obufds_I_OB)    1.876     4.107 r  datapath_inst/hdmi0_inst/inst/OBUFDS_CLK/OB
                         net (fo=0)                   0.000     4.107    tmdsClkN
    P19                                                               r  tmdsClkN (OUT)
  -------------------------------------------------------------------    -------------------

Slack:                    inf
  Source:                 datapath_inst/hdmi0_inst/inst/serial_clk/oserdes_m/CLK
                            (rising edge-triggered cell OSERDESE2 clocked by clk_out2_clk_wiz_0  {rise@0.000ns fall@1.347ns period=2.695ns})
  Destination:            tmdsClkP
                            (output port)
  Path Group:             (none)
  Path Type:              Max at Slow Process Corner
  Data Path Delay:        2.348ns  (logic 2.347ns (99.957%)  route 0.001ns (0.043%))
  Logic Levels:           1  (OBUFDS=1)
  Clock Uncertainty:      0.799ns  ((TSJ^2 + DJ^2)^1/2) / 2 + PE
    Total System Jitter     (TSJ):    0.050ns
    Discrete Jitter          (DJ):    0.373ns
    Phase Error              (PE):    0.611ns

    Location             Delay type                Incr(ns)  Path(ns)    Netlist Resource(s)
  -------------------------------------------------------------------    -------------------
                         (clock clk_out2_clk_wiz_0 rise edge)
                                                      0.000     0.000 r  
    BUFGCTRL_X0Y2        BUFG                         0.000     0.000 r  clk_IBUF_BUFG_inst/O
                         net (fo=152, routed)         1.677     1.677    datapath_inst/vc/inst/clk_in1
    MMCME2_ADV_X0Y0      MMCME2_ADV (Prop_mmcme2_adv_CLKIN1_CLKOUT1)
                                                     -3.538    -1.861 r  datapath_inst/vc/inst/mmcm_adv_inst/CLKOUT1
                         net (fo=1, routed)           1.760    -0.101    datapath_inst/vc/inst/clk_out2_clk_wiz_0
    BUFGCTRL_X0Y1        BUFG (Prop_bufg_I_O)         0.101     0.000 r  datapath_inst/vc/inst/clkout2_buf/O
                         net (fo=8, routed)           1.758     1.758    datapath_inst/hdmi0_inst/inst/serial_clk/pix_clkx5
    OLOGIC_X0Y24         OSERDESE2                                    r  datapath_inst/hdmi0_inst/inst/serial_clk/oserdes_m/CLK
  -------------------------------------------------------------------    -------------------
    OLOGIC_X0Y24         OSERDESE2 (Prop_oserdese2_CLK_OQ)
                                                      0.472     2.230 r  datapath_inst/hdmi0_inst/inst/serial_clk/oserdes_m/OQ
                         net (fo=1, routed)           0.001     2.231    datapath_inst/hdmi0_inst/inst/tmdsclk
    N18                  OBUFDS (Prop_obufds_I_O)     1.875     4.106 r  datapath_inst/hdmi0_inst/inst/OBUFDS_CLK/O
                         net (fo=0)                   0.000     4.106    tmdsClkP
    N18                                                               r  tmdsClkP (OUT)
  -------------------------------------------------------------------    -------------------

Slack:                    inf
  Source:                 datapath_inst/hdmi0_inst/inst/serial_g/oserdes_m/CLK
                            (rising edge-triggered cell OSERDESE2 clocked by clk_out2_clk_wiz_0  {rise@0.000ns fall@1.347ns period=2.695ns})
  Destination:            tmdsDataN[1]
                            (output port)
  Path Group:             (none)
  Path Type:              Max at Slow Process Corner
  Data Path Delay:        2.339ns  (logic 2.338ns (99.957%)  route 0.001ns (0.043%))
  Logic Levels:           1  (OBUFDS=1)
  Clock Uncertainty:      0.799ns  ((TSJ^2 + DJ^2)^1/2) / 2 + PE
    Total System Jitter     (TSJ):    0.050ns
    Discrete Jitter          (DJ):    0.373ns
    Phase Error              (PE):    0.611ns

    Location             Delay type                Incr(ns)  Path(ns)    Netlist Resource(s)
  -------------------------------------------------------------------    -------------------
                         (clock clk_out2_clk_wiz_0 rise edge)
                                                      0.000     0.000 r  
    BUFGCTRL_X0Y2        BUFG                         0.000     0.000 r  clk_IBUF_BUFG_inst/O
                         net (fo=152, routed)         1.677     1.677    datapath_inst/vc/inst/clk_in1
    MMCME2_ADV_X0Y0      MMCME2_ADV (Prop_mmcme2_adv_CLKIN1_CLKOUT1)
                                                     -3.538    -1.861 r  datapath_inst/vc/inst/mmcm_adv_inst/CLKOUT1
                         net (fo=1, routed)           1.760    -0.101    datapath_inst/vc/inst/clk_out2_clk_wiz_0
    BUFGCTRL_X0Y1        BUFG (Prop_bufg_I_O)         0.101     0.000 r  datapath_inst/vc/inst/clkout2_buf/O
                         net (fo=8, routed)           1.762     1.762    datapath_inst/hdmi0_inst/inst/serial_g/pix_clkx5
    OLOGIC_X0Y20         OSERDESE2                                    r  datapath_inst/hdmi0_inst/inst/serial_g/oserdes_m/CLK
  -------------------------------------------------------------------    -------------------
    OLOGIC_X0Y20         OSERDESE2 (Prop_oserdese2_CLK_OQ)
                                                      0.472     2.234 r  datapath_inst/hdmi0_inst/inst/serial_g/oserdes_m/OQ
                         net (fo=1, routed)           0.001     2.235    datapath_inst/hdmi0_inst/inst/TMDSINT_1
    T20                  OBUFDS (Prop_obufds_I_OB)    1.866     4.102 r  datapath_inst/hdmi0_inst/inst/OBUFDS_G/OB
                         net (fo=0)                   0.000     4.102    tmdsDataN[1]
    U20                                                               r  tmdsDataN[1] (OUT)
  -------------------------------------------------------------------    -------------------

Slack:                    inf
  Source:                 datapath_inst/hdmi0_inst/inst/serial_g/oserdes_m/CLK
                            (rising edge-triggered cell OSERDESE2 clocked by clk_out2_clk_wiz_0  {rise@0.000ns fall@1.347ns period=2.695ns})
  Destination:            tmdsDataP[1]
                            (output port)
  Path Group:             (none)
  Path Type:              Max at Slow Process Corner
  Data Path Delay:        2.338ns  (logic 2.337ns (99.957%)  route 0.001ns (0.043%))
  Logic Levels:           1  (OBUFDS=1)
  Clock Uncertainty:      0.799ns  ((TSJ^2 + DJ^2)^1/2) / 2 + PE
    Total System Jitter     (TSJ):    0.050ns
    Discrete Jitter          (DJ):    0.373ns
    Phase Error              (PE):    0.611ns

    Location             Delay type                Incr(ns)  Path(ns)    Netlist Resource(s)
  -------------------------------------------------------------------    -------------------
                         (clock clk_out2_clk_wiz_0 rise edge)
                                                      0.000     0.000 r  
    BUFGCTRL_X0Y2        BUFG                         0.000     0.000 r  clk_IBUF_BUFG_inst/O
                         net (fo=152, routed)         1.677     1.677    datapath_inst/vc/inst/clk_in1
    MMCME2_ADV_X0Y0      MMCME2_ADV (Prop_mmcme2_adv_CLKIN1_CLKOUT1)
                                                     -3.538    -1.861 r  datapath_inst/vc/inst/mmcm_adv_inst/CLKOUT1
                         net (fo=1, routed)           1.760    -0.101    datapath_inst/vc/inst/clk_out2_clk_wiz_0
    BUFGCTRL_X0Y1        BUFG (Prop_bufg_I_O)         0.101     0.000 r  datapath_inst/vc/inst/clkout2_buf/O
                         net (fo=8, routed)           1.762     1.762    datapath_inst/hdmi0_inst/inst/serial_g/pix_clkx5
    OLOGIC_X0Y20         OSERDESE2                                    r  datapath_inst/hdmi0_inst/inst/serial_g/oserdes_m/CLK
  -------------------------------------------------------------------    -------------------
    OLOGIC_X0Y20         OSERDESE2 (Prop_oserdese2_CLK_OQ)
                                                      0.472     2.234 r  datapath_inst/hdmi0_inst/inst/serial_g/oserdes_m/OQ
                         net (fo=1, routed)           0.001     2.235    datapath_inst/hdmi0_inst/inst/TMDSINT_1
    T20                  OBUFDS (Prop_obufds_I_O)     1.865     4.101 r  datapath_inst/hdmi0_inst/inst/OBUFDS_G/O
                         net (fo=0)                   0.000     4.101    tmdsDataP[1]
    T20                                                               r  tmdsDataP[1] (OUT)
  -------------------------------------------------------------------    -------------------





Min Delay Paths
--------------------------------------------------------------------------------------
Slack:                    inf
  Source:                 datapath_inst/hdmi0_inst/inst/serial_g/oserdes_m/CLK
                            (rising edge-triggered cell OSERDESE2 clocked by clk_out2_clk_wiz_0  {rise@0.000ns fall@1.347ns period=2.695ns})
  Destination:            tmdsDataP[1]
                            (output port)
  Path Group:             (none)
  Path Type:              Min at Fast Process Corner
  Data Path Delay:        0.992ns  (logic 0.991ns (99.899%)  route 0.001ns (0.101%))
  Logic Levels:           1  (OBUFDS=1)
  Clock Uncertainty:      0.799ns  ((TSJ^2 + DJ^2)^1/2) / 2 + PE
    Total System Jitter     (TSJ):    0.050ns
    Discrete Jitter          (DJ):    0.373ns
    Phase Error              (PE):    0.611ns

    Location             Delay type                Incr(ns)  Path(ns)    Netlist Resource(s)
  -------------------------------------------------------------------    -------------------
                         (clock clk_out2_clk_wiz_0 rise edge)
                                                      0.000     0.000 r  
    BUFGCTRL_X0Y2        BUFG                         0.000     0.000 r  clk_IBUF_BUFG_inst/O
                         net (fo=152, routed)         0.546     0.546    datapath_inst/vc/inst/clk_in1
    MMCME2_ADV_X0Y0      MMCME2_ADV (Prop_mmcme2_adv_CLKIN1_CLKOUT1)
                                                     -1.053    -0.508 r  datapath_inst/vc/inst/mmcm_adv_inst/CLKOUT1
                         net (fo=1, routed)           0.482    -0.026    datapath_inst/vc/inst/clk_out2_clk_wiz_0
    BUFGCTRL_X0Y1        BUFG (Prop_bufg_I_O)         0.026     0.000 r  datapath_inst/vc/inst/clkout2_buf/O
                         net (fo=8, routed)           0.576     0.576    datapath_inst/hdmi0_inst/inst/serial_g/pix_clkx5
    OLOGIC_X0Y20         OSERDESE2                                    r  datapath_inst/hdmi0_inst/inst/serial_g/oserdes_m/CLK
  -------------------------------------------------------------------    -------------------
    OLOGIC_X0Y20         OSERDESE2 (Prop_oserdese2_CLK_OQ)
                                                      0.177     0.753 r  datapath_inst/hdmi0_inst/inst/serial_g/oserdes_m/OQ
                         net (fo=1, routed)           0.001     0.754    datapath_inst/hdmi0_inst/inst/TMDSINT_1
    T20                  OBUFDS (Prop_obufds_I_O)     0.814     1.568 r  datapath_inst/hdmi0_inst/inst/OBUFDS_G/O
                         net (fo=0)                   0.000     1.568    tmdsDataP[1]
    T20                                                               r  tmdsDataP[1] (OUT)
  -------------------------------------------------------------------    -------------------

Slack:                    inf
  Source:                 datapath_inst/hdmi0_inst/inst/serial_g/oserdes_m/CLK
                            (rising edge-triggered cell OSERDESE2 clocked by clk_out2_clk_wiz_0  {rise@0.000ns fall@1.347ns period=2.695ns})
  Destination:            tmdsDataN[1]
                            (output port)
  Path Group:             (none)
  Path Type:              Min at Fast Process Corner
  Data Path Delay:        0.993ns  (logic 0.992ns (99.899%)  route 0.001ns (0.101%))
  Logic Levels:           1  (OBUFDS=1)
  Clock Uncertainty:      0.799ns  ((TSJ^2 + DJ^2)^1/2) / 2 + PE
    Total System Jitter     (TSJ):    0.050ns
    Discrete Jitter          (DJ):    0.373ns
    Phase Error              (PE):    0.611ns

    Location             Delay type                Incr(ns)  Path(ns)    Netlist Resource(s)
  -------------------------------------------------------------------    -------------------
                         (clock clk_out2_clk_wiz_0 rise edge)
                                                      0.000     0.000 r  
    BUFGCTRL_X0Y2        BUFG                         0.000     0.000 r  clk_IBUF_BUFG_inst/O
                         net (fo=152, routed)         0.546     0.546    datapath_inst/vc/inst/clk_in1
    MMCME2_ADV_X0Y0      MMCME2_ADV (Prop_mmcme2_adv_CLKIN1_CLKOUT1)
                                                     -1.053    -0.508 r  datapath_inst/vc/inst/mmcm_adv_inst/CLKOUT1
                         net (fo=1, routed)           0.482    -0.026    datapath_inst/vc/inst/clk_out2_clk_wiz_0
    BUFGCTRL_X0Y1        BUFG (Prop_bufg_I_O)         0.026     0.000 r  datapath_inst/vc/inst/clkout2_buf/O
                         net (fo=8, routed)           0.576     0.576    datapath_inst/hdmi0_inst/inst/serial_g/pix_clkx5
    OLOGIC_X0Y20         OSERDESE2                                    r  datapath_inst/hdmi0_inst/inst/serial_g/oserdes_m/CLK
  -------------------------------------------------------------------    -------------------
    OLOGIC_X0Y20         OSERDESE2 (Prop_oserdese2_CLK_OQ)
                                                      0.177     0.753 r  datapath_inst/hdmi0_inst/inst/serial_g/oserdes_m/OQ
                         net (fo=1, routed)           0.001     0.754    datapath_inst/hdmi0_inst/inst/TMDSINT_1
    T20                  OBUFDS (Prop_obufds_I_OB)    0.815     1.569 r  datapath_inst/hdmi0_inst/inst/OBUFDS_G/OB
                         net (fo=0)                   0.000     1.569    tmdsDataN[1]
    U20                                                               r  tmdsDataN[1] (OUT)
  -------------------------------------------------------------------    -------------------

Slack:                    inf
  Source:                 datapath_inst/hdmi0_inst/inst/serial_clk/oserdes_m/CLK
                            (rising edge-triggered cell OSERDESE2 clocked by clk_out2_clk_wiz_0  {rise@0.000ns fall@1.347ns period=2.695ns})
  Destination:            tmdsClkP
                            (output port)
  Path Group:             (none)
  Path Type:              Min at Fast Process Corner
  Data Path Delay:        1.002ns  (logic 1.001ns (99.900%)  route 0.001ns (0.100%))
  Logic Levels:           1  (OBUFDS=1)
  Clock Uncertainty:      0.799ns  ((TSJ^2 + DJ^2)^1/2) / 2 + PE
    Total System Jitter     (TSJ):    0.050ns
    Discrete Jitter          (DJ):    0.373ns
    Phase Error              (PE):    0.611ns

    Location             Delay type                Incr(ns)  Path(ns)    Netlist Resource(s)
  -------------------------------------------------------------------    -------------------
                         (clock clk_out2_clk_wiz_0 rise edge)
                                                      0.000     0.000 r  
    BUFGCTRL_X0Y2        BUFG                         0.000     0.000 r  clk_IBUF_BUFG_inst/O
                         net (fo=152, routed)         0.546     0.546    datapath_inst/vc/inst/clk_in1
    MMCME2_ADV_X0Y0      MMCME2_ADV (Prop_mmcme2_adv_CLKIN1_CLKOUT1)
                                                     -1.053    -0.508 r  datapath_inst/vc/inst/mmcm_adv_inst/CLKOUT1
                         net (fo=1, routed)           0.482    -0.026    datapath_inst/vc/inst/clk_out2_clk_wiz_0
    BUFGCTRL_X0Y1        BUFG (Prop_bufg_I_O)         0.026     0.000 r  datapath_inst/vc/inst/clkout2_buf/O
                         net (fo=8, routed)           0.575     0.575    datapath_inst/hdmi0_inst/inst/serial_clk/pix_clkx5
    OLOGIC_X0Y24         OSERDESE2                                    r  datapath_inst/hdmi0_inst/inst/serial_clk/oserdes_m/CLK
  -------------------------------------------------------------------    -------------------
    OLOGIC_X0Y24         OSERDESE2 (Prop_oserdese2_CLK_OQ)
                                                      0.177     0.752 r  datapath_inst/hdmi0_inst/inst/serial_clk/oserdes_m/OQ
                         net (fo=1, routed)           0.001     0.753    datapath_inst/hdmi0_inst/inst/tmdsclk
    N18                  OBUFDS (Prop_obufds_I_O)     0.824     1.576 r  datapath_inst/hdmi0_inst/inst/OBUFDS_CLK/O
                         net (fo=0)                   0.000     1.576    tmdsClkP
    N18                                                               r  tmdsClkP (OUT)
  -------------------------------------------------------------------    -------------------

Slack:                    inf
  Source:                 datapath_inst/hdmi0_inst/inst/serial_b/oserdes_m/CLK
                            (rising edge-triggered cell OSERDESE2 clocked by clk_out2_clk_wiz_0  {rise@0.000ns fall@1.347ns period=2.695ns})
  Destination:            tmdsDataP[0]
                            (output port)
  Path Group:             (none)
  Path Type:              Min at Fast Process Corner
  Data Path Delay:        0.999ns  (logic 0.998ns (99.900%)  route 0.001ns (0.100%))
  Logic Levels:           1  (OBUFDS=1)
  Clock Uncertainty:      0.799ns  ((TSJ^2 + DJ^2)^1/2) / 2 + PE
    Total System Jitter     (TSJ):    0.050ns
    Discrete Jitter          (DJ):    0.373ns
    Phase Error              (PE):    0.611ns

    Location             Delay type                Incr(ns)  Path(ns)    Netlist Resource(s)
  -------------------------------------------------------------------    -------------------
                         (clock clk_out2_clk_wiz_0 rise edge)
                                                      0.000     0.000 r  
    BUFGCTRL_X0Y2        BUFG                         0.000     0.000 r  clk_IBUF_BUFG_inst/O
                         net (fo=152, routed)         0.546     0.546    datapath_inst/vc/inst/clk_in1
    MMCME2_ADV_X0Y0      MMCME2_ADV (Prop_mmcme2_adv_CLKIN1_CLKOUT1)
                                                     -1.053    -0.508 r  datapath_inst/vc/inst/mmcm_adv_inst/CLKOUT1
                         net (fo=1, routed)           0.482    -0.026    datapath_inst/vc/inst/clk_out2_clk_wiz_0
    BUFGCTRL_X0Y1        BUFG (Prop_bufg_I_O)         0.026     0.000 r  datapath_inst/vc/inst/clkout2_buf/O
                         net (fo=8, routed)           0.578     0.578    datapath_inst/hdmi0_inst/inst/serial_b/pix_clkx5
    OLOGIC_X0Y18         OSERDESE2                                    r  datapath_inst/hdmi0_inst/inst/serial_b/oserdes_m/CLK
  -------------------------------------------------------------------    -------------------
    OLOGIC_X0Y18         OSERDESE2 (Prop_oserdese2_CLK_OQ)
                                                      0.177     0.755 r  datapath_inst/hdmi0_inst/inst/serial_b/oserdes_m/OQ
                         net (fo=1, routed)           0.001     0.756    datapath_inst/hdmi0_inst/inst/TMDSINT_0
    V20                  OBUFDS (Prop_obufds_I_O)     0.821     1.577 r  datapath_inst/hdmi0_inst/inst/OBUFDS_B/O
                         net (fo=0)                   0.000     1.577    tmdsDataP[0]
    V20                                                               r  tmdsDataP[0] (OUT)
  -------------------------------------------------------------------    -------------------

Slack:                    inf
  Source:                 datapath_inst/hdmi0_inst/inst/serial_clk/oserdes_m/CLK
                            (rising edge-triggered cell OSERDESE2 clocked by clk_out2_clk_wiz_0  {rise@0.000ns fall@1.347ns period=2.695ns})
  Destination:            tmdsClkN
                            (output port)
  Path Group:             (none)
  Path Type:              Min at Fast Process Corner
  Data Path Delay:        1.003ns  (logic 1.002ns (99.900%)  route 0.001ns (0.100%))
  Logic Levels:           1  (OBUFDS=1)
  Clock Uncertainty:      0.799ns  ((TSJ^2 + DJ^2)^1/2) / 2 + PE
    Total System Jitter     (TSJ):    0.050ns
    Discrete Jitter          (DJ):    0.373ns
    Phase Error              (PE):    0.611ns

    Location             Delay type                Incr(ns)  Path(ns)    Netlist Resource(s)
  -------------------------------------------------------------------    -------------------
                         (clock clk_out2_clk_wiz_0 rise edge)
                                                      0.000     0.000 r  
    BUFGCTRL_X0Y2        BUFG                         0.000     0.000 r  clk_IBUF_BUFG_inst/O
                         net (fo=152, routed)         0.546     0.546    datapath_inst/vc/inst/clk_in1
    MMCME2_ADV_X0Y0      MMCME2_ADV (Prop_mmcme2_adv_CLKIN1_CLKOUT1)
                                                     -1.053    -0.508 r  datapath_inst/vc/inst/mmcm_adv_inst/CLKOUT1
                         net (fo=1, routed)           0.482    -0.026    datapath_inst/vc/inst/clk_out2_clk_wiz_0
    BUFGCTRL_X0Y1        BUFG (Prop_bufg_I_O)         0.026     0.000 r  datapath_inst/vc/inst/clkout2_buf/O
                         net (fo=8, routed)           0.575     0.575    datapath_inst/hdmi0_inst/inst/serial_clk/pix_clkx5
    OLOGIC_X0Y24         OSERDESE2                                    r  datapath_inst/hdmi0_inst/inst/serial_clk/oserdes_m/CLK
  -------------------------------------------------------------------    -------------------
    OLOGIC_X0Y24         OSERDESE2 (Prop_oserdese2_CLK_OQ)
                                                      0.177     0.752 r  datapath_inst/hdmi0_inst/inst/serial_clk/oserdes_m/OQ
                         net (fo=1, routed)           0.001     0.753    datapath_inst/hdmi0_inst/inst/tmdsclk
    N18                  OBUFDS (Prop_obufds_I_OB)    0.825     1.577 r  datapath_inst/hdmi0_inst/inst/OBUFDS_CLK/OB
                         net (fo=0)                   0.000     1.577    tmdsClkN
    P19                                                               r  tmdsClkN (OUT)
  -------------------------------------------------------------------    -------------------

Slack:                    inf
  Source:                 datapath_inst/hdmi0_inst/inst/serial_b/oserdes_m/CLK
                            (rising edge-triggered cell OSERDESE2 clocked by clk_out2_clk_wiz_0  {rise@0.000ns fall@1.347ns period=2.695ns})
  Destination:            tmdsDataN[0]
                            (output port)
  Path Group:             (none)
  Path Type:              Min at Fast Process Corner
  Data Path Delay:        1.000ns  (logic 0.999ns (99.900%)  route 0.001ns (0.100%))
  Logic Levels:           1  (OBUFDS=1)
  Clock Uncertainty:      0.799ns  ((TSJ^2 + DJ^2)^1/2) / 2 + PE
    Total System Jitter     (TSJ):    0.050ns
    Discrete Jitter          (DJ):    0.373ns
    Phase Error              (PE):    0.611ns

    Location             Delay type                Incr(ns)  Path(ns)    Netlist Resource(s)
  -------------------------------------------------------------------    -------------------
                         (clock clk_out2_clk_wiz_0 rise edge)
                                                      0.000     0.000 r  
    BUFGCTRL_X0Y2        BUFG                         0.000     0.000 r  clk_IBUF_BUFG_inst/O
                         net (fo=152, routed)         0.546     0.546    datapath_inst/vc/inst/clk_in1
    MMCME2_ADV_X0Y0      MMCME2_ADV (Prop_mmcme2_adv_CLKIN1_CLKOUT1)
                                                     -1.053    -0.508 r  datapath_inst/vc/inst/mmcm_adv_inst/CLKOUT1
                         net (fo=1, routed)           0.482    -0.026    datapath_inst/vc/inst/clk_out2_clk_wiz_0
    BUFGCTRL_X0Y1        BUFG (Prop_bufg_I_O)         0.026     0.000 r  datapath_inst/vc/inst/clkout2_buf/O
                         net (fo=8, routed)           0.578     0.578    datapath_inst/hdmi0_inst/inst/serial_b/pix_clkx5
    OLOGIC_X0Y18         OSERDESE2                                    r  datapath_inst/hdmi0_inst/inst/serial_b/oserdes_m/CLK
  -------------------------------------------------------------------    -------------------
    OLOGIC_X0Y18         OSERDESE2 (Prop_oserdese2_CLK_OQ)
                                                      0.177     0.755 r  datapath_inst/hdmi0_inst/inst/serial_b/oserdes_m/OQ
                         net (fo=1, routed)           0.001     0.756    datapath_inst/hdmi0_inst/inst/TMDSINT_0
    V20                  OBUFDS (Prop_obufds_I_OB)    0.822     1.578 r  datapath_inst/hdmi0_inst/inst/OBUFDS_B/OB
                         net (fo=0)                   0.000     1.578    tmdsDataN[0]
    W20                                                               r  tmdsDataN[0] (OUT)
  -------------------------------------------------------------------    -------------------

Slack:                    inf
  Source:                 datapath_inst/hdmi0_inst/inst/serial_r/oserdes_m/CLK
                            (rising edge-triggered cell OSERDESE2 clocked by clk_out2_clk_wiz_0  {rise@0.000ns fall@1.347ns period=2.695ns})
  Destination:            tmdsDataP[2]
                            (output port)
  Path Group:             (none)
  Path Type:              Min at Fast Process Corner
  Data Path Delay:        1.004ns  (logic 1.003ns (99.900%)  route 0.001ns (0.100%))
  Logic Levels:           1  (OBUFDS=1)
  Clock Uncertainty:      0.799ns  ((TSJ^2 + DJ^2)^1/2) / 2 + PE
    Total System Jitter     (TSJ):    0.050ns
    Discrete Jitter          (DJ):    0.373ns
    Phase Error              (PE):    0.611ns

    Location             Delay type                Incr(ns)  Path(ns)    Netlist Resource(s)
  -------------------------------------------------------------------    -------------------
                         (clock clk_out2_clk_wiz_0 rise edge)
                                                      0.000     0.000 r  
    BUFGCTRL_X0Y2        BUFG                         0.000     0.000 r  clk_IBUF_BUFG_inst/O
                         net (fo=152, routed)         0.546     0.546    datapath_inst/vc/inst/clk_in1
    MMCME2_ADV_X0Y0      MMCME2_ADV (Prop_mmcme2_adv_CLKIN1_CLKOUT1)
                                                     -1.053    -0.508 r  datapath_inst/vc/inst/mmcm_adv_inst/CLKOUT1
                         net (fo=1, routed)           0.482    -0.026    datapath_inst/vc/inst/clk_out2_clk_wiz_0
    BUFGCTRL_X0Y1        BUFG (Prop_bufg_I_O)         0.026     0.000 r  datapath_inst/vc/inst/clkout2_buf/O
                         net (fo=8, routed)           0.575     0.575    datapath_inst/hdmi0_inst/inst/serial_r/pix_clkx5
    OLOGIC_X0Y22         OSERDESE2                                    r  datapath_inst/hdmi0_inst/inst/serial_r/oserdes_m/CLK
  -------------------------------------------------------------------    -------------------
    OLOGIC_X0Y22         OSERDESE2 (Prop_oserdese2_CLK_OQ)
                                                      0.177     0.752 r  datapath_inst/hdmi0_inst/inst/serial_r/oserdes_m/OQ
                         net (fo=1, routed)           0.001     0.753    datapath_inst/hdmi0_inst/inst/TMDSINT_2
    N20                  OBUFDS (Prop_obufds_I_O)     0.826     1.578 r  datapath_inst/hdmi0_inst/inst/OBUFDS_R/O
                         net (fo=0)                   0.000     1.578    tmdsDataP[2]
    N20                                                               r  tmdsDataP[2] (OUT)
  -------------------------------------------------------------------    -------------------

Slack:                    inf
  Source:                 datapath_inst/hdmi0_inst/inst/serial_r/oserdes_m/CLK
                            (rising edge-triggered cell OSERDESE2 clocked by clk_out2_clk_wiz_0  {rise@0.000ns fall@1.347ns period=2.695ns})
  Destination:            tmdsDataN[2]
                            (output port)
  Path Group:             (none)
  Path Type:              Min at Fast Process Corner
  Data Path Delay:        1.005ns  (logic 1.004ns (99.900%)  route 0.001ns (0.100%))
  Logic Levels:           1  (OBUFDS=1)
  Clock Uncertainty:      0.799ns  ((TSJ^2 + DJ^2)^1/2) / 2 + PE
    Total System Jitter     (TSJ):    0.050ns
    Discrete Jitter          (DJ):    0.373ns
    Phase Error              (PE):    0.611ns

    Location             Delay type                Incr(ns)  Path(ns)    Netlist Resource(s)
  -------------------------------------------------------------------    -------------------
                         (clock clk_out2_clk_wiz_0 rise edge)
                                                      0.000     0.000 r  
    BUFGCTRL_X0Y2        BUFG                         0.000     0.000 r  clk_IBUF_BUFG_inst/O
                         net (fo=152, routed)         0.546     0.546    datapath_inst/vc/inst/clk_in1
    MMCME2_ADV_X0Y0      MMCME2_ADV (Prop_mmcme2_adv_CLKIN1_CLKOUT1)
                                                     -1.053    -0.508 r  datapath_inst/vc/inst/mmcm_adv_inst/CLKOUT1
                         net (fo=1, routed)           0.482    -0.026    datapath_inst/vc/inst/clk_out2_clk_wiz_0
    BUFGCTRL_X0Y1        BUFG (Prop_bufg_I_O)         0.026     0.000 r  datapath_inst/vc/inst/clkout2_buf/O
                         net (fo=8, routed)           0.575     0.575    datapath_inst/hdmi0_inst/inst/serial_r/pix_clkx5
    OLOGIC_X0Y22         OSERDESE2                                    r  datapath_inst/hdmi0_inst/inst/serial_r/oserdes_m/CLK
  -------------------------------------------------------------------    -------------------
    OLOGIC_X0Y22         OSERDESE2 (Prop_oserdese2_CLK_OQ)
                                                      0.177     0.752 r  datapath_inst/hdmi0_inst/inst/serial_r/oserdes_m/OQ
                         net (fo=1, routed)           0.001     0.753    datapath_inst/hdmi0_inst/inst/TMDSINT_2
    N20                  OBUFDS (Prop_obufds_I_OB)    0.827     1.579 r  datapath_inst/hdmi0_inst/inst/OBUFDS_R/OB
                         net (fo=0)                   0.000     1.579    tmdsDataN[2]
    P20                                                               r  tmdsDataN[2] (OUT)
  -------------------------------------------------------------------    -------------------





--------------------------------------------------------------------------------------
Path Group:  (none)
From Clock:  clkfbout_clk_wiz_0
  To Clock:  

Max Delay             1 Endpoint
Min Delay             1 Endpoint
--------------------------------------------------------------------------------------


Max Delay Paths
--------------------------------------------------------------------------------------
Slack:                    inf
  Source:                 datapath_inst/vc/inst/mmcm_adv_inst/CLKFBOUT
                            (clock source 'clkfbout_clk_wiz_0'  {rise@0.000ns fall@40.000ns period=80.000ns})
  Destination:            datapath_inst/vc/inst/mmcm_adv_inst/CLKFBIN
  Path Group:             (none)
  Path Type:              Max at Slow Process Corner
  Data Path Delay:        3.538ns  (logic 0.101ns (2.855%)  route 3.437ns (97.145%))
  Logic Levels:           1  (BUFG=1)
  Clock Uncertainty:      0.783ns  ((TSJ^2 + DJ^2)^1/2) / 2 + PE
    Total System Jitter     (TSJ):    0.050ns
    Discrete Jitter          (DJ):    0.340ns
    Phase Error              (PE):    0.611ns

    Location             Delay type                Incr(ns)  Path(ns)    Netlist Resource(s)
  -------------------------------------------------------------------    -------------------
                         (clock clkfbout_clk_wiz_0 fall edge)
                                                     40.000    40.000 f  
    BUFGCTRL_X0Y2        BUFG                         0.000    40.000 f  clk_IBUF_BUFG_inst/O
                         net (fo=152, routed)         1.677    41.677    datapath_inst/vc/inst/clk_in1
  -------------------------------------------------------------------    -------------------
    MMCME2_ADV_X0Y0      MMCME2_ADV (Prop_mmcme2_adv_CLKIN1_CLKFBOUT)
                                                     -3.538    38.139 f  datapath_inst/vc/inst/mmcm_adv_inst/CLKFBOUT
                         net (fo=1, routed)           1.760    39.899    datapath_inst/vc/inst/clkfbout_clk_wiz_0
    BUFGCTRL_X0Y3        BUFG (Prop_bufg_I_O)         0.101    40.000 f  datapath_inst/vc/inst/clkf_buf/O
                         net (fo=1, routed)           1.677    41.677    datapath_inst/vc/inst/clkfbout_buf_clk_wiz_0
    MMCME2_ADV_X0Y0      MMCME2_ADV                                   f  datapath_inst/vc/inst/mmcm_adv_inst/CLKFBIN
  -------------------------------------------------------------------    -------------------





Min Delay Paths
--------------------------------------------------------------------------------------
Slack:                    inf
  Source:                 datapath_inst/vc/inst/mmcm_adv_inst/CLKFBOUT
                            (clock source 'clkfbout_clk_wiz_0'  {rise@0.000ns fall@40.000ns period=80.000ns})
  Destination:            datapath_inst/vc/inst/mmcm_adv_inst/CLKFBIN
  Path Group:             (none)
  Path Type:              Min at Fast Process Corner
  Data Path Delay:        1.053ns  (logic 0.026ns (2.468%)  route 1.028ns (97.532%))
  Logic Levels:           1  (BUFG=1)
  Clock Uncertainty:      0.783ns  ((TSJ^2 + DJ^2)^1/2) / 2 + PE
    Total System Jitter     (TSJ):    0.050ns
    Discrete Jitter          (DJ):    0.340ns
    Phase Error              (PE):    0.611ns

    Location             Delay type                Incr(ns)  Path(ns)    Netlist Resource(s)
  -------------------------------------------------------------------    -------------------
                         (clock clkfbout_clk_wiz_0 rise edge)
                                                      0.000     0.000 r  
    BUFGCTRL_X0Y2        BUFG                         0.000     0.000 r  clk_IBUF_BUFG_inst/O
                         net (fo=152, routed)         0.546     0.546    datapath_inst/vc/inst/clk_in1
  -------------------------------------------------------------------    -------------------
    MMCME2_ADV_X0Y0      MMCME2_ADV (Prop_mmcme2_adv_CLKIN1_CLKFBOUT)
                                                     -1.053    -0.508 r  datapath_inst/vc/inst/mmcm_adv_inst/CLKFBOUT
                         net (fo=1, routed)           0.482    -0.026    datapath_inst/vc/inst/clkfbout_clk_wiz_0
    BUFGCTRL_X0Y3        BUFG (Prop_bufg_I_O)         0.026     0.000 r  datapath_inst/vc/inst/clkf_buf/O
                         net (fo=1, routed)           0.546     0.546    datapath_inst/vc/inst/clkfbout_buf_clk_wiz_0
    MMCME2_ADV_X0Y0      MMCME2_ADV                                   r  datapath_inst/vc/inst/mmcm_adv_inst/CLKFBIN
  -------------------------------------------------------------------    -------------------





--------------------------------------------------------------------------------------
Path Group:  (none)
From Clock:  
  To Clock:  clk

Max Delay           222 Endpoints
Min Delay           222 Endpoints
--------------------------------------------------------------------------------------


Max Delay Paths
--------------------------------------------------------------------------------------
Slack:                    inf
  Source:                 resetn
                            (input port)
  Destination:            datapath_inst/sampleIntervalCounter_inst/tmp_reg[0]/R
                            (rising edge-triggered cell FDRE clocked by clk  {rise@0.000ns fall@10.000ns period=20.000ns})
  Path Group:             (none)
  Path Type:              Setup (Max at Slow Process Corner)
  Data Path Delay:        7.525ns  (logic 1.601ns (21.274%)  route 5.924ns (78.726%))
  Logic Levels:           2  (IBUF=1 LUT1=1)
  Clock Path Skew:        4.928ns (DCD - SCD + CPR)
    Destination Clock Delay (DCD):    4.928ns
    Source Clock Delay      (SCD):    0.000ns
    Clock Pessimism Removal (CPR):    0.000ns
  Clock Uncertainty:      0.025ns  ((TSJ^2 + TIJ^2)^1/2 + DJ) / 2 + PE
    Total System Jitter     (TSJ):    0.050ns
    Total Input Jitter      (TIJ):    0.000ns
    Discrete Jitter          (DJ):    0.000ns
    Phase Error              (PE):    0.000ns

    Location             Delay type                Incr(ns)  Path(ns)    Netlist Resource(s)
  -------------------------------------------------------------------    -------------------
    N15                                               0.000     0.000 f  resetn (IN)
                         net (fo=0)                   0.000     0.000    resetn
    N15                  IBUF (Prop_ibuf_I_O)         1.477     1.477 f  resetn_IBUF_inst/O
                         net (fo=5, routed)           2.818     4.294    datapath_inst/sampleIntervalCounter_inst/resetn_IBUF
    SLICE_X43Y9          LUT1 (Prop_lut1_I0_O)        0.124     4.418 r  datapath_inst/sampleIntervalCounter_inst/hdmi0_inst_i_1/O
                         net (fo=182, routed)         3.106     7.525    datapath_inst/sampleIntervalCounter_inst/SR[0]
    SLICE_X35Y9          FDRE                                         r  datapath_inst/sampleIntervalCounter_inst/tmp_reg[0]/R
  -------------------------------------------------------------------    -------------------

                         (clock clk rise edge)        0.000     0.000 r  
    U18                                               0.000     0.000 r  clk (IN)
                         net (fo=0)                   0.000     0.000    clk
    U18                  IBUF (Prop_ibuf_I_O)         1.459     1.459 r  clk_IBUF_inst/O
                         net (fo=1, routed)           1.880     3.339    clk_IBUF
    BUFGCTRL_X0Y2        BUFG (Prop_bufg_I_O)         0.091     3.430 r  clk_IBUF_BUFG_inst/O
                         net (fo=152, routed)         1.498     4.928    datapath_inst/sampleIntervalCounter_inst/clk
    SLICE_X35Y9          FDRE                                         r  datapath_inst/sampleIntervalCounter_inst/tmp_reg[0]/C

Slack:                    inf
  Source:                 resetn
                            (input port)
  Destination:            datapath_inst/dataStorageCounter_inst/tmp_reg[1]/R
                            (rising edge-triggered cell FDRE clocked by clk  {rise@0.000ns fall@10.000ns period=20.000ns})
  Path Group:             (none)
  Path Type:              Setup (Max at Slow Process Corner)
  Data Path Delay:        7.284ns  (logic 1.601ns (21.977%)  route 5.683ns (78.023%))
  Logic Levels:           2  (IBUF=1 LUT1=1)
  Clock Path Skew:        4.924ns (DCD - SCD + CPR)
    Destination Clock Delay (DCD):    4.924ns
    Source Clock Delay      (SCD):    0.000ns
    Clock Pessimism Removal (CPR):    0.000ns
  Clock Uncertainty:      0.025ns  ((TSJ^2 + TIJ^2)^1/2 + DJ) / 2 + PE
    Total System Jitter     (TSJ):    0.050ns
    Total Input Jitter      (TIJ):    0.000ns
    Discrete Jitter          (DJ):    0.000ns
    Phase Error              (PE):    0.000ns

    Location             Delay type                Incr(ns)  Path(ns)    Netlist Resource(s)
  -------------------------------------------------------------------    -------------------
    N15                                               0.000     0.000 f  resetn (IN)
                         net (fo=0)                   0.000     0.000    resetn
    N15                  IBUF (Prop_ibuf_I_O)         1.477     1.477 f  resetn_IBUF_inst/O
                         net (fo=5, routed)           2.818     4.294    datapath_inst/sampleIntervalCounter_inst/resetn_IBUF
    SLICE_X43Y9          LUT1 (Prop_lut1_I0_O)        0.124     4.418 r  datapath_inst/sampleIntervalCounter_inst/hdmi0_inst_i_1/O
                         net (fo=182, routed)         2.866     7.284    datapath_inst/dataStorageCounter_inst/SR[0]
    SLICE_X26Y13         FDRE                                         r  datapath_inst/dataStorageCounter_inst/tmp_reg[1]/R
  -------------------------------------------------------------------    -------------------

                         (clock clk rise edge)        0.000     0.000 r  
    U18                                               0.000     0.000 r  clk (IN)
                         net (fo=0)                   0.000     0.000    clk
    U18                  IBUF (Prop_ibuf_I_O)         1.459     1.459 r  clk_IBUF_inst/O
                         net (fo=1, routed)           1.880     3.339    clk_IBUF
    BUFGCTRL_X0Y2        BUFG (Prop_bufg_I_O)         0.091     3.430 r  clk_IBUF_BUFG_inst/O
                         net (fo=152, routed)         1.494     4.924    datapath_inst/dataStorageCounter_inst/clk
    SLICE_X26Y13         FDRE                                         r  datapath_inst/dataStorageCounter_inst/tmp_reg[1]/C

Slack:                    inf
  Source:                 resetn
                            (input port)
  Destination:            datapath_inst/dataStorageCounter_inst/tmp_reg[5]/R
                            (rising edge-triggered cell FDRE clocked by clk  {rise@0.000ns fall@10.000ns period=20.000ns})
  Path Group:             (none)
  Path Type:              Setup (Max at Slow Process Corner)
  Data Path Delay:        7.284ns  (logic 1.601ns (21.977%)  route 5.683ns (78.023%))
  Logic Levels:           2  (IBUF=1 LUT1=1)
  Clock Path Skew:        4.924ns (DCD - SCD + CPR)
    Destination Clock Delay (DCD):    4.924ns
    Source Clock Delay      (SCD):    0.000ns
    Clock Pessimism Removal (CPR):    0.000ns
  Clock Uncertainty:      0.025ns  ((TSJ^2 + TIJ^2)^1/2 + DJ) / 2 + PE
    Total System Jitter     (TSJ):    0.050ns
    Total Input Jitter      (TIJ):    0.000ns
    Discrete Jitter          (DJ):    0.000ns
    Phase Error              (PE):    0.000ns

    Location             Delay type                Incr(ns)  Path(ns)    Netlist Resource(s)
  -------------------------------------------------------------------    -------------------
    N15                                               0.000     0.000 f  resetn (IN)
                         net (fo=0)                   0.000     0.000    resetn
    N15                  IBUF (Prop_ibuf_I_O)         1.477     1.477 f  resetn_IBUF_inst/O
                         net (fo=5, routed)           2.818     4.294    datapath_inst/sampleIntervalCounter_inst/resetn_IBUF
    SLICE_X43Y9          LUT1 (Prop_lut1_I0_O)        0.124     4.418 r  datapath_inst/sampleIntervalCounter_inst/hdmi0_inst_i_1/O
                         net (fo=182, routed)         2.866     7.284    datapath_inst/dataStorageCounter_inst/SR[0]
    SLICE_X26Y13         FDRE                                         r  datapath_inst/dataStorageCounter_inst/tmp_reg[5]/R
  -------------------------------------------------------------------    -------------------

                         (clock clk rise edge)        0.000     0.000 r  
    U18                                               0.000     0.000 r  clk (IN)
                         net (fo=0)                   0.000     0.000    clk
    U18                  IBUF (Prop_ibuf_I_O)         1.459     1.459 r  clk_IBUF_inst/O
                         net (fo=1, routed)           1.880     3.339    clk_IBUF
    BUFGCTRL_X0Y2        BUFG (Prop_bufg_I_O)         0.091     3.430 r  clk_IBUF_BUFG_inst/O
                         net (fo=152, routed)         1.494     4.924    datapath_inst/dataStorageCounter_inst/clk
    SLICE_X26Y13         FDRE                                         r  datapath_inst/dataStorageCounter_inst/tmp_reg[5]/C

Slack:                    inf
  Source:                 resetn
                            (input port)
  Destination:            datapath_inst/dataStorageCounter_inst/tmp_reg[6]/R
                            (rising edge-triggered cell FDRE clocked by clk  {rise@0.000ns fall@10.000ns period=20.000ns})
  Path Group:             (none)
  Path Type:              Setup (Max at Slow Process Corner)
  Data Path Delay:        7.284ns  (logic 1.601ns (21.977%)  route 5.683ns (78.023%))
  Logic Levels:           2  (IBUF=1 LUT1=1)
  Clock Path Skew:        4.924ns (DCD - SCD + CPR)
    Destination Clock Delay (DCD):    4.924ns
    Source Clock Delay      (SCD):    0.000ns
    Clock Pessimism Removal (CPR):    0.000ns
  Clock Uncertainty:      0.025ns  ((TSJ^2 + TIJ^2)^1/2 + DJ) / 2 + PE
    Total System Jitter     (TSJ):    0.050ns
    Total Input Jitter      (TIJ):    0.000ns
    Discrete Jitter          (DJ):    0.000ns
    Phase Error              (PE):    0.000ns

    Location             Delay type                Incr(ns)  Path(ns)    Netlist Resource(s)
  -------------------------------------------------------------------    -------------------
    N15                                               0.000     0.000 f  resetn (IN)
                         net (fo=0)                   0.000     0.000    resetn
    N15                  IBUF (Prop_ibuf_I_O)         1.477     1.477 f  resetn_IBUF_inst/O
                         net (fo=5, routed)           2.818     4.294    datapath_inst/sampleIntervalCounter_inst/resetn_IBUF
    SLICE_X43Y9          LUT1 (Prop_lut1_I0_O)        0.124     4.418 r  datapath_inst/sampleIntervalCounter_inst/hdmi0_inst_i_1/O
                         net (fo=182, routed)         2.866     7.284    datapath_inst/dataStorageCounter_inst/SR[0]
    SLICE_X26Y13         FDRE                                         r  datapath_inst/dataStorageCounter_inst/tmp_reg[6]/R
  -------------------------------------------------------------------    -------------------

                         (clock clk rise edge)        0.000     0.000 r  
    U18                                               0.000     0.000 r  clk (IN)
                         net (fo=0)                   0.000     0.000    clk
    U18                  IBUF (Prop_ibuf_I_O)         1.459     1.459 r  clk_IBUF_inst/O
                         net (fo=1, routed)           1.880     3.339    clk_IBUF
    BUFGCTRL_X0Y2        BUFG (Prop_bufg_I_O)         0.091     3.430 r  clk_IBUF_BUFG_inst/O
                         net (fo=152, routed)         1.494     4.924    datapath_inst/dataStorageCounter_inst/clk
    SLICE_X26Y13         FDRE                                         r  datapath_inst/dataStorageCounter_inst/tmp_reg[6]/C

Slack:                    inf
  Source:                 resetn
                            (input port)
  Destination:            datapath_inst/dataStorageCounter_inst/tmp_reg[9]/R
                            (rising edge-triggered cell FDRE clocked by clk  {rise@0.000ns fall@10.000ns period=20.000ns})
  Path Group:             (none)
  Path Type:              Setup (Max at Slow Process Corner)
  Data Path Delay:        7.284ns  (logic 1.601ns (21.977%)  route 5.683ns (78.023%))
  Logic Levels:           2  (IBUF=1 LUT1=1)
  Clock Path Skew:        4.924ns (DCD - SCD + CPR)
    Destination Clock Delay (DCD):    4.924ns
    Source Clock Delay      (SCD):    0.000ns
    Clock Pessimism Removal (CPR):    0.000ns
  Clock Uncertainty:      0.025ns  ((TSJ^2 + TIJ^2)^1/2 + DJ) / 2 + PE
    Total System Jitter     (TSJ):    0.050ns
    Total Input Jitter      (TIJ):    0.000ns
    Discrete Jitter          (DJ):    0.000ns
    Phase Error              (PE):    0.000ns

    Location             Delay type                Incr(ns)  Path(ns)    Netlist Resource(s)
  -------------------------------------------------------------------    -------------------
    N15                                               0.000     0.000 f  resetn (IN)
                         net (fo=0)                   0.000     0.000    resetn
    N15                  IBUF (Prop_ibuf_I_O)         1.477     1.477 f  resetn_IBUF_inst/O
                         net (fo=5, routed)           2.818     4.294    datapath_inst/sampleIntervalCounter_inst/resetn_IBUF
    SLICE_X43Y9          LUT1 (Prop_lut1_I0_O)        0.124     4.418 r  datapath_inst/sampleIntervalCounter_inst/hdmi0_inst_i_1/O
                         net (fo=182, routed)         2.866     7.284    datapath_inst/dataStorageCounter_inst/SR[0]
    SLICE_X26Y13         FDRE                                         r  datapath_inst/dataStorageCounter_inst/tmp_reg[9]/R
  -------------------------------------------------------------------    -------------------

                         (clock clk rise edge)        0.000     0.000 r  
    U18                                               0.000     0.000 r  clk (IN)
                         net (fo=0)                   0.000     0.000    clk
    U18                  IBUF (Prop_ibuf_I_O)         1.459     1.459 r  clk_IBUF_inst/O
                         net (fo=1, routed)           1.880     3.339    clk_IBUF
    BUFGCTRL_X0Y2        BUFG (Prop_bufg_I_O)         0.091     3.430 r  clk_IBUF_BUFG_inst/O
                         net (fo=152, routed)         1.494     4.924    datapath_inst/dataStorageCounter_inst/clk
    SLICE_X26Y13         FDRE                                         r  datapath_inst/dataStorageCounter_inst/tmp_reg[9]/C

Slack:                    inf
  Source:                 resetn
                            (input port)
  Destination:            datapath_inst/dataStorageCounter_inst/tmp_reg[2]/R
                            (rising edge-triggered cell FDRE clocked by clk  {rise@0.000ns fall@10.000ns period=20.000ns})
  Path Group:             (none)
  Path Type:              Setup (Max at Slow Process Corner)
  Data Path Delay:        7.280ns  (logic 1.601ns (21.990%)  route 5.679ns (78.010%))
  Logic Levels:           2  (IBUF=1 LUT1=1)
  Clock Path Skew:        4.924ns (DCD - SCD + CPR)
    Destination Clock Delay (DCD):    4.924ns
    Source Clock Delay      (SCD):    0.000ns
    Clock Pessimism Removal (CPR):    0.000ns
  Clock Uncertainty:      0.025ns  ((TSJ^2 + TIJ^2)^1/2 + DJ) / 2 + PE
    Total System Jitter     (TSJ):    0.050ns
    Total Input Jitter      (TIJ):    0.000ns
    Discrete Jitter          (DJ):    0.000ns
    Phase Error              (PE):    0.000ns

    Location             Delay type                Incr(ns)  Path(ns)    Netlist Resource(s)
  -------------------------------------------------------------------    -------------------
    N15                                               0.000     0.000 f  resetn (IN)
                         net (fo=0)                   0.000     0.000    resetn
    N15                  IBUF (Prop_ibuf_I_O)         1.477     1.477 f  resetn_IBUF_inst/O
                         net (fo=5, routed)           2.818     4.294    datapath_inst/sampleIntervalCounter_inst/resetn_IBUF
    SLICE_X43Y9          LUT1 (Prop_lut1_I0_O)        0.124     4.418 r  datapath_inst/sampleIntervalCounter_inst/hdmi0_inst_i_1/O
                         net (fo=182, routed)         2.861     7.280    datapath_inst/dataStorageCounter_inst/SR[0]
    SLICE_X27Y13         FDRE                                         r  datapath_inst/dataStorageCounter_inst/tmp_reg[2]/R
  -------------------------------------------------------------------    -------------------

                         (clock clk rise edge)        0.000     0.000 r  
    U18                                               0.000     0.000 r  clk (IN)
                         net (fo=0)                   0.000     0.000    clk
    U18                  IBUF (Prop_ibuf_I_O)         1.459     1.459 r  clk_IBUF_inst/O
                         net (fo=1, routed)           1.880     3.339    clk_IBUF
    BUFGCTRL_X0Y2        BUFG (Prop_bufg_I_O)         0.091     3.430 r  clk_IBUF_BUFG_inst/O
                         net (fo=152, routed)         1.494     4.924    datapath_inst/dataStorageCounter_inst/clk
    SLICE_X27Y13         FDRE                                         r  datapath_inst/dataStorageCounter_inst/tmp_reg[2]/C

Slack:                    inf
  Source:                 resetn
                            (input port)
  Destination:            datapath_inst/dataStorageCounter_inst/tmp_reg[3]/R
                            (rising edge-triggered cell FDRE clocked by clk  {rise@0.000ns fall@10.000ns period=20.000ns})
  Path Group:             (none)
  Path Type:              Setup (Max at Slow Process Corner)
  Data Path Delay:        7.280ns  (logic 1.601ns (21.990%)  route 5.679ns (78.010%))
  Logic Levels:           2  (IBUF=1 LUT1=1)
  Clock Path Skew:        4.924ns (DCD - SCD + CPR)
    Destination Clock Delay (DCD):    4.924ns
    Source Clock Delay      (SCD):    0.000ns
    Clock Pessimism Removal (CPR):    0.000ns
  Clock Uncertainty:      0.025ns  ((TSJ^2 + TIJ^2)^1/2 + DJ) / 2 + PE
    Total System Jitter     (TSJ):    0.050ns
    Total Input Jitter      (TIJ):    0.000ns
    Discrete Jitter          (DJ):    0.000ns
    Phase Error              (PE):    0.000ns

    Location             Delay type                Incr(ns)  Path(ns)    Netlist Resource(s)
  -------------------------------------------------------------------    -------------------
    N15                                               0.000     0.000 f  resetn (IN)
                         net (fo=0)                   0.000     0.000    resetn
    N15                  IBUF (Prop_ibuf_I_O)         1.477     1.477 f  resetn_IBUF_inst/O
                         net (fo=5, routed)           2.818     4.294    datapath_inst/sampleIntervalCounter_inst/resetn_IBUF
    SLICE_X43Y9          LUT1 (Prop_lut1_I0_O)        0.124     4.418 r  datapath_inst/sampleIntervalCounter_inst/hdmi0_inst_i_1/O
                         net (fo=182, routed)         2.861     7.280    datapath_inst/dataStorageCounter_inst/SR[0]
    SLICE_X27Y13         FDRE                                         r  datapath_inst/dataStorageCounter_inst/tmp_reg[3]/R
  -------------------------------------------------------------------    -------------------

                         (clock clk rise edge)        0.000     0.000 r  
    U18                                               0.000     0.000 r  clk (IN)
                         net (fo=0)                   0.000     0.000    clk
    U18                  IBUF (Prop_ibuf_I_O)         1.459     1.459 r  clk_IBUF_inst/O
                         net (fo=1, routed)           1.880     3.339    clk_IBUF
    BUFGCTRL_X0Y2        BUFG (Prop_bufg_I_O)         0.091     3.430 r  clk_IBUF_BUFG_inst/O
                         net (fo=152, routed)         1.494     4.924    datapath_inst/dataStorageCounter_inst/clk
    SLICE_X27Y13         FDRE                                         r  datapath_inst/dataStorageCounter_inst/tmp_reg[3]/C

Slack:                    inf
  Source:                 resetn
                            (input port)
  Destination:            datapath_inst/dataStorageCounter_inst/tmp_reg[4]/R
                            (rising edge-triggered cell FDRE clocked by clk  {rise@0.000ns fall@10.000ns period=20.000ns})
  Path Group:             (none)
  Path Type:              Setup (Max at Slow Process Corner)
  Data Path Delay:        7.280ns  (logic 1.601ns (21.990%)  route 5.679ns (78.010%))
  Logic Levels:           2  (IBUF=1 LUT1=1)
  Clock Path Skew:        4.924ns (DCD - SCD + CPR)
    Destination Clock Delay (DCD):    4.924ns
    Source Clock Delay      (SCD):    0.000ns
    Clock Pessimism Removal (CPR):    0.000ns
  Clock Uncertainty:      0.025ns  ((TSJ^2 + TIJ^2)^1/2 + DJ) / 2 + PE
    Total System Jitter     (TSJ):    0.050ns
    Total Input Jitter      (TIJ):    0.000ns
    Discrete Jitter          (DJ):    0.000ns
    Phase Error              (PE):    0.000ns

    Location             Delay type                Incr(ns)  Path(ns)    Netlist Resource(s)
  -------------------------------------------------------------------    -------------------
    N15                                               0.000     0.000 f  resetn (IN)
                         net (fo=0)                   0.000     0.000    resetn
    N15                  IBUF (Prop_ibuf_I_O)         1.477     1.477 f  resetn_IBUF_inst/O
                         net (fo=5, routed)           2.818     4.294    datapath_inst/sampleIntervalCounter_inst/resetn_IBUF
    SLICE_X43Y9          LUT1 (Prop_lut1_I0_O)        0.124     4.418 r  datapath_inst/sampleIntervalCounter_inst/hdmi0_inst_i_1/O
                         net (fo=182, routed)         2.861     7.280    datapath_inst/dataStorageCounter_inst/SR[0]
    SLICE_X27Y13         FDRE                                         r  datapath_inst/dataStorageCounter_inst/tmp_reg[4]/R
  -------------------------------------------------------------------    -------------------

                         (clock clk rise edge)        0.000     0.000 r  
    U18                                               0.000     0.000 r  clk (IN)
                         net (fo=0)                   0.000     0.000    clk
    U18                  IBUF (Prop_ibuf_I_O)         1.459     1.459 r  clk_IBUF_inst/O
                         net (fo=1, routed)           1.880     3.339    clk_IBUF
    BUFGCTRL_X0Y2        BUFG (Prop_bufg_I_O)         0.091     3.430 r  clk_IBUF_BUFG_inst/O
                         net (fo=152, routed)         1.494     4.924    datapath_inst/dataStorageCounter_inst/clk
    SLICE_X27Y13         FDRE                                         r  datapath_inst/dataStorageCounter_inst/tmp_reg[4]/C

Slack:                    inf
  Source:                 resetn
                            (input port)
  Destination:            datapath_inst/dataStorageCounter_inst/tmp_reg[7]/R
                            (rising edge-triggered cell FDRE clocked by clk  {rise@0.000ns fall@10.000ns period=20.000ns})
  Path Group:             (none)
  Path Type:              Setup (Max at Slow Process Corner)
  Data Path Delay:        7.280ns  (logic 1.601ns (21.990%)  route 5.679ns (78.010%))
  Logic Levels:           2  (IBUF=1 LUT1=1)
  Clock Path Skew:        4.924ns (DCD - SCD + CPR)
    Destination Clock Delay (DCD):    4.924ns
    Source Clock Delay      (SCD):    0.000ns
    Clock Pessimism Removal (CPR):    0.000ns
  Clock Uncertainty:      0.025ns  ((TSJ^2 + TIJ^2)^1/2 + DJ) / 2 + PE
    Total System Jitter     (TSJ):    0.050ns
    Total Input Jitter      (TIJ):    0.000ns
    Discrete Jitter          (DJ):    0.000ns
    Phase Error              (PE):    0.000ns

    Location             Delay type                Incr(ns)  Path(ns)    Netlist Resource(s)
  -------------------------------------------------------------------    -------------------
    N15                                               0.000     0.000 f  resetn (IN)
                         net (fo=0)                   0.000     0.000    resetn
    N15                  IBUF (Prop_ibuf_I_O)         1.477     1.477 f  resetn_IBUF_inst/O
                         net (fo=5, routed)           2.818     4.294    datapath_inst/sampleIntervalCounter_inst/resetn_IBUF
    SLICE_X43Y9          LUT1 (Prop_lut1_I0_O)        0.124     4.418 r  datapath_inst/sampleIntervalCounter_inst/hdmi0_inst_i_1/O
                         net (fo=182, routed)         2.861     7.280    datapath_inst/dataStorageCounter_inst/SR[0]
    SLICE_X27Y13         FDRE                                         r  datapath_inst/dataStorageCounter_inst/tmp_reg[7]/R
  -------------------------------------------------------------------    -------------------

                         (clock clk rise edge)        0.000     0.000 r  
    U18                                               0.000     0.000 r  clk (IN)
                         net (fo=0)                   0.000     0.000    clk
    U18                  IBUF (Prop_ibuf_I_O)         1.459     1.459 r  clk_IBUF_inst/O
                         net (fo=1, routed)           1.880     3.339    clk_IBUF
    BUFGCTRL_X0Y2        BUFG (Prop_bufg_I_O)         0.091     3.430 r  clk_IBUF_BUFG_inst/O
                         net (fo=152, routed)         1.494     4.924    datapath_inst/dataStorageCounter_inst/clk
    SLICE_X27Y13         FDRE                                         r  datapath_inst/dataStorageCounter_inst/tmp_reg[7]/C

Slack:                    inf
  Source:                 resetn
                            (input port)
  Destination:            datapath_inst/dataStorageCounter_inst/tmp_reg[8]/R
                            (rising edge-triggered cell FDRE clocked by clk  {rise@0.000ns fall@10.000ns period=20.000ns})
  Path Group:             (none)
  Path Type:              Setup (Max at Slow Process Corner)
  Data Path Delay:        7.280ns  (logic 1.601ns (21.990%)  route 5.679ns (78.010%))
  Logic Levels:           2  (IBUF=1 LUT1=1)
  Clock Path Skew:        4.924ns (DCD - SCD + CPR)
    Destination Clock Delay (DCD):    4.924ns
    Source Clock Delay      (SCD):    0.000ns
    Clock Pessimism Removal (CPR):    0.000ns
  Clock Uncertainty:      0.025ns  ((TSJ^2 + TIJ^2)^1/2 + DJ) / 2 + PE
    Total System Jitter     (TSJ):    0.050ns
    Total Input Jitter      (TIJ):    0.000ns
    Discrete Jitter          (DJ):    0.000ns
    Phase Error              (PE):    0.000ns

    Location             Delay type                Incr(ns)  Path(ns)    Netlist Resource(s)
  -------------------------------------------------------------------    -------------------
    N15                                               0.000     0.000 f  resetn (IN)
                         net (fo=0)                   0.000     0.000    resetn
    N15                  IBUF (Prop_ibuf_I_O)         1.477     1.477 f  resetn_IBUF_inst/O
                         net (fo=5, routed)           2.818     4.294    datapath_inst/sampleIntervalCounter_inst/resetn_IBUF
    SLICE_X43Y9          LUT1 (Prop_lut1_I0_O)        0.124     4.418 r  datapath_inst/sampleIntervalCounter_inst/hdmi0_inst_i_1/O
                         net (fo=182, routed)         2.861     7.280    datapath_inst/dataStorageCounter_inst/SR[0]
    SLICE_X27Y13         FDRE                                         r  datapath_inst/dataStorageCounter_inst/tmp_reg[8]/R
  -------------------------------------------------------------------    -------------------

                         (clock clk rise edge)        0.000     0.000 r  
    U18                                               0.000     0.000 r  clk (IN)
                         net (fo=0)                   0.000     0.000    clk
    U18                  IBUF (Prop_ibuf_I_O)         1.459     1.459 r  clk_IBUF_inst/O
                         net (fo=1, routed)           1.880     3.339    clk_IBUF
    BUFGCTRL_X0Y2        BUFG (Prop_bufg_I_O)         0.091     3.430 r  clk_IBUF_BUFG_inst/O
                         net (fo=152, routed)         1.494     4.924    datapath_inst/dataStorageCounter_inst/clk
    SLICE_X27Y13         FDRE                                         r  datapath_inst/dataStorageCounter_inst/tmp_reg[8]/C





Min Delay Paths
--------------------------------------------------------------------------------------
Slack:                    inf
  Source:                 btn[0]
                            (input port)
  Destination:            btnPrev_reg[0]/D
                            (rising edge-triggered cell FDSE clocked by clk  {rise@0.000ns fall@10.000ns period=20.000ns})
  Path Group:             (none)
  Path Type:              Hold (Min at Fast Process Corner)
  Data Path Delay:        0.583ns  (logic 0.215ns (36.917%)  route 0.367ns (63.083%))
  Logic Levels:           1  (IBUF=1)
  Clock Path Skew:        2.055ns (DCD - SCD - CPR)
    Destination Clock Delay (DCD):    2.055ns
    Source Clock Delay      (SCD):    0.000ns
    Clock Pessimism Removal (CPR):    -0.000ns

    Location             Delay type                Incr(ns)  Path(ns)    Netlist Resource(s)
  -------------------------------------------------------------------    -------------------
    R17                                               0.000     0.000 r  btn[0] (IN)
                         net (fo=0)                   0.000     0.000    btn[0]
    R17                  IBUF (Prop_ibuf_I_O)         0.215     0.215 r  btn_IBUF[0]_inst/O
                         net (fo=2, routed)           0.367     0.583    btn_IBUF[0]
    SLICE_X38Y11         FDSE                                         r  btnPrev_reg[0]/D
  -------------------------------------------------------------------    -------------------

                         (clock clk rise edge)        0.000     0.000 r  
    U18                                               0.000     0.000 r  clk (IN)
                         net (fo=0)                   0.000     0.000    clk
    U18                  IBUF (Prop_ibuf_I_O)         0.486     0.486 r  clk_IBUF_inst/O
                         net (fo=1, routed)           0.683     1.169    clk_IBUF
    BUFGCTRL_X0Y2        BUFG (Prop_bufg_I_O)         0.029     1.198 r  clk_IBUF_BUFG_inst/O
                         net (fo=152, routed)         0.857     2.055    clk_IBUF_BUFG
    SLICE_X38Y11         FDSE                                         r  btnPrev_reg[0]/C

Slack:                    inf
  Source:                 an7606data[7]
                            (input port)
  Destination:            datapath_inst/ch1TriggerRegCurr_inst/q_reg[7]/D
                            (rising edge-triggered cell FDRE clocked by clk  {rise@0.000ns fall@10.000ns period=20.000ns})
  Path Group:             (none)
  Path Type:              Hold (Min at Fast Process Corner)
  Data Path Delay:        0.682ns  (logic 0.244ns (35.730%)  route 0.438ns (64.270%))
  Logic Levels:           1  (IBUF=1)
  Clock Path Skew:        2.054ns (DCD - SCD - CPR)
    Destination Clock Delay (DCD):    2.054ns
    Source Clock Delay      (SCD):    0.000ns
    Clock Pessimism Removal (CPR):    -0.000ns

    Location             Delay type                Incr(ns)  Path(ns)    Netlist Resource(s)
  -------------------------------------------------------------------    -------------------
    V17                                               0.000     0.000 r  an7606data[7] (IN)
                         net (fo=0)                   0.000     0.000    an7606data[7]
    V17                  IBUF (Prop_ibuf_I_O)         0.244     0.244 r  an7606data_IBUF[7]_inst/O
                         net (fo=4, routed)           0.438     0.682    datapath_inst/ch1TriggerRegCurr_inst/D[7]
    SLICE_X43Y14         FDRE                                         r  datapath_inst/ch1TriggerRegCurr_inst/q_reg[7]/D
  -------------------------------------------------------------------    -------------------

                         (clock clk rise edge)        0.000     0.000 r  
    U18                                               0.000     0.000 r  clk (IN)
                         net (fo=0)                   0.000     0.000    clk
    U18                  IBUF (Prop_ibuf_I_O)         0.486     0.486 r  clk_IBUF_inst/O
                         net (fo=1, routed)           0.683     1.169    clk_IBUF
    BUFGCTRL_X0Y2        BUFG (Prop_bufg_I_O)         0.029     1.198 r  clk_IBUF_BUFG_inst/O
                         net (fo=152, routed)         0.856     2.054    datapath_inst/ch1TriggerRegCurr_inst/clk
    SLICE_X43Y14         FDRE                                         r  datapath_inst/ch1TriggerRegCurr_inst/q_reg[7]/C

Slack:                    inf
  Source:                 an7606data[6]
                            (input port)
  Destination:            datapath_inst/ch1TriggerRegCurr_inst/q_reg[6]/D
                            (rising edge-triggered cell FDRE clocked by clk  {rise@0.000ns fall@10.000ns period=20.000ns})
  Path Group:             (none)
  Path Type:              Hold (Min at Fast Process Corner)
  Data Path Delay:        0.699ns  (logic 0.240ns (34.345%)  route 0.459ns (65.655%))
  Logic Levels:           1  (IBUF=1)
  Clock Path Skew:        2.053ns (DCD - SCD - CPR)
    Destination Clock Delay (DCD):    2.053ns
    Source Clock Delay      (SCD):    0.000ns
    Clock Pessimism Removal (CPR):    -0.000ns

    Location             Delay type                Incr(ns)  Path(ns)    Netlist Resource(s)
  -------------------------------------------------------------------    -------------------
    V18                                               0.000     0.000 r  an7606data[6] (IN)
                         net (fo=0)                   0.000     0.000    an7606data[6]
    V18                  IBUF (Prop_ibuf_I_O)         0.240     0.240 r  an7606data_IBUF[6]_inst/O
                         net (fo=4, routed)           0.459     0.699    datapath_inst/ch1TriggerRegCurr_inst/D[6]
    SLICE_X41Y15         FDRE                                         r  datapath_inst/ch1TriggerRegCurr_inst/q_reg[6]/D
  -------------------------------------------------------------------    -------------------

                         (clock clk rise edge)        0.000     0.000 r  
    U18                                               0.000     0.000 r  clk (IN)
                         net (fo=0)                   0.000     0.000    clk
    U18                  IBUF (Prop_ibuf_I_O)         0.486     0.486 r  clk_IBUF_inst/O
                         net (fo=1, routed)           0.683     1.169    clk_IBUF
    BUFGCTRL_X0Y2        BUFG (Prop_bufg_I_O)         0.029     1.198 r  clk_IBUF_BUFG_inst/O
                         net (fo=152, routed)         0.855     2.053    datapath_inst/ch1TriggerRegCurr_inst/clk
    SLICE_X41Y15         FDRE                                         r  datapath_inst/ch1TriggerRegCurr_inst/q_reg[6]/C

Slack:                    inf
  Source:                 an7606data[6]
                            (input port)
  Destination:            datapath_inst/ch2TriggerRegCurr_inst/q_reg[6]/D
                            (rising edge-triggered cell FDRE clocked by clk  {rise@0.000ns fall@10.000ns period=20.000ns})
  Path Group:             (none)
  Path Type:              Hold (Min at Fast Process Corner)
  Data Path Delay:        0.711ns  (logic 0.240ns (33.805%)  route 0.470ns (66.195%))
  Logic Levels:           1  (IBUF=1)
  Clock Path Skew:        2.052ns (DCD - SCD - CPR)
    Destination Clock Delay (DCD):    2.052ns
    Source Clock Delay      (SCD):    0.000ns
    Clock Pessimism Removal (CPR):    -0.000ns

    Location             Delay type                Incr(ns)  Path(ns)    Netlist Resource(s)
  -------------------------------------------------------------------    -------------------
    V18                                               0.000     0.000 r  an7606data[6] (IN)
                         net (fo=0)                   0.000     0.000    an7606data[6]
    V18                  IBUF (Prop_ibuf_I_O)         0.240     0.240 r  an7606data_IBUF[6]_inst/O
                         net (fo=4, routed)           0.470     0.711    datapath_inst/ch2TriggerRegCurr_inst/D[6]
    SLICE_X38Y13         FDRE                                         r  datapath_inst/ch2TriggerRegCurr_inst/q_reg[6]/D
  -------------------------------------------------------------------    -------------------

                         (clock clk rise edge)        0.000     0.000 r  
    U18                                               0.000     0.000 r  clk (IN)
                         net (fo=0)                   0.000     0.000    clk
    U18                  IBUF (Prop_ibuf_I_O)         0.486     0.486 r  clk_IBUF_inst/O
                         net (fo=1, routed)           0.683     1.169    clk_IBUF
    BUFGCTRL_X0Y2        BUFG (Prop_bufg_I_O)         0.029     1.198 r  clk_IBUF_BUFG_inst/O
                         net (fo=152, routed)         0.854     2.052    datapath_inst/ch2TriggerRegCurr_inst/clk
    SLICE_X38Y13         FDRE                                         r  datapath_inst/ch2TriggerRegCurr_inst/q_reg[6]/C

Slack:                    inf
  Source:                 btn[0]
                            (input port)
  Destination:            single_reg/D
                            (rising edge-triggered cell FDRE clocked by clk  {rise@0.000ns fall@10.000ns period=20.000ns})
  Path Group:             (none)
  Path Type:              Hold (Min at Fast Process Corner)
  Data Path Delay:        0.735ns  (logic 0.260ns (35.404%)  route 0.474ns (64.596%))
  Logic Levels:           2  (IBUF=1 LUT2=1)
  Clock Path Skew:        2.055ns (DCD - SCD - CPR)
    Destination Clock Delay (DCD):    2.055ns
    Source Clock Delay      (SCD):    0.000ns
    Clock Pessimism Removal (CPR):    -0.000ns

    Location             Delay type                Incr(ns)  Path(ns)    Netlist Resource(s)
  -------------------------------------------------------------------    -------------------
    R17                                               0.000     0.000 f  btn[0] (IN)
                         net (fo=0)                   0.000     0.000    btn[0]
    R17                  IBUF (Prop_ibuf_I_O)         0.215     0.215 f  btn_IBUF[0]_inst/O
                         net (fo=2, routed)           0.474     0.690    btn_IBUF[0]
    SLICE_X38Y11         LUT2 (Prop_lut2_I1_O)        0.045     0.735 r  single_i_1/O
                         net (fo=1, routed)           0.000     0.735    single_i_1_n_0
    SLICE_X38Y11         FDRE                                         r  single_reg/D
  -------------------------------------------------------------------    -------------------

                         (clock clk rise edge)        0.000     0.000 r  
    U18                                               0.000     0.000 r  clk (IN)
                         net (fo=0)                   0.000     0.000    clk
    U18                  IBUF (Prop_ibuf_I_O)         0.486     0.486 r  clk_IBUF_inst/O
                         net (fo=1, routed)           0.683     1.169    clk_IBUF
    BUFGCTRL_X0Y2        BUFG (Prop_bufg_I_O)         0.029     1.198 r  clk_IBUF_BUFG_inst/O
                         net (fo=152, routed)         0.857     2.055    clk_IBUF_BUFG
    SLICE_X38Y11         FDRE                                         r  single_reg/C

Slack:                    inf
  Source:                 an7606data[3]
                            (input port)
  Destination:            datapath_inst/ch1TriggerRegCurr_inst/q_reg[3]/D
                            (rising edge-triggered cell FDRE clocked by clk  {rise@0.000ns fall@10.000ns period=20.000ns})
  Path Group:             (none)
  Path Type:              Hold (Min at Fast Process Corner)
  Data Path Delay:        0.764ns  (logic 0.219ns (28.645%)  route 0.545ns (71.355%))
  Logic Levels:           1  (IBUF=1)
  Clock Path Skew:        2.053ns (DCD - SCD - CPR)
    Destination Clock Delay (DCD):    2.053ns
    Source Clock Delay      (SCD):    0.000ns
    Clock Pessimism Removal (CPR):    -0.000ns

    Location             Delay type                Incr(ns)  Path(ns)    Netlist Resource(s)
  -------------------------------------------------------------------    -------------------
    P15                                               0.000     0.000 r  an7606data[3] (IN)
                         net (fo=0)                   0.000     0.000    an7606data[3]
    P15                  IBUF (Prop_ibuf_I_O)         0.219     0.219 r  an7606data_IBUF[3]_inst/O
                         net (fo=4, routed)           0.545     0.764    datapath_inst/ch1TriggerRegCurr_inst/D[3]
    SLICE_X41Y15         FDRE                                         r  datapath_inst/ch1TriggerRegCurr_inst/q_reg[3]/D
  -------------------------------------------------------------------    -------------------

                         (clock clk rise edge)        0.000     0.000 r  
    U18                                               0.000     0.000 r  clk (IN)
                         net (fo=0)                   0.000     0.000    clk
    U18                  IBUF (Prop_ibuf_I_O)         0.486     0.486 r  clk_IBUF_inst/O
                         net (fo=1, routed)           0.683     1.169    clk_IBUF
    BUFGCTRL_X0Y2        BUFG (Prop_bufg_I_O)         0.029     1.198 r  clk_IBUF_BUFG_inst/O
                         net (fo=152, routed)         0.855     2.053    datapath_inst/ch1TriggerRegCurr_inst/clk
    SLICE_X41Y15         FDRE                                         r  datapath_inst/ch1TriggerRegCurr_inst/q_reg[3]/C

Slack:                    inf
  Source:                 btn[1]
                            (input port)
  Destination:            btnPrev_reg[1]/D
                            (rising edge-triggered cell FDSE clocked by clk  {rise@0.000ns fall@10.000ns period=20.000ns})
  Path Group:             (none)
  Path Type:              Hold (Min at Fast Process Corner)
  Data Path Delay:        0.781ns  (logic 0.226ns (28.890%)  route 0.556ns (71.110%))
  Logic Levels:           1  (IBUF=1)
  Clock Path Skew:        2.025ns (DCD - SCD - CPR)
    Destination Clock Delay (DCD):    2.025ns
    Source Clock Delay      (SCD):    0.000ns
    Clock Pessimism Removal (CPR):    -0.000ns

    Location             Delay type                Incr(ns)  Path(ns)    Netlist Resource(s)
  -------------------------------------------------------------------    -------------------
    T17                                               0.000     0.000 r  btn[1] (IN)
                         net (fo=0)                   0.000     0.000    btn[1]
    T17                  IBUF (Prop_ibuf_I_O)         0.226     0.226 r  btn_IBUF[1]_inst/O
                         net (fo=2, routed)           0.556     0.781    btn_IBUF[1]
    SLICE_X31Y12         FDSE                                         r  btnPrev_reg[1]/D
  -------------------------------------------------------------------    -------------------

                         (clock clk rise edge)        0.000     0.000 r  
    U18                                               0.000     0.000 r  clk (IN)
                         net (fo=0)                   0.000     0.000    clk
    U18                  IBUF (Prop_ibuf_I_O)         0.486     0.486 r  clk_IBUF_inst/O
                         net (fo=1, routed)           0.683     1.169    clk_IBUF
    BUFGCTRL_X0Y2        BUFG (Prop_bufg_I_O)         0.029     1.198 r  clk_IBUF_BUFG_inst/O
                         net (fo=152, routed)         0.827     2.025    clk_IBUF_BUFG
    SLICE_X31Y12         FDSE                                         r  btnPrev_reg[1]/C

Slack:                    inf
  Source:                 an7606data[7]
                            (input port)
  Destination:            datapath_inst/ch2TriggerRegCurr_inst/q_reg[7]/D
                            (rising edge-triggered cell FDRE clocked by clk  {rise@0.000ns fall@10.000ns period=20.000ns})
  Path Group:             (none)
  Path Type:              Hold (Min at Fast Process Corner)
  Data Path Delay:        0.798ns  (logic 0.244ns (30.532%)  route 0.554ns (69.468%))
  Logic Levels:           1  (IBUF=1)
  Clock Path Skew:        2.052ns (DCD - SCD - CPR)
    Destination Clock Delay (DCD):    2.052ns
    Source Clock Delay      (SCD):    0.000ns
    Clock Pessimism Removal (CPR):    -0.000ns

    Location             Delay type                Incr(ns)  Path(ns)    Netlist Resource(s)
  -------------------------------------------------------------------    -------------------
    V17                                               0.000     0.000 r  an7606data[7] (IN)
                         net (fo=0)                   0.000     0.000    an7606data[7]
    V17                  IBUF (Prop_ibuf_I_O)         0.244     0.244 r  an7606data_IBUF[7]_inst/O
                         net (fo=4, routed)           0.554     0.798    datapath_inst/ch2TriggerRegCurr_inst/D[7]
    SLICE_X36Y13         FDRE                                         r  datapath_inst/ch2TriggerRegCurr_inst/q_reg[7]/D
  -------------------------------------------------------------------    -------------------

                         (clock clk rise edge)        0.000     0.000 r  
    U18                                               0.000     0.000 r  clk (IN)
                         net (fo=0)                   0.000     0.000    clk
    U18                  IBUF (Prop_ibuf_I_O)         0.486     0.486 r  clk_IBUF_inst/O
                         net (fo=1, routed)           0.683     1.169    clk_IBUF
    BUFGCTRL_X0Y2        BUFG (Prop_bufg_I_O)         0.029     1.198 r  clk_IBUF_BUFG_inst/O
                         net (fo=152, routed)         0.854     2.052    datapath_inst/ch2TriggerRegCurr_inst/clk
    SLICE_X36Y13         FDRE                                         r  datapath_inst/ch2TriggerRegCurr_inst/q_reg[7]/C

Slack:                    inf
  Source:                 an7606data[2]
                            (input port)
  Destination:            datapath_inst/ch2TriggerRegCurr_inst/q_reg[2]/D
                            (rising edge-triggered cell FDRE clocked by clk  {rise@0.000ns fall@10.000ns period=20.000ns})
  Path Group:             (none)
  Path Type:              Hold (Min at Fast Process Corner)
  Data Path Delay:        0.807ns  (logic 0.222ns (27.458%)  route 0.585ns (72.542%))
  Logic Levels:           1  (IBUF=1)
  Clock Path Skew:        2.052ns (DCD - SCD - CPR)
    Destination Clock Delay (DCD):    2.052ns
    Source Clock Delay      (SCD):    0.000ns
    Clock Pessimism Removal (CPR):    -0.000ns

    Location             Delay type                Incr(ns)  Path(ns)    Netlist Resource(s)
  -------------------------------------------------------------------    -------------------
    P16                                               0.000     0.000 r  an7606data[2] (IN)
                         net (fo=0)                   0.000     0.000    an7606data[2]
    P16                  IBUF (Prop_ibuf_I_O)         0.222     0.222 r  an7606data_IBUF[2]_inst/O
                         net (fo=4, routed)           0.585     0.807    datapath_inst/ch2TriggerRegCurr_inst/D[2]
    SLICE_X39Y13         FDRE                                         r  datapath_inst/ch2TriggerRegCurr_inst/q_reg[2]/D
  -------------------------------------------------------------------    -------------------

                         (clock clk rise edge)        0.000     0.000 r  
    U18                                               0.000     0.000 r  clk (IN)
                         net (fo=0)                   0.000     0.000    clk
    U18                  IBUF (Prop_ibuf_I_O)         0.486     0.486 r  clk_IBUF_inst/O
                         net (fo=1, routed)           0.683     1.169    clk_IBUF
    BUFGCTRL_X0Y2        BUFG (Prop_bufg_I_O)         0.029     1.198 r  clk_IBUF_BUFG_inst/O
                         net (fo=152, routed)         0.854     2.052    datapath_inst/ch2TriggerRegCurr_inst/clk
    SLICE_X39Y13         FDRE                                         r  datapath_inst/ch2TriggerRegCurr_inst/q_reg[2]/C

Slack:                    inf
  Source:                 btn[1]
                            (input port)
  Destination:            forcedMode_reg/D
                            (rising edge-triggered cell FDRE clocked by clk  {rise@0.000ns fall@10.000ns period=20.000ns})
  Path Group:             (none)
  Path Type:              Hold (Min at Fast Process Corner)
  Data Path Delay:        0.880ns  (logic 0.271ns (30.771%)  route 0.609ns (69.229%))
  Logic Levels:           2  (IBUF=1 LUT4=1)
  Clock Path Skew:        2.025ns (DCD - SCD - CPR)
    Destination Clock Delay (DCD):    2.025ns
    Source Clock Delay      (SCD):    0.000ns
    Clock Pessimism Removal (CPR):    -0.000ns

    Location             Delay type                Incr(ns)  Path(ns)    Netlist Resource(s)
  -------------------------------------------------------------------    -------------------
    T17                                               0.000     0.000 r  btn[1] (IN)
                         net (fo=0)                   0.000     0.000    btn[1]
    T17                  IBUF (Prop_ibuf_I_O)         0.226     0.226 r  btn_IBUF[1]_inst/O
                         net (fo=2, routed)           0.609     0.835    btn_IBUF[1]
    SLICE_X31Y12         LUT4 (Prop_lut4_I2_O)        0.045     0.880 r  forcedMode_i_1/O
                         net (fo=1, routed)           0.000     0.880    forcedMode_i_1_n_0
    SLICE_X31Y12         FDRE                                         r  forcedMode_reg/D
  -------------------------------------------------------------------    -------------------

                         (clock clk rise edge)        0.000     0.000 r  
    U18                                               0.000     0.000 r  clk (IN)
                         net (fo=0)                   0.000     0.000    clk
    U18                  IBUF (Prop_ibuf_I_O)         0.486     0.486 r  clk_IBUF_inst/O
                         net (fo=1, routed)           0.683     1.169    clk_IBUF
    BUFGCTRL_X0Y2        BUFG (Prop_bufg_I_O)         0.029     1.198 r  clk_IBUF_BUFG_inst/O
                         net (fo=152, routed)         0.827     2.025    clk_IBUF_BUFG
    SLICE_X31Y12         FDRE                                         r  forcedMode_reg/C





--------------------------------------------------------------------------------------
Path Group:  (none)
From Clock:  
  To Clock:  clk_out1_clk_wiz_0

Max Delay           105 Endpoints
Min Delay           105 Endpoints
--------------------------------------------------------------------------------------


Max Delay Paths
--------------------------------------------------------------------------------------
Slack:                    inf
  Source:                 resetn
                            (input port)
  Destination:            datapath_inst/videoSigGen_inst/pixelVert_reg[1]/R
                            (rising edge-triggered cell FDRE clocked by clk_out1_clk_wiz_0  {rise@0.000ns fall@6.737ns period=13.474ns})
  Path Group:             (none)
  Path Type:              Setup (Max at Slow Process Corner)
  Data Path Delay:        8.055ns  (logic 1.601ns (19.873%)  route 6.454ns (80.127%))
  Logic Levels:           2  (IBUF=1 LUT1=1)
  Clock Path Skew:        1.482ns (DCD - SCD + CPR)
    Destination Clock Delay (DCD):    1.482ns
    Source Clock Delay      (SCD):    0.000ns
    Clock Pessimism Removal (CPR):    0.000ns
  Clock Uncertainty:      0.843ns  ((TSJ^2 + DJ^2)^1/2) / 2 + PE
    Total System Jitter     (TSJ):    0.050ns
    Discrete Jitter          (DJ):    0.462ns
    Phase Error              (PE):    0.611ns

    Location             Delay type                Incr(ns)  Path(ns)    Netlist Resource(s)
  -------------------------------------------------------------------    -------------------
    N15                                               0.000     0.000 f  resetn (IN)
                         net (fo=0)                   0.000     0.000    resetn
    N15                  IBUF (Prop_ibuf_I_O)         1.477     1.477 f  resetn_IBUF_inst/O
                         net (fo=5, routed)           2.818     4.294    datapath_inst/sampleIntervalCounter_inst/resetn_IBUF
    SLICE_X43Y9          LUT1 (Prop_lut1_I0_O)        0.124     4.418 r  datapath_inst/sampleIntervalCounter_inst/hdmi0_inst_i_1/O
                         net (fo=182, routed)         3.637     8.055    datapath_inst/videoSigGen_inst/SR[0]
    SLICE_X26Y24         FDRE                                         r  datapath_inst/videoSigGen_inst/pixelVert_reg[1]/R
  -------------------------------------------------------------------    -------------------

                         (clock clk_out1_clk_wiz_0 rise edge)
                                                      0.000     0.000 r  
    BUFGCTRL_X0Y2        BUFG                         0.000     0.000 r  clk_IBUF_BUFG_inst/O
                         net (fo=152, routed)         1.487     1.487    datapath_inst/vc/inst/clk_in1
    MMCME2_ADV_X0Y0      MMCME2_ADV (Prop_mmcme2_adv_CLKIN1_CLKOUT0)
                                                     -3.177    -1.690 r  datapath_inst/vc/inst/mmcm_adv_inst/CLKOUT0
                         net (fo=1, routed)           1.599    -0.091    datapath_inst/vc/inst/clk_out1_clk_wiz_0
    BUFGCTRL_X0Y0        BUFG (Prop_bufg_I_O)         0.091     0.000 r  datapath_inst/vc/inst/clkout1_buf/O
                         net (fo=223, routed)         1.482     1.482    datapath_inst/videoSigGen_inst/CLK
    SLICE_X26Y24         FDRE                                         r  datapath_inst/videoSigGen_inst/pixelVert_reg[1]/C

Slack:                    inf
  Source:                 resetn
                            (input port)
  Destination:            datapath_inst/videoSigGen_inst/pixelVert_reg[2]/R
                            (rising edge-triggered cell FDRE clocked by clk_out1_clk_wiz_0  {rise@0.000ns fall@6.737ns period=13.474ns})
  Path Group:             (none)
  Path Type:              Setup (Max at Slow Process Corner)
  Data Path Delay:        8.055ns  (logic 1.601ns (19.873%)  route 6.454ns (80.127%))
  Logic Levels:           2  (IBUF=1 LUT1=1)
  Clock Path Skew:        1.482ns (DCD - SCD + CPR)
    Destination Clock Delay (DCD):    1.482ns
    Source Clock Delay      (SCD):    0.000ns
    Clock Pessimism Removal (CPR):    0.000ns
  Clock Uncertainty:      0.843ns  ((TSJ^2 + DJ^2)^1/2) / 2 + PE
    Total System Jitter     (TSJ):    0.050ns
    Discrete Jitter          (DJ):    0.462ns
    Phase Error              (PE):    0.611ns

    Location             Delay type                Incr(ns)  Path(ns)    Netlist Resource(s)
  -------------------------------------------------------------------    -------------------
    N15                                               0.000     0.000 f  resetn (IN)
                         net (fo=0)                   0.000     0.000    resetn
    N15                  IBUF (Prop_ibuf_I_O)         1.477     1.477 f  resetn_IBUF_inst/O
                         net (fo=5, routed)           2.818     4.294    datapath_inst/sampleIntervalCounter_inst/resetn_IBUF
    SLICE_X43Y9          LUT1 (Prop_lut1_I0_O)        0.124     4.418 r  datapath_inst/sampleIntervalCounter_inst/hdmi0_inst_i_1/O
                         net (fo=182, routed)         3.637     8.055    datapath_inst/videoSigGen_inst/SR[0]
    SLICE_X26Y24         FDRE                                         r  datapath_inst/videoSigGen_inst/pixelVert_reg[2]/R
  -------------------------------------------------------------------    -------------------

                         (clock clk_out1_clk_wiz_0 rise edge)
                                                      0.000     0.000 r  
    BUFGCTRL_X0Y2        BUFG                         0.000     0.000 r  clk_IBUF_BUFG_inst/O
                         net (fo=152, routed)         1.487     1.487    datapath_inst/vc/inst/clk_in1
    MMCME2_ADV_X0Y0      MMCME2_ADV (Prop_mmcme2_adv_CLKIN1_CLKOUT0)
                                                     -3.177    -1.690 r  datapath_inst/vc/inst/mmcm_adv_inst/CLKOUT0
                         net (fo=1, routed)           1.599    -0.091    datapath_inst/vc/inst/clk_out1_clk_wiz_0
    BUFGCTRL_X0Y0        BUFG (Prop_bufg_I_O)         0.091     0.000 r  datapath_inst/vc/inst/clkout1_buf/O
                         net (fo=223, routed)         1.482     1.482    datapath_inst/videoSigGen_inst/CLK
    SLICE_X26Y24         FDRE                                         r  datapath_inst/videoSigGen_inst/pixelVert_reg[2]/C

Slack:                    inf
  Source:                 resetn
                            (input port)
  Destination:            datapath_inst/videoSigGen_inst/pixelVert_reg[3]/R
                            (rising edge-triggered cell FDRE clocked by clk_out1_clk_wiz_0  {rise@0.000ns fall@6.737ns period=13.474ns})
  Path Group:             (none)
  Path Type:              Setup (Max at Slow Process Corner)
  Data Path Delay:        8.051ns  (logic 1.601ns (19.884%)  route 6.450ns (80.116%))
  Logic Levels:           2  (IBUF=1 LUT1=1)
  Clock Path Skew:        1.482ns (DCD - SCD + CPR)
    Destination Clock Delay (DCD):    1.482ns
    Source Clock Delay      (SCD):    0.000ns
    Clock Pessimism Removal (CPR):    0.000ns
  Clock Uncertainty:      0.843ns  ((TSJ^2 + DJ^2)^1/2) / 2 + PE
    Total System Jitter     (TSJ):    0.050ns
    Discrete Jitter          (DJ):    0.462ns
    Phase Error              (PE):    0.611ns

    Location             Delay type                Incr(ns)  Path(ns)    Netlist Resource(s)
  -------------------------------------------------------------------    -------------------
    N15                                               0.000     0.000 f  resetn (IN)
                         net (fo=0)                   0.000     0.000    resetn
    N15                  IBUF (Prop_ibuf_I_O)         1.477     1.477 f  resetn_IBUF_inst/O
                         net (fo=5, routed)           2.818     4.294    datapath_inst/sampleIntervalCounter_inst/resetn_IBUF
    SLICE_X43Y9          LUT1 (Prop_lut1_I0_O)        0.124     4.418 r  datapath_inst/sampleIntervalCounter_inst/hdmi0_inst_i_1/O
                         net (fo=182, routed)         3.632     8.051    datapath_inst/videoSigGen_inst/SR[0]
    SLICE_X27Y24         FDRE                                         r  datapath_inst/videoSigGen_inst/pixelVert_reg[3]/R
  -------------------------------------------------------------------    -------------------

                         (clock clk_out1_clk_wiz_0 rise edge)
                                                      0.000     0.000 r  
    BUFGCTRL_X0Y2        BUFG                         0.000     0.000 r  clk_IBUF_BUFG_inst/O
                         net (fo=152, routed)         1.487     1.487    datapath_inst/vc/inst/clk_in1
    MMCME2_ADV_X0Y0      MMCME2_ADV (Prop_mmcme2_adv_CLKIN1_CLKOUT0)
                                                     -3.177    -1.690 r  datapath_inst/vc/inst/mmcm_adv_inst/CLKOUT0
                         net (fo=1, routed)           1.599    -0.091    datapath_inst/vc/inst/clk_out1_clk_wiz_0
    BUFGCTRL_X0Y0        BUFG (Prop_bufg_I_O)         0.091     0.000 r  datapath_inst/vc/inst/clkout1_buf/O
                         net (fo=223, routed)         1.482     1.482    datapath_inst/videoSigGen_inst/CLK
    SLICE_X27Y24         FDRE                                         r  datapath_inst/videoSigGen_inst/pixelVert_reg[3]/C

Slack:                    inf
  Source:                 resetn
                            (input port)
  Destination:            datapath_inst/videoSigGen_inst/pixelVert_reg[4]/R
                            (rising edge-triggered cell FDRE clocked by clk_out1_clk_wiz_0  {rise@0.000ns fall@6.737ns period=13.474ns})
  Path Group:             (none)
  Path Type:              Setup (Max at Slow Process Corner)
  Data Path Delay:        8.051ns  (logic 1.601ns (19.884%)  route 6.450ns (80.116%))
  Logic Levels:           2  (IBUF=1 LUT1=1)
  Clock Path Skew:        1.482ns (DCD - SCD + CPR)
    Destination Clock Delay (DCD):    1.482ns
    Source Clock Delay      (SCD):    0.000ns
    Clock Pessimism Removal (CPR):    0.000ns
  Clock Uncertainty:      0.843ns  ((TSJ^2 + DJ^2)^1/2) / 2 + PE
    Total System Jitter     (TSJ):    0.050ns
    Discrete Jitter          (DJ):    0.462ns
    Phase Error              (PE):    0.611ns

    Location             Delay type                Incr(ns)  Path(ns)    Netlist Resource(s)
  -------------------------------------------------------------------    -------------------
    N15                                               0.000     0.000 f  resetn (IN)
                         net (fo=0)                   0.000     0.000    resetn
    N15                  IBUF (Prop_ibuf_I_O)         1.477     1.477 f  resetn_IBUF_inst/O
                         net (fo=5, routed)           2.818     4.294    datapath_inst/sampleIntervalCounter_inst/resetn_IBUF
    SLICE_X43Y9          LUT1 (Prop_lut1_I0_O)        0.124     4.418 r  datapath_inst/sampleIntervalCounter_inst/hdmi0_inst_i_1/O
                         net (fo=182, routed)         3.632     8.051    datapath_inst/videoSigGen_inst/SR[0]
    SLICE_X27Y24         FDRE                                         r  datapath_inst/videoSigGen_inst/pixelVert_reg[4]/R
  -------------------------------------------------------------------    -------------------

                         (clock clk_out1_clk_wiz_0 rise edge)
                                                      0.000     0.000 r  
    BUFGCTRL_X0Y2        BUFG                         0.000     0.000 r  clk_IBUF_BUFG_inst/O
                         net (fo=152, routed)         1.487     1.487    datapath_inst/vc/inst/clk_in1
    MMCME2_ADV_X0Y0      MMCME2_ADV (Prop_mmcme2_adv_CLKIN1_CLKOUT0)
                                                     -3.177    -1.690 r  datapath_inst/vc/inst/mmcm_adv_inst/CLKOUT0
                         net (fo=1, routed)           1.599    -0.091    datapath_inst/vc/inst/clk_out1_clk_wiz_0
    BUFGCTRL_X0Y0        BUFG (Prop_bufg_I_O)         0.091     0.000 r  datapath_inst/vc/inst/clkout1_buf/O
                         net (fo=223, routed)         1.482     1.482    datapath_inst/videoSigGen_inst/CLK
    SLICE_X27Y24         FDRE                                         r  datapath_inst/videoSigGen_inst/pixelVert_reg[4]/C

Slack:                    inf
  Source:                 resetn
                            (input port)
  Destination:            datapath_inst/videoSigGen_inst/pixelVert_reg[5]/R
                            (rising edge-triggered cell FDRE clocked by clk_out1_clk_wiz_0  {rise@0.000ns fall@6.737ns period=13.474ns})
  Path Group:             (none)
  Path Type:              Setup (Max at Slow Process Corner)
  Data Path Delay:        8.051ns  (logic 1.601ns (19.884%)  route 6.450ns (80.116%))
  Logic Levels:           2  (IBUF=1 LUT1=1)
  Clock Path Skew:        1.482ns (DCD - SCD + CPR)
    Destination Clock Delay (DCD):    1.482ns
    Source Clock Delay      (SCD):    0.000ns
    Clock Pessimism Removal (CPR):    0.000ns
  Clock Uncertainty:      0.843ns  ((TSJ^2 + DJ^2)^1/2) / 2 + PE
    Total System Jitter     (TSJ):    0.050ns
    Discrete Jitter          (DJ):    0.462ns
    Phase Error              (PE):    0.611ns

    Location             Delay type                Incr(ns)  Path(ns)    Netlist Resource(s)
  -------------------------------------------------------------------    -------------------
    N15                                               0.000     0.000 f  resetn (IN)
                         net (fo=0)                   0.000     0.000    resetn
    N15                  IBUF (Prop_ibuf_I_O)         1.477     1.477 f  resetn_IBUF_inst/O
                         net (fo=5, routed)           2.818     4.294    datapath_inst/sampleIntervalCounter_inst/resetn_IBUF
    SLICE_X43Y9          LUT1 (Prop_lut1_I0_O)        0.124     4.418 r  datapath_inst/sampleIntervalCounter_inst/hdmi0_inst_i_1/O
                         net (fo=182, routed)         3.632     8.051    datapath_inst/videoSigGen_inst/SR[0]
    SLICE_X27Y24         FDRE                                         r  datapath_inst/videoSigGen_inst/pixelVert_reg[5]/R
  -------------------------------------------------------------------    -------------------

                         (clock clk_out1_clk_wiz_0 rise edge)
                                                      0.000     0.000 r  
    BUFGCTRL_X0Y2        BUFG                         0.000     0.000 r  clk_IBUF_BUFG_inst/O
                         net (fo=152, routed)         1.487     1.487    datapath_inst/vc/inst/clk_in1
    MMCME2_ADV_X0Y0      MMCME2_ADV (Prop_mmcme2_adv_CLKIN1_CLKOUT0)
                                                     -3.177    -1.690 r  datapath_inst/vc/inst/mmcm_adv_inst/CLKOUT0
                         net (fo=1, routed)           1.599    -0.091    datapath_inst/vc/inst/clk_out1_clk_wiz_0
    BUFGCTRL_X0Y0        BUFG (Prop_bufg_I_O)         0.091     0.000 r  datapath_inst/vc/inst/clkout1_buf/O
                         net (fo=223, routed)         1.482     1.482    datapath_inst/videoSigGen_inst/CLK
    SLICE_X27Y24         FDRE                                         r  datapath_inst/videoSigGen_inst/pixelVert_reg[5]/C

Slack:                    inf
  Source:                 resetn
                            (input port)
  Destination:            datapath_inst/scopeFace_inst/red_reg[6]/R
                            (rising edge-triggered cell FDRE clocked by clk_out1_clk_wiz_0  {rise@0.000ns fall@6.737ns period=13.474ns})
  Path Group:             (none)
  Path Type:              Setup (Max at Slow Process Corner)
  Data Path Delay:        7.907ns  (logic 1.601ns (20.246%)  route 6.306ns (79.754%))
  Logic Levels:           2  (IBUF=1 LUT1=1)
  Clock Path Skew:        1.484ns (DCD - SCD + CPR)
    Destination Clock Delay (DCD):    1.484ns
    Source Clock Delay      (SCD):    0.000ns
    Clock Pessimism Removal (CPR):    0.000ns
  Clock Uncertainty:      0.843ns  ((TSJ^2 + DJ^2)^1/2) / 2 + PE
    Total System Jitter     (TSJ):    0.050ns
    Discrete Jitter          (DJ):    0.462ns
    Phase Error              (PE):    0.611ns

    Location             Delay type                Incr(ns)  Path(ns)    Netlist Resource(s)
  -------------------------------------------------------------------    -------------------
    N15                                               0.000     0.000 f  resetn (IN)
                         net (fo=0)                   0.000     0.000    resetn
    N15                  IBUF (Prop_ibuf_I_O)         1.477     1.477 f  resetn_IBUF_inst/O
                         net (fo=5, routed)           2.818     4.294    datapath_inst/sampleIntervalCounter_inst/resetn_IBUF
    SLICE_X43Y9          LUT1 (Prop_lut1_I0_O)        0.124     4.418 r  datapath_inst/sampleIntervalCounter_inst/hdmi0_inst_i_1/O
                         net (fo=182, routed)         3.488     7.907    datapath_inst/scopeFace_inst/SR[0]
    SLICE_X29Y23         FDRE                                         r  datapath_inst/scopeFace_inst/red_reg[6]/R
  -------------------------------------------------------------------    -------------------

                         (clock clk_out1_clk_wiz_0 rise edge)
                                                      0.000     0.000 r  
    BUFGCTRL_X0Y2        BUFG                         0.000     0.000 r  clk_IBUF_BUFG_inst/O
                         net (fo=152, routed)         1.487     1.487    datapath_inst/vc/inst/clk_in1
    MMCME2_ADV_X0Y0      MMCME2_ADV (Prop_mmcme2_adv_CLKIN1_CLKOUT0)
                                                     -3.177    -1.690 r  datapath_inst/vc/inst/mmcm_adv_inst/CLKOUT0
                         net (fo=1, routed)           1.599    -0.091    datapath_inst/vc/inst/clk_out1_clk_wiz_0
    BUFGCTRL_X0Y0        BUFG (Prop_bufg_I_O)         0.091     0.000 r  datapath_inst/vc/inst/clkout1_buf/O
                         net (fo=223, routed)         1.484     1.484    datapath_inst/scopeFace_inst/CLK
    SLICE_X29Y23         FDRE                                         r  datapath_inst/scopeFace_inst/red_reg[6]/C

Slack:                    inf
  Source:                 resetn
                            (input port)
  Destination:            datapath_inst/videoSigGen_inst/pixelVert_reg[10]/R
                            (rising edge-triggered cell FDRE clocked by clk_out1_clk_wiz_0  {rise@0.000ns fall@6.737ns period=13.474ns})
  Path Group:             (none)
  Path Type:              Setup (Max at Slow Process Corner)
  Data Path Delay:        7.734ns  (logic 1.601ns (20.698%)  route 6.133ns (79.302%))
  Logic Levels:           2  (IBUF=1 LUT1=1)
  Clock Path Skew:        1.482ns (DCD - SCD + CPR)
    Destination Clock Delay (DCD):    1.482ns
    Source Clock Delay      (SCD):    0.000ns
    Clock Pessimism Removal (CPR):    0.000ns
  Clock Uncertainty:      0.843ns  ((TSJ^2 + DJ^2)^1/2) / 2 + PE
    Total System Jitter     (TSJ):    0.050ns
    Discrete Jitter          (DJ):    0.462ns
    Phase Error              (PE):    0.611ns

    Location             Delay type                Incr(ns)  Path(ns)    Netlist Resource(s)
  -------------------------------------------------------------------    -------------------
    N15                                               0.000     0.000 f  resetn (IN)
                         net (fo=0)                   0.000     0.000    resetn
    N15                  IBUF (Prop_ibuf_I_O)         1.477     1.477 f  resetn_IBUF_inst/O
                         net (fo=5, routed)           2.818     4.294    datapath_inst/sampleIntervalCounter_inst/resetn_IBUF
    SLICE_X43Y9          LUT1 (Prop_lut1_I0_O)        0.124     4.418 r  datapath_inst/sampleIntervalCounter_inst/hdmi0_inst_i_1/O
                         net (fo=182, routed)         3.316     7.734    datapath_inst/videoSigGen_inst/SR[0]
    SLICE_X27Y25         FDRE                                         r  datapath_inst/videoSigGen_inst/pixelVert_reg[10]/R
  -------------------------------------------------------------------    -------------------

                         (clock clk_out1_clk_wiz_0 rise edge)
                                                      0.000     0.000 r  
    BUFGCTRL_X0Y2        BUFG                         0.000     0.000 r  clk_IBUF_BUFG_inst/O
                         net (fo=152, routed)         1.487     1.487    datapath_inst/vc/inst/clk_in1
    MMCME2_ADV_X0Y0      MMCME2_ADV (Prop_mmcme2_adv_CLKIN1_CLKOUT0)
                                                     -3.177    -1.690 r  datapath_inst/vc/inst/mmcm_adv_inst/CLKOUT0
                         net (fo=1, routed)           1.599    -0.091    datapath_inst/vc/inst/clk_out1_clk_wiz_0
    BUFGCTRL_X0Y0        BUFG (Prop_bufg_I_O)         0.091     0.000 r  datapath_inst/vc/inst/clkout1_buf/O
                         net (fo=223, routed)         1.482     1.482    datapath_inst/videoSigGen_inst/CLK
    SLICE_X27Y25         FDRE                                         r  datapath_inst/videoSigGen_inst/pixelVert_reg[10]/C

Slack:                    inf
  Source:                 resetn
                            (input port)
  Destination:            datapath_inst/videoSigGen_inst/pixelVert_reg[6]/R
                            (rising edge-triggered cell FDRE clocked by clk_out1_clk_wiz_0  {rise@0.000ns fall@6.737ns period=13.474ns})
  Path Group:             (none)
  Path Type:              Setup (Max at Slow Process Corner)
  Data Path Delay:        7.734ns  (logic 1.601ns (20.698%)  route 6.133ns (79.302%))
  Logic Levels:           2  (IBUF=1 LUT1=1)
  Clock Path Skew:        1.482ns (DCD - SCD + CPR)
    Destination Clock Delay (DCD):    1.482ns
    Source Clock Delay      (SCD):    0.000ns
    Clock Pessimism Removal (CPR):    0.000ns
  Clock Uncertainty:      0.843ns  ((TSJ^2 + DJ^2)^1/2) / 2 + PE
    Total System Jitter     (TSJ):    0.050ns
    Discrete Jitter          (DJ):    0.462ns
    Phase Error              (PE):    0.611ns

    Location             Delay type                Incr(ns)  Path(ns)    Netlist Resource(s)
  -------------------------------------------------------------------    -------------------
    N15                                               0.000     0.000 f  resetn (IN)
                         net (fo=0)                   0.000     0.000    resetn
    N15                  IBUF (Prop_ibuf_I_O)         1.477     1.477 f  resetn_IBUF_inst/O
                         net (fo=5, routed)           2.818     4.294    datapath_inst/sampleIntervalCounter_inst/resetn_IBUF
    SLICE_X43Y9          LUT1 (Prop_lut1_I0_O)        0.124     4.418 r  datapath_inst/sampleIntervalCounter_inst/hdmi0_inst_i_1/O
                         net (fo=182, routed)         3.316     7.734    datapath_inst/videoSigGen_inst/SR[0]
    SLICE_X27Y25         FDRE                                         r  datapath_inst/videoSigGen_inst/pixelVert_reg[6]/R
  -------------------------------------------------------------------    -------------------

                         (clock clk_out1_clk_wiz_0 rise edge)
                                                      0.000     0.000 r  
    BUFGCTRL_X0Y2        BUFG                         0.000     0.000 r  clk_IBUF_BUFG_inst/O
                         net (fo=152, routed)         1.487     1.487    datapath_inst/vc/inst/clk_in1
    MMCME2_ADV_X0Y0      MMCME2_ADV (Prop_mmcme2_adv_CLKIN1_CLKOUT0)
                                                     -3.177    -1.690 r  datapath_inst/vc/inst/mmcm_adv_inst/CLKOUT0
                         net (fo=1, routed)           1.599    -0.091    datapath_inst/vc/inst/clk_out1_clk_wiz_0
    BUFGCTRL_X0Y0        BUFG (Prop_bufg_I_O)         0.091     0.000 r  datapath_inst/vc/inst/clkout1_buf/O
                         net (fo=223, routed)         1.482     1.482    datapath_inst/videoSigGen_inst/CLK
    SLICE_X27Y25         FDRE                                         r  datapath_inst/videoSigGen_inst/pixelVert_reg[6]/C

Slack:                    inf
  Source:                 resetn
                            (input port)
  Destination:            datapath_inst/videoSigGen_inst/pixelVert_reg[9]/R
                            (rising edge-triggered cell FDRE clocked by clk_out1_clk_wiz_0  {rise@0.000ns fall@6.737ns period=13.474ns})
  Path Group:             (none)
  Path Type:              Setup (Max at Slow Process Corner)
  Data Path Delay:        7.734ns  (logic 1.601ns (20.698%)  route 6.133ns (79.302%))
  Logic Levels:           2  (IBUF=1 LUT1=1)
  Clock Path Skew:        1.482ns (DCD - SCD + CPR)
    Destination Clock Delay (DCD):    1.482ns
    Source Clock Delay      (SCD):    0.000ns
    Clock Pessimism Removal (CPR):    0.000ns
  Clock Uncertainty:      0.843ns  ((TSJ^2 + DJ^2)^1/2) / 2 + PE
    Total System Jitter     (TSJ):    0.050ns
    Discrete Jitter          (DJ):    0.462ns
    Phase Error              (PE):    0.611ns

    Location             Delay type                Incr(ns)  Path(ns)    Netlist Resource(s)
  -------------------------------------------------------------------    -------------------
    N15                                               0.000     0.000 f  resetn (IN)
                         net (fo=0)                   0.000     0.000    resetn
    N15                  IBUF (Prop_ibuf_I_O)         1.477     1.477 f  resetn_IBUF_inst/O
                         net (fo=5, routed)           2.818     4.294    datapath_inst/sampleIntervalCounter_inst/resetn_IBUF
    SLICE_X43Y9          LUT1 (Prop_lut1_I0_O)        0.124     4.418 r  datapath_inst/sampleIntervalCounter_inst/hdmi0_inst_i_1/O
                         net (fo=182, routed)         3.316     7.734    datapath_inst/videoSigGen_inst/SR[0]
    SLICE_X27Y25         FDRE                                         r  datapath_inst/videoSigGen_inst/pixelVert_reg[9]/R
  -------------------------------------------------------------------    -------------------

                         (clock clk_out1_clk_wiz_0 rise edge)
                                                      0.000     0.000 r  
    BUFGCTRL_X0Y2        BUFG                         0.000     0.000 r  clk_IBUF_BUFG_inst/O
                         net (fo=152, routed)         1.487     1.487    datapath_inst/vc/inst/clk_in1
    MMCME2_ADV_X0Y0      MMCME2_ADV (Prop_mmcme2_adv_CLKIN1_CLKOUT0)
                                                     -3.177    -1.690 r  datapath_inst/vc/inst/mmcm_adv_inst/CLKOUT0
                         net (fo=1, routed)           1.599    -0.091    datapath_inst/vc/inst/clk_out1_clk_wiz_0
    BUFGCTRL_X0Y0        BUFG (Prop_bufg_I_O)         0.091     0.000 r  datapath_inst/vc/inst/clkout1_buf/O
                         net (fo=223, routed)         1.482     1.482    datapath_inst/videoSigGen_inst/CLK
    SLICE_X27Y25         FDRE                                         r  datapath_inst/videoSigGen_inst/pixelVert_reg[9]/C

Slack:                    inf
  Source:                 resetn
                            (input port)
  Destination:            datapath_inst/videoSigGen_inst/pixelVert_reg[0]/R
                            (rising edge-triggered cell FDRE clocked by clk_out1_clk_wiz_0  {rise@0.000ns fall@6.737ns period=13.474ns})
  Path Group:             (none)
  Path Type:              Setup (Max at Slow Process Corner)
  Data Path Delay:        7.627ns  (logic 1.601ns (20.988%)  route 6.026ns (79.012%))
  Logic Levels:           2  (IBUF=1 LUT1=1)
  Clock Path Skew:        1.482ns (DCD - SCD + CPR)
    Destination Clock Delay (DCD):    1.482ns
    Source Clock Delay      (SCD):    0.000ns
    Clock Pessimism Removal (CPR):    0.000ns
  Clock Uncertainty:      0.843ns  ((TSJ^2 + DJ^2)^1/2) / 2 + PE
    Total System Jitter     (TSJ):    0.050ns
    Discrete Jitter          (DJ):    0.462ns
    Phase Error              (PE):    0.611ns

    Location             Delay type                Incr(ns)  Path(ns)    Netlist Resource(s)
  -------------------------------------------------------------------    -------------------
    N15                                               0.000     0.000 f  resetn (IN)
                         net (fo=0)                   0.000     0.000    resetn
    N15                  IBUF (Prop_ibuf_I_O)         1.477     1.477 f  resetn_IBUF_inst/O
                         net (fo=5, routed)           2.818     4.294    datapath_inst/sampleIntervalCounter_inst/resetn_IBUF
    SLICE_X43Y9          LUT1 (Prop_lut1_I0_O)        0.124     4.418 r  datapath_inst/sampleIntervalCounter_inst/hdmi0_inst_i_1/O
                         net (fo=182, routed)         3.209     7.627    datapath_inst/videoSigGen_inst/SR[0]
    SLICE_X28Y24         FDRE                                         r  datapath_inst/videoSigGen_inst/pixelVert_reg[0]/R
  -------------------------------------------------------------------    -------------------

                         (clock clk_out1_clk_wiz_0 rise edge)
                                                      0.000     0.000 r  
    BUFGCTRL_X0Y2        BUFG                         0.000     0.000 r  clk_IBUF_BUFG_inst/O
                         net (fo=152, routed)         1.487     1.487    datapath_inst/vc/inst/clk_in1
    MMCME2_ADV_X0Y0      MMCME2_ADV (Prop_mmcme2_adv_CLKIN1_CLKOUT0)
                                                     -3.177    -1.690 r  datapath_inst/vc/inst/mmcm_adv_inst/CLKOUT0
                         net (fo=1, routed)           1.599    -0.091    datapath_inst/vc/inst/clk_out1_clk_wiz_0
    BUFGCTRL_X0Y0        BUFG (Prop_bufg_I_O)         0.091     0.000 r  datapath_inst/vc/inst/clkout1_buf/O
                         net (fo=223, routed)         1.482     1.482    datapath_inst/videoSigGen_inst/CLK
    SLICE_X28Y24         FDRE                                         r  datapath_inst/videoSigGen_inst/pixelVert_reg[0]/C





Min Delay Paths
--------------------------------------------------------------------------------------
Slack:                    inf
  Source:                 datapath_inst/vc/inst/mmcm_adv_inst/LOCKED
                            (internal pin)
  Destination:            datapath_inst/hdmi0_inst/inst/encb/cnt_reg[4]/CLR
                            (removal check against rising-edge clock clk_out1_clk_wiz_0  {rise@0.000ns fall@6.737ns period=13.474ns})
  Path Group:             (none)
  Path Type:              Removal (Min at Fast Process Corner)
  Data Path Delay:        0.814ns  (logic 0.044ns (5.408%)  route 0.770ns (94.592%))
  Logic Levels:           1  (LUT2=1)
  Clock Uncertainty:      0.843ns  ((TSJ^2 + DJ^2)^1/2) / 2 + PE
    Total System Jitter     (TSJ):    0.050ns
    Discrete Jitter          (DJ):    0.462ns
    Phase Error              (PE):    0.611ns

    Location             Delay type                Incr(ns)  Path(ns)    Netlist Resource(s)
  -------------------------------------------------------------------    -------------------
    MMCME2_ADV_X0Y0      MMCME2_ADV                   0.000     0.000 r  datapath_inst/vc/inst/mmcm_adv_inst/LOCKED
                         net (fo=1, routed)           0.551     0.551    datapath_inst/hdmi0_inst/inst/encr/pix_clk_locked
    SLICE_X43Y9          LUT2 (Prop_lut2_I1_O)        0.044     0.595 f  datapath_inst/hdmi0_inst/inst/encr/oserdes_m_i_1/O
                         net (fo=50, routed)          0.219     0.814    datapath_inst/hdmi0_inst/inst/encb/AR[0]
    SLICE_X40Y15         FDCE                                         f  datapath_inst/hdmi0_inst/inst/encb/cnt_reg[4]/CLR
  -------------------------------------------------------------------    -------------------

                         (clock clk_out1_clk_wiz_0 rise edge)
                                                      0.000     0.000 r  
    BUFGCTRL_X0Y2        BUFG                         0.000     0.000 r  clk_IBUF_BUFG_inst/O
                         net (fo=152, routed)         0.812     0.812    datapath_inst/vc/inst/clk_in1
    MMCME2_ADV_X0Y0      MMCME2_ADV (Prop_mmcme2_adv_CLKIN1_CLKOUT0)
                                                     -1.369    -0.557 r  datapath_inst/vc/inst/mmcm_adv_inst/CLKOUT0
                         net (fo=1, routed)           0.528    -0.029    datapath_inst/vc/inst/clk_out1_clk_wiz_0
    BUFGCTRL_X0Y0        BUFG (Prop_bufg_I_O)         0.029    -0.000 r  datapath_inst/vc/inst/clkout1_buf/O
                         net (fo=223, routed)         0.855     0.855    datapath_inst/hdmi0_inst/inst/encb/pix_clk
    SLICE_X40Y15         FDCE                                         r  datapath_inst/hdmi0_inst/inst/encb/cnt_reg[4]/C

Slack:                    inf
  Source:                 datapath_inst/vc/inst/mmcm_adv_inst/LOCKED
                            (internal pin)
  Destination:            datapath_inst/hdmi0_inst/inst/encb/cnt_reg[2]/CLR
                            (removal check against rising-edge clock clk_out1_clk_wiz_0  {rise@0.000ns fall@6.737ns period=13.474ns})
  Path Group:             (none)
  Path Type:              Removal (Min at Fast Process Corner)
  Data Path Delay:        0.930ns  (logic 0.044ns (4.733%)  route 0.886ns (95.267%))
  Logic Levels:           1  (LUT2=1)
  Clock Uncertainty:      0.843ns  ((TSJ^2 + DJ^2)^1/2) / 2 + PE
    Total System Jitter     (TSJ):    0.050ns
    Discrete Jitter          (DJ):    0.462ns
    Phase Error              (PE):    0.611ns

    Location             Delay type                Incr(ns)  Path(ns)    Netlist Resource(s)
  -------------------------------------------------------------------    -------------------
    MMCME2_ADV_X0Y0      MMCME2_ADV                   0.000     0.000 r  datapath_inst/vc/inst/mmcm_adv_inst/LOCKED
                         net (fo=1, routed)           0.551     0.551    datapath_inst/hdmi0_inst/inst/encr/pix_clk_locked
    SLICE_X43Y9          LUT2 (Prop_lut2_I1_O)        0.044     0.595 f  datapath_inst/hdmi0_inst/inst/encr/oserdes_m_i_1/O
                         net (fo=50, routed)          0.335     0.930    datapath_inst/hdmi0_inst/inst/encb/AR[0]
    SLICE_X38Y16         FDCE                                         f  datapath_inst/hdmi0_inst/inst/encb/cnt_reg[2]/CLR
  -------------------------------------------------------------------    -------------------

                         (clock clk_out1_clk_wiz_0 rise edge)
                                                      0.000     0.000 r  
    BUFGCTRL_X0Y2        BUFG                         0.000     0.000 r  clk_IBUF_BUFG_inst/O
                         net (fo=152, routed)         0.812     0.812    datapath_inst/vc/inst/clk_in1
    MMCME2_ADV_X0Y0      MMCME2_ADV (Prop_mmcme2_adv_CLKIN1_CLKOUT0)
                                                     -1.369    -0.557 r  datapath_inst/vc/inst/mmcm_adv_inst/CLKOUT0
                         net (fo=1, routed)           0.528    -0.029    datapath_inst/vc/inst/clk_out1_clk_wiz_0
    BUFGCTRL_X0Y0        BUFG (Prop_bufg_I_O)         0.029    -0.000 r  datapath_inst/vc/inst/clkout1_buf/O
                         net (fo=223, routed)         0.852     0.852    datapath_inst/hdmi0_inst/inst/encb/pix_clk
    SLICE_X38Y16         FDCE                                         r  datapath_inst/hdmi0_inst/inst/encb/cnt_reg[2]/C

Slack:                    inf
  Source:                 datapath_inst/vc/inst/mmcm_adv_inst/LOCKED
                            (internal pin)
  Destination:            datapath_inst/hdmi0_inst/inst/encb/cnt_reg[3]/CLR
                            (removal check against rising-edge clock clk_out1_clk_wiz_0  {rise@0.000ns fall@6.737ns period=13.474ns})
  Path Group:             (none)
  Path Type:              Removal (Min at Fast Process Corner)
  Data Path Delay:        0.930ns  (logic 0.044ns (4.733%)  route 0.886ns (95.267%))
  Logic Levels:           1  (LUT2=1)
  Clock Uncertainty:      0.843ns  ((TSJ^2 + DJ^2)^1/2) / 2 + PE
    Total System Jitter     (TSJ):    0.050ns
    Discrete Jitter          (DJ):    0.462ns
    Phase Error              (PE):    0.611ns

    Location             Delay type                Incr(ns)  Path(ns)    Netlist Resource(s)
  -------------------------------------------------------------------    -------------------
    MMCME2_ADV_X0Y0      MMCME2_ADV                   0.000     0.000 r  datapath_inst/vc/inst/mmcm_adv_inst/LOCKED
                         net (fo=1, routed)           0.551     0.551    datapath_inst/hdmi0_inst/inst/encr/pix_clk_locked
    SLICE_X43Y9          LUT2 (Prop_lut2_I1_O)        0.044     0.595 f  datapath_inst/hdmi0_inst/inst/encr/oserdes_m_i_1/O
                         net (fo=50, routed)          0.335     0.930    datapath_inst/hdmi0_inst/inst/encb/AR[0]
    SLICE_X38Y16         FDCE                                         f  datapath_inst/hdmi0_inst/inst/encb/cnt_reg[3]/CLR
  -------------------------------------------------------------------    -------------------

                         (clock clk_out1_clk_wiz_0 rise edge)
                                                      0.000     0.000 r  
    BUFGCTRL_X0Y2        BUFG                         0.000     0.000 r  clk_IBUF_BUFG_inst/O
                         net (fo=152, routed)         0.812     0.812    datapath_inst/vc/inst/clk_in1
    MMCME2_ADV_X0Y0      MMCME2_ADV (Prop_mmcme2_adv_CLKIN1_CLKOUT0)
                                                     -1.369    -0.557 r  datapath_inst/vc/inst/mmcm_adv_inst/CLKOUT0
                         net (fo=1, routed)           0.528    -0.029    datapath_inst/vc/inst/clk_out1_clk_wiz_0
    BUFGCTRL_X0Y0        BUFG (Prop_bufg_I_O)         0.029    -0.000 r  datapath_inst/vc/inst/clkout1_buf/O
                         net (fo=223, routed)         0.852     0.852    datapath_inst/hdmi0_inst/inst/encb/pix_clk
    SLICE_X38Y16         FDCE                                         r  datapath_inst/hdmi0_inst/inst/encb/cnt_reg[3]/C

Slack:                    inf
  Source:                 datapath_inst/vc/inst/mmcm_adv_inst/LOCKED
                            (internal pin)
  Destination:            datapath_inst/hdmi0_inst/inst/encb/cnt_reg[1]/CLR
                            (removal check against rising-edge clock clk_out1_clk_wiz_0  {rise@0.000ns fall@6.737ns period=13.474ns})
  Path Group:             (none)
  Path Type:              Removal (Min at Fast Process Corner)
  Data Path Delay:        0.935ns  (logic 0.044ns (4.707%)  route 0.891ns (95.293%))
  Logic Levels:           1  (LUT2=1)
  Clock Uncertainty:      0.843ns  ((TSJ^2 + DJ^2)^1/2) / 2 + PE
    Total System Jitter     (TSJ):    0.050ns
    Discrete Jitter          (DJ):    0.462ns
    Phase Error              (PE):    0.611ns

    Location             Delay type                Incr(ns)  Path(ns)    Netlist Resource(s)
  -------------------------------------------------------------------    -------------------
    MMCME2_ADV_X0Y0      MMCME2_ADV                   0.000     0.000 r  datapath_inst/vc/inst/mmcm_adv_inst/LOCKED
                         net (fo=1, routed)           0.551     0.551    datapath_inst/hdmi0_inst/inst/encr/pix_clk_locked
    SLICE_X43Y9          LUT2 (Prop_lut2_I1_O)        0.044     0.595 f  datapath_inst/hdmi0_inst/inst/encr/oserdes_m_i_1/O
                         net (fo=50, routed)          0.340     0.935    datapath_inst/hdmi0_inst/inst/encb/AR[0]
    SLICE_X40Y16         FDCE                                         f  datapath_inst/hdmi0_inst/inst/encb/cnt_reg[1]/CLR
  -------------------------------------------------------------------    -------------------

                         (clock clk_out1_clk_wiz_0 rise edge)
                                                      0.000     0.000 r  
    BUFGCTRL_X0Y2        BUFG                         0.000     0.000 r  clk_IBUF_BUFG_inst/O
                         net (fo=152, routed)         0.812     0.812    datapath_inst/vc/inst/clk_in1
    MMCME2_ADV_X0Y0      MMCME2_ADV (Prop_mmcme2_adv_CLKIN1_CLKOUT0)
                                                     -1.369    -0.557 r  datapath_inst/vc/inst/mmcm_adv_inst/CLKOUT0
                         net (fo=1, routed)           0.528    -0.029    datapath_inst/vc/inst/clk_out1_clk_wiz_0
    BUFGCTRL_X0Y0        BUFG (Prop_bufg_I_O)         0.029    -0.000 r  datapath_inst/vc/inst/clkout1_buf/O
                         net (fo=223, routed)         0.854     0.854    datapath_inst/hdmi0_inst/inst/encb/pix_clk
    SLICE_X40Y16         FDCE                                         r  datapath_inst/hdmi0_inst/inst/encb/cnt_reg[1]/C

Slack:                    inf
  Source:                 datapath_inst/vc/inst/mmcm_adv_inst/LOCKED
                            (internal pin)
  Destination:            datapath_inst/hdmi0_inst/inst/encb/dout_reg[4]/CLR
                            (removal check against rising-edge clock clk_out1_clk_wiz_0  {rise@0.000ns fall@6.737ns period=13.474ns})
  Path Group:             (none)
  Path Type:              Removal (Min at Fast Process Corner)
  Data Path Delay:        0.935ns  (logic 0.044ns (4.707%)  route 0.891ns (95.293%))
  Logic Levels:           1  (LUT2=1)
  Clock Uncertainty:      0.843ns  ((TSJ^2 + DJ^2)^1/2) / 2 + PE
    Total System Jitter     (TSJ):    0.050ns
    Discrete Jitter          (DJ):    0.462ns
    Phase Error              (PE):    0.611ns

    Location             Delay type                Incr(ns)  Path(ns)    Netlist Resource(s)
  -------------------------------------------------------------------    -------------------
    MMCME2_ADV_X0Y0      MMCME2_ADV                   0.000     0.000 r  datapath_inst/vc/inst/mmcm_adv_inst/LOCKED
                         net (fo=1, routed)           0.551     0.551    datapath_inst/hdmi0_inst/inst/encr/pix_clk_locked
    SLICE_X43Y9          LUT2 (Prop_lut2_I1_O)        0.044     0.595 f  datapath_inst/hdmi0_inst/inst/encr/oserdes_m_i_1/O
                         net (fo=50, routed)          0.340     0.935    datapath_inst/hdmi0_inst/inst/encb/AR[0]
    SLICE_X40Y16         FDCE                                         f  datapath_inst/hdmi0_inst/inst/encb/dout_reg[4]/CLR
  -------------------------------------------------------------------    -------------------

                         (clock clk_out1_clk_wiz_0 rise edge)
                                                      0.000     0.000 r  
    BUFGCTRL_X0Y2        BUFG                         0.000     0.000 r  clk_IBUF_BUFG_inst/O
                         net (fo=152, routed)         0.812     0.812    datapath_inst/vc/inst/clk_in1
    MMCME2_ADV_X0Y0      MMCME2_ADV (Prop_mmcme2_adv_CLKIN1_CLKOUT0)
                                                     -1.369    -0.557 r  datapath_inst/vc/inst/mmcm_adv_inst/CLKOUT0
                         net (fo=1, routed)           0.528    -0.029    datapath_inst/vc/inst/clk_out1_clk_wiz_0
    BUFGCTRL_X0Y0        BUFG (Prop_bufg_I_O)         0.029    -0.000 r  datapath_inst/vc/inst/clkout1_buf/O
                         net (fo=223, routed)         0.854     0.854    datapath_inst/hdmi0_inst/inst/encb/pix_clk
    SLICE_X40Y16         FDCE                                         r  datapath_inst/hdmi0_inst/inst/encb/dout_reg[4]/C

Slack:                    inf
  Source:                 datapath_inst/vc/inst/mmcm_adv_inst/LOCKED
                            (internal pin)
  Destination:            datapath_inst/hdmi0_inst/inst/serial_b/oserdes_s/RST
                            (rising edge-triggered cell OSERDESE2 clocked by clk_out1_clk_wiz_0  {rise@0.000ns fall@6.737ns period=13.474ns})
  Path Group:             (none)
  Path Type:              Hold (Min at Fast Process Corner)
  Data Path Delay:        1.007ns  (logic 0.044ns (4.372%)  route 0.963ns (95.628%))
  Logic Levels:           1  (LUT2=1)
  Clock Uncertainty:      0.843ns  ((TSJ^2 + DJ^2)^1/2) / 2 + PE
    Total System Jitter     (TSJ):    0.050ns
    Discrete Jitter          (DJ):    0.462ns
    Phase Error              (PE):    0.611ns

    Location             Delay type                Incr(ns)  Path(ns)    Netlist Resource(s)
  -------------------------------------------------------------------    -------------------
    MMCME2_ADV_X0Y0      MMCME2_ADV                   0.000     0.000 f  datapath_inst/vc/inst/mmcm_adv_inst/LOCKED
                         net (fo=1, routed)           0.551     0.551    datapath_inst/hdmi0_inst/inst/encr/pix_clk_locked
    SLICE_X43Y9          LUT2 (Prop_lut2_I1_O)        0.044     0.595 r  datapath_inst/hdmi0_inst/inst/encr/oserdes_m_i_1/O
                         net (fo=50, routed)          0.412     1.007    datapath_inst/hdmi0_inst/inst/serial_b/AR[0]
    OLOGIC_X0Y17         OSERDESE2                                    r  datapath_inst/hdmi0_inst/inst/serial_b/oserdes_s/RST
  -------------------------------------------------------------------    -------------------

                         (clock clk_out1_clk_wiz_0 rise edge)
                                                      0.000     0.000 r  
    BUFGCTRL_X0Y2        BUFG                         0.000     0.000 r  clk_IBUF_BUFG_inst/O
                         net (fo=152, routed)         0.812     0.812    datapath_inst/vc/inst/clk_in1
    MMCME2_ADV_X0Y0      MMCME2_ADV (Prop_mmcme2_adv_CLKIN1_CLKOUT0)
                                                     -1.369    -0.557 r  datapath_inst/vc/inst/mmcm_adv_inst/CLKOUT0
                         net (fo=1, routed)           0.528    -0.029    datapath_inst/vc/inst/clk_out1_clk_wiz_0
    BUFGCTRL_X0Y0        BUFG (Prop_bufg_I_O)         0.029    -0.000 r  datapath_inst/vc/inst/clkout1_buf/O
                         net (fo=223, routed)         0.850     0.850    datapath_inst/hdmi0_inst/inst/serial_b/pix_clk
    OLOGIC_X0Y17         OSERDESE2                                    r  datapath_inst/hdmi0_inst/inst/serial_b/oserdes_s/CLKDIV

Slack:                    inf
  Source:                 datapath_inst/vc/inst/mmcm_adv_inst/LOCKED
                            (internal pin)
  Destination:            datapath_inst/hdmi0_inst/inst/serial_b/oserdes_m/RST
                            (rising edge-triggered cell OSERDESE2 clocked by clk_out1_clk_wiz_0  {rise@0.000ns fall@6.737ns period=13.474ns})
  Path Group:             (none)
  Path Type:              Hold (Min at Fast Process Corner)
  Data Path Delay:        1.082ns  (logic 0.044ns (4.066%)  route 1.038ns (95.934%))
  Logic Levels:           1  (LUT2=1)
  Clock Uncertainty:      0.843ns  ((TSJ^2 + DJ^2)^1/2) / 2 + PE
    Total System Jitter     (TSJ):    0.050ns
    Discrete Jitter          (DJ):    0.462ns
    Phase Error              (PE):    0.611ns

    Location             Delay type                Incr(ns)  Path(ns)    Netlist Resource(s)
  -------------------------------------------------------------------    -------------------
    MMCME2_ADV_X0Y0      MMCME2_ADV                   0.000     0.000 f  datapath_inst/vc/inst/mmcm_adv_inst/LOCKED
                         net (fo=1, routed)           0.551     0.551    datapath_inst/hdmi0_inst/inst/encr/pix_clk_locked
    SLICE_X43Y9          LUT2 (Prop_lut2_I1_O)        0.044     0.595 r  datapath_inst/hdmi0_inst/inst/encr/oserdes_m_i_1/O
                         net (fo=50, routed)          0.488     1.082    datapath_inst/hdmi0_inst/inst/serial_b/AR[0]
    OLOGIC_X0Y18         OSERDESE2                                    r  datapath_inst/hdmi0_inst/inst/serial_b/oserdes_m/RST
  -------------------------------------------------------------------    -------------------

                         (clock clk_out1_clk_wiz_0 rise edge)
                                                      0.000     0.000 r  
    BUFGCTRL_X0Y2        BUFG                         0.000     0.000 r  clk_IBUF_BUFG_inst/O
                         net (fo=152, routed)         0.812     0.812    datapath_inst/vc/inst/clk_in1
    MMCME2_ADV_X0Y0      MMCME2_ADV (Prop_mmcme2_adv_CLKIN1_CLKOUT0)
                                                     -1.369    -0.557 r  datapath_inst/vc/inst/mmcm_adv_inst/CLKOUT0
                         net (fo=1, routed)           0.528    -0.029    datapath_inst/vc/inst/clk_out1_clk_wiz_0
    BUFGCTRL_X0Y0        BUFG (Prop_bufg_I_O)         0.029    -0.000 r  datapath_inst/vc/inst/clkout1_buf/O
                         net (fo=223, routed)         0.850     0.850    datapath_inst/hdmi0_inst/inst/serial_b/pix_clk
    OLOGIC_X0Y18         OSERDESE2                                    r  datapath_inst/hdmi0_inst/inst/serial_b/oserdes_m/CLKDIV

Slack:                    inf
  Source:                 datapath_inst/vc/inst/mmcm_adv_inst/LOCKED
                            (internal pin)
  Destination:            datapath_inst/hdmi0_inst/inst/encb/dout_reg[1]/CLR
                            (removal check against rising-edge clock clk_out1_clk_wiz_0  {rise@0.000ns fall@6.737ns period=13.474ns})
  Path Group:             (none)
  Path Type:              Removal (Min at Fast Process Corner)
  Data Path Delay:        1.092ns  (logic 0.044ns (4.030%)  route 1.048ns (95.970%))
  Logic Levels:           1  (LUT2=1)
  Clock Uncertainty:      0.843ns  ((TSJ^2 + DJ^2)^1/2) / 2 + PE
    Total System Jitter     (TSJ):    0.050ns
    Discrete Jitter          (DJ):    0.462ns
    Phase Error              (PE):    0.611ns

    Location             Delay type                Incr(ns)  Path(ns)    Netlist Resource(s)
  -------------------------------------------------------------------    -------------------
    MMCME2_ADV_X0Y0      MMCME2_ADV                   0.000     0.000 r  datapath_inst/vc/inst/mmcm_adv_inst/LOCKED
                         net (fo=1, routed)           0.551     0.551    datapath_inst/hdmi0_inst/inst/encr/pix_clk_locked
    SLICE_X43Y9          LUT2 (Prop_lut2_I1_O)        0.044     0.595 f  datapath_inst/hdmi0_inst/inst/encr/oserdes_m_i_1/O
                         net (fo=50, routed)          0.497     1.092    datapath_inst/hdmi0_inst/inst/encb/AR[0]
    SLICE_X43Y17         FDCE                                         f  datapath_inst/hdmi0_inst/inst/encb/dout_reg[1]/CLR
  -------------------------------------------------------------------    -------------------

                         (clock clk_out1_clk_wiz_0 rise edge)
                                                      0.000     0.000 r  
    BUFGCTRL_X0Y2        BUFG                         0.000     0.000 r  clk_IBUF_BUFG_inst/O
                         net (fo=152, routed)         0.812     0.812    datapath_inst/vc/inst/clk_in1
    MMCME2_ADV_X0Y0      MMCME2_ADV (Prop_mmcme2_adv_CLKIN1_CLKOUT0)
                                                     -1.369    -0.557 r  datapath_inst/vc/inst/mmcm_adv_inst/CLKOUT0
                         net (fo=1, routed)           0.528    -0.029    datapath_inst/vc/inst/clk_out1_clk_wiz_0
    BUFGCTRL_X0Y0        BUFG (Prop_bufg_I_O)         0.029    -0.000 r  datapath_inst/vc/inst/clkout1_buf/O
                         net (fo=223, routed)         0.853     0.853    datapath_inst/hdmi0_inst/inst/encb/pix_clk
    SLICE_X43Y17         FDCE                                         r  datapath_inst/hdmi0_inst/inst/encb/dout_reg[1]/C

Slack:                    inf
  Source:                 datapath_inst/vc/inst/mmcm_adv_inst/LOCKED
                            (internal pin)
  Destination:            datapath_inst/hdmi0_inst/inst/encb/dout_reg[5]/CLR
                            (removal check against rising-edge clock clk_out1_clk_wiz_0  {rise@0.000ns fall@6.737ns period=13.474ns})
  Path Group:             (none)
  Path Type:              Removal (Min at Fast Process Corner)
  Data Path Delay:        1.092ns  (logic 0.044ns (4.030%)  route 1.048ns (95.970%))
  Logic Levels:           1  (LUT2=1)
  Clock Uncertainty:      0.843ns  ((TSJ^2 + DJ^2)^1/2) / 2 + PE
    Total System Jitter     (TSJ):    0.050ns
    Discrete Jitter          (DJ):    0.462ns
    Phase Error              (PE):    0.611ns

    Location             Delay type                Incr(ns)  Path(ns)    Netlist Resource(s)
  -------------------------------------------------------------------    -------------------
    MMCME2_ADV_X0Y0      MMCME2_ADV                   0.000     0.000 r  datapath_inst/vc/inst/mmcm_adv_inst/LOCKED
                         net (fo=1, routed)           0.551     0.551    datapath_inst/hdmi0_inst/inst/encr/pix_clk_locked
    SLICE_X43Y9          LUT2 (Prop_lut2_I1_O)        0.044     0.595 f  datapath_inst/hdmi0_inst/inst/encr/oserdes_m_i_1/O
                         net (fo=50, routed)          0.497     1.092    datapath_inst/hdmi0_inst/inst/encb/AR[0]
    SLICE_X43Y17         FDCE                                         f  datapath_inst/hdmi0_inst/inst/encb/dout_reg[5]/CLR
  -------------------------------------------------------------------    -------------------

                         (clock clk_out1_clk_wiz_0 rise edge)
                                                      0.000     0.000 r  
    BUFGCTRL_X0Y2        BUFG                         0.000     0.000 r  clk_IBUF_BUFG_inst/O
                         net (fo=152, routed)         0.812     0.812    datapath_inst/vc/inst/clk_in1
    MMCME2_ADV_X0Y0      MMCME2_ADV (Prop_mmcme2_adv_CLKIN1_CLKOUT0)
                                                     -1.369    -0.557 r  datapath_inst/vc/inst/mmcm_adv_inst/CLKOUT0
                         net (fo=1, routed)           0.528    -0.029    datapath_inst/vc/inst/clk_out1_clk_wiz_0
    BUFGCTRL_X0Y0        BUFG (Prop_bufg_I_O)         0.029    -0.000 r  datapath_inst/vc/inst/clkout1_buf/O
                         net (fo=223, routed)         0.853     0.853    datapath_inst/hdmi0_inst/inst/encb/pix_clk
    SLICE_X43Y17         FDCE                                         r  datapath_inst/hdmi0_inst/inst/encb/dout_reg[5]/C

Slack:                    inf
  Source:                 datapath_inst/vc/inst/mmcm_adv_inst/LOCKED
                            (internal pin)
  Destination:            datapath_inst/hdmi0_inst/inst/encb/dout_reg[8]/CLR
                            (removal check against rising-edge clock clk_out1_clk_wiz_0  {rise@0.000ns fall@6.737ns period=13.474ns})
  Path Group:             (none)
  Path Type:              Removal (Min at Fast Process Corner)
  Data Path Delay:        1.092ns  (logic 0.044ns (4.030%)  route 1.048ns (95.970%))
  Logic Levels:           1  (LUT2=1)
  Clock Uncertainty:      0.843ns  ((TSJ^2 + DJ^2)^1/2) / 2 + PE
    Total System Jitter     (TSJ):    0.050ns
    Discrete Jitter          (DJ):    0.462ns
    Phase Error              (PE):    0.611ns

    Location             Delay type                Incr(ns)  Path(ns)    Netlist Resource(s)
  -------------------------------------------------------------------    -------------------
    MMCME2_ADV_X0Y0      MMCME2_ADV                   0.000     0.000 r  datapath_inst/vc/inst/mmcm_adv_inst/LOCKED
                         net (fo=1, routed)           0.551     0.551    datapath_inst/hdmi0_inst/inst/encr/pix_clk_locked
    SLICE_X43Y9          LUT2 (Prop_lut2_I1_O)        0.044     0.595 f  datapath_inst/hdmi0_inst/inst/encr/oserdes_m_i_1/O
                         net (fo=50, routed)          0.497     1.092    datapath_inst/hdmi0_inst/inst/encb/AR[0]
    SLICE_X43Y17         FDCE                                         f  datapath_inst/hdmi0_inst/inst/encb/dout_reg[8]/CLR
  -------------------------------------------------------------------    -------------------

                         (clock clk_out1_clk_wiz_0 rise edge)
                                                      0.000     0.000 r  
    BUFGCTRL_X0Y2        BUFG                         0.000     0.000 r  clk_IBUF_BUFG_inst/O
                         net (fo=152, routed)         0.812     0.812    datapath_inst/vc/inst/clk_in1
    MMCME2_ADV_X0Y0      MMCME2_ADV (Prop_mmcme2_adv_CLKIN1_CLKOUT0)
                                                     -1.369    -0.557 r  datapath_inst/vc/inst/mmcm_adv_inst/CLKOUT0
                         net (fo=1, routed)           0.528    -0.029    datapath_inst/vc/inst/clk_out1_clk_wiz_0
    BUFGCTRL_X0Y0        BUFG (Prop_bufg_I_O)         0.029    -0.000 r  datapath_inst/vc/inst/clkout1_buf/O
                         net (fo=223, routed)         0.853     0.853    datapath_inst/hdmi0_inst/inst/encb/pix_clk
    SLICE_X43Y17         FDCE                                         r  datapath_inst/hdmi0_inst/inst/encb/dout_reg[8]/C





