Copyright 1986-2022 Xilinx, Inc. All Rights Reserved. Copyright 2022-2025 Advanced Micro Devices, Inc. All Rights Reserved.
------------------------------------------------------------------------------------------------------------------------------------------------------------------------------------------------------------------------------------------------------------------------
| Tool Version : Vivado v.2025.1 (win64) Build 6140274 Thu May 22 00:12:29 MDT 2025
| Date         : Wed Nov 19 14:28:37 2025
| Host         : DESKTOP-BLLF4DN running 64-bit major release  (build 9200)
| Command      : report_timing_summary -max_paths 10 -routable_nets -report_unconstrained -file ZynqQWithPwm_wrapper_timing_summary_routed.rpt -pb ZynqQWithPwm_wrapper_timing_summary_routed.pb -rpx ZynqQWithPwm_wrapper_timing_summary_routed.rpx -warn_on_violation
| Design       : ZynqQWithPwm_wrapper
| Device       : 7z010-clg400
| Speed File   : -1  PRODUCTION 1.12 2019-11-22
| Design State : Routed
------------------------------------------------------------------------------------------------------------------------------------------------------------------------------------------------------------------------------------------------------------------------

Timing Summary Report

------------------------------------------------------------------------------------------------
| Timer Settings
| --------------
------------------------------------------------------------------------------------------------

  Enable Multi Corner Analysis               :  Yes
  Enable Pessimism Removal                   :  Yes
  Pessimism Removal Resolution               :  Nearest Common Node
  Enable Input Delay Default Clock           :  No
  Enable Preset / Clear Arcs                 :  No
  Disable Flight Delays                      :  No
  Ignore I/O Paths                           :  No
  Timing Early Launch at Borrowing Latches   :  No
  Borrow Time for Max Delay Exceptions       :  Yes
  Merge Timing Exceptions                    :  Yes
  Inter-SLR Compensation                     :  Conservative

  Corner  Analyze    Analyze    
  Name    Max Paths  Min Paths  
  ------  ---------  ---------  
  Slow    Yes        Yes        
  Fast    Yes        Yes        


------------------------------------------------------------------------------------------------
| Report Methodology
| ------------------
------------------------------------------------------------------------------------------------

Rule       Severity  Description                    Violations  
---------  --------  -----------------------------  ----------  
TIMING-18  Warning   Missing input or output delay  2           

Note: This report is based on the most recent report_methodology run and may not be up-to-date. Run report_methodology on the current design for the latest report.



check_timing report

Table of Contents
-----------------
1. checking no_clock (0)
2. checking constant_clock (0)
3. checking pulse_width_clock (0)
4. checking unconstrained_internal_endpoints (0)
5. checking no_input_delay (1)
6. checking no_output_delay (1)
7. checking multiple_clock (0)
8. checking generated_clocks (0)
9. checking loops (0)
10. checking partial_input_delay (0)
11. checking partial_output_delay (0)
12. checking latch_loops (0)

1. checking no_clock (0)
------------------------
 There are 0 register/latch pins with no clock.


2. checking constant_clock (0)
------------------------------
 There are 0 register/latch pins with constant_clock.


3. checking pulse_width_clock (0)
---------------------------------
 There are 0 register/latch pins which need pulse_width check


4. checking unconstrained_internal_endpoints (0)
------------------------------------------------
 There are 0 pins that are not constrained for maximum delay.

 There are 0 pins that are not constrained for maximum delay due to constant clock.


5. checking no_input_delay (1)
------------------------------
 There is 1 input port with no input delay specified. (HIGH)

 There are 0 input ports with no input delay but user has a false path constraint.


6. checking no_output_delay (1)
-------------------------------
 There is 1 port with no output delay specified. (HIGH)

 There are 0 ports with no output delay but user has a false path constraint

 There are 0 ports with no output delay but with a timing clock defined on it or propagating through it


7. checking multiple_clock (0)
------------------------------
 There are 0 register/latch pins with multiple clocks.


8. checking generated_clocks (0)
--------------------------------
 There are 0 generated clocks that are not connected to a clock source.


9. checking loops (0)
---------------------
 There are 0 combinational loops in the design.


10. checking partial_input_delay (0)
------------------------------------
 There are 0 input ports with partial input delay specified.


11. checking partial_output_delay (0)
-------------------------------------
 There are 0 ports with partial output delay specified.


12. checking latch_loops (0)
----------------------------
 There are 0 combinational latch loops in the design through latch input



------------------------------------------------------------------------------------------------
| Design Timing Summary
| ---------------------
------------------------------------------------------------------------------------------------

    WNS(ns)      TNS(ns)  TNS Failing Endpoints  TNS Total Endpoints      WHS(ns)      THS(ns)  THS Failing Endpoints  THS Total Endpoints     WPWS(ns)     TPWS(ns)  TPWS Failing Endpoints  TPWS Total Endpoints  
    -------      -------  ---------------------  -------------------      -------      -------  ---------------------  -------------------     --------     --------  ----------------------  --------------------  
     11.312        0.000                      0                 1622        0.055        0.000                      0                 1622        9.020        0.000                       0                   740  


All user specified timing constraints are met.


------------------------------------------------------------------------------------------------
| Clock Summary
| -------------
------------------------------------------------------------------------------------------------

Clock       Waveform(ns)       Period(ns)      Frequency(MHz)
-----       ------------       ----------      --------------
clk_fpga_0  {0.000 10.000}     20.000          50.000          


------------------------------------------------------------------------------------------------
| Intra Clock Table
| -----------------
------------------------------------------------------------------------------------------------

Clock             WNS(ns)      TNS(ns)  TNS Failing Endpoints  TNS Total Endpoints      WHS(ns)      THS(ns)  THS Failing Endpoints  THS Total Endpoints     WPWS(ns)     TPWS(ns)  TPWS Failing Endpoints  TPWS Total Endpoints  
-----             -------      -------  ---------------------  -------------------      -------      -------  ---------------------  -------------------     --------     --------  ----------------------  --------------------  
clk_fpga_0         11.312        0.000                      0                 1622        0.055        0.000                      0                 1622        9.020        0.000                       0                   740  


------------------------------------------------------------------------------------------------
| Inter Clock Table
| -----------------
------------------------------------------------------------------------------------------------

From Clock    To Clock          WNS(ns)      TNS(ns)  TNS Failing Endpoints  TNS Total Endpoints      WHS(ns)      THS(ns)  THS Failing Endpoints  THS Total Endpoints  
----------    --------          -------      -------  ---------------------  -------------------      -------      -------  ---------------------  -------------------  


------------------------------------------------------------------------------------------------
| Other Path Groups Table
| -----------------------
------------------------------------------------------------------------------------------------

Path Group    From Clock    To Clock          WNS(ns)      TNS(ns)  TNS Failing Endpoints  TNS Total Endpoints      WHS(ns)      THS(ns)  THS Failing Endpoints  THS Total Endpoints  
----------    ----------    --------          -------      -------  ---------------------  -------------------      -------      -------  ---------------------  -------------------  


------------------------------------------------------------------------------------------------
| User Ignored Path Table
| -----------------------
------------------------------------------------------------------------------------------------

Path Group    From Clock    To Clock    
----------    ----------    --------    
(none)                      clk_fpga_0    
(none)        clk_fpga_0    clk_fpga_0    


------------------------------------------------------------------------------------------------
| Unconstrained Path Table
| ------------------------
------------------------------------------------------------------------------------------------

Path Group    From Clock    To Clock    
----------    ----------    --------    
(none)        clk_fpga_0                  
(none)                      clk_fpga_0    


------------------------------------------------------------------------------------------------
| Timing Details
| --------------
------------------------------------------------------------------------------------------------


---------------------------------------------------------------------------------------------------
From Clock:  clk_fpga_0
  To Clock:  clk_fpga_0

Setup :            0  Failing Endpoints,  Worst Slack       11.312ns,  Total Violation        0.000ns
Hold  :            0  Failing Endpoints,  Worst Slack        0.055ns,  Total Violation        0.000ns
PW    :            0  Failing Endpoints,  Worst Slack        9.020ns,  Total Violation        0.000ns
---------------------------------------------------------------------------------------------------


Max Delay Paths
--------------------------------------------------------------------------------------
Slack (MET) :             11.312ns  (required time - arrival time)
  Source:                 <hidden>
                            (rising edge-triggered cell FDRE clocked by clk_fpga_0  {rise@0.000ns fall@10.000ns period=20.000ns})
  Destination:            <hidden>
                            (rising edge-triggered cell FDRE clocked by clk_fpga_0  {rise@0.000ns fall@10.000ns period=20.000ns})
  Path Group:             clk_fpga_0
  Path Type:              Setup (Max at Slow Process Corner)
  Requirement:            20.000ns  (clk_fpga_0 rise@20.000ns - clk_fpga_0 rise@0.000ns)
  Data Path Delay:        8.410ns  (logic 2.629ns (31.261%)  route 5.781ns (68.739%))
  Logic Levels:           8  (CARRY4=1 LUT2=1 LUT4=4 LUT6=2)
  Clock Path Skew:        -0.057ns (DCD - SCD + CPR)
    Destination Clock Delay (DCD):    2.743ns = ( 22.743 - 20.000 ) 
    Source Clock Delay      (SCD):    3.031ns
    Clock Pessimism Removal (CPR):    0.230ns
  Clock Uncertainty:      0.302ns  ((TSJ^2 + TIJ^2)^1/2 + DJ) / 2 + PE
    Total System Jitter     (TSJ):    0.071ns
    Total Input Jitter      (TIJ):    0.600ns
    Discrete Jitter          (DJ):    0.000ns
    Phase Error              (PE):    0.000ns

    Location             Delay type                Incr(ns)  Path(ns)    Netlist Resource(s)
  -------------------------------------------------------------------    -------------------
                         (clock clk_fpga_0 rise edge)
                                                      0.000     0.000 r  
    PS7_X0Y0             PS7                          0.000     0.000 r  ZynqQWithPwm_i/processing_system7_0/inst/PS7_i/FCLKCLK[0]
                         net (fo=1, routed)           1.207     1.207    ZynqQWithPwm_i/processing_system7_0/inst/FCLK_CLK_unbuffered[0]
    BUFGCTRL_X0Y0        BUFG (Prop_bufg_I_O)         0.101     1.308 r  ZynqQWithPwm_i/processing_system7_0/inst/buffer_fclk_clk_0.FCLK_CLK_0_BUFG/O
                         net (fo=740, routed)         1.723     3.031    <hidden>
    SLICE_X1Y44          FDRE                                         r  <hidden>
  -------------------------------------------------------------------    -------------------
    SLICE_X1Y44          FDRE (Prop_fdre_C_Q)         0.456     3.487 f  <hidden>
                         net (fo=9, routed)           0.848     4.335    <hidden>
    SLICE_X2Y43          LUT4 (Prop_lut4_I3_O)        0.154     4.489 r  <hidden>
                         net (fo=1, routed)           0.644     5.132    <hidden>
    SLICE_X2Y44          LUT4 (Prop_lut4_I3_O)        0.355     5.487 r  <hidden>
                         net (fo=2, routed)           0.440     5.928    <hidden>
    SLICE_X2Y45          LUT2 (Prop_lut2_I0_O)        0.332     6.260 r  <hidden>
                         net (fo=2, routed)           0.512     6.772    <hidden>
    SLICE_X3Y45          CARRY4 (Prop_carry4_DI[0]_O[1])
                                                      0.407     7.179 r  <hidden>
                         net (fo=1, routed)           0.679     7.858    <hidden>
    SLICE_X4Y46          LUT4 (Prop_lut4_I1_O)        0.303     8.161 f  <hidden>
                         net (fo=1, routed)           0.670     8.831    <hidden>
    SLICE_X4Y46          LUT6 (Prop_lut6_I5_O)        0.124     8.955 f  <hidden>
                         net (fo=2, routed)           0.692     9.647    <hidden>
    SLICE_X6Y46          LUT4 (Prop_lut4_I2_O)        0.150     9.797 r  <hidden>
                         net (fo=12, routed)          1.296    11.093    <hidden>
    SLICE_X4Y43          LUT6 (Prop_lut6_I3_O)        0.348    11.441 r  <hidden>
                         net (fo=1, routed)           0.000    11.441    <hidden>
    SLICE_X4Y43          FDRE                                         r  <hidden>
  -------------------------------------------------------------------    -------------------

                         (clock clk_fpga_0 rise edge)
                                                     20.000    20.000 r  
    PS7_X0Y0             PS7                          0.000    20.000 r  ZynqQWithPwm_i/processing_system7_0/inst/PS7_i/FCLKCLK[0]
                         net (fo=1, routed)           1.101    21.101    ZynqQWithPwm_i/processing_system7_0/inst/FCLK_CLK_unbuffered[0]
    BUFGCTRL_X0Y0        BUFG (Prop_bufg_I_O)         0.091    21.192 r  ZynqQWithPwm_i/processing_system7_0/inst/buffer_fclk_clk_0.FCLK_CLK_0_BUFG/O
                         net (fo=740, routed)         1.551    22.743    <hidden>
    SLICE_X4Y43          FDRE                                         r  <hidden>
                         clock pessimism              0.230    22.974    
                         clock uncertainty           -0.302    22.672    
    SLICE_X4Y43          FDRE (Setup_fdre_C_D)        0.081    22.753    <hidden>
  -------------------------------------------------------------------
                         required time                         22.753    
                         arrival time                         -11.441    
  -------------------------------------------------------------------
                         slack                                 11.312    

Slack (MET) :             11.626ns  (required time - arrival time)
  Source:                 <hidden>
                            (rising edge-triggered cell FDRE clocked by clk_fpga_0  {rise@0.000ns fall@10.000ns period=20.000ns})
  Destination:            <hidden>
                            (rising edge-triggered cell FDRE clocked by clk_fpga_0  {rise@0.000ns fall@10.000ns period=20.000ns})
  Path Group:             clk_fpga_0
  Path Type:              Setup (Max at Slow Process Corner)
  Requirement:            20.000ns  (clk_fpga_0 rise@20.000ns - clk_fpga_0 rise@0.000ns)
  Data Path Delay:        8.092ns  (logic 2.629ns (32.488%)  route 5.463ns (67.512%))
  Logic Levels:           8  (CARRY4=1 LUT2=1 LUT4=4 LUT5=1 LUT6=1)
  Clock Path Skew:        -0.057ns (DCD - SCD + CPR)
    Destination Clock Delay (DCD):    2.743ns = ( 22.743 - 20.000 ) 
    Source Clock Delay      (SCD):    3.031ns
    Clock Pessimism Removal (CPR):    0.230ns
  Clock Uncertainty:      0.302ns  ((TSJ^2 + TIJ^2)^1/2 + DJ) / 2 + PE
    Total System Jitter     (TSJ):    0.071ns
    Total Input Jitter      (TIJ):    0.600ns
    Discrete Jitter          (DJ):    0.000ns
    Phase Error              (PE):    0.000ns

    Location             Delay type                Incr(ns)  Path(ns)    Netlist Resource(s)
  -------------------------------------------------------------------    -------------------
                         (clock clk_fpga_0 rise edge)
                                                      0.000     0.000 r  
    PS7_X0Y0             PS7                          0.000     0.000 r  ZynqQWithPwm_i/processing_system7_0/inst/PS7_i/FCLKCLK[0]
                         net (fo=1, routed)           1.207     1.207    ZynqQWithPwm_i/processing_system7_0/inst/FCLK_CLK_unbuffered[0]
    BUFGCTRL_X0Y0        BUFG (Prop_bufg_I_O)         0.101     1.308 r  ZynqQWithPwm_i/processing_system7_0/inst/buffer_fclk_clk_0.FCLK_CLK_0_BUFG/O
                         net (fo=740, routed)         1.723     3.031    <hidden>
    SLICE_X1Y44          FDRE                                         r  <hidden>
  -------------------------------------------------------------------    -------------------
    SLICE_X1Y44          FDRE (Prop_fdre_C_Q)         0.456     3.487 f  <hidden>
                         net (fo=9, routed)           0.848     4.335    <hidden>
    SLICE_X2Y43          LUT4 (Prop_lut4_I3_O)        0.154     4.489 r  <hidden>
                         net (fo=1, routed)           0.644     5.132    <hidden>
    SLICE_X2Y44          LUT4 (Prop_lut4_I3_O)        0.355     5.487 r  <hidden>
                         net (fo=2, routed)           0.440     5.928    <hidden>
    SLICE_X2Y45          LUT2 (Prop_lut2_I0_O)        0.332     6.260 r  <hidden>
                         net (fo=2, routed)           0.512     6.772    <hidden>
    SLICE_X3Y45          CARRY4 (Prop_carry4_DI[0]_O[1])
                                                      0.407     7.179 r  <hidden>
                         net (fo=1, routed)           0.679     7.858    <hidden>
    SLICE_X4Y46          LUT4 (Prop_lut4_I1_O)        0.303     8.161 f  <hidden>
                         net (fo=1, routed)           0.670     8.831    <hidden>
    SLICE_X4Y46          LUT6 (Prop_lut6_I5_O)        0.124     8.955 f  <hidden>
                         net (fo=2, routed)           0.692     9.647    <hidden>
    SLICE_X6Y46          LUT4 (Prop_lut4_I2_O)        0.150     9.797 r  <hidden>
                         net (fo=12, routed)          0.978    10.775    <hidden>
    SLICE_X4Y46          LUT5 (Prop_lut5_I1_O)        0.348    11.123 r  <hidden>
                         net (fo=1, routed)           0.000    11.123    <hidden>
    SLICE_X4Y46          FDRE                                         r  <hidden>
  -------------------------------------------------------------------    -------------------

                         (clock clk_fpga_0 rise edge)
                                                     20.000    20.000 r  
    PS7_X0Y0             PS7                          0.000    20.000 r  ZynqQWithPwm_i/processing_system7_0/inst/PS7_i/FCLKCLK[0]
                         net (fo=1, routed)           1.101    21.101    ZynqQWithPwm_i/processing_system7_0/inst/FCLK_CLK_unbuffered[0]
    BUFGCTRL_X0Y0        BUFG (Prop_bufg_I_O)         0.091    21.192 r  ZynqQWithPwm_i/processing_system7_0/inst/buffer_fclk_clk_0.FCLK_CLK_0_BUFG/O
                         net (fo=740, routed)         1.551    22.743    <hidden>
    SLICE_X4Y46          FDRE                                         r  <hidden>
                         clock pessimism              0.230    22.974    
                         clock uncertainty           -0.302    22.672    
    SLICE_X4Y46          FDRE (Setup_fdre_C_D)        0.077    22.749    <hidden>
  -------------------------------------------------------------------
                         required time                         22.749    
                         arrival time                         -11.123    
  -------------------------------------------------------------------
                         slack                                 11.626    

Slack (MET) :             11.639ns  (required time - arrival time)
  Source:                 <hidden>
                            (rising edge-triggered cell FDRE clocked by clk_fpga_0  {rise@0.000ns fall@10.000ns period=20.000ns})
  Destination:            <hidden>
                            (rising edge-triggered cell FDRE clocked by clk_fpga_0  {rise@0.000ns fall@10.000ns period=20.000ns})
  Path Group:             clk_fpga_0
  Path Type:              Setup (Max at Slow Process Corner)
  Requirement:            20.000ns  (clk_fpga_0 rise@20.000ns - clk_fpga_0 rise@0.000ns)
  Data Path Delay:        8.082ns  (logic 2.629ns (32.529%)  route 5.453ns (67.471%))
  Logic Levels:           8  (CARRY4=1 LUT2=1 LUT4=4 LUT5=1 LUT6=1)
  Clock Path Skew:        -0.056ns (DCD - SCD + CPR)
    Destination Clock Delay (DCD):    2.744ns = ( 22.744 - 20.000 ) 
    Source Clock Delay      (SCD):    3.031ns
    Clock Pessimism Removal (CPR):    0.230ns
  Clock Uncertainty:      0.302ns  ((TSJ^2 + TIJ^2)^1/2 + DJ) / 2 + PE
    Total System Jitter     (TSJ):    0.071ns
    Total Input Jitter      (TIJ):    0.600ns
    Discrete Jitter          (DJ):    0.000ns
    Phase Error              (PE):    0.000ns

    Location             Delay type                Incr(ns)  Path(ns)    Netlist Resource(s)
  -------------------------------------------------------------------    -------------------
                         (clock clk_fpga_0 rise edge)
                                                      0.000     0.000 r  
    PS7_X0Y0             PS7                          0.000     0.000 r  ZynqQWithPwm_i/processing_system7_0/inst/PS7_i/FCLKCLK[0]
                         net (fo=1, routed)           1.207     1.207    ZynqQWithPwm_i/processing_system7_0/inst/FCLK_CLK_unbuffered[0]
    BUFGCTRL_X0Y0        BUFG (Prop_bufg_I_O)         0.101     1.308 r  ZynqQWithPwm_i/processing_system7_0/inst/buffer_fclk_clk_0.FCLK_CLK_0_BUFG/O
                         net (fo=740, routed)         1.723     3.031    <hidden>
    SLICE_X1Y44          FDRE                                         r  <hidden>
  -------------------------------------------------------------------    -------------------
    SLICE_X1Y44          FDRE (Prop_fdre_C_Q)         0.456     3.487 f  <hidden>
                         net (fo=9, routed)           0.848     4.335    <hidden>
    SLICE_X2Y43          LUT4 (Prop_lut4_I3_O)        0.154     4.489 r  <hidden>
                         net (fo=1, routed)           0.644     5.132    <hidden>
    SLICE_X2Y44          LUT4 (Prop_lut4_I3_O)        0.355     5.487 r  <hidden>
                         net (fo=2, routed)           0.440     5.928    <hidden>
    SLICE_X2Y45          LUT2 (Prop_lut2_I0_O)        0.332     6.260 r  <hidden>
                         net (fo=2, routed)           0.512     6.772    <hidden>
    SLICE_X3Y45          CARRY4 (Prop_carry4_DI[0]_O[1])
                                                      0.407     7.179 r  <hidden>
                         net (fo=1, routed)           0.679     7.858    <hidden>
    SLICE_X4Y46          LUT4 (Prop_lut4_I1_O)        0.303     8.161 f  <hidden>
                         net (fo=1, routed)           0.670     8.831    <hidden>
    SLICE_X4Y46          LUT6 (Prop_lut6_I5_O)        0.124     8.955 f  <hidden>
                         net (fo=2, routed)           0.692     9.647    <hidden>
    SLICE_X6Y46          LUT4 (Prop_lut4_I2_O)        0.150     9.797 r  <hidden>
                         net (fo=12, routed)          0.968    10.765    <hidden>
    SLICE_X4Y47          LUT5 (Prop_lut5_I1_O)        0.348    11.113 r  <hidden>
                         net (fo=1, routed)           0.000    11.113    <hidden>
    SLICE_X4Y47          FDRE                                         r  <hidden>
  -------------------------------------------------------------------    -------------------

                         (clock clk_fpga_0 rise edge)
                                                     20.000    20.000 r  
    PS7_X0Y0             PS7                          0.000    20.000 r  ZynqQWithPwm_i/processing_system7_0/inst/PS7_i/FCLKCLK[0]
                         net (fo=1, routed)           1.101    21.101    ZynqQWithPwm_i/processing_system7_0/inst/FCLK_CLK_unbuffered[0]
    BUFGCTRL_X0Y0        BUFG (Prop_bufg_I_O)         0.091    21.192 r  ZynqQWithPwm_i/processing_system7_0/inst/buffer_fclk_clk_0.FCLK_CLK_0_BUFG/O
                         net (fo=740, routed)         1.552    22.745    <hidden>
    SLICE_X4Y47          FDRE                                         r  <hidden>
                         clock pessimism              0.230    22.975    
                         clock uncertainty           -0.302    22.673    
    SLICE_X4Y47          FDRE (Setup_fdre_C_D)        0.079    22.752    <hidden>
  -------------------------------------------------------------------
                         required time                         22.752    
                         arrival time                         -11.113    
  -------------------------------------------------------------------
                         slack                                 11.639    

Slack (MET) :             11.656ns  (required time - arrival time)
  Source:                 <hidden>
                            (rising edge-triggered cell FDRE clocked by clk_fpga_0  {rise@0.000ns fall@10.000ns period=20.000ns})
  Destination:            <hidden>
                            (rising edge-triggered cell FDRE clocked by clk_fpga_0  {rise@0.000ns fall@10.000ns period=20.000ns})
  Path Group:             clk_fpga_0
  Path Type:              Setup (Max at Slow Process Corner)
  Requirement:            20.000ns  (clk_fpga_0 rise@20.000ns - clk_fpga_0 rise@0.000ns)
  Data Path Delay:        8.066ns  (logic 2.629ns (32.593%)  route 5.437ns (67.407%))
  Logic Levels:           8  (CARRY4=1 LUT2=1 LUT4=4 LUT6=2)
  Clock Path Skew:        -0.057ns (DCD - SCD + CPR)
    Destination Clock Delay (DCD):    2.743ns = ( 22.743 - 20.000 ) 
    Source Clock Delay      (SCD):    3.031ns
    Clock Pessimism Removal (CPR):    0.230ns
  Clock Uncertainty:      0.302ns  ((TSJ^2 + TIJ^2)^1/2 + DJ) / 2 + PE
    Total System Jitter     (TSJ):    0.071ns
    Total Input Jitter      (TIJ):    0.600ns
    Discrete Jitter          (DJ):    0.000ns
    Phase Error              (PE):    0.000ns

    Location             Delay type                Incr(ns)  Path(ns)    Netlist Resource(s)
  -------------------------------------------------------------------    -------------------
                         (clock clk_fpga_0 rise edge)
                                                      0.000     0.000 r  
    PS7_X0Y0             PS7                          0.000     0.000 r  ZynqQWithPwm_i/processing_system7_0/inst/PS7_i/FCLKCLK[0]
                         net (fo=1, routed)           1.207     1.207    ZynqQWithPwm_i/processing_system7_0/inst/FCLK_CLK_unbuffered[0]
    BUFGCTRL_X0Y0        BUFG (Prop_bufg_I_O)         0.101     1.308 r  ZynqQWithPwm_i/processing_system7_0/inst/buffer_fclk_clk_0.FCLK_CLK_0_BUFG/O
                         net (fo=740, routed)         1.723     3.031    <hidden>
    SLICE_X1Y44          FDRE                                         r  <hidden>
  -------------------------------------------------------------------    -------------------
    SLICE_X1Y44          FDRE (Prop_fdre_C_Q)         0.456     3.487 f  <hidden>
                         net (fo=9, routed)           0.848     4.335    <hidden>
    SLICE_X2Y43          LUT4 (Prop_lut4_I3_O)        0.154     4.489 r  <hidden>
                         net (fo=1, routed)           0.644     5.132    <hidden>
    SLICE_X2Y44          LUT4 (Prop_lut4_I3_O)        0.355     5.487 r  <hidden>
                         net (fo=2, routed)           0.440     5.928    <hidden>
    SLICE_X2Y45          LUT2 (Prop_lut2_I0_O)        0.332     6.260 r  <hidden>
                         net (fo=2, routed)           0.512     6.772    <hidden>
    SLICE_X3Y45          CARRY4 (Prop_carry4_DI[0]_O[1])
                                                      0.407     7.179 r  <hidden>
                         net (fo=1, routed)           0.679     7.858    <hidden>
    SLICE_X4Y46          LUT4 (Prop_lut4_I1_O)        0.303     8.161 f  <hidden>
                         net (fo=1, routed)           0.670     8.831    <hidden>
    SLICE_X4Y46          LUT6 (Prop_lut6_I5_O)        0.124     8.955 f  <hidden>
                         net (fo=2, routed)           0.692     9.647    <hidden>
    SLICE_X6Y46          LUT4 (Prop_lut4_I2_O)        0.150     9.797 r  <hidden>
                         net (fo=12, routed)          0.952    10.749    <hidden>
    SLICE_X4Y45          LUT6 (Prop_lut6_I4_O)        0.348    11.097 r  <hidden>
                         net (fo=1, routed)           0.000    11.097    <hidden>
    SLICE_X4Y45          FDRE                                         r  <hidden>
  -------------------------------------------------------------------    -------------------

                         (clock clk_fpga_0 rise edge)
                                                     20.000    20.000 r  
    PS7_X0Y0             PS7                          0.000    20.000 r  ZynqQWithPwm_i/processing_system7_0/inst/PS7_i/FCLKCLK[0]
                         net (fo=1, routed)           1.101    21.101    ZynqQWithPwm_i/processing_system7_0/inst/FCLK_CLK_unbuffered[0]
    BUFGCTRL_X0Y0        BUFG (Prop_bufg_I_O)         0.091    21.192 r  ZynqQWithPwm_i/processing_system7_0/inst/buffer_fclk_clk_0.FCLK_CLK_0_BUFG/O
                         net (fo=740, routed)         1.551    22.743    <hidden>
    SLICE_X4Y45          FDRE                                         r  <hidden>
                         clock pessimism              0.230    22.974    
                         clock uncertainty           -0.302    22.672    
    SLICE_X4Y45          FDRE (Setup_fdre_C_D)        0.081    22.753    <hidden>
  -------------------------------------------------------------------
                         required time                         22.753    
                         arrival time                         -11.097    
  -------------------------------------------------------------------
                         slack                                 11.656    

Slack (MET) :             11.698ns  (required time - arrival time)
  Source:                 <hidden>
                            (rising edge-triggered cell FDRE clocked by clk_fpga_0  {rise@0.000ns fall@10.000ns period=20.000ns})
  Destination:            <hidden>
                            (rising edge-triggered cell FDRE clocked by clk_fpga_0  {rise@0.000ns fall@10.000ns period=20.000ns})
  Path Group:             clk_fpga_0
  Path Type:              Setup (Max at Slow Process Corner)
  Requirement:            20.000ns  (clk_fpga_0 rise@20.000ns - clk_fpga_0 rise@0.000ns)
  Data Path Delay:        8.022ns  (logic 2.629ns (32.774%)  route 5.393ns (67.226%))
  Logic Levels:           8  (CARRY4=1 LUT2=1 LUT4=4 LUT6=2)
  Clock Path Skew:        -0.057ns (DCD - SCD + CPR)
    Destination Clock Delay (DCD):    2.743ns = ( 22.743 - 20.000 ) 
    Source Clock Delay      (SCD):    3.031ns
    Clock Pessimism Removal (CPR):    0.230ns
  Clock Uncertainty:      0.302ns  ((TSJ^2 + TIJ^2)^1/2 + DJ) / 2 + PE
    Total System Jitter     (TSJ):    0.071ns
    Total Input Jitter      (TIJ):    0.600ns
    Discrete Jitter          (DJ):    0.000ns
    Phase Error              (PE):    0.000ns

    Location             Delay type                Incr(ns)  Path(ns)    Netlist Resource(s)
  -------------------------------------------------------------------    -------------------
                         (clock clk_fpga_0 rise edge)
                                                      0.000     0.000 r  
    PS7_X0Y0             PS7                          0.000     0.000 r  ZynqQWithPwm_i/processing_system7_0/inst/PS7_i/FCLKCLK[0]
                         net (fo=1, routed)           1.207     1.207    ZynqQWithPwm_i/processing_system7_0/inst/FCLK_CLK_unbuffered[0]
    BUFGCTRL_X0Y0        BUFG (Prop_bufg_I_O)         0.101     1.308 r  ZynqQWithPwm_i/processing_system7_0/inst/buffer_fclk_clk_0.FCLK_CLK_0_BUFG/O
                         net (fo=740, routed)         1.723     3.031    <hidden>
    SLICE_X1Y44          FDRE                                         r  <hidden>
  -------------------------------------------------------------------    -------------------
    SLICE_X1Y44          FDRE (Prop_fdre_C_Q)         0.456     3.487 f  <hidden>
                         net (fo=9, routed)           0.848     4.335    <hidden>
    SLICE_X2Y43          LUT4 (Prop_lut4_I3_O)        0.154     4.489 r  <hidden>
                         net (fo=1, routed)           0.644     5.132    <hidden>
    SLICE_X2Y44          LUT4 (Prop_lut4_I3_O)        0.355     5.487 r  <hidden>
                         net (fo=2, routed)           0.440     5.928    <hidden>
    SLICE_X2Y45          LUT2 (Prop_lut2_I0_O)        0.332     6.260 r  <hidden>
                         net (fo=2, routed)           0.512     6.772    <hidden>
    SLICE_X3Y45          CARRY4 (Prop_carry4_DI[0]_O[1])
                                                      0.407     7.179 r  <hidden>
                         net (fo=1, routed)           0.679     7.858    <hidden>
    SLICE_X4Y46          LUT4 (Prop_lut4_I1_O)        0.303     8.161 f  <hidden>
                         net (fo=1, routed)           0.670     8.831    <hidden>
    SLICE_X4Y46          LUT6 (Prop_lut6_I5_O)        0.124     8.955 f  <hidden>
                         net (fo=2, routed)           0.692     9.647    <hidden>
    SLICE_X6Y46          LUT4 (Prop_lut4_I2_O)        0.150     9.797 r  <hidden>
                         net (fo=12, routed)          0.908    10.705    <hidden>
    SLICE_X4Y43          LUT6 (Prop_lut6_I3_O)        0.348    11.053 r  <hidden>
                         net (fo=1, routed)           0.000    11.053    <hidden>
    SLICE_X4Y43          FDRE                                         r  <hidden>
  -------------------------------------------------------------------    -------------------

                         (clock clk_fpga_0 rise edge)
                                                     20.000    20.000 r  
    PS7_X0Y0             PS7                          0.000    20.000 r  ZynqQWithPwm_i/processing_system7_0/inst/PS7_i/FCLKCLK[0]
                         net (fo=1, routed)           1.101    21.101    ZynqQWithPwm_i/processing_system7_0/inst/FCLK_CLK_unbuffered[0]
    BUFGCTRL_X0Y0        BUFG (Prop_bufg_I_O)         0.091    21.192 r  ZynqQWithPwm_i/processing_system7_0/inst/buffer_fclk_clk_0.FCLK_CLK_0_BUFG/O
                         net (fo=740, routed)         1.551    22.743    <hidden>
    SLICE_X4Y43          FDRE                                         r  <hidden>
                         clock pessimism              0.230    22.974    
                         clock uncertainty           -0.302    22.672    
    SLICE_X4Y43          FDRE (Setup_fdre_C_D)        0.079    22.751    <hidden>
  -------------------------------------------------------------------
                         required time                         22.751    
                         arrival time                         -11.053    
  -------------------------------------------------------------------
                         slack                                 11.698    

Slack (MET) :             11.712ns  (required time - arrival time)
  Source:                 <hidden>
                            (rising edge-triggered cell FDRE clocked by clk_fpga_0  {rise@0.000ns fall@10.000ns period=20.000ns})
  Destination:            <hidden>
                            (rising edge-triggered cell FDRE clocked by clk_fpga_0  {rise@0.000ns fall@10.000ns period=20.000ns})
  Path Group:             clk_fpga_0
  Path Type:              Setup (Max at Slow Process Corner)
  Requirement:            20.000ns  (clk_fpga_0 rise@20.000ns - clk_fpga_0 rise@0.000ns)
  Data Path Delay:        8.006ns  (logic 2.629ns (32.838%)  route 5.377ns (67.162%))
  Logic Levels:           8  (CARRY4=1 LUT2=1 LUT4=4 LUT6=2)
  Clock Path Skew:        -0.057ns (DCD - SCD + CPR)
    Destination Clock Delay (DCD):    2.743ns = ( 22.743 - 20.000 ) 
    Source Clock Delay      (SCD):    3.031ns
    Clock Pessimism Removal (CPR):    0.230ns
  Clock Uncertainty:      0.302ns  ((TSJ^2 + TIJ^2)^1/2 + DJ) / 2 + PE
    Total System Jitter     (TSJ):    0.071ns
    Total Input Jitter      (TIJ):    0.600ns
    Discrete Jitter          (DJ):    0.000ns
    Phase Error              (PE):    0.000ns

    Location             Delay type                Incr(ns)  Path(ns)    Netlist Resource(s)
  -------------------------------------------------------------------    -------------------
                         (clock clk_fpga_0 rise edge)
                                                      0.000     0.000 r  
    PS7_X0Y0             PS7                          0.000     0.000 r  ZynqQWithPwm_i/processing_system7_0/inst/PS7_i/FCLKCLK[0]
                         net (fo=1, routed)           1.207     1.207    ZynqQWithPwm_i/processing_system7_0/inst/FCLK_CLK_unbuffered[0]
    BUFGCTRL_X0Y0        BUFG (Prop_bufg_I_O)         0.101     1.308 r  ZynqQWithPwm_i/processing_system7_0/inst/buffer_fclk_clk_0.FCLK_CLK_0_BUFG/O
                         net (fo=740, routed)         1.723     3.031    <hidden>
    SLICE_X1Y44          FDRE                                         r  <hidden>
  -------------------------------------------------------------------    -------------------
    SLICE_X1Y44          FDRE (Prop_fdre_C_Q)         0.456     3.487 f  <hidden>
                         net (fo=9, routed)           0.848     4.335    <hidden>
    SLICE_X2Y43          LUT4 (Prop_lut4_I3_O)        0.154     4.489 r  <hidden>
                         net (fo=1, routed)           0.644     5.132    <hidden>
    SLICE_X2Y44          LUT4 (Prop_lut4_I3_O)        0.355     5.487 r  <hidden>
                         net (fo=2, routed)           0.440     5.928    <hidden>
    SLICE_X2Y45          LUT2 (Prop_lut2_I0_O)        0.332     6.260 r  <hidden>
                         net (fo=2, routed)           0.512     6.772    <hidden>
    SLICE_X3Y45          CARRY4 (Prop_carry4_DI[0]_O[1])
                                                      0.407     7.179 r  <hidden>
                         net (fo=1, routed)           0.679     7.858    <hidden>
    SLICE_X4Y46          LUT4 (Prop_lut4_I1_O)        0.303     8.161 f  <hidden>
                         net (fo=1, routed)           0.670     8.831    <hidden>
    SLICE_X4Y46          LUT6 (Prop_lut6_I5_O)        0.124     8.955 f  <hidden>
                         net (fo=2, routed)           0.692     9.647    <hidden>
    SLICE_X6Y46          LUT4 (Prop_lut4_I2_O)        0.150     9.797 r  <hidden>
                         net (fo=12, routed)          0.892    10.689    <hidden>
    SLICE_X4Y43          LUT6 (Prop_lut6_I1_O)        0.348    11.037 r  <hidden>
                         net (fo=1, routed)           0.000    11.037    <hidden>
    SLICE_X4Y43          FDRE                                         r  <hidden>
  -------------------------------------------------------------------    -------------------

                         (clock clk_fpga_0 rise edge)
                                                     20.000    20.000 r  
    PS7_X0Y0             PS7                          0.000    20.000 r  ZynqQWithPwm_i/processing_system7_0/inst/PS7_i/FCLKCLK[0]
                         net (fo=1, routed)           1.101    21.101    ZynqQWithPwm_i/processing_system7_0/inst/FCLK_CLK_unbuffered[0]
    BUFGCTRL_X0Y0        BUFG (Prop_bufg_I_O)         0.091    21.192 r  ZynqQWithPwm_i/processing_system7_0/inst/buffer_fclk_clk_0.FCLK_CLK_0_BUFG/O
                         net (fo=740, routed)         1.551    22.743    <hidden>
    SLICE_X4Y43          FDRE                                         r  <hidden>
                         clock pessimism              0.230    22.974    
                         clock uncertainty           -0.302    22.672    
    SLICE_X4Y43          FDRE (Setup_fdre_C_D)        0.077    22.749    <hidden>
  -------------------------------------------------------------------
                         required time                         22.749    
                         arrival time                         -11.037    
  -------------------------------------------------------------------
                         slack                                 11.712    

Slack (MET) :             11.741ns  (required time - arrival time)
  Source:                 <hidden>
                            (rising edge-triggered cell FDRE clocked by clk_fpga_0  {rise@0.000ns fall@10.000ns period=20.000ns})
  Destination:            <hidden>
                            (rising edge-triggered cell FDRE clocked by clk_fpga_0  {rise@0.000ns fall@10.000ns period=20.000ns})
  Path Group:             clk_fpga_0
  Path Type:              Setup (Max at Slow Process Corner)
  Requirement:            20.000ns  (clk_fpga_0 rise@20.000ns - clk_fpga_0 rise@0.000ns)
  Data Path Delay:        7.463ns  (logic 2.447ns (32.787%)  route 5.016ns (67.213%))
  Logic Levels:           7  (CARRY4=1 LUT3=1 LUT4=1 LUT5=3 LUT6=1)
  Clock Path Skew:        -0.065ns (DCD - SCD + CPR)
    Destination Clock Delay (DCD):    2.683ns = ( 22.683 - 20.000 ) 
    Source Clock Delay      (SCD):    2.978ns
    Clock Pessimism Removal (CPR):    0.230ns
  Clock Uncertainty:      0.302ns  ((TSJ^2 + TIJ^2)^1/2 + DJ) / 2 + PE
    Total System Jitter     (TSJ):    0.071ns
    Total Input Jitter      (TIJ):    0.600ns
    Discrete Jitter          (DJ):    0.000ns
    Phase Error              (PE):    0.000ns

    Location             Delay type                Incr(ns)  Path(ns)    Netlist Resource(s)
  -------------------------------------------------------------------    -------------------
                         (clock clk_fpga_0 rise edge)
                                                      0.000     0.000 r  
    PS7_X0Y0             PS7                          0.000     0.000 r  ZynqQWithPwm_i/processing_system7_0/inst/PS7_i/FCLKCLK[0]
                         net (fo=1, routed)           1.207     1.207    ZynqQWithPwm_i/processing_system7_0/inst/FCLK_CLK_unbuffered[0]
    BUFGCTRL_X0Y0        BUFG (Prop_bufg_I_O)         0.101     1.308 r  ZynqQWithPwm_i/processing_system7_0/inst/buffer_fclk_clk_0.FCLK_CLK_0_BUFG/O
                         net (fo=740, routed)         1.670     2.978    <hidden>
    SLICE_X12Y53         FDRE                                         r  <hidden>
  -------------------------------------------------------------------    -------------------
    SLICE_X12Y53         FDRE (Prop_fdre_C_Q)         0.478     3.456 f  <hidden>
                         net (fo=9, routed)           1.099     4.555    <hidden>
    SLICE_X14Y53         LUT5 (Prop_lut5_I2_O)        0.323     4.878 r  <hidden>
                         net (fo=6, routed)           0.646     5.524    <hidden>
    SLICE_X14Y54         LUT3 (Prop_lut3_I2_O)        0.320     5.844 r  <hidden>
                         net (fo=1, routed)           0.429     6.273    <hidden>
    SLICE_X14Y53         LUT5 (Prop_lut5_I0_O)        0.326     6.599 r  <hidden>
                         net (fo=1, routed)           0.291     6.890    <hidden>
    SLICE_X15Y53         LUT5 (Prop_lut5_I0_O)        0.124     7.014 r  <hidden>
                         net (fo=1, routed)           0.000     7.014    <hidden>
    SLICE_X15Y53         CARRY4 (Prop_carry4_S[2]_CO[3])
                                                      0.398     7.412 r  <hidden>
                         net (fo=2, routed)           1.203     8.615    <hidden>
    SLICE_X12Y50         LUT4 (Prop_lut4_I2_O)        0.150     8.765 r  <hidden>
                         net (fo=2, routed)           0.463     9.229    <hidden>
    SLICE_X12Y49         LUT6 (Prop_lut6_I2_O)        0.328     9.557 r  <hidden>
                         net (fo=9, routed)           0.885    10.441    <hidden>
    SLICE_X14Y54         FDRE                                         r  <hidden>
  -------------------------------------------------------------------    -------------------

                         (clock clk_fpga_0 rise edge)
                                                     20.000    20.000 r  
    PS7_X0Y0             PS7                          0.000    20.000 r  ZynqQWithPwm_i/processing_system7_0/inst/PS7_i/FCLKCLK[0]
                         net (fo=1, routed)           1.101    21.101    ZynqQWithPwm_i/processing_system7_0/inst/FCLK_CLK_unbuffered[0]
    BUFGCTRL_X0Y0        BUFG (Prop_bufg_I_O)         0.091    21.192 r  ZynqQWithPwm_i/processing_system7_0/inst/buffer_fclk_clk_0.FCLK_CLK_0_BUFG/O
                         net (fo=740, routed)         1.491    22.683    <hidden>
    SLICE_X14Y54         FDRE                                         r  <hidden>
                         clock pessimism              0.230    22.913    
                         clock uncertainty           -0.302    22.611    
    SLICE_X14Y54         FDRE (Setup_fdre_C_R)       -0.429    22.182    <hidden>
  -------------------------------------------------------------------
                         required time                         22.182    
                         arrival time                         -10.441    
  -------------------------------------------------------------------
                         slack                                 11.741    

Slack (MET) :             11.741ns  (required time - arrival time)
  Source:                 <hidden>
                            (rising edge-triggered cell FDRE clocked by clk_fpga_0  {rise@0.000ns fall@10.000ns period=20.000ns})
  Destination:            <hidden>
                            (rising edge-triggered cell FDRE clocked by clk_fpga_0  {rise@0.000ns fall@10.000ns period=20.000ns})
  Path Group:             clk_fpga_0
  Path Type:              Setup (Max at Slow Process Corner)
  Requirement:            20.000ns  (clk_fpga_0 rise@20.000ns - clk_fpga_0 rise@0.000ns)
  Data Path Delay:        7.463ns  (logic 2.447ns (32.787%)  route 5.016ns (67.213%))
  Logic Levels:           7  (CARRY4=1 LUT3=1 LUT4=1 LUT5=3 LUT6=1)
  Clock Path Skew:        -0.065ns (DCD - SCD + CPR)
    Destination Clock Delay (DCD):    2.683ns = ( 22.683 - 20.000 ) 
    Source Clock Delay      (SCD):    2.978ns
    Clock Pessimism Removal (CPR):    0.230ns
  Clock Uncertainty:      0.302ns  ((TSJ^2 + TIJ^2)^1/2 + DJ) / 2 + PE
    Total System Jitter     (TSJ):    0.071ns
    Total Input Jitter      (TIJ):    0.600ns
    Discrete Jitter          (DJ):    0.000ns
    Phase Error              (PE):    0.000ns

    Location             Delay type                Incr(ns)  Path(ns)    Netlist Resource(s)
  -------------------------------------------------------------------    -------------------
                         (clock clk_fpga_0 rise edge)
                                                      0.000     0.000 r  
    PS7_X0Y0             PS7                          0.000     0.000 r  ZynqQWithPwm_i/processing_system7_0/inst/PS7_i/FCLKCLK[0]
                         net (fo=1, routed)           1.207     1.207    ZynqQWithPwm_i/processing_system7_0/inst/FCLK_CLK_unbuffered[0]
    BUFGCTRL_X0Y0        BUFG (Prop_bufg_I_O)         0.101     1.308 r  ZynqQWithPwm_i/processing_system7_0/inst/buffer_fclk_clk_0.FCLK_CLK_0_BUFG/O
                         net (fo=740, routed)         1.670     2.978    <hidden>
    SLICE_X12Y53         FDRE                                         r  <hidden>
  -------------------------------------------------------------------    -------------------
    SLICE_X12Y53         FDRE (Prop_fdre_C_Q)         0.478     3.456 f  <hidden>
                         net (fo=9, routed)           1.099     4.555    <hidden>
    SLICE_X14Y53         LUT5 (Prop_lut5_I2_O)        0.323     4.878 r  <hidden>
                         net (fo=6, routed)           0.646     5.524    <hidden>
    SLICE_X14Y54         LUT3 (Prop_lut3_I2_O)        0.320     5.844 r  <hidden>
                         net (fo=1, routed)           0.429     6.273    <hidden>
    SLICE_X14Y53         LUT5 (Prop_lut5_I0_O)        0.326     6.599 r  <hidden>
                         net (fo=1, routed)           0.291     6.890    <hidden>
    SLICE_X15Y53         LUT5 (Prop_lut5_I0_O)        0.124     7.014 r  <hidden>
                         net (fo=1, routed)           0.000     7.014    <hidden>
    SLICE_X15Y53         CARRY4 (Prop_carry4_S[2]_CO[3])
                                                      0.398     7.412 r  <hidden>
                         net (fo=2, routed)           1.203     8.615    <hidden>
    SLICE_X12Y50         LUT4 (Prop_lut4_I2_O)        0.150     8.765 r  <hidden>
                         net (fo=2, routed)           0.463     9.229    <hidden>
    SLICE_X12Y49         LUT6 (Prop_lut6_I2_O)        0.328     9.557 r  <hidden>
                         net (fo=9, routed)           0.885    10.441    <hidden>
    SLICE_X14Y54         FDRE                                         r  <hidden>
  -------------------------------------------------------------------    -------------------

                         (clock clk_fpga_0 rise edge)
                                                     20.000    20.000 r  
    PS7_X0Y0             PS7                          0.000    20.000 r  ZynqQWithPwm_i/processing_system7_0/inst/PS7_i/FCLKCLK[0]
                         net (fo=1, routed)           1.101    21.101    ZynqQWithPwm_i/processing_system7_0/inst/FCLK_CLK_unbuffered[0]
    BUFGCTRL_X0Y0        BUFG (Prop_bufg_I_O)         0.091    21.192 r  ZynqQWithPwm_i/processing_system7_0/inst/buffer_fclk_clk_0.FCLK_CLK_0_BUFG/O
                         net (fo=740, routed)         1.491    22.683    <hidden>
    SLICE_X14Y54         FDRE                                         r  <hidden>
                         clock pessimism              0.230    22.913    
                         clock uncertainty           -0.302    22.611    
    SLICE_X14Y54         FDRE (Setup_fdre_C_R)       -0.429    22.182    <hidden>
  -------------------------------------------------------------------
                         required time                         22.182    
                         arrival time                         -10.441    
  -------------------------------------------------------------------
                         slack                                 11.741    

Slack (MET) :             11.741ns  (required time - arrival time)
  Source:                 <hidden>
                            (rising edge-triggered cell FDRE clocked by clk_fpga_0  {rise@0.000ns fall@10.000ns period=20.000ns})
  Destination:            <hidden>
                            (rising edge-triggered cell FDRE clocked by clk_fpga_0  {rise@0.000ns fall@10.000ns period=20.000ns})
  Path Group:             clk_fpga_0
  Path Type:              Setup (Max at Slow Process Corner)
  Requirement:            20.000ns  (clk_fpga_0 rise@20.000ns - clk_fpga_0 rise@0.000ns)
  Data Path Delay:        7.463ns  (logic 2.447ns (32.787%)  route 5.016ns (67.213%))
  Logic Levels:           7  (CARRY4=1 LUT3=1 LUT4=1 LUT5=3 LUT6=1)
  Clock Path Skew:        -0.065ns (DCD - SCD + CPR)
    Destination Clock Delay (DCD):    2.683ns = ( 22.683 - 20.000 ) 
    Source Clock Delay      (SCD):    2.978ns
    Clock Pessimism Removal (CPR):    0.230ns
  Clock Uncertainty:      0.302ns  ((TSJ^2 + TIJ^2)^1/2 + DJ) / 2 + PE
    Total System Jitter     (TSJ):    0.071ns
    Total Input Jitter      (TIJ):    0.600ns
    Discrete Jitter          (DJ):    0.000ns
    Phase Error              (PE):    0.000ns

    Location             Delay type                Incr(ns)  Path(ns)    Netlist Resource(s)
  -------------------------------------------------------------------    -------------------
                         (clock clk_fpga_0 rise edge)
                                                      0.000     0.000 r  
    PS7_X0Y0             PS7                          0.000     0.000 r  ZynqQWithPwm_i/processing_system7_0/inst/PS7_i/FCLKCLK[0]
                         net (fo=1, routed)           1.207     1.207    ZynqQWithPwm_i/processing_system7_0/inst/FCLK_CLK_unbuffered[0]
    BUFGCTRL_X0Y0        BUFG (Prop_bufg_I_O)         0.101     1.308 r  ZynqQWithPwm_i/processing_system7_0/inst/buffer_fclk_clk_0.FCLK_CLK_0_BUFG/O
                         net (fo=740, routed)         1.670     2.978    <hidden>
    SLICE_X12Y53         FDRE                                         r  <hidden>
  -------------------------------------------------------------------    -------------------
    SLICE_X12Y53         FDRE (Prop_fdre_C_Q)         0.478     3.456 f  <hidden>
                         net (fo=9, routed)           1.099     4.555    <hidden>
    SLICE_X14Y53         LUT5 (Prop_lut5_I2_O)        0.323     4.878 r  <hidden>
                         net (fo=6, routed)           0.646     5.524    <hidden>
    SLICE_X14Y54         LUT3 (Prop_lut3_I2_O)        0.320     5.844 r  <hidden>
                         net (fo=1, routed)           0.429     6.273    <hidden>
    SLICE_X14Y53         LUT5 (Prop_lut5_I0_O)        0.326     6.599 r  <hidden>
                         net (fo=1, routed)           0.291     6.890    <hidden>
    SLICE_X15Y53         LUT5 (Prop_lut5_I0_O)        0.124     7.014 r  <hidden>
                         net (fo=1, routed)           0.000     7.014    <hidden>
    SLICE_X15Y53         CARRY4 (Prop_carry4_S[2]_CO[3])
                                                      0.398     7.412 r  <hidden>
                         net (fo=2, routed)           1.203     8.615    <hidden>
    SLICE_X12Y50         LUT4 (Prop_lut4_I2_O)        0.150     8.765 r  <hidden>
                         net (fo=2, routed)           0.463     9.229    <hidden>
    SLICE_X12Y49         LUT6 (Prop_lut6_I2_O)        0.328     9.557 r  <hidden>
                         net (fo=9, routed)           0.885    10.441    <hidden>
    SLICE_X14Y54         FDRE                                         r  <hidden>
  -------------------------------------------------------------------    -------------------

                         (clock clk_fpga_0 rise edge)
                                                     20.000    20.000 r  
    PS7_X0Y0             PS7                          0.000    20.000 r  ZynqQWithPwm_i/processing_system7_0/inst/PS7_i/FCLKCLK[0]
                         net (fo=1, routed)           1.101    21.101    ZynqQWithPwm_i/processing_system7_0/inst/FCLK_CLK_unbuffered[0]
    BUFGCTRL_X0Y0        BUFG (Prop_bufg_I_O)         0.091    21.192 r  ZynqQWithPwm_i/processing_system7_0/inst/buffer_fclk_clk_0.FCLK_CLK_0_BUFG/O
                         net (fo=740, routed)         1.491    22.683    <hidden>
    SLICE_X14Y54         FDRE                                         r  <hidden>
                         clock pessimism              0.230    22.913    
                         clock uncertainty           -0.302    22.611    
    SLICE_X14Y54         FDRE (Setup_fdre_C_R)       -0.429    22.182    <hidden>
  -------------------------------------------------------------------
                         required time                         22.182    
                         arrival time                         -10.441    
  -------------------------------------------------------------------
                         slack                                 11.741    

Slack (MET) :             11.761ns  (required time - arrival time)
  Source:                 <hidden>
                            (rising edge-triggered cell FDRE clocked by clk_fpga_0  {rise@0.000ns fall@10.000ns period=20.000ns})
  Destination:            <hidden>
                            (rising edge-triggered cell FDRE clocked by clk_fpga_0  {rise@0.000ns fall@10.000ns period=20.000ns})
  Path Group:             clk_fpga_0
  Path Type:              Setup (Max at Slow Process Corner)
  Requirement:            20.000ns  (clk_fpga_0 rise@20.000ns - clk_fpga_0 rise@0.000ns)
  Data Path Delay:        7.957ns  (logic 2.629ns (33.042%)  route 5.328ns (66.958%))
  Logic Levels:           8  (CARRY4=1 LUT2=1 LUT4=4 LUT6=2)
  Clock Path Skew:        -0.057ns (DCD - SCD + CPR)
    Destination Clock Delay (DCD):    2.743ns = ( 22.743 - 20.000 ) 
    Source Clock Delay      (SCD):    3.031ns
    Clock Pessimism Removal (CPR):    0.230ns
  Clock Uncertainty:      0.302ns  ((TSJ^2 + TIJ^2)^1/2 + DJ) / 2 + PE
    Total System Jitter     (TSJ):    0.071ns
    Total Input Jitter      (TIJ):    0.600ns
    Discrete Jitter          (DJ):    0.000ns
    Phase Error              (PE):    0.000ns

    Location             Delay type                Incr(ns)  Path(ns)    Netlist Resource(s)
  -------------------------------------------------------------------    -------------------
                         (clock clk_fpga_0 rise edge)
                                                      0.000     0.000 r  
    PS7_X0Y0             PS7                          0.000     0.000 r  ZynqQWithPwm_i/processing_system7_0/inst/PS7_i/FCLKCLK[0]
                         net (fo=1, routed)           1.207     1.207    ZynqQWithPwm_i/processing_system7_0/inst/FCLK_CLK_unbuffered[0]
    BUFGCTRL_X0Y0        BUFG (Prop_bufg_I_O)         0.101     1.308 r  ZynqQWithPwm_i/processing_system7_0/inst/buffer_fclk_clk_0.FCLK_CLK_0_BUFG/O
                         net (fo=740, routed)         1.723     3.031    <hidden>
    SLICE_X1Y44          FDRE                                         r  <hidden>
  -------------------------------------------------------------------    -------------------
    SLICE_X1Y44          FDRE (Prop_fdre_C_Q)         0.456     3.487 f  <hidden>
                         net (fo=9, routed)           0.848     4.335    <hidden>
    SLICE_X2Y43          LUT4 (Prop_lut4_I3_O)        0.154     4.489 r  <hidden>
                         net (fo=1, routed)           0.644     5.132    <hidden>
    SLICE_X2Y44          LUT4 (Prop_lut4_I3_O)        0.355     5.487 r  <hidden>
                         net (fo=2, routed)           0.440     5.928    <hidden>
    SLICE_X2Y45          LUT2 (Prop_lut2_I0_O)        0.332     6.260 r  <hidden>
                         net (fo=2, routed)           0.512     6.772    <hidden>
    SLICE_X3Y45          CARRY4 (Prop_carry4_DI[0]_O[1])
                                                      0.407     7.179 r  <hidden>
                         net (fo=1, routed)           0.679     7.858    <hidden>
    SLICE_X4Y46          LUT4 (Prop_lut4_I1_O)        0.303     8.161 f  <hidden>
                         net (fo=1, routed)           0.670     8.831    <hidden>
    SLICE_X4Y46          LUT6 (Prop_lut6_I5_O)        0.124     8.955 f  <hidden>
                         net (fo=2, routed)           0.692     9.647    <hidden>
    SLICE_X6Y46          LUT4 (Prop_lut4_I2_O)        0.150     9.797 r  <hidden>
                         net (fo=12, routed)          0.842    10.640    <hidden>
    SLICE_X4Y44          LUT6 (Prop_lut6_I3_O)        0.348    10.988 r  <hidden>
                         net (fo=1, routed)           0.000    10.988    <hidden>
    SLICE_X4Y44          FDRE                                         r  <hidden>
  -------------------------------------------------------------------    -------------------

                         (clock clk_fpga_0 rise edge)
                                                     20.000    20.000 r  
    PS7_X0Y0             PS7                          0.000    20.000 r  ZynqQWithPwm_i/processing_system7_0/inst/PS7_i/FCLKCLK[0]
                         net (fo=1, routed)           1.101    21.101    ZynqQWithPwm_i/processing_system7_0/inst/FCLK_CLK_unbuffered[0]
    BUFGCTRL_X0Y0        BUFG (Prop_bufg_I_O)         0.091    21.192 r  ZynqQWithPwm_i/processing_system7_0/inst/buffer_fclk_clk_0.FCLK_CLK_0_BUFG/O
                         net (fo=740, routed)         1.551    22.743    <hidden>
    SLICE_X4Y44          FDRE                                         r  <hidden>
                         clock pessimism              0.230    22.974    
                         clock uncertainty           -0.302    22.672    
    SLICE_X4Y44          FDRE (Setup_fdre_C_D)        0.077    22.749    <hidden>
  -------------------------------------------------------------------
                         required time                         22.749    
                         arrival time                         -10.988    
  -------------------------------------------------------------------
                         slack                                 11.761    





Min Delay Paths
--------------------------------------------------------------------------------------
Slack (MET) :             0.055ns  (arrival time - required time)
  Source:                 <hidden>
                            (rising edge-triggered cell FDRE clocked by clk_fpga_0  {rise@0.000ns fall@10.000ns period=20.000ns})
  Destination:            <hidden>
                            (rising edge-triggered cell FDRE clocked by clk_fpga_0  {rise@0.000ns fall@10.000ns period=20.000ns})
  Path Group:             clk_fpga_0
  Path Type:              Hold (Min at Fast Process Corner)
  Requirement:            0.000ns  (clk_fpga_0 rise@0.000ns - clk_fpga_0 rise@0.000ns)
  Data Path Delay:        0.333ns  (logic 0.148ns (44.484%)  route 0.185ns (55.516%))
  Logic Levels:           0  
  Clock Path Skew:        0.267ns (DCD - SCD - CPR)
    Destination Clock Delay (DCD):    1.221ns
    Source Clock Delay      (SCD):    0.925ns
    Clock Pessimism Removal (CPR):    0.029ns

    Location             Delay type                Incr(ns)  Path(ns)    Netlist Resource(s)
  -------------------------------------------------------------------    -------------------
                         (clock clk_fpga_0 rise edge)
                                                      0.000     0.000 r  
    PS7_X0Y0             PS7                          0.000     0.000 r  ZynqQWithPwm_i/processing_system7_0/inst/PS7_i/FCLKCLK[0]
                         net (fo=1, routed)           0.315     0.315    ZynqQWithPwm_i/processing_system7_0/inst/FCLK_CLK_unbuffered[0]
    BUFGCTRL_X0Y0        BUFG (Prop_bufg_I_O)         0.026     0.341 r  ZynqQWithPwm_i/processing_system7_0/inst/buffer_fclk_clk_0.FCLK_CLK_0_BUFG/O
                         net (fo=740, routed)         0.584     0.925    <hidden>
    SLICE_X0Y49          FDRE                                         r  <hidden>
  -------------------------------------------------------------------    -------------------
    SLICE_X0Y49          FDRE (Prop_fdre_C_Q)         0.148     1.072 r  <hidden>
                         net (fo=2, routed)           0.185     1.257    <hidden>
    SLICE_X0Y51          FDRE                                         r  <hidden>
  -------------------------------------------------------------------    -------------------

                         (clock clk_fpga_0 rise edge)
                                                      0.000     0.000 r  
    PS7_X0Y0             PS7                          0.000     0.000 r  ZynqQWithPwm_i/processing_system7_0/inst/PS7_i/FCLKCLK[0]
                         net (fo=1, routed)           0.341     0.341    ZynqQWithPwm_i/processing_system7_0/inst/FCLK_CLK_unbuffered[0]
    BUFGCTRL_X0Y0        BUFG (Prop_bufg_I_O)         0.029     0.370 r  ZynqQWithPwm_i/processing_system7_0/inst/buffer_fclk_clk_0.FCLK_CLK_0_BUFG/O
                         net (fo=740, routed)         0.851     1.221    <hidden>
    SLICE_X0Y51          FDRE                                         r  <hidden>
                         clock pessimism             -0.029     1.192    
    SLICE_X0Y51          FDRE (Hold_fdre_C_D)         0.010     1.202    <hidden>
  -------------------------------------------------------------------
                         required time                         -1.202    
                         arrival time                           1.257    
  -------------------------------------------------------------------
                         slack                                  0.055    

Slack (MET) :             0.056ns  (arrival time - required time)
  Source:                 ZynqQWithPwm_i/enhancedPwmAXI_0/U0/enhancedPwmAXI_slave_lite_v1_0_S00_AXI_inst/slv_reg2_reg[17]/C
                            (rising edge-triggered cell FDRE clocked by clk_fpga_0  {rise@0.000ns fall@10.000ns period=20.000ns})
  Destination:            <hidden>
                            (rising edge-triggered cell FDRE clocked by clk_fpga_0  {rise@0.000ns fall@10.000ns period=20.000ns})
  Path Group:             clk_fpga_0
  Path Type:              Hold (Min at Fast Process Corner)
  Requirement:            0.000ns  (clk_fpga_0 rise@0.000ns - clk_fpga_0 rise@0.000ns)
  Data Path Delay:        0.444ns  (logic 0.186ns (41.936%)  route 0.258ns (58.064%))
  Logic Levels:           1  (LUT5=1)
  Clock Path Skew:        0.267ns (DCD - SCD - CPR)
    Destination Clock Delay (DCD):    1.204ns
    Source Clock Delay      (SCD):    0.908ns
    Clock Pessimism Removal (CPR):    0.029ns

    Location             Delay type                Incr(ns)  Path(ns)    Netlist Resource(s)
  -------------------------------------------------------------------    -------------------
                         (clock clk_fpga_0 rise edge)
                                                      0.000     0.000 r  
    PS7_X0Y0             PS7                          0.000     0.000 r  ZynqQWithPwm_i/processing_system7_0/inst/PS7_i/FCLKCLK[0]
                         net (fo=1, routed)           0.315     0.315    ZynqQWithPwm_i/processing_system7_0/inst/FCLK_CLK_unbuffered[0]
    BUFGCTRL_X0Y0        BUFG (Prop_bufg_I_O)         0.026     0.341 r  ZynqQWithPwm_i/processing_system7_0/inst/buffer_fclk_clk_0.FCLK_CLK_0_BUFG/O
                         net (fo=740, routed)         0.567     0.908    ZynqQWithPwm_i/enhancedPwmAXI_0/U0/enhancedPwmAXI_slave_lite_v1_0_S00_AXI_inst/s00_axi_aclk
    SLICE_X7Y49          FDRE                                         r  ZynqQWithPwm_i/enhancedPwmAXI_0/U0/enhancedPwmAXI_slave_lite_v1_0_S00_AXI_inst/slv_reg2_reg[17]/C
  -------------------------------------------------------------------    -------------------
    SLICE_X7Y49          FDRE (Prop_fdre_C_Q)         0.141     1.049 r  ZynqQWithPwm_i/enhancedPwmAXI_0/U0/enhancedPwmAXI_slave_lite_v1_0_S00_AXI_inst/slv_reg2_reg[17]/Q
                         net (fo=1, routed)           0.258     1.306    ZynqQWithPwm_i/enhancedPwmAXI_0/U0/enhancedPwmAXI_slave_lite_v1_0_S00_AXI_inst/slv_reg2[17]
    SLICE_X6Y50          LUT5 (Prop_lut5_I1_O)        0.045     1.351 r  ZynqQWithPwm_i/enhancedPwmAXI_0/U0/enhancedPwmAXI_slave_lite_v1_0_S00_AXI_inst/s00_axi_rdata[17]_INST_0/O
                         net (fo=1, routed)           0.000     1.351    <hidden>
    SLICE_X6Y50          FDRE                                         r  <hidden>
  -------------------------------------------------------------------    -------------------

                         (clock clk_fpga_0 rise edge)
                                                      0.000     0.000 r  
    PS7_X0Y0             PS7                          0.000     0.000 r  ZynqQWithPwm_i/processing_system7_0/inst/PS7_i/FCLKCLK[0]
                         net (fo=1, routed)           0.341     0.341    ZynqQWithPwm_i/processing_system7_0/inst/FCLK_CLK_unbuffered[0]
    BUFGCTRL_X0Y0        BUFG (Prop_bufg_I_O)         0.029     0.370 r  ZynqQWithPwm_i/processing_system7_0/inst/buffer_fclk_clk_0.FCLK_CLK_0_BUFG/O
                         net (fo=740, routed)         0.834     1.204    <hidden>
    SLICE_X6Y50          FDRE                                         r  <hidden>
                         clock pessimism             -0.029     1.175    
    SLICE_X6Y50          FDRE (Hold_fdre_C_D)         0.120     1.295    <hidden>
  -------------------------------------------------------------------
                         required time                         -1.295    
                         arrival time                           1.351    
  -------------------------------------------------------------------
                         slack                                  0.056    

Slack (MET) :             0.059ns  (arrival time - required time)
  Source:                 <hidden>
                            (rising edge-triggered cell FDRE clocked by clk_fpga_0  {rise@0.000ns fall@10.000ns period=20.000ns})
  Destination:            <hidden>
                            (rising edge-triggered cell FDRE clocked by clk_fpga_0  {rise@0.000ns fall@10.000ns period=20.000ns})
  Path Group:             clk_fpga_0
  Path Type:              Hold (Min at Fast Process Corner)
  Requirement:            0.000ns  (clk_fpga_0 rise@0.000ns - clk_fpga_0 rise@0.000ns)
  Data Path Delay:        0.451ns  (logic 0.209ns (46.366%)  route 0.242ns (53.634%))
  Logic Levels:           1  (LUT2=1)
  Clock Path Skew:        0.270ns (DCD - SCD - CPR)
    Destination Clock Delay (DCD):    1.205ns
    Source Clock Delay      (SCD):    0.906ns
    Clock Pessimism Removal (CPR):    0.029ns

    Location             Delay type                Incr(ns)  Path(ns)    Netlist Resource(s)
  -------------------------------------------------------------------    -------------------
                         (clock clk_fpga_0 rise edge)
                                                      0.000     0.000 r  
    PS7_X0Y0             PS7                          0.000     0.000 r  ZynqQWithPwm_i/processing_system7_0/inst/PS7_i/FCLKCLK[0]
                         net (fo=1, routed)           0.315     0.315    ZynqQWithPwm_i/processing_system7_0/inst/FCLK_CLK_unbuffered[0]
    BUFGCTRL_X0Y0        BUFG (Prop_bufg_I_O)         0.026     0.341 r  ZynqQWithPwm_i/processing_system7_0/inst/buffer_fclk_clk_0.FCLK_CLK_0_BUFG/O
                         net (fo=740, routed)         0.565     0.906    <hidden>
    SLICE_X6Y51          FDRE                                         r  <hidden>
  -------------------------------------------------------------------    -------------------
    SLICE_X6Y51          FDRE (Prop_fdre_C_Q)         0.164     1.070 r  <hidden>
                         net (fo=1, routed)           0.242     1.311    <hidden>
    SLICE_X6Y47          LUT2 (Prop_lut2_I1_O)        0.045     1.356 r  <hidden>
                         net (fo=1, routed)           0.000     1.356    <hidden>
    SLICE_X6Y47          FDRE                                         r  <hidden>
  -------------------------------------------------------------------    -------------------

                         (clock clk_fpga_0 rise edge)
                                                      0.000     0.000 r  
    PS7_X0Y0             PS7                          0.000     0.000 r  ZynqQWithPwm_i/processing_system7_0/inst/PS7_i/FCLKCLK[0]
                         net (fo=1, routed)           0.341     0.341    ZynqQWithPwm_i/processing_system7_0/inst/FCLK_CLK_unbuffered[0]
    BUFGCTRL_X0Y0        BUFG (Prop_bufg_I_O)         0.029     0.370 r  ZynqQWithPwm_i/processing_system7_0/inst/buffer_fclk_clk_0.FCLK_CLK_0_BUFG/O
                         net (fo=740, routed)         0.835     1.205    <hidden>
    SLICE_X6Y47          FDRE                                         r  <hidden>
                         clock pessimism             -0.029     1.176    
    SLICE_X6Y47          FDRE (Hold_fdre_C_D)         0.121     1.297    <hidden>
  -------------------------------------------------------------------
                         required time                         -1.297    
                         arrival time                           1.356    
  -------------------------------------------------------------------
                         slack                                  0.059    

Slack (MET) :             0.070ns  (arrival time - required time)
  Source:                 ZynqQWithPwm_i/enhancedPwmAXI_0/U0/enhancedPwmAXI_slave_lite_v1_0_S00_AXI_inst/slv_reg0_reg[21]/C
                            (rising edge-triggered cell FDRE clocked by clk_fpga_0  {rise@0.000ns fall@10.000ns period=20.000ns})
  Destination:            <hidden>
                            (rising edge-triggered cell FDRE clocked by clk_fpga_0  {rise@0.000ns fall@10.000ns period=20.000ns})
  Path Group:             clk_fpga_0
  Path Type:              Hold (Min at Fast Process Corner)
  Requirement:            0.000ns  (clk_fpga_0 rise@0.000ns - clk_fpga_0 rise@0.000ns)
  Data Path Delay:        0.459ns  (logic 0.247ns (53.865%)  route 0.212ns (46.135%))
  Logic Levels:           1  (LUT5=1)
  Clock Path Skew:        0.267ns (DCD - SCD - CPR)
    Destination Clock Delay (DCD):    1.204ns
    Source Clock Delay      (SCD):    0.908ns
    Clock Pessimism Removal (CPR):    0.029ns

    Location             Delay type                Incr(ns)  Path(ns)    Netlist Resource(s)
  -------------------------------------------------------------------    -------------------
                         (clock clk_fpga_0 rise edge)
                                                      0.000     0.000 r  
    PS7_X0Y0             PS7                          0.000     0.000 r  ZynqQWithPwm_i/processing_system7_0/inst/PS7_i/FCLKCLK[0]
                         net (fo=1, routed)           0.315     0.315    ZynqQWithPwm_i/processing_system7_0/inst/FCLK_CLK_unbuffered[0]
    BUFGCTRL_X0Y0        BUFG (Prop_bufg_I_O)         0.026     0.341 r  ZynqQWithPwm_i/processing_system7_0/inst/buffer_fclk_clk_0.FCLK_CLK_0_BUFG/O
                         net (fo=740, routed)         0.567     0.908    ZynqQWithPwm_i/enhancedPwmAXI_0/U0/enhancedPwmAXI_slave_lite_v1_0_S00_AXI_inst/s00_axi_aclk
    SLICE_X6Y49          FDRE                                         r  ZynqQWithPwm_i/enhancedPwmAXI_0/U0/enhancedPwmAXI_slave_lite_v1_0_S00_AXI_inst/slv_reg0_reg[21]/C
  -------------------------------------------------------------------    -------------------
    SLICE_X6Y49          FDRE (Prop_fdre_C_Q)         0.148     1.056 r  ZynqQWithPwm_i/enhancedPwmAXI_0/U0/enhancedPwmAXI_slave_lite_v1_0_S00_AXI_inst/slv_reg0_reg[21]/Q
                         net (fo=1, routed)           0.212     1.267    ZynqQWithPwm_i/enhancedPwmAXI_0/U0/enhancedPwmAXI_slave_lite_v1_0_S00_AXI_inst/slv_reg0[21]
    SLICE_X6Y50          LUT5 (Prop_lut5_I4_O)        0.099     1.366 r  ZynqQWithPwm_i/enhancedPwmAXI_0/U0/enhancedPwmAXI_slave_lite_v1_0_S00_AXI_inst/s00_axi_rdata[21]_INST_0/O
                         net (fo=1, routed)           0.000     1.366    <hidden>
    SLICE_X6Y50          FDRE                                         r  <hidden>
  -------------------------------------------------------------------    -------------------

                         (clock clk_fpga_0 rise edge)
                                                      0.000     0.000 r  
    PS7_X0Y0             PS7                          0.000     0.000 r  ZynqQWithPwm_i/processing_system7_0/inst/PS7_i/FCLKCLK[0]
                         net (fo=1, routed)           0.341     0.341    ZynqQWithPwm_i/processing_system7_0/inst/FCLK_CLK_unbuffered[0]
    BUFGCTRL_X0Y0        BUFG (Prop_bufg_I_O)         0.029     0.370 r  ZynqQWithPwm_i/processing_system7_0/inst/buffer_fclk_clk_0.FCLK_CLK_0_BUFG/O
                         net (fo=740, routed)         0.834     1.204    <hidden>
    SLICE_X6Y50          FDRE                                         r  <hidden>
                         clock pessimism             -0.029     1.175    
    SLICE_X6Y50          FDRE (Hold_fdre_C_D)         0.121     1.296    <hidden>
  -------------------------------------------------------------------
                         required time                         -1.296    
                         arrival time                           1.366    
  -------------------------------------------------------------------
                         slack                                  0.070    

Slack (MET) :             0.089ns  (arrival time - required time)
  Source:                 <hidden>
                            (rising edge-triggered cell FDRE clocked by clk_fpga_0  {rise@0.000ns fall@10.000ns period=20.000ns})
  Destination:            <hidden>
                            (rising edge-triggered cell FDRE clocked by clk_fpga_0  {rise@0.000ns fall@10.000ns period=20.000ns})
  Path Group:             clk_fpga_0
  Path Type:              Hold (Min at Fast Process Corner)
  Requirement:            0.000ns  (clk_fpga_0 rise@0.000ns - clk_fpga_0 rise@0.000ns)
  Data Path Delay:        0.489ns  (logic 0.208ns (42.492%)  route 0.281ns (57.508%))
  Logic Levels:           1  (LUT2=1)
  Clock Path Skew:        0.269ns (DCD - SCD - CPR)
    Destination Clock Delay (DCD):    1.204ns
    Source Clock Delay      (SCD):    0.906ns
    Clock Pessimism Removal (CPR):    0.029ns

    Location             Delay type                Incr(ns)  Path(ns)    Netlist Resource(s)
  -------------------------------------------------------------------    -------------------
                         (clock clk_fpga_0 rise edge)
                                                      0.000     0.000 r  
    PS7_X0Y0             PS7                          0.000     0.000 r  ZynqQWithPwm_i/processing_system7_0/inst/PS7_i/FCLKCLK[0]
                         net (fo=1, routed)           0.315     0.315    ZynqQWithPwm_i/processing_system7_0/inst/FCLK_CLK_unbuffered[0]
    BUFGCTRL_X0Y0        BUFG (Prop_bufg_I_O)         0.026     0.341 r  ZynqQWithPwm_i/processing_system7_0/inst/buffer_fclk_clk_0.FCLK_CLK_0_BUFG/O
                         net (fo=740, routed)         0.565     0.906    <hidden>
    SLICE_X6Y50          FDRE                                         r  <hidden>
  -------------------------------------------------------------------    -------------------
    SLICE_X6Y50          FDRE (Prop_fdre_C_Q)         0.164     1.070 r  <hidden>
                         net (fo=1, routed)           0.281     1.351    <hidden>
    SLICE_X6Y45          LUT2 (Prop_lut2_I1_O)        0.044     1.395 r  <hidden>
                         net (fo=1, routed)           0.000     1.395    <hidden>
    SLICE_X6Y45          FDRE                                         r  <hidden>
  -------------------------------------------------------------------    -------------------

                         (clock clk_fpga_0 rise edge)
                                                      0.000     0.000 r  
    PS7_X0Y0             PS7                          0.000     0.000 r  ZynqQWithPwm_i/processing_system7_0/inst/PS7_i/FCLKCLK[0]
                         net (fo=1, routed)           0.341     0.341    ZynqQWithPwm_i/processing_system7_0/inst/FCLK_CLK_unbuffered[0]
    BUFGCTRL_X0Y0        BUFG (Prop_bufg_I_O)         0.029     0.370 r  ZynqQWithPwm_i/processing_system7_0/inst/buffer_fclk_clk_0.FCLK_CLK_0_BUFG/O
                         net (fo=740, routed)         0.834     1.204    <hidden>
    SLICE_X6Y45          FDRE                                         r  <hidden>
                         clock pessimism             -0.029     1.175    
    SLICE_X6Y45          FDRE (Hold_fdre_C_D)         0.131     1.306    <hidden>
  -------------------------------------------------------------------
                         required time                         -1.306    
                         arrival time                           1.395    
  -------------------------------------------------------------------
                         slack                                  0.089    

Slack (MET) :             0.093ns  (arrival time - required time)
  Source:                 <hidden>
                            (rising edge-triggered cell FDRE clocked by clk_fpga_0  {rise@0.000ns fall@10.000ns period=20.000ns})
  Destination:            <hidden>
                            (rising edge-triggered cell FDRE clocked by clk_fpga_0  {rise@0.000ns fall@10.000ns period=20.000ns})
  Path Group:             clk_fpga_0
  Path Type:              Hold (Min at Fast Process Corner)
  Requirement:            0.000ns  (clk_fpga_0 rise@0.000ns - clk_fpga_0 rise@0.000ns)
  Data Path Delay:        0.493ns  (logic 0.211ns (42.756%)  route 0.282ns (57.244%))
  Logic Levels:           1  (LUT2=1)
  Clock Path Skew:        0.269ns (DCD - SCD - CPR)
    Destination Clock Delay (DCD):    1.204ns
    Source Clock Delay      (SCD):    0.906ns
    Clock Pessimism Removal (CPR):    0.029ns

    Location             Delay type                Incr(ns)  Path(ns)    Netlist Resource(s)
  -------------------------------------------------------------------    -------------------
                         (clock clk_fpga_0 rise edge)
                                                      0.000     0.000 r  
    PS7_X0Y0             PS7                          0.000     0.000 r  ZynqQWithPwm_i/processing_system7_0/inst/PS7_i/FCLKCLK[0]
                         net (fo=1, routed)           0.315     0.315    ZynqQWithPwm_i/processing_system7_0/inst/FCLK_CLK_unbuffered[0]
    BUFGCTRL_X0Y0        BUFG (Prop_bufg_I_O)         0.026     0.341 r  ZynqQWithPwm_i/processing_system7_0/inst/buffer_fclk_clk_0.FCLK_CLK_0_BUFG/O
                         net (fo=740, routed)         0.565     0.906    <hidden>
    SLICE_X6Y50          FDRE                                         r  <hidden>
  -------------------------------------------------------------------    -------------------
    SLICE_X6Y50          FDRE (Prop_fdre_C_Q)         0.164     1.070 r  <hidden>
                         net (fo=1, routed)           0.282     1.352    <hidden>
    SLICE_X6Y45          LUT2 (Prop_lut2_I1_O)        0.047     1.399 r  <hidden>
                         net (fo=1, routed)           0.000     1.399    <hidden>
    SLICE_X6Y45          FDRE                                         r  <hidden>
  -------------------------------------------------------------------    -------------------

                         (clock clk_fpga_0 rise edge)
                                                      0.000     0.000 r  
    PS7_X0Y0             PS7                          0.000     0.000 r  ZynqQWithPwm_i/processing_system7_0/inst/PS7_i/FCLKCLK[0]
                         net (fo=1, routed)           0.341     0.341    ZynqQWithPwm_i/processing_system7_0/inst/FCLK_CLK_unbuffered[0]
    BUFGCTRL_X0Y0        BUFG (Prop_bufg_I_O)         0.029     0.370 r  ZynqQWithPwm_i/processing_system7_0/inst/buffer_fclk_clk_0.FCLK_CLK_0_BUFG/O
                         net (fo=740, routed)         0.834     1.204    <hidden>
    SLICE_X6Y45          FDRE                                         r  <hidden>
                         clock pessimism             -0.029     1.175    
    SLICE_X6Y45          FDRE (Hold_fdre_C_D)         0.131     1.306    <hidden>
  -------------------------------------------------------------------
                         required time                         -1.306    
                         arrival time                           1.399    
  -------------------------------------------------------------------
                         slack                                  0.093    

Slack (MET) :             0.104ns  (arrival time - required time)
  Source:                 ZynqQWithPwm_i/enhancedPwmAXI_0/U0/enhancedPwmAXI_slave_lite_v1_0_S00_AXI_inst/slv_reg0_reg[23]/C
                            (rising edge-triggered cell FDRE clocked by clk_fpga_0  {rise@0.000ns fall@10.000ns period=20.000ns})
  Destination:            <hidden>
                            (rising edge-triggered cell FDRE clocked by clk_fpga_0  {rise@0.000ns fall@10.000ns period=20.000ns})
  Path Group:             clk_fpga_0
  Path Type:              Hold (Min at Fast Process Corner)
  Requirement:            0.000ns  (clk_fpga_0 rise@0.000ns - clk_fpga_0 rise@0.000ns)
  Data Path Delay:        0.492ns  (logic 0.246ns (50.003%)  route 0.246ns (49.996%))
  Logic Levels:           1  (LUT5=1)
  Clock Path Skew:        0.267ns (DCD - SCD - CPR)
    Destination Clock Delay (DCD):    1.204ns
    Source Clock Delay      (SCD):    0.908ns
    Clock Pessimism Removal (CPR):    0.029ns

    Location             Delay type                Incr(ns)  Path(ns)    Netlist Resource(s)
  -------------------------------------------------------------------    -------------------
                         (clock clk_fpga_0 rise edge)
                                                      0.000     0.000 r  
    PS7_X0Y0             PS7                          0.000     0.000 r  ZynqQWithPwm_i/processing_system7_0/inst/PS7_i/FCLKCLK[0]
                         net (fo=1, routed)           0.315     0.315    ZynqQWithPwm_i/processing_system7_0/inst/FCLK_CLK_unbuffered[0]
    BUFGCTRL_X0Y0        BUFG (Prop_bufg_I_O)         0.026     0.341 r  ZynqQWithPwm_i/processing_system7_0/inst/buffer_fclk_clk_0.FCLK_CLK_0_BUFG/O
                         net (fo=740, routed)         0.567     0.908    ZynqQWithPwm_i/enhancedPwmAXI_0/U0/enhancedPwmAXI_slave_lite_v1_0_S00_AXI_inst/s00_axi_aclk
    SLICE_X6Y49          FDRE                                         r  ZynqQWithPwm_i/enhancedPwmAXI_0/U0/enhancedPwmAXI_slave_lite_v1_0_S00_AXI_inst/slv_reg0_reg[23]/C
  -------------------------------------------------------------------    -------------------
    SLICE_X6Y49          FDRE (Prop_fdre_C_Q)         0.148     1.056 r  ZynqQWithPwm_i/enhancedPwmAXI_0/U0/enhancedPwmAXI_slave_lite_v1_0_S00_AXI_inst/slv_reg0_reg[23]/Q
                         net (fo=1, routed)           0.246     1.301    ZynqQWithPwm_i/enhancedPwmAXI_0/U0/enhancedPwmAXI_slave_lite_v1_0_S00_AXI_inst/slv_reg0[23]
    SLICE_X6Y50          LUT5 (Prop_lut5_I4_O)        0.098     1.399 r  ZynqQWithPwm_i/enhancedPwmAXI_0/U0/enhancedPwmAXI_slave_lite_v1_0_S00_AXI_inst/s00_axi_rdata[23]_INST_0/O
                         net (fo=1, routed)           0.000     1.399    <hidden>
    SLICE_X6Y50          FDRE                                         r  <hidden>
  -------------------------------------------------------------------    -------------------

                         (clock clk_fpga_0 rise edge)
                                                      0.000     0.000 r  
    PS7_X0Y0             PS7                          0.000     0.000 r  ZynqQWithPwm_i/processing_system7_0/inst/PS7_i/FCLKCLK[0]
                         net (fo=1, routed)           0.341     0.341    ZynqQWithPwm_i/processing_system7_0/inst/FCLK_CLK_unbuffered[0]
    BUFGCTRL_X0Y0        BUFG (Prop_bufg_I_O)         0.029     0.370 r  ZynqQWithPwm_i/processing_system7_0/inst/buffer_fclk_clk_0.FCLK_CLK_0_BUFG/O
                         net (fo=740, routed)         0.834     1.204    <hidden>
    SLICE_X6Y50          FDRE                                         r  <hidden>
                         clock pessimism             -0.029     1.175    
    SLICE_X6Y50          FDRE (Hold_fdre_C_D)         0.121     1.296    <hidden>
  -------------------------------------------------------------------
                         required time                         -1.296    
                         arrival time                           1.399    
  -------------------------------------------------------------------
                         slack                                  0.104    

Slack (MET) :             0.106ns  (arrival time - required time)
  Source:                 ZynqQWithPwm_i/enhancedPwmAXI_0/U0/enhancedPwmAXI_slave_lite_v1_0_S00_AXI_inst/slv_reg3_reg[18]/C
                            (rising edge-triggered cell FDRE clocked by clk_fpga_0  {rise@0.000ns fall@10.000ns period=20.000ns})
  Destination:            <hidden>
                            (rising edge-triggered cell FDRE clocked by clk_fpga_0  {rise@0.000ns fall@10.000ns period=20.000ns})
  Path Group:             clk_fpga_0
  Path Type:              Hold (Min at Fast Process Corner)
  Requirement:            0.000ns  (clk_fpga_0 rise@0.000ns - clk_fpga_0 rise@0.000ns)
  Data Path Delay:        0.240ns  (logic 0.186ns (77.466%)  route 0.054ns (22.534%))
  Logic Levels:           1  (LUT5=1)
  Clock Path Skew:        0.013ns (DCD - SCD - CPR)
    Destination Clock Delay (DCD):    1.205ns
    Source Clock Delay      (SCD):    0.908ns
    Clock Pessimism Removal (CPR):    0.284ns

    Location             Delay type                Incr(ns)  Path(ns)    Netlist Resource(s)
  -------------------------------------------------------------------    -------------------
                         (clock clk_fpga_0 rise edge)
                                                      0.000     0.000 r  
    PS7_X0Y0             PS7                          0.000     0.000 r  ZynqQWithPwm_i/processing_system7_0/inst/PS7_i/FCLKCLK[0]
                         net (fo=1, routed)           0.315     0.315    ZynqQWithPwm_i/processing_system7_0/inst/FCLK_CLK_unbuffered[0]
    BUFGCTRL_X0Y0        BUFG (Prop_bufg_I_O)         0.026     0.341 r  ZynqQWithPwm_i/processing_system7_0/inst/buffer_fclk_clk_0.FCLK_CLK_0_BUFG/O
                         net (fo=740, routed)         0.567     0.908    ZynqQWithPwm_i/enhancedPwmAXI_0/U0/enhancedPwmAXI_slave_lite_v1_0_S00_AXI_inst/s00_axi_aclk
    SLICE_X7Y48          FDRE                                         r  ZynqQWithPwm_i/enhancedPwmAXI_0/U0/enhancedPwmAXI_slave_lite_v1_0_S00_AXI_inst/slv_reg3_reg[18]/C
  -------------------------------------------------------------------    -------------------
    SLICE_X7Y48          FDRE (Prop_fdre_C_Q)         0.141     1.049 r  ZynqQWithPwm_i/enhancedPwmAXI_0/U0/enhancedPwmAXI_slave_lite_v1_0_S00_AXI_inst/slv_reg3_reg[18]/Q
                         net (fo=1, routed)           0.054     1.103    ZynqQWithPwm_i/enhancedPwmAXI_0/U0/enhancedPwmAXI_slave_lite_v1_0_S00_AXI_inst/slv_reg3[18]
    SLICE_X6Y48          LUT5 (Prop_lut5_I0_O)        0.045     1.148 r  ZynqQWithPwm_i/enhancedPwmAXI_0/U0/enhancedPwmAXI_slave_lite_v1_0_S00_AXI_inst/s00_axi_rdata[18]_INST_0/O
                         net (fo=1, routed)           0.000     1.148    <hidden>
    SLICE_X6Y48          FDRE                                         r  <hidden>
  -------------------------------------------------------------------    -------------------

                         (clock clk_fpga_0 rise edge)
                                                      0.000     0.000 r  
    PS7_X0Y0             PS7                          0.000     0.000 r  ZynqQWithPwm_i/processing_system7_0/inst/PS7_i/FCLKCLK[0]
                         net (fo=1, routed)           0.341     0.341    ZynqQWithPwm_i/processing_system7_0/inst/FCLK_CLK_unbuffered[0]
    BUFGCTRL_X0Y0        BUFG (Prop_bufg_I_O)         0.029     0.370 r  ZynqQWithPwm_i/processing_system7_0/inst/buffer_fclk_clk_0.FCLK_CLK_0_BUFG/O
                         net (fo=740, routed)         0.835     1.205    <hidden>
    SLICE_X6Y48          FDRE                                         r  <hidden>
                         clock pessimism             -0.284     0.921    
    SLICE_X6Y48          FDRE (Hold_fdre_C_D)         0.121     1.042    <hidden>
  -------------------------------------------------------------------
                         required time                         -1.041    
                         arrival time                           1.148    
  -------------------------------------------------------------------
                         slack                                  0.106    

Slack (MET) :             0.109ns  (arrival time - required time)
  Source:                 ZynqQWithPwm_i/enhancedPwmAXI_0/U0/enhancedPwmAXI_slave_lite_v1_0_S00_AXI_inst/slv_reg0_reg[26]/C
                            (rising edge-triggered cell FDRE clocked by clk_fpga_0  {rise@0.000ns fall@10.000ns period=20.000ns})
  Destination:            <hidden>
                            (rising edge-triggered cell FDRE clocked by clk_fpga_0  {rise@0.000ns fall@10.000ns period=20.000ns})
  Path Group:             clk_fpga_0
  Path Type:              Hold (Min at Fast Process Corner)
  Requirement:            0.000ns  (clk_fpga_0 rise@0.000ns - clk_fpga_0 rise@0.000ns)
  Data Path Delay:        0.242ns  (logic 0.186ns (76.827%)  route 0.056ns (23.174%))
  Logic Levels:           1  (LUT5=1)
  Clock Path Skew:        0.013ns (DCD - SCD - CPR)
    Destination Clock Delay (DCD):    1.204ns
    Source Clock Delay      (SCD):    0.906ns
    Clock Pessimism Removal (CPR):    0.285ns

    Location             Delay type                Incr(ns)  Path(ns)    Netlist Resource(s)
  -------------------------------------------------------------------    -------------------
                         (clock clk_fpga_0 rise edge)
                                                      0.000     0.000 r  
    PS7_X0Y0             PS7                          0.000     0.000 r  ZynqQWithPwm_i/processing_system7_0/inst/PS7_i/FCLKCLK[0]
                         net (fo=1, routed)           0.315     0.315    ZynqQWithPwm_i/processing_system7_0/inst/FCLK_CLK_unbuffered[0]
    BUFGCTRL_X0Y0        BUFG (Prop_bufg_I_O)         0.026     0.341 r  ZynqQWithPwm_i/processing_system7_0/inst/buffer_fclk_clk_0.FCLK_CLK_0_BUFG/O
                         net (fo=740, routed)         0.565     0.906    ZynqQWithPwm_i/enhancedPwmAXI_0/U0/enhancedPwmAXI_slave_lite_v1_0_S00_AXI_inst/s00_axi_aclk
    SLICE_X7Y51          FDRE                                         r  ZynqQWithPwm_i/enhancedPwmAXI_0/U0/enhancedPwmAXI_slave_lite_v1_0_S00_AXI_inst/slv_reg0_reg[26]/C
  -------------------------------------------------------------------    -------------------
    SLICE_X7Y51          FDRE (Prop_fdre_C_Q)         0.141     1.047 r  ZynqQWithPwm_i/enhancedPwmAXI_0/U0/enhancedPwmAXI_slave_lite_v1_0_S00_AXI_inst/slv_reg0_reg[26]/Q
                         net (fo=1, routed)           0.056     1.103    ZynqQWithPwm_i/enhancedPwmAXI_0/U0/enhancedPwmAXI_slave_lite_v1_0_S00_AXI_inst/slv_reg0[26]
    SLICE_X6Y51          LUT5 (Prop_lut5_I4_O)        0.045     1.148 r  ZynqQWithPwm_i/enhancedPwmAXI_0/U0/enhancedPwmAXI_slave_lite_v1_0_S00_AXI_inst/s00_axi_rdata[26]_INST_0/O
                         net (fo=1, routed)           0.000     1.148    <hidden>
    SLICE_X6Y51          FDRE                                         r  <hidden>
  -------------------------------------------------------------------    -------------------

                         (clock clk_fpga_0 rise edge)
                                                      0.000     0.000 r  
    PS7_X0Y0             PS7                          0.000     0.000 r  ZynqQWithPwm_i/processing_system7_0/inst/PS7_i/FCLKCLK[0]
                         net (fo=1, routed)           0.341     0.341    ZynqQWithPwm_i/processing_system7_0/inst/FCLK_CLK_unbuffered[0]
    BUFGCTRL_X0Y0        BUFG (Prop_bufg_I_O)         0.029     0.370 r  ZynqQWithPwm_i/processing_system7_0/inst/buffer_fclk_clk_0.FCLK_CLK_0_BUFG/O
                         net (fo=740, routed)         0.834     1.204    <hidden>
    SLICE_X6Y51          FDRE                                         r  <hidden>
                         clock pessimism             -0.285     0.919    
    SLICE_X6Y51          FDRE (Hold_fdre_C_D)         0.120     1.039    <hidden>
  -------------------------------------------------------------------
                         required time                         -1.039    
                         arrival time                           1.148    
  -------------------------------------------------------------------
                         slack                                  0.109    

Slack (MET) :             0.122ns  (arrival time - required time)
  Source:                 ZynqQWithPwm_i/axi_smc/inst/clk_map/psr_aclk/U0/EXT_LPF/ACTIVE_LOW_EXT.ACT_LO_EXT/syncstages_ff_reg[0]/C
                            (rising edge-triggered cell FDRE clocked by clk_fpga_0  {rise@0.000ns fall@10.000ns period=20.000ns})
  Destination:            ZynqQWithPwm_i/axi_smc/inst/clk_map/psr_aclk/U0/EXT_LPF/ACTIVE_LOW_EXT.ACT_LO_EXT/syncstages_ff_reg[1]/D
                            (rising edge-triggered cell FDRE clocked by clk_fpga_0  {rise@0.000ns fall@10.000ns period=20.000ns})
  Path Group:             clk_fpga_0
  Path Type:              Hold (Min at Fast Process Corner)
  Requirement:            0.000ns  (clk_fpga_0 rise@0.000ns - clk_fpga_0 rise@0.000ns)
  Data Path Delay:        0.197ns  (logic 0.141ns (71.611%)  route 0.056ns (28.389%))
  Logic Levels:           0  
  Clock Path Skew:        0.000ns (DCD - SCD - CPR)
    Destination Clock Delay (DCD):    1.200ns
    Source Clock Delay      (SCD):    0.903ns
    Clock Pessimism Removal (CPR):    0.297ns

    Location             Delay type                Incr(ns)  Path(ns)    Netlist Resource(s)
  -------------------------------------------------------------------    -------------------
                         (clock clk_fpga_0 rise edge)
                                                      0.000     0.000 r  
    PS7_X0Y0             PS7                          0.000     0.000 r  ZynqQWithPwm_i/processing_system7_0/inst/PS7_i/FCLKCLK[0]
                         net (fo=1, routed)           0.315     0.315    ZynqQWithPwm_i/processing_system7_0/inst/FCLK_CLK_unbuffered[0]
    BUFGCTRL_X0Y0        BUFG (Prop_bufg_I_O)         0.026     0.341 r  ZynqQWithPwm_i/processing_system7_0/inst/buffer_fclk_clk_0.FCLK_CLK_0_BUFG/O
                         net (fo=740, routed)         0.562     0.903    ZynqQWithPwm_i/axi_smc/inst/clk_map/psr_aclk/U0/EXT_LPF/ACTIVE_LOW_EXT.ACT_LO_EXT/dest_clk
    SLICE_X17Y41         FDRE                                         r  ZynqQWithPwm_i/axi_smc/inst/clk_map/psr_aclk/U0/EXT_LPF/ACTIVE_LOW_EXT.ACT_LO_EXT/syncstages_ff_reg[0]/C
  -------------------------------------------------------------------    -------------------
    SLICE_X17Y41         FDRE (Prop_fdre_C_Q)         0.141     1.044 r  ZynqQWithPwm_i/axi_smc/inst/clk_map/psr_aclk/U0/EXT_LPF/ACTIVE_LOW_EXT.ACT_LO_EXT/syncstages_ff_reg[0]/Q
                         net (fo=1, routed)           0.056     1.099    ZynqQWithPwm_i/axi_smc/inst/clk_map/psr_aclk/U0/EXT_LPF/ACTIVE_LOW_EXT.ACT_LO_EXT/syncstages_ff[0]
    SLICE_X17Y41         FDRE                                         r  ZynqQWithPwm_i/axi_smc/inst/clk_map/psr_aclk/U0/EXT_LPF/ACTIVE_LOW_EXT.ACT_LO_EXT/syncstages_ff_reg[1]/D
  -------------------------------------------------------------------    -------------------

                         (clock clk_fpga_0 rise edge)
                                                      0.000     0.000 r  
    PS7_X0Y0             PS7                          0.000     0.000 r  ZynqQWithPwm_i/processing_system7_0/inst/PS7_i/FCLKCLK[0]
                         net (fo=1, routed)           0.341     0.341    ZynqQWithPwm_i/processing_system7_0/inst/FCLK_CLK_unbuffered[0]
    BUFGCTRL_X0Y0        BUFG (Prop_bufg_I_O)         0.029     0.370 r  ZynqQWithPwm_i/processing_system7_0/inst/buffer_fclk_clk_0.FCLK_CLK_0_BUFG/O
                         net (fo=740, routed)         0.830     1.200    ZynqQWithPwm_i/axi_smc/inst/clk_map/psr_aclk/U0/EXT_LPF/ACTIVE_LOW_EXT.ACT_LO_EXT/dest_clk
    SLICE_X17Y41         FDRE                                         r  ZynqQWithPwm_i/axi_smc/inst/clk_map/psr_aclk/U0/EXT_LPF/ACTIVE_LOW_EXT.ACT_LO_EXT/syncstages_ff_reg[1]/C
                         clock pessimism             -0.297     0.903    
    SLICE_X17Y41         FDRE (Hold_fdre_C_D)         0.075     0.978    ZynqQWithPwm_i/axi_smc/inst/clk_map/psr_aclk/U0/EXT_LPF/ACTIVE_LOW_EXT.ACT_LO_EXT/syncstages_ff_reg[1]
  -------------------------------------------------------------------
                         required time                         -0.978    
                         arrival time                           1.099    
  -------------------------------------------------------------------
                         slack                                  0.122    





Pulse Width Checks
--------------------------------------------------------------------------------------
Clock Name:         clk_fpga_0
Waveform(ns):       { 0.000 10.000 }
Period(ns):         20.000
Sources:            { ZynqQWithPwm_i/processing_system7_0/inst/PS7_i/FCLKCLK[0] }

Check Type        Corner  Lib Pin     Reference Pin  Required(ns)  Actual(ns)  Slack(ns)  Location       Pin
Min Period        n/a     BUFG/I      n/a            2.155         20.000      17.845     BUFGCTRL_X0Y0  ZynqQWithPwm_i/processing_system7_0/inst/buffer_fclk_clk_0.FCLK_CLK_0_BUFG/I
Min Period        n/a     FDRE/C      n/a            1.000         20.000      19.000     SLICE_X13Y40   ZynqQWithPwm_i/axi_smc/inst/clk_map/psr_aclk/U0/ACTIVE_LOW_BSR_OUT_DFF[0].FDRE_BSR_N/C
Min Period        n/a     FDRE/C      n/a            1.000         20.000      19.000     SLICE_X15Y41   ZynqQWithPwm_i/axi_smc/inst/clk_map/psr_aclk/U0/EXT_LPF/EXT_LPF[1].exr_lpf_reg[1]/C
Min Period        n/a     FDRE/C      n/a            1.000         20.000      19.000     SLICE_X15Y41   ZynqQWithPwm_i/axi_smc/inst/clk_map/psr_aclk/U0/EXT_LPF/EXT_LPF[2].exr_lpf_reg[2]/C
Min Period        n/a     FDRE/C      n/a            1.000         20.000      19.000     SLICE_X15Y41   ZynqQWithPwm_i/axi_smc/inst/clk_map/psr_aclk/U0/EXT_LPF/EXT_LPF[3].exr_lpf_reg[3]/C
Min Period        n/a     FDRE/C      n/a            1.000         20.000      19.000     SLICE_X14Y41   ZynqQWithPwm_i/axi_smc/inst/clk_map/psr_aclk/U0/EXT_LPF/lpf_asr_reg/C
Min Period        n/a     FDRE/C      n/a            1.000         20.000      19.000     SLICE_X15Y41   ZynqQWithPwm_i/axi_smc/inst/clk_map/psr_aclk/U0/EXT_LPF/lpf_exr_reg/C
Min Period        n/a     FDRE/C      n/a            1.000         20.000      19.000     SLICE_X15Y41   ZynqQWithPwm_i/axi_smc/inst/clk_map/psr_aclk/U0/EXT_LPF/lpf_int_reg/C
Min Period        n/a     FDRE/C      n/a            1.000         20.000      19.000     SLICE_X14Y41   ZynqQWithPwm_i/axi_smc/inst/clk_map/psr_aclk/U0/EXT_LPF/ACTIVE_LOW_AUX.ACT_LO_AUX/syncstages_ff_reg[0]/C
Min Period        n/a     FDRE/C      n/a            1.000         20.000      19.000     SLICE_X14Y41   ZynqQWithPwm_i/axi_smc/inst/clk_map/psr_aclk/U0/EXT_LPF/ACTIVE_LOW_AUX.ACT_LO_AUX/syncstages_ff_reg[1]/C
Low Pulse Width   Slow    SRL16E/CLK  n/a            0.980         10.000      9.020      SLICE_X16Y37   ZynqQWithPwm_i/axi_smc/inst/clk_map/psr_aclk/U0/EXT_LPF/POR_SRL_I/CLK
Low Pulse Width   Fast    SRL16E/CLK  n/a            0.980         10.000      9.020      SLICE_X16Y37   ZynqQWithPwm_i/axi_smc/inst/clk_map/psr_aclk/U0/EXT_LPF/POR_SRL_I/CLK
Low Pulse Width   Slow    SRL16E/CLK  n/a            0.980         10.000      9.020      SLICE_X16Y37   ZynqQWithPwm_i/rst_ps7_0_50M/U0/EXT_LPF/POR_SRL_I/CLK
Low Pulse Width   Fast    SRL16E/CLK  n/a            0.980         10.000      9.020      SLICE_X16Y37   ZynqQWithPwm_i/rst_ps7_0_50M/U0/EXT_LPF/POR_SRL_I/CLK
Low Pulse Width   Slow    FDRE/C      n/a            0.500         10.000      9.500      SLICE_X13Y40   ZynqQWithPwm_i/axi_smc/inst/clk_map/psr_aclk/U0/ACTIVE_LOW_BSR_OUT_DFF[0].FDRE_BSR_N/C
Low Pulse Width   Fast    FDRE/C      n/a            0.500         10.000      9.500      SLICE_X13Y40   ZynqQWithPwm_i/axi_smc/inst/clk_map/psr_aclk/U0/ACTIVE_LOW_BSR_OUT_DFF[0].FDRE_BSR_N/C
Low Pulse Width   Slow    FDRE/C      n/a            0.500         10.000      9.500      SLICE_X15Y41   ZynqQWithPwm_i/axi_smc/inst/clk_map/psr_aclk/U0/EXT_LPF/EXT_LPF[1].exr_lpf_reg[1]/C
Low Pulse Width   Fast    FDRE/C      n/a            0.500         10.000      9.500      SLICE_X15Y41   ZynqQWithPwm_i/axi_smc/inst/clk_map/psr_aclk/U0/EXT_LPF/EXT_LPF[1].exr_lpf_reg[1]/C
Low Pulse Width   Slow    FDRE/C      n/a            0.500         10.000      9.500      SLICE_X15Y41   ZynqQWithPwm_i/axi_smc/inst/clk_map/psr_aclk/U0/EXT_LPF/EXT_LPF[2].exr_lpf_reg[2]/C
Low Pulse Width   Fast    FDRE/C      n/a            0.500         10.000      9.500      SLICE_X15Y41   ZynqQWithPwm_i/axi_smc/inst/clk_map/psr_aclk/U0/EXT_LPF/EXT_LPF[2].exr_lpf_reg[2]/C
High Pulse Width  Slow    SRL16E/CLK  n/a            0.980         10.000      9.020      SLICE_X16Y37   ZynqQWithPwm_i/axi_smc/inst/clk_map/psr_aclk/U0/EXT_LPF/POR_SRL_I/CLK
High Pulse Width  Fast    SRL16E/CLK  n/a            0.980         10.000      9.020      SLICE_X16Y37   ZynqQWithPwm_i/axi_smc/inst/clk_map/psr_aclk/U0/EXT_LPF/POR_SRL_I/CLK
High Pulse Width  Slow    SRL16E/CLK  n/a            0.980         10.000      9.020      SLICE_X16Y37   ZynqQWithPwm_i/rst_ps7_0_50M/U0/EXT_LPF/POR_SRL_I/CLK
High Pulse Width  Fast    SRL16E/CLK  n/a            0.980         10.000      9.020      SLICE_X16Y37   ZynqQWithPwm_i/rst_ps7_0_50M/U0/EXT_LPF/POR_SRL_I/CLK
High Pulse Width  Slow    FDRE/C      n/a            0.500         10.000      9.500      SLICE_X13Y40   ZynqQWithPwm_i/axi_smc/inst/clk_map/psr_aclk/U0/ACTIVE_LOW_BSR_OUT_DFF[0].FDRE_BSR_N/C
High Pulse Width  Fast    FDRE/C      n/a            0.500         10.000      9.500      SLICE_X13Y40   ZynqQWithPwm_i/axi_smc/inst/clk_map/psr_aclk/U0/ACTIVE_LOW_BSR_OUT_DFF[0].FDRE_BSR_N/C
High Pulse Width  Slow    FDRE/C      n/a            0.500         10.000      9.500      SLICE_X15Y41   ZynqQWithPwm_i/axi_smc/inst/clk_map/psr_aclk/U0/EXT_LPF/EXT_LPF[1].exr_lpf_reg[1]/C
High Pulse Width  Fast    FDRE/C      n/a            0.500         10.000      9.500      SLICE_X15Y41   ZynqQWithPwm_i/axi_smc/inst/clk_map/psr_aclk/U0/EXT_LPF/EXT_LPF[1].exr_lpf_reg[1]/C
High Pulse Width  Slow    FDRE/C      n/a            0.500         10.000      9.500      SLICE_X15Y41   ZynqQWithPwm_i/axi_smc/inst/clk_map/psr_aclk/U0/EXT_LPF/EXT_LPF[2].exr_lpf_reg[2]/C
High Pulse Width  Fast    FDRE/C      n/a            0.500         10.000      9.500      SLICE_X15Y41   ZynqQWithPwm_i/axi_smc/inst/clk_map/psr_aclk/U0/EXT_LPF/EXT_LPF[2].exr_lpf_reg[2]/C



--------------------------------------------------------------------------------------
Path Group:  (none)
From Clock:  
  To Clock:  clk_fpga_0

Max Delay             1 Endpoint
Min Delay             1 Endpoint
--------------------------------------------------------------------------------------


Max Delay Paths
--------------------------------------------------------------------------------------
Slack:                    inf
  Source:                 ZynqQWithPwm_i/processing_system7_0/inst/PS7_i/FCLKRESETN[0]
                            (internal pin)
  Destination:            ZynqQWithPwm_i/rst_ps7_0_50M/U0/EXT_LPF/ACTIVE_LOW_EXT.ACT_LO_EXT/syncstages_ff_reg[0]/D
                            (rising edge-triggered cell FDRE clocked by clk_fpga_0  {rise@0.000ns fall@10.000ns period=20.000ns})
  Path Group:             (none)
  Path Type:              Setup (Max at Slow Process Corner)
  Data Path Delay:        1.755ns  (logic 0.124ns (7.064%)  route 1.631ns (92.936%))
  Logic Levels:           1  (LUT1=1)
  Clock Uncertainty:      0.301ns  ((TSJ^2 + TIJ^2)^1/2 + DJ) / 2 + PE
    Total System Jitter     (TSJ):    0.050ns
    Total Input Jitter      (TIJ):    0.600ns
    Discrete Jitter          (DJ):    0.000ns
    Phase Error              (PE):    0.000ns
  Timing Exception:       False Path

    Location             Delay type                Incr(ns)  Path(ns)    Netlist Resource(s)
  -------------------------------------------------------------------    -------------------
    PS7_X0Y0             PS7                          0.000     0.000 f  ZynqQWithPwm_i/processing_system7_0/inst/PS7_i/FCLKRESETN[0]
                         net (fo=1, routed)           1.067     1.067    ZynqQWithPwm_i/rst_ps7_0_50M/U0/EXT_LPF/ext_reset_in
    SLICE_X13Y37         LUT1 (Prop_lut1_I0_O)        0.124     1.191 r  ZynqQWithPwm_i/rst_ps7_0_50M/U0/EXT_LPF/ACTIVE_LOW_EXT.ACT_LO_EXT_i_1/O
                         net (fo=1, routed)           0.564     1.755    ZynqQWithPwm_i/rst_ps7_0_50M/U0/EXT_LPF/ACTIVE_LOW_EXT.ACT_LO_EXT/src_in
    SLICE_X15Y37         FDRE                                         r  ZynqQWithPwm_i/rst_ps7_0_50M/U0/EXT_LPF/ACTIVE_LOW_EXT.ACT_LO_EXT/syncstages_ff_reg[0]/D
  -------------------------------------------------------------------    -------------------

                         (clock clk_fpga_0 rise edge)
                                                      0.000     0.000 r  
    PS7_X0Y0             PS7                          0.000     0.000 r  ZynqQWithPwm_i/processing_system7_0/inst/PS7_i/FCLKCLK[0]
                         net (fo=1, routed)           1.101     1.101    ZynqQWithPwm_i/processing_system7_0/inst/FCLK_CLK_unbuffered[0]
    BUFGCTRL_X0Y0        BUFG (Prop_bufg_I_O)         0.091     1.192 r  ZynqQWithPwm_i/processing_system7_0/inst/buffer_fclk_clk_0.FCLK_CLK_0_BUFG/O
                         net (fo=740, routed)         1.497     2.689    ZynqQWithPwm_i/rst_ps7_0_50M/U0/EXT_LPF/ACTIVE_LOW_EXT.ACT_LO_EXT/dest_clk
    SLICE_X15Y37         FDRE                                         r  ZynqQWithPwm_i/rst_ps7_0_50M/U0/EXT_LPF/ACTIVE_LOW_EXT.ACT_LO_EXT/syncstages_ff_reg[0]/C





Min Delay Paths
--------------------------------------------------------------------------------------
Slack:                    inf
  Source:                 ZynqQWithPwm_i/processing_system7_0/inst/PS7_i/FCLKRESETN[0]
                            (internal pin)
  Destination:            ZynqQWithPwm_i/rst_ps7_0_50M/U0/EXT_LPF/ACTIVE_LOW_EXT.ACT_LO_EXT/syncstages_ff_reg[0]/D
                            (rising edge-triggered cell FDRE clocked by clk_fpga_0  {rise@0.000ns fall@10.000ns period=20.000ns})
  Path Group:             (none)
  Path Type:              Hold (Min at Fast Process Corner)
  Data Path Delay:        0.781ns  (logic 0.045ns (5.759%)  route 0.736ns (94.241%))
  Logic Levels:           1  (LUT1=1)
  Clock Uncertainty:      0.301ns  ((TSJ^2 + TIJ^2)^1/2 + DJ) / 2 + PE
    Total System Jitter     (TSJ):    0.050ns
    Total Input Jitter      (TIJ):    0.600ns
    Discrete Jitter          (DJ):    0.000ns
    Phase Error              (PE):    0.000ns
  Timing Exception:       False Path

    Location             Delay type                Incr(ns)  Path(ns)    Netlist Resource(s)
  -------------------------------------------------------------------    -------------------
    PS7_X0Y0             PS7                          0.000     0.000 f  ZynqQWithPwm_i/processing_system7_0/inst/PS7_i/FCLKRESETN[0]
                         net (fo=1, routed)           0.449     0.449    ZynqQWithPwm_i/rst_ps7_0_50M/U0/EXT_LPF/ext_reset_in
    SLICE_X13Y37         LUT1 (Prop_lut1_I0_O)        0.045     0.494 r  ZynqQWithPwm_i/rst_ps7_0_50M/U0/EXT_LPF/ACTIVE_LOW_EXT.ACT_LO_EXT_i_1/O
                         net (fo=1, routed)           0.287     0.781    ZynqQWithPwm_i/rst_ps7_0_50M/U0/EXT_LPF/ACTIVE_LOW_EXT.ACT_LO_EXT/src_in
    SLICE_X15Y37         FDRE                                         r  ZynqQWithPwm_i/rst_ps7_0_50M/U0/EXT_LPF/ACTIVE_LOW_EXT.ACT_LO_EXT/syncstages_ff_reg[0]/D
  -------------------------------------------------------------------    -------------------

                         (clock clk_fpga_0 rise edge)
                                                      0.000     0.000 r  
    PS7_X0Y0             PS7                          0.000     0.000 r  ZynqQWithPwm_i/processing_system7_0/inst/PS7_i/FCLKCLK[0]
                         net (fo=1, routed)           0.341     0.341    ZynqQWithPwm_i/processing_system7_0/inst/FCLK_CLK_unbuffered[0]
    BUFGCTRL_X0Y0        BUFG (Prop_bufg_I_O)         0.029     0.370 r  ZynqQWithPwm_i/processing_system7_0/inst/buffer_fclk_clk_0.FCLK_CLK_0_BUFG/O
                         net (fo=740, routed)         0.827     1.197    ZynqQWithPwm_i/rst_ps7_0_50M/U0/EXT_LPF/ACTIVE_LOW_EXT.ACT_LO_EXT/dest_clk
    SLICE_X15Y37         FDRE                                         r  ZynqQWithPwm_i/rst_ps7_0_50M/U0/EXT_LPF/ACTIVE_LOW_EXT.ACT_LO_EXT/syncstages_ff_reg[0]/C





--------------------------------------------------------------------------------------
Path Group:  (none)
From Clock:  clk_fpga_0
  To Clock:  clk_fpga_0

Max Delay            28 Endpoints
Min Delay            28 Endpoints
--------------------------------------------------------------------------------------


Max Delay Paths
--------------------------------------------------------------------------------------
Slack:                    inf
  Source:                 ZynqQWithPwm_i/axi_smc/inst/clk_map/psr_aclk/U0/ACTIVE_LOW_BSR_OUT_DFF[0].FDRE_BSR_N/C
                            (rising edge-triggered cell FDRE clocked by clk_fpga_0  {rise@0.000ns fall@10.000ns period=20.000ns})
  Destination:            <hidden>
                            (recovery check against rising-edge clock clk_fpga_0  {rise@0.000ns fall@10.000ns period=20.000ns})
  Path Group:             (none)
  Path Type:              Recovery (Max at Slow Process Corner)
  Data Path Delay:        2.265ns  (logic 0.609ns (26.886%)  route 1.656ns (73.114%))
  Logic Levels:           1  (LUT1=1)
  Clock Path Skew:        -0.288ns (DCD - SCD + CPR)
    Destination Clock Delay (DCD):    2.699ns
    Source Clock Delay      (SCD):    2.987ns
    Clock Pessimism Removal (CPR):    0.000ns
  Clock Uncertainty:      0.302ns  ((TSJ^2 + TIJ^2)^1/2 + DJ) / 2 + PE
    Total System Jitter     (TSJ):    0.071ns
    Total Input Jitter      (TIJ):    0.600ns
    Discrete Jitter          (DJ):    0.000ns
    Phase Error              (PE):    0.000ns
  Timing Exception:       False Path

    Location             Delay type                Incr(ns)  Path(ns)    Netlist Resource(s)
  -------------------------------------------------------------------    -------------------
                         (clock clk_fpga_0 rise edge)
                                                      0.000     0.000 r  
    PS7_X0Y0             PS7                          0.000     0.000 r  ZynqQWithPwm_i/processing_system7_0/inst/PS7_i/FCLKCLK[0]
                         net (fo=1, routed)           1.207     1.207    ZynqQWithPwm_i/processing_system7_0/inst/FCLK_CLK_unbuffered[0]
    BUFGCTRL_X0Y0        BUFG (Prop_bufg_I_O)         0.101     1.308 r  ZynqQWithPwm_i/processing_system7_0/inst/buffer_fclk_clk_0.FCLK_CLK_0_BUFG/O
                         net (fo=740, routed)         1.679     2.987    ZynqQWithPwm_i/axi_smc/inst/clk_map/psr_aclk/U0/aclk
    SLICE_X13Y40         FDRE                                         r  ZynqQWithPwm_i/axi_smc/inst/clk_map/psr_aclk/U0/ACTIVE_LOW_BSR_OUT_DFF[0].FDRE_BSR_N/C
  -------------------------------------------------------------------    -------------------
    SLICE_X13Y40         FDRE (Prop_fdre_C_Q)         0.456     3.443 r  ZynqQWithPwm_i/axi_smc/inst/clk_map/psr_aclk/U0/ACTIVE_LOW_BSR_OUT_DFF[0].FDRE_BSR_N/Q
                         net (fo=9, routed)           0.982     4.425    <hidden>
    SLICE_X12Y43         LUT1 (Prop_lut1_I0_O)        0.153     4.578 f  <hidden>
                         net (fo=3, routed)           0.674     5.252    <hidden>
    SLICE_X12Y44         FDCE                                         f  <hidden>
  -------------------------------------------------------------------    -------------------

                         (clock clk_fpga_0 rise edge)
                                                      0.000     0.000 r  
    PS7_X0Y0             PS7                          0.000     0.000 r  ZynqQWithPwm_i/processing_system7_0/inst/PS7_i/FCLKCLK[0]
                         net (fo=1, routed)           1.101     1.101    ZynqQWithPwm_i/processing_system7_0/inst/FCLK_CLK_unbuffered[0]
    BUFGCTRL_X0Y0        BUFG (Prop_bufg_I_O)         0.091     1.192 r  ZynqQWithPwm_i/processing_system7_0/inst/buffer_fclk_clk_0.FCLK_CLK_0_BUFG/O
                         net (fo=740, routed)         1.507     2.700    <hidden>
    SLICE_X12Y44         FDCE                                         r  <hidden>

Slack:                    inf
  Source:                 ZynqQWithPwm_i/axi_smc/inst/clk_map/psr_aclk/U0/ACTIVE_LOW_BSR_OUT_DFF[0].FDRE_BSR_N/C
                            (rising edge-triggered cell FDRE clocked by clk_fpga_0  {rise@0.000ns fall@10.000ns period=20.000ns})
  Destination:            <hidden>
                            (recovery check against rising-edge clock clk_fpga_0  {rise@0.000ns fall@10.000ns period=20.000ns})
  Path Group:             (none)
  Path Type:              Recovery (Max at Slow Process Corner)
  Data Path Delay:        2.265ns  (logic 0.609ns (26.886%)  route 1.656ns (73.114%))
  Logic Levels:           1  (LUT1=1)
  Clock Path Skew:        -0.288ns (DCD - SCD + CPR)
    Destination Clock Delay (DCD):    2.699ns
    Source Clock Delay      (SCD):    2.987ns
    Clock Pessimism Removal (CPR):    0.000ns
  Clock Uncertainty:      0.302ns  ((TSJ^2 + TIJ^2)^1/2 + DJ) / 2 + PE
    Total System Jitter     (TSJ):    0.071ns
    Total Input Jitter      (TIJ):    0.600ns
    Discrete Jitter          (DJ):    0.000ns
    Phase Error              (PE):    0.000ns
  Timing Exception:       False Path

    Location             Delay type                Incr(ns)  Path(ns)    Netlist Resource(s)
  -------------------------------------------------------------------    -------------------
                         (clock clk_fpga_0 rise edge)
                                                      0.000     0.000 r  
    PS7_X0Y0             PS7                          0.000     0.000 r  ZynqQWithPwm_i/processing_system7_0/inst/PS7_i/FCLKCLK[0]
                         net (fo=1, routed)           1.207     1.207    ZynqQWithPwm_i/processing_system7_0/inst/FCLK_CLK_unbuffered[0]
    BUFGCTRL_X0Y0        BUFG (Prop_bufg_I_O)         0.101     1.308 r  ZynqQWithPwm_i/processing_system7_0/inst/buffer_fclk_clk_0.FCLK_CLK_0_BUFG/O
                         net (fo=740, routed)         1.679     2.987    ZynqQWithPwm_i/axi_smc/inst/clk_map/psr_aclk/U0/aclk
    SLICE_X13Y40         FDRE                                         r  ZynqQWithPwm_i/axi_smc/inst/clk_map/psr_aclk/U0/ACTIVE_LOW_BSR_OUT_DFF[0].FDRE_BSR_N/C
  -------------------------------------------------------------------    -------------------
    SLICE_X13Y40         FDRE (Prop_fdre_C_Q)         0.456     3.443 r  ZynqQWithPwm_i/axi_smc/inst/clk_map/psr_aclk/U0/ACTIVE_LOW_BSR_OUT_DFF[0].FDRE_BSR_N/Q
                         net (fo=9, routed)           0.982     4.425    <hidden>
    SLICE_X12Y43         LUT1 (Prop_lut1_I0_O)        0.153     4.578 f  <hidden>
                         net (fo=3, routed)           0.674     5.252    <hidden>
    SLICE_X12Y44         FDCE                                         f  <hidden>
  -------------------------------------------------------------------    -------------------

                         (clock clk_fpga_0 rise edge)
                                                      0.000     0.000 r  
    PS7_X0Y0             PS7                          0.000     0.000 r  ZynqQWithPwm_i/processing_system7_0/inst/PS7_i/FCLKCLK[0]
                         net (fo=1, routed)           1.101     1.101    ZynqQWithPwm_i/processing_system7_0/inst/FCLK_CLK_unbuffered[0]
    BUFGCTRL_X0Y0        BUFG (Prop_bufg_I_O)         0.091     1.192 r  ZynqQWithPwm_i/processing_system7_0/inst/buffer_fclk_clk_0.FCLK_CLK_0_BUFG/O
                         net (fo=740, routed)         1.507     2.700    <hidden>
    SLICE_X12Y44         FDCE                                         r  <hidden>

Slack:                    inf
  Source:                 ZynqQWithPwm_i/axi_smc/inst/clk_map/psr_aclk/U0/ACTIVE_LOW_BSR_OUT_DFF[0].FDRE_BSR_N/C
                            (rising edge-triggered cell FDRE clocked by clk_fpga_0  {rise@0.000ns fall@10.000ns period=20.000ns})
  Destination:            <hidden>
                            (recovery check against rising-edge clock clk_fpga_0  {rise@0.000ns fall@10.000ns period=20.000ns})
  Path Group:             (none)
  Path Type:              Recovery (Max at Slow Process Corner)
  Data Path Delay:        2.265ns  (logic 0.609ns (26.886%)  route 1.656ns (73.114%))
  Logic Levels:           1  (LUT1=1)
  Clock Path Skew:        -0.288ns (DCD - SCD + CPR)
    Destination Clock Delay (DCD):    2.699ns
    Source Clock Delay      (SCD):    2.987ns
    Clock Pessimism Removal (CPR):    0.000ns
  Clock Uncertainty:      0.302ns  ((TSJ^2 + TIJ^2)^1/2 + DJ) / 2 + PE
    Total System Jitter     (TSJ):    0.071ns
    Total Input Jitter      (TIJ):    0.600ns
    Discrete Jitter          (DJ):    0.000ns
    Phase Error              (PE):    0.000ns
  Timing Exception:       False Path

    Location             Delay type                Incr(ns)  Path(ns)    Netlist Resource(s)
  -------------------------------------------------------------------    -------------------
                         (clock clk_fpga_0 rise edge)
                                                      0.000     0.000 r  
    PS7_X0Y0             PS7                          0.000     0.000 r  ZynqQWithPwm_i/processing_system7_0/inst/PS7_i/FCLKCLK[0]
                         net (fo=1, routed)           1.207     1.207    ZynqQWithPwm_i/processing_system7_0/inst/FCLK_CLK_unbuffered[0]
    BUFGCTRL_X0Y0        BUFG (Prop_bufg_I_O)         0.101     1.308 r  ZynqQWithPwm_i/processing_system7_0/inst/buffer_fclk_clk_0.FCLK_CLK_0_BUFG/O
                         net (fo=740, routed)         1.679     2.987    ZynqQWithPwm_i/axi_smc/inst/clk_map/psr_aclk/U0/aclk
    SLICE_X13Y40         FDRE                                         r  ZynqQWithPwm_i/axi_smc/inst/clk_map/psr_aclk/U0/ACTIVE_LOW_BSR_OUT_DFF[0].FDRE_BSR_N/C
  -------------------------------------------------------------------    -------------------
    SLICE_X13Y40         FDRE (Prop_fdre_C_Q)         0.456     3.443 r  ZynqQWithPwm_i/axi_smc/inst/clk_map/psr_aclk/U0/ACTIVE_LOW_BSR_OUT_DFF[0].FDRE_BSR_N/Q
                         net (fo=9, routed)           0.982     4.425    <hidden>
    SLICE_X12Y43         LUT1 (Prop_lut1_I0_O)        0.153     4.578 f  <hidden>
                         net (fo=3, routed)           0.674     5.252    <hidden>
    SLICE_X12Y44         FDCE                                         f  <hidden>
  -------------------------------------------------------------------    -------------------

                         (clock clk_fpga_0 rise edge)
                                                      0.000     0.000 r  
    PS7_X0Y0             PS7                          0.000     0.000 r  ZynqQWithPwm_i/processing_system7_0/inst/PS7_i/FCLKCLK[0]
                         net (fo=1, routed)           1.101     1.101    ZynqQWithPwm_i/processing_system7_0/inst/FCLK_CLK_unbuffered[0]
    BUFGCTRL_X0Y0        BUFG (Prop_bufg_I_O)         0.091     1.192 r  ZynqQWithPwm_i/processing_system7_0/inst/buffer_fclk_clk_0.FCLK_CLK_0_BUFG/O
                         net (fo=740, routed)         1.507     2.700    <hidden>
    SLICE_X12Y44         FDCE                                         r  <hidden>

Slack:                    inf
  Source:                 ZynqQWithPwm_i/axi_smc/inst/clk_map/psr_aclk/U0/ACTIVE_LOW_BSR_OUT_DFF[0].FDRE_BSR_N/C
                            (rising edge-triggered cell FDRE clocked by clk_fpga_0  {rise@0.000ns fall@10.000ns period=20.000ns})
  Destination:            <hidden>
                            (recovery check against rising-edge clock clk_fpga_0  {rise@0.000ns fall@10.000ns period=20.000ns})
  Path Group:             (none)
  Path Type:              Recovery (Max at Slow Process Corner)
  Data Path Delay:        2.184ns  (logic 0.580ns (26.552%)  route 1.604ns (73.448%))
  Logic Levels:           1  (LUT1=1)
  Clock Path Skew:        -0.289ns (DCD - SCD + CPR)
    Destination Clock Delay (DCD):    2.697ns
    Source Clock Delay      (SCD):    2.987ns
    Clock Pessimism Removal (CPR):    0.000ns
  Clock Uncertainty:      0.302ns  ((TSJ^2 + TIJ^2)^1/2 + DJ) / 2 + PE
    Total System Jitter     (TSJ):    0.071ns
    Total Input Jitter      (TIJ):    0.600ns
    Discrete Jitter          (DJ):    0.000ns
    Phase Error              (PE):    0.000ns
  Timing Exception:       False Path

    Location             Delay type                Incr(ns)  Path(ns)    Netlist Resource(s)
  -------------------------------------------------------------------    -------------------
                         (clock clk_fpga_0 rise edge)
                                                      0.000     0.000 r  
    PS7_X0Y0             PS7                          0.000     0.000 r  ZynqQWithPwm_i/processing_system7_0/inst/PS7_i/FCLKCLK[0]
                         net (fo=1, routed)           1.207     1.207    ZynqQWithPwm_i/processing_system7_0/inst/FCLK_CLK_unbuffered[0]
    BUFGCTRL_X0Y0        BUFG (Prop_bufg_I_O)         0.101     1.308 r  ZynqQWithPwm_i/processing_system7_0/inst/buffer_fclk_clk_0.FCLK_CLK_0_BUFG/O
                         net (fo=740, routed)         1.679     2.987    ZynqQWithPwm_i/axi_smc/inst/clk_map/psr_aclk/U0/aclk
    SLICE_X13Y40         FDRE                                         r  ZynqQWithPwm_i/axi_smc/inst/clk_map/psr_aclk/U0/ACTIVE_LOW_BSR_OUT_DFF[0].FDRE_BSR_N/C
  -------------------------------------------------------------------    -------------------
    SLICE_X13Y40         FDRE (Prop_fdre_C_Q)         0.456     3.443 r  ZynqQWithPwm_i/axi_smc/inst/clk_map/psr_aclk/U0/ACTIVE_LOW_BSR_OUT_DFF[0].FDRE_BSR_N/Q
                         net (fo=9, routed)           0.982     4.425    <hidden>
    SLICE_X12Y42         LUT1 (Prop_lut1_I0_O)        0.124     4.549 f  <hidden>
                         net (fo=3, routed)           0.622     5.171    <hidden>
    SLICE_X11Y39         FDCE                                         f  <hidden>
  -------------------------------------------------------------------    -------------------

                         (clock clk_fpga_0 rise edge)
                                                      0.000     0.000 r  
    PS7_X0Y0             PS7                          0.000     0.000 r  ZynqQWithPwm_i/processing_system7_0/inst/PS7_i/FCLKCLK[0]
                         net (fo=1, routed)           1.101     1.101    ZynqQWithPwm_i/processing_system7_0/inst/FCLK_CLK_unbuffered[0]
    BUFGCTRL_X0Y0        BUFG (Prop_bufg_I_O)         0.091     1.192 r  ZynqQWithPwm_i/processing_system7_0/inst/buffer_fclk_clk_0.FCLK_CLK_0_BUFG/O
                         net (fo=740, routed)         1.505     2.697    <hidden>
    SLICE_X11Y39         FDCE                                         r  <hidden>

Slack:                    inf
  Source:                 ZynqQWithPwm_i/axi_smc/inst/clk_map/psr_aclk/U0/ACTIVE_LOW_BSR_OUT_DFF[0].FDRE_BSR_N/C
                            (rising edge-triggered cell FDRE clocked by clk_fpga_0  {rise@0.000ns fall@10.000ns period=20.000ns})
  Destination:            <hidden>
                            (recovery check against rising-edge clock clk_fpga_0  {rise@0.000ns fall@10.000ns period=20.000ns})
  Path Group:             (none)
  Path Type:              Recovery (Max at Slow Process Corner)
  Data Path Delay:        2.184ns  (logic 0.580ns (26.552%)  route 1.604ns (73.448%))
  Logic Levels:           1  (LUT1=1)
  Clock Path Skew:        -0.289ns (DCD - SCD + CPR)
    Destination Clock Delay (DCD):    2.697ns
    Source Clock Delay      (SCD):    2.987ns
    Clock Pessimism Removal (CPR):    0.000ns
  Clock Uncertainty:      0.302ns  ((TSJ^2 + TIJ^2)^1/2 + DJ) / 2 + PE
    Total System Jitter     (TSJ):    0.071ns
    Total Input Jitter      (TIJ):    0.600ns
    Discrete Jitter          (DJ):    0.000ns
    Phase Error              (PE):    0.000ns
  Timing Exception:       False Path

    Location             Delay type                Incr(ns)  Path(ns)    Netlist Resource(s)
  -------------------------------------------------------------------    -------------------
                         (clock clk_fpga_0 rise edge)
                                                      0.000     0.000 r  
    PS7_X0Y0             PS7                          0.000     0.000 r  ZynqQWithPwm_i/processing_system7_0/inst/PS7_i/FCLKCLK[0]
                         net (fo=1, routed)           1.207     1.207    ZynqQWithPwm_i/processing_system7_0/inst/FCLK_CLK_unbuffered[0]
    BUFGCTRL_X0Y0        BUFG (Prop_bufg_I_O)         0.101     1.308 r  ZynqQWithPwm_i/processing_system7_0/inst/buffer_fclk_clk_0.FCLK_CLK_0_BUFG/O
                         net (fo=740, routed)         1.679     2.987    ZynqQWithPwm_i/axi_smc/inst/clk_map/psr_aclk/U0/aclk
    SLICE_X13Y40         FDRE                                         r  ZynqQWithPwm_i/axi_smc/inst/clk_map/psr_aclk/U0/ACTIVE_LOW_BSR_OUT_DFF[0].FDRE_BSR_N/C
  -------------------------------------------------------------------    -------------------
    SLICE_X13Y40         FDRE (Prop_fdre_C_Q)         0.456     3.443 r  ZynqQWithPwm_i/axi_smc/inst/clk_map/psr_aclk/U0/ACTIVE_LOW_BSR_OUT_DFF[0].FDRE_BSR_N/Q
                         net (fo=9, routed)           0.982     4.425    <hidden>
    SLICE_X12Y42         LUT1 (Prop_lut1_I0_O)        0.124     4.549 f  <hidden>
                         net (fo=3, routed)           0.622     5.171    <hidden>
    SLICE_X11Y39         FDCE                                         f  <hidden>
  -------------------------------------------------------------------    -------------------

                         (clock clk_fpga_0 rise edge)
                                                      0.000     0.000 r  
    PS7_X0Y0             PS7                          0.000     0.000 r  ZynqQWithPwm_i/processing_system7_0/inst/PS7_i/FCLKCLK[0]
                         net (fo=1, routed)           1.101     1.101    ZynqQWithPwm_i/processing_system7_0/inst/FCLK_CLK_unbuffered[0]
    BUFGCTRL_X0Y0        BUFG (Prop_bufg_I_O)         0.091     1.192 r  ZynqQWithPwm_i/processing_system7_0/inst/buffer_fclk_clk_0.FCLK_CLK_0_BUFG/O
                         net (fo=740, routed)         1.505     2.697    <hidden>
    SLICE_X11Y39         FDCE                                         r  <hidden>

Slack:                    inf
  Source:                 ZynqQWithPwm_i/axi_smc/inst/clk_map/psr_aclk/U0/ACTIVE_LOW_BSR_OUT_DFF[0].FDRE_BSR_N/C
                            (rising edge-triggered cell FDRE clocked by clk_fpga_0  {rise@0.000ns fall@10.000ns period=20.000ns})
  Destination:            <hidden>
                            (recovery check against rising-edge clock clk_fpga_0  {rise@0.000ns fall@10.000ns period=20.000ns})
  Path Group:             (none)
  Path Type:              Recovery (Max at Slow Process Corner)
  Data Path Delay:        2.184ns  (logic 0.580ns (26.552%)  route 1.604ns (73.448%))
  Logic Levels:           1  (LUT1=1)
  Clock Path Skew:        -0.289ns (DCD - SCD + CPR)
    Destination Clock Delay (DCD):    2.697ns
    Source Clock Delay      (SCD):    2.987ns
    Clock Pessimism Removal (CPR):    0.000ns
  Clock Uncertainty:      0.302ns  ((TSJ^2 + TIJ^2)^1/2 + DJ) / 2 + PE
    Total System Jitter     (TSJ):    0.071ns
    Total Input Jitter      (TIJ):    0.600ns
    Discrete Jitter          (DJ):    0.000ns
    Phase Error              (PE):    0.000ns
  Timing Exception:       False Path

    Location             Delay type                Incr(ns)  Path(ns)    Netlist Resource(s)
  -------------------------------------------------------------------    -------------------
                         (clock clk_fpga_0 rise edge)
                                                      0.000     0.000 r  
    PS7_X0Y0             PS7                          0.000     0.000 r  ZynqQWithPwm_i/processing_system7_0/inst/PS7_i/FCLKCLK[0]
                         net (fo=1, routed)           1.207     1.207    ZynqQWithPwm_i/processing_system7_0/inst/FCLK_CLK_unbuffered[0]
    BUFGCTRL_X0Y0        BUFG (Prop_bufg_I_O)         0.101     1.308 r  ZynqQWithPwm_i/processing_system7_0/inst/buffer_fclk_clk_0.FCLK_CLK_0_BUFG/O
                         net (fo=740, routed)         1.679     2.987    ZynqQWithPwm_i/axi_smc/inst/clk_map/psr_aclk/U0/aclk
    SLICE_X13Y40         FDRE                                         r  ZynqQWithPwm_i/axi_smc/inst/clk_map/psr_aclk/U0/ACTIVE_LOW_BSR_OUT_DFF[0].FDRE_BSR_N/C
  -------------------------------------------------------------------    -------------------
    SLICE_X13Y40         FDRE (Prop_fdre_C_Q)         0.456     3.443 r  ZynqQWithPwm_i/axi_smc/inst/clk_map/psr_aclk/U0/ACTIVE_LOW_BSR_OUT_DFF[0].FDRE_BSR_N/Q
                         net (fo=9, routed)           0.982     4.425    <hidden>
    SLICE_X12Y42         LUT1 (Prop_lut1_I0_O)        0.124     4.549 f  <hidden>
                         net (fo=3, routed)           0.622     5.171    <hidden>
    SLICE_X11Y39         FDCE                                         f  <hidden>
  -------------------------------------------------------------------    -------------------

                         (clock clk_fpga_0 rise edge)
                                                      0.000     0.000 r  
    PS7_X0Y0             PS7                          0.000     0.000 r  ZynqQWithPwm_i/processing_system7_0/inst/PS7_i/FCLKCLK[0]
                         net (fo=1, routed)           1.101     1.101    ZynqQWithPwm_i/processing_system7_0/inst/FCLK_CLK_unbuffered[0]
    BUFGCTRL_X0Y0        BUFG (Prop_bufg_I_O)         0.091     1.192 r  ZynqQWithPwm_i/processing_system7_0/inst/buffer_fclk_clk_0.FCLK_CLK_0_BUFG/O
                         net (fo=740, routed)         1.505     2.697    <hidden>
    SLICE_X11Y39         FDCE                                         r  <hidden>

Slack:                    inf
  Source:                 ZynqQWithPwm_i/axi_smc/inst/clk_map/psr_aclk/U0/ACTIVE_LOW_BSR_OUT_DFF[0].FDRE_BSR_N/C
                            (rising edge-triggered cell FDRE clocked by clk_fpga_0  {rise@0.000ns fall@10.000ns period=20.000ns})
  Destination:            <hidden>
                            (recovery check against rising-edge clock clk_fpga_0  {rise@0.000ns fall@10.000ns period=20.000ns})
  Path Group:             (none)
  Path Type:              Recovery (Max at Slow Process Corner)
  Data Path Delay:        2.123ns  (logic 0.609ns (28.687%)  route 1.514ns (71.313%))
  Logic Levels:           1  (LUT1=1)
  Clock Path Skew:        -0.289ns (DCD - SCD + CPR)
    Destination Clock Delay (DCD):    2.698ns
    Source Clock Delay      (SCD):    2.987ns
    Clock Pessimism Removal (CPR):    0.000ns
  Clock Uncertainty:      0.302ns  ((TSJ^2 + TIJ^2)^1/2 + DJ) / 2 + PE
    Total System Jitter     (TSJ):    0.071ns
    Total Input Jitter      (TIJ):    0.600ns
    Discrete Jitter          (DJ):    0.000ns
    Phase Error              (PE):    0.000ns
  Timing Exception:       False Path

    Location             Delay type                Incr(ns)  Path(ns)    Netlist Resource(s)
  -------------------------------------------------------------------    -------------------
                         (clock clk_fpga_0 rise edge)
                                                      0.000     0.000 r  
    PS7_X0Y0             PS7                          0.000     0.000 r  ZynqQWithPwm_i/processing_system7_0/inst/PS7_i/FCLKCLK[0]
                         net (fo=1, routed)           1.207     1.207    ZynqQWithPwm_i/processing_system7_0/inst/FCLK_CLK_unbuffered[0]
    BUFGCTRL_X0Y0        BUFG (Prop_bufg_I_O)         0.101     1.308 r  ZynqQWithPwm_i/processing_system7_0/inst/buffer_fclk_clk_0.FCLK_CLK_0_BUFG/O
                         net (fo=740, routed)         1.679     2.987    ZynqQWithPwm_i/axi_smc/inst/clk_map/psr_aclk/U0/aclk
    SLICE_X13Y40         FDRE                                         r  ZynqQWithPwm_i/axi_smc/inst/clk_map/psr_aclk/U0/ACTIVE_LOW_BSR_OUT_DFF[0].FDRE_BSR_N/C
  -------------------------------------------------------------------    -------------------
    SLICE_X13Y40         FDRE (Prop_fdre_C_Q)         0.456     3.443 r  ZynqQWithPwm_i/axi_smc/inst/clk_map/psr_aclk/U0/ACTIVE_LOW_BSR_OUT_DFF[0].FDRE_BSR_N/Q
                         net (fo=9, routed)           0.982     4.425    <hidden>
    SLICE_X12Y42         LUT1 (Prop_lut1_I0_O)        0.153     4.578 f  <hidden>
                         net (fo=3, routed)           0.532     5.110    <hidden>
    SLICE_X12Y42         FDCE                                         f  <hidden>
  -------------------------------------------------------------------    -------------------

                         (clock clk_fpga_0 rise edge)
                                                      0.000     0.000 r  
    PS7_X0Y0             PS7                          0.000     0.000 r  ZynqQWithPwm_i/processing_system7_0/inst/PS7_i/FCLKCLK[0]
                         net (fo=1, routed)           1.101     1.101    ZynqQWithPwm_i/processing_system7_0/inst/FCLK_CLK_unbuffered[0]
    BUFGCTRL_X0Y0        BUFG (Prop_bufg_I_O)         0.091     1.192 r  ZynqQWithPwm_i/processing_system7_0/inst/buffer_fclk_clk_0.FCLK_CLK_0_BUFG/O
                         net (fo=740, routed)         1.506     2.698    <hidden>
    SLICE_X12Y42         FDCE                                         r  <hidden>

Slack:                    inf
  Source:                 ZynqQWithPwm_i/axi_smc/inst/clk_map/psr_aclk/U0/ACTIVE_LOW_BSR_OUT_DFF[0].FDRE_BSR_N/C
                            (rising edge-triggered cell FDRE clocked by clk_fpga_0  {rise@0.000ns fall@10.000ns period=20.000ns})
  Destination:            <hidden>
                            (recovery check against rising-edge clock clk_fpga_0  {rise@0.000ns fall@10.000ns period=20.000ns})
  Path Group:             (none)
  Path Type:              Recovery (Max at Slow Process Corner)
  Data Path Delay:        2.123ns  (logic 0.609ns (28.687%)  route 1.514ns (71.313%))
  Logic Levels:           1  (LUT1=1)
  Clock Path Skew:        -0.289ns (DCD - SCD + CPR)
    Destination Clock Delay (DCD):    2.698ns
    Source Clock Delay      (SCD):    2.987ns
    Clock Pessimism Removal (CPR):    0.000ns
  Clock Uncertainty:      0.302ns  ((TSJ^2 + TIJ^2)^1/2 + DJ) / 2 + PE
    Total System Jitter     (TSJ):    0.071ns
    Total Input Jitter      (TIJ):    0.600ns
    Discrete Jitter          (DJ):    0.000ns
    Phase Error              (PE):    0.000ns
  Timing Exception:       False Path

    Location             Delay type                Incr(ns)  Path(ns)    Netlist Resource(s)
  -------------------------------------------------------------------    -------------------
                         (clock clk_fpga_0 rise edge)
                                                      0.000     0.000 r  
    PS7_X0Y0             PS7                          0.000     0.000 r  ZynqQWithPwm_i/processing_system7_0/inst/PS7_i/FCLKCLK[0]
                         net (fo=1, routed)           1.207     1.207    ZynqQWithPwm_i/processing_system7_0/inst/FCLK_CLK_unbuffered[0]
    BUFGCTRL_X0Y0        BUFG (Prop_bufg_I_O)         0.101     1.308 r  ZynqQWithPwm_i/processing_system7_0/inst/buffer_fclk_clk_0.FCLK_CLK_0_BUFG/O
                         net (fo=740, routed)         1.679     2.987    ZynqQWithPwm_i/axi_smc/inst/clk_map/psr_aclk/U0/aclk
    SLICE_X13Y40         FDRE                                         r  ZynqQWithPwm_i/axi_smc/inst/clk_map/psr_aclk/U0/ACTIVE_LOW_BSR_OUT_DFF[0].FDRE_BSR_N/C
  -------------------------------------------------------------------    -------------------
    SLICE_X13Y40         FDRE (Prop_fdre_C_Q)         0.456     3.443 r  ZynqQWithPwm_i/axi_smc/inst/clk_map/psr_aclk/U0/ACTIVE_LOW_BSR_OUT_DFF[0].FDRE_BSR_N/Q
                         net (fo=9, routed)           0.982     4.425    <hidden>
    SLICE_X12Y42         LUT1 (Prop_lut1_I0_O)        0.153     4.578 f  <hidden>
                         net (fo=3, routed)           0.532     5.110    <hidden>
    SLICE_X12Y42         FDCE                                         f  <hidden>
  -------------------------------------------------------------------    -------------------

                         (clock clk_fpga_0 rise edge)
                                                      0.000     0.000 r  
    PS7_X0Y0             PS7                          0.000     0.000 r  ZynqQWithPwm_i/processing_system7_0/inst/PS7_i/FCLKCLK[0]
                         net (fo=1, routed)           1.101     1.101    ZynqQWithPwm_i/processing_system7_0/inst/FCLK_CLK_unbuffered[0]
    BUFGCTRL_X0Y0        BUFG (Prop_bufg_I_O)         0.091     1.192 r  ZynqQWithPwm_i/processing_system7_0/inst/buffer_fclk_clk_0.FCLK_CLK_0_BUFG/O
                         net (fo=740, routed)         1.506     2.698    <hidden>
    SLICE_X12Y42         FDCE                                         r  <hidden>

Slack:                    inf
  Source:                 ZynqQWithPwm_i/axi_smc/inst/clk_map/psr_aclk/U0/ACTIVE_LOW_BSR_OUT_DFF[0].FDRE_BSR_N/C
                            (rising edge-triggered cell FDRE clocked by clk_fpga_0  {rise@0.000ns fall@10.000ns period=20.000ns})
  Destination:            <hidden>
                            (recovery check against rising-edge clock clk_fpga_0  {rise@0.000ns fall@10.000ns period=20.000ns})
  Path Group:             (none)
  Path Type:              Recovery (Max at Slow Process Corner)
  Data Path Delay:        2.123ns  (logic 0.609ns (28.687%)  route 1.514ns (71.313%))
  Logic Levels:           1  (LUT1=1)
  Clock Path Skew:        -0.289ns (DCD - SCD + CPR)
    Destination Clock Delay (DCD):    2.698ns
    Source Clock Delay      (SCD):    2.987ns
    Clock Pessimism Removal (CPR):    0.000ns
  Clock Uncertainty:      0.302ns  ((TSJ^2 + TIJ^2)^1/2 + DJ) / 2 + PE
    Total System Jitter     (TSJ):    0.071ns
    Total Input Jitter      (TIJ):    0.600ns
    Discrete Jitter          (DJ):    0.000ns
    Phase Error              (PE):    0.000ns
  Timing Exception:       False Path

    Location             Delay type                Incr(ns)  Path(ns)    Netlist Resource(s)
  -------------------------------------------------------------------    -------------------
                         (clock clk_fpga_0 rise edge)
                                                      0.000     0.000 r  
    PS7_X0Y0             PS7                          0.000     0.000 r  ZynqQWithPwm_i/processing_system7_0/inst/PS7_i/FCLKCLK[0]
                         net (fo=1, routed)           1.207     1.207    ZynqQWithPwm_i/processing_system7_0/inst/FCLK_CLK_unbuffered[0]
    BUFGCTRL_X0Y0        BUFG (Prop_bufg_I_O)         0.101     1.308 r  ZynqQWithPwm_i/processing_system7_0/inst/buffer_fclk_clk_0.FCLK_CLK_0_BUFG/O
                         net (fo=740, routed)         1.679     2.987    ZynqQWithPwm_i/axi_smc/inst/clk_map/psr_aclk/U0/aclk
    SLICE_X13Y40         FDRE                                         r  ZynqQWithPwm_i/axi_smc/inst/clk_map/psr_aclk/U0/ACTIVE_LOW_BSR_OUT_DFF[0].FDRE_BSR_N/C
  -------------------------------------------------------------------    -------------------
    SLICE_X13Y40         FDRE (Prop_fdre_C_Q)         0.456     3.443 r  ZynqQWithPwm_i/axi_smc/inst/clk_map/psr_aclk/U0/ACTIVE_LOW_BSR_OUT_DFF[0].FDRE_BSR_N/Q
                         net (fo=9, routed)           0.982     4.425    <hidden>
    SLICE_X12Y42         LUT1 (Prop_lut1_I0_O)        0.153     4.578 f  <hidden>
                         net (fo=3, routed)           0.532     5.110    <hidden>
    SLICE_X12Y42         FDCE                                         f  <hidden>
  -------------------------------------------------------------------    -------------------

                         (clock clk_fpga_0 rise edge)
                                                      0.000     0.000 r  
    PS7_X0Y0             PS7                          0.000     0.000 r  ZynqQWithPwm_i/processing_system7_0/inst/PS7_i/FCLKCLK[0]
                         net (fo=1, routed)           1.101     1.101    ZynqQWithPwm_i/processing_system7_0/inst/FCLK_CLK_unbuffered[0]
    BUFGCTRL_X0Y0        BUFG (Prop_bufg_I_O)         0.091     1.192 r  ZynqQWithPwm_i/processing_system7_0/inst/buffer_fclk_clk_0.FCLK_CLK_0_BUFG/O
                         net (fo=740, routed)         1.506     2.698    <hidden>
    SLICE_X12Y42         FDCE                                         r  <hidden>

Slack:                    inf
  Source:                 ZynqQWithPwm_i/axi_smc/inst/clk_map/psr_aclk/U0/ACTIVE_LOW_BSR_OUT_DFF[0].FDRE_BSR_N/C
                            (rising edge-triggered cell FDRE clocked by clk_fpga_0  {rise@0.000ns fall@10.000ns period=20.000ns})
  Destination:            <hidden>
                            (recovery check against rising-edge clock clk_fpga_0  {rise@0.000ns fall@10.000ns period=20.000ns})
  Path Group:             (none)
  Path Type:              Recovery (Max at Slow Process Corner)
  Data Path Delay:        2.109ns  (logic 0.580ns (27.496%)  route 1.529ns (72.504%))
  Logic Levels:           1  (LUT1=1)
  Clock Path Skew:        -0.288ns (DCD - SCD + CPR)
    Destination Clock Delay (DCD):    2.699ns
    Source Clock Delay      (SCD):    2.987ns
    Clock Pessimism Removal (CPR):    0.000ns
  Clock Uncertainty:      0.302ns  ((TSJ^2 + TIJ^2)^1/2 + DJ) / 2 + PE
    Total System Jitter     (TSJ):    0.071ns
    Total Input Jitter      (TIJ):    0.600ns
    Discrete Jitter          (DJ):    0.000ns
    Phase Error              (PE):    0.000ns
  Timing Exception:       False Path

    Location             Delay type                Incr(ns)  Path(ns)    Netlist Resource(s)
  -------------------------------------------------------------------    -------------------
                         (clock clk_fpga_0 rise edge)
                                                      0.000     0.000 r  
    PS7_X0Y0             PS7                          0.000     0.000 r  ZynqQWithPwm_i/processing_system7_0/inst/PS7_i/FCLKCLK[0]
                         net (fo=1, routed)           1.207     1.207    ZynqQWithPwm_i/processing_system7_0/inst/FCLK_CLK_unbuffered[0]
    BUFGCTRL_X0Y0        BUFG (Prop_bufg_I_O)         0.101     1.308 r  ZynqQWithPwm_i/processing_system7_0/inst/buffer_fclk_clk_0.FCLK_CLK_0_BUFG/O
                         net (fo=740, routed)         1.679     2.987    ZynqQWithPwm_i/axi_smc/inst/clk_map/psr_aclk/U0/aclk
    SLICE_X13Y40         FDRE                                         r  ZynqQWithPwm_i/axi_smc/inst/clk_map/psr_aclk/U0/ACTIVE_LOW_BSR_OUT_DFF[0].FDRE_BSR_N/C
  -------------------------------------------------------------------    -------------------
    SLICE_X13Y40         FDRE (Prop_fdre_C_Q)         0.456     3.443 r  ZynqQWithPwm_i/axi_smc/inst/clk_map/psr_aclk/U0/ACTIVE_LOW_BSR_OUT_DFF[0].FDRE_BSR_N/Q
                         net (fo=9, routed)           1.001     4.444    <hidden>
    SLICE_X12Y42         LUT1 (Prop_lut1_I0_O)        0.124     4.568 f  <hidden>
                         net (fo=3, routed)           0.528     5.096    <hidden>
    SLICE_X13Y43         FDCE                                         f  <hidden>
  -------------------------------------------------------------------    -------------------

                         (clock clk_fpga_0 rise edge)
                                                      0.000     0.000 r  
    PS7_X0Y0             PS7                          0.000     0.000 r  ZynqQWithPwm_i/processing_system7_0/inst/PS7_i/FCLKCLK[0]
                         net (fo=1, routed)           1.101     1.101    ZynqQWithPwm_i/processing_system7_0/inst/FCLK_CLK_unbuffered[0]
    BUFGCTRL_X0Y0        BUFG (Prop_bufg_I_O)         0.091     1.192 r  ZynqQWithPwm_i/processing_system7_0/inst/buffer_fclk_clk_0.FCLK_CLK_0_BUFG/O
                         net (fo=740, routed)         1.507     2.700    <hidden>
    SLICE_X13Y43         FDCE                                         r  <hidden>





Min Delay Paths
--------------------------------------------------------------------------------------
Slack:                    inf
  Source:                 ZynqQWithPwm_i/rst_ps7_0_50M/U0/ACTIVE_LOW_PR_OUT_DFF[0].FDRE_PER_N/C
                            (rising edge-triggered cell FDRE clocked by clk_fpga_0  {rise@0.000ns fall@10.000ns period=20.000ns})
  Destination:            ZynqQWithPwm_i/axi_smc/inst/clk_map/psr_aclk/U0/EXT_LPF/ACTIVE_LOW_AUX.ACT_LO_AUX/syncstages_ff_reg[0]/D
                            (rising edge-triggered cell FDRE clocked by clk_fpga_0  {rise@0.000ns fall@10.000ns period=20.000ns})
  Path Group:             (none)
  Path Type:              Hold (Min at Fast Process Corner)
  Data Path Delay:        0.353ns  (logic 0.189ns (53.562%)  route 0.164ns (46.438%))
  Logic Levels:           1  (LUT1=1)
  Clock Path Skew:        0.297ns (DCD - SCD - CPR)
    Destination Clock Delay (DCD):    1.200ns
    Source Clock Delay      (SCD):    0.903ns
    Clock Pessimism Removal (CPR):    -0.000ns
  Clock Uncertainty:      0.302ns  ((TSJ^2 + TIJ^2)^1/2 + DJ) / 2 + PE
    Total System Jitter     (TSJ):    0.071ns
    Total Input Jitter      (TIJ):    0.600ns
    Discrete Jitter          (DJ):    0.000ns
    Phase Error              (PE):    0.000ns
  Timing Exception:       False Path

    Location             Delay type                Incr(ns)  Path(ns)    Netlist Resource(s)
  -------------------------------------------------------------------    -------------------
                         (clock clk_fpga_0 rise edge)
                                                      0.000     0.000 r  
    PS7_X0Y0             PS7                          0.000     0.000 r  ZynqQWithPwm_i/processing_system7_0/inst/PS7_i/FCLKCLK[0]
                         net (fo=1, routed)           0.315     0.315    ZynqQWithPwm_i/processing_system7_0/inst/FCLK_CLK_unbuffered[0]
    BUFGCTRL_X0Y0        BUFG (Prop_bufg_I_O)         0.026     0.341 r  ZynqQWithPwm_i/processing_system7_0/inst/buffer_fclk_clk_0.FCLK_CLK_0_BUFG/O
                         net (fo=740, routed)         0.562     0.903    ZynqQWithPwm_i/rst_ps7_0_50M/U0/slowest_sync_clk
    SLICE_X15Y41         FDRE                                         r  ZynqQWithPwm_i/rst_ps7_0_50M/U0/ACTIVE_LOW_PR_OUT_DFF[0].FDRE_PER_N/C
  -------------------------------------------------------------------    -------------------
    SLICE_X15Y41         FDRE (Prop_fdre_C_Q)         0.141     1.044 f  ZynqQWithPwm_i/rst_ps7_0_50M/U0/ACTIVE_LOW_PR_OUT_DFF[0].FDRE_PER_N/Q
                         net (fo=6, routed)           0.164     1.207    ZynqQWithPwm_i/axi_smc/inst/clk_map/psr_aclk/U0/EXT_LPF/aresetn
    SLICE_X14Y41         LUT1 (Prop_lut1_I0_O)        0.048     1.255 r  ZynqQWithPwm_i/axi_smc/inst/clk_map/psr_aclk/U0/EXT_LPF/ACTIVE_LOW_AUX.ACT_LO_AUX_i_1/O
                         net (fo=1, routed)           0.000     1.255    ZynqQWithPwm_i/axi_smc/inst/clk_map/psr_aclk/U0/EXT_LPF/ACTIVE_LOW_AUX.ACT_LO_AUX/src_in
    SLICE_X14Y41         FDRE                                         r  ZynqQWithPwm_i/axi_smc/inst/clk_map/psr_aclk/U0/EXT_LPF/ACTIVE_LOW_AUX.ACT_LO_AUX/syncstages_ff_reg[0]/D
  -------------------------------------------------------------------    -------------------

                         (clock clk_fpga_0 rise edge)
                                                      0.000     0.000 r  
    PS7_X0Y0             PS7                          0.000     0.000 r  ZynqQWithPwm_i/processing_system7_0/inst/PS7_i/FCLKCLK[0]
                         net (fo=1, routed)           0.341     0.341    ZynqQWithPwm_i/processing_system7_0/inst/FCLK_CLK_unbuffered[0]
    BUFGCTRL_X0Y0        BUFG (Prop_bufg_I_O)         0.029     0.370 r  ZynqQWithPwm_i/processing_system7_0/inst/buffer_fclk_clk_0.FCLK_CLK_0_BUFG/O
                         net (fo=740, routed)         0.830     1.200    ZynqQWithPwm_i/axi_smc/inst/clk_map/psr_aclk/U0/EXT_LPF/ACTIVE_LOW_AUX.ACT_LO_AUX/dest_clk
    SLICE_X14Y41         FDRE                                         r  ZynqQWithPwm_i/axi_smc/inst/clk_map/psr_aclk/U0/EXT_LPF/ACTIVE_LOW_AUX.ACT_LO_AUX/syncstages_ff_reg[0]/C

Slack:                    inf
  Source:                 ZynqQWithPwm_i/axi_smc/inst/clk_map/psr_aclk/U0/ACTIVE_LOW_BSR_OUT_DFF[0].FDRE_BSR_N/C
                            (rising edge-triggered cell FDRE clocked by clk_fpga_0  {rise@0.000ns fall@10.000ns period=20.000ns})
  Destination:            <hidden>
                            (removal check against rising-edge clock clk_fpga_0  {rise@0.000ns fall@10.000ns period=20.000ns})
  Path Group:             (none)
  Path Type:              Removal (Min at Fast Process Corner)
  Data Path Delay:        0.630ns  (logic 0.188ns (29.829%)  route 0.442ns (70.171%))
  Logic Levels:           1  (LUT1=1)
  Clock Path Skew:        0.297ns (DCD - SCD - CPR)
    Destination Clock Delay (DCD):    1.203ns
    Source Clock Delay      (SCD):    0.906ns
    Clock Pessimism Removal (CPR):    -0.000ns
  Clock Uncertainty:      0.302ns  ((TSJ^2 + TIJ^2)^1/2 + DJ) / 2 + PE
    Total System Jitter     (TSJ):    0.071ns
    Total Input Jitter      (TIJ):    0.600ns
    Discrete Jitter          (DJ):    0.000ns
    Phase Error              (PE):    0.000ns
  Timing Exception:       False Path

    Location             Delay type                Incr(ns)  Path(ns)    Netlist Resource(s)
  -------------------------------------------------------------------    -------------------
                         (clock clk_fpga_0 rise edge)
                                                      0.000     0.000 r  
    PS7_X0Y0             PS7                          0.000     0.000 r  ZynqQWithPwm_i/processing_system7_0/inst/PS7_i/FCLKCLK[0]
                         net (fo=1, routed)           0.315     0.315    ZynqQWithPwm_i/processing_system7_0/inst/FCLK_CLK_unbuffered[0]
    BUFGCTRL_X0Y0        BUFG (Prop_bufg_I_O)         0.026     0.341 r  ZynqQWithPwm_i/processing_system7_0/inst/buffer_fclk_clk_0.FCLK_CLK_0_BUFG/O
                         net (fo=740, routed)         0.565     0.906    ZynqQWithPwm_i/axi_smc/inst/clk_map/psr_aclk/U0/aclk
    SLICE_X13Y40         FDRE                                         r  ZynqQWithPwm_i/axi_smc/inst/clk_map/psr_aclk/U0/ACTIVE_LOW_BSR_OUT_DFF[0].FDRE_BSR_N/C
  -------------------------------------------------------------------    -------------------
    SLICE_X13Y40         FDRE (Prop_fdre_C_Q)         0.141     1.047 r  ZynqQWithPwm_i/axi_smc/inst/clk_map/psr_aclk/U0/ACTIVE_LOW_BSR_OUT_DFF[0].FDRE_BSR_N/Q
                         net (fo=9, routed)           0.334     1.381    <hidden>
    SLICE_X12Y42         LUT1 (Prop_lut1_I0_O)        0.047     1.428 f  <hidden>
                         net (fo=3, routed)           0.108     1.536    <hidden>
    SLICE_X11Y42         FDCE                                         f  <hidden>
  -------------------------------------------------------------------    -------------------

                         (clock clk_fpga_0 rise edge)
                                                      0.000     0.000 r  
    PS7_X0Y0             PS7                          0.000     0.000 r  ZynqQWithPwm_i/processing_system7_0/inst/PS7_i/FCLKCLK[0]
                         net (fo=1, routed)           0.341     0.341    ZynqQWithPwm_i/processing_system7_0/inst/FCLK_CLK_unbuffered[0]
    BUFGCTRL_X0Y0        BUFG (Prop_bufg_I_O)         0.029     0.370 r  ZynqQWithPwm_i/processing_system7_0/inst/buffer_fclk_clk_0.FCLK_CLK_0_BUFG/O
                         net (fo=740, routed)         0.833     1.203    <hidden>
    SLICE_X11Y42         FDCE                                         r  <hidden>

Slack:                    inf
  Source:                 ZynqQWithPwm_i/axi_smc/inst/clk_map/psr_aclk/U0/ACTIVE_LOW_BSR_OUT_DFF[0].FDRE_BSR_N/C
                            (rising edge-triggered cell FDRE clocked by clk_fpga_0  {rise@0.000ns fall@10.000ns period=20.000ns})
  Destination:            <hidden>
                            (removal check against rising-edge clock clk_fpga_0  {rise@0.000ns fall@10.000ns period=20.000ns})
  Path Group:             (none)
  Path Type:              Removal (Min at Fast Process Corner)
  Data Path Delay:        0.630ns  (logic 0.188ns (29.829%)  route 0.442ns (70.171%))
  Logic Levels:           1  (LUT1=1)
  Clock Path Skew:        0.297ns (DCD - SCD - CPR)
    Destination Clock Delay (DCD):    1.203ns
    Source Clock Delay      (SCD):    0.906ns
    Clock Pessimism Removal (CPR):    -0.000ns
  Clock Uncertainty:      0.302ns  ((TSJ^2 + TIJ^2)^1/2 + DJ) / 2 + PE
    Total System Jitter     (TSJ):    0.071ns
    Total Input Jitter      (TIJ):    0.600ns
    Discrete Jitter          (DJ):    0.000ns
    Phase Error              (PE):    0.000ns
  Timing Exception:       False Path

    Location             Delay type                Incr(ns)  Path(ns)    Netlist Resource(s)
  -------------------------------------------------------------------    -------------------
                         (clock clk_fpga_0 rise edge)
                                                      0.000     0.000 r  
    PS7_X0Y0             PS7                          0.000     0.000 r  ZynqQWithPwm_i/processing_system7_0/inst/PS7_i/FCLKCLK[0]
                         net (fo=1, routed)           0.315     0.315    ZynqQWithPwm_i/processing_system7_0/inst/FCLK_CLK_unbuffered[0]
    BUFGCTRL_X0Y0        BUFG (Prop_bufg_I_O)         0.026     0.341 r  ZynqQWithPwm_i/processing_system7_0/inst/buffer_fclk_clk_0.FCLK_CLK_0_BUFG/O
                         net (fo=740, routed)         0.565     0.906    ZynqQWithPwm_i/axi_smc/inst/clk_map/psr_aclk/U0/aclk
    SLICE_X13Y40         FDRE                                         r  ZynqQWithPwm_i/axi_smc/inst/clk_map/psr_aclk/U0/ACTIVE_LOW_BSR_OUT_DFF[0].FDRE_BSR_N/C
  -------------------------------------------------------------------    -------------------
    SLICE_X13Y40         FDRE (Prop_fdre_C_Q)         0.141     1.047 r  ZynqQWithPwm_i/axi_smc/inst/clk_map/psr_aclk/U0/ACTIVE_LOW_BSR_OUT_DFF[0].FDRE_BSR_N/Q
                         net (fo=9, routed)           0.334     1.381    <hidden>
    SLICE_X12Y42         LUT1 (Prop_lut1_I0_O)        0.047     1.428 f  <hidden>
                         net (fo=3, routed)           0.108     1.536    <hidden>
    SLICE_X11Y42         FDCE                                         f  <hidden>
  -------------------------------------------------------------------    -------------------

                         (clock clk_fpga_0 rise edge)
                                                      0.000     0.000 r  
    PS7_X0Y0             PS7                          0.000     0.000 r  ZynqQWithPwm_i/processing_system7_0/inst/PS7_i/FCLKCLK[0]
                         net (fo=1, routed)           0.341     0.341    ZynqQWithPwm_i/processing_system7_0/inst/FCLK_CLK_unbuffered[0]
    BUFGCTRL_X0Y0        BUFG (Prop_bufg_I_O)         0.029     0.370 r  ZynqQWithPwm_i/processing_system7_0/inst/buffer_fclk_clk_0.FCLK_CLK_0_BUFG/O
                         net (fo=740, routed)         0.833     1.203    <hidden>
    SLICE_X11Y42         FDCE                                         r  <hidden>

Slack:                    inf
  Source:                 ZynqQWithPwm_i/axi_smc/inst/clk_map/psr_aclk/U0/ACTIVE_LOW_BSR_OUT_DFF[0].FDRE_BSR_N/C
                            (rising edge-triggered cell FDRE clocked by clk_fpga_0  {rise@0.000ns fall@10.000ns period=20.000ns})
  Destination:            <hidden>
                            (removal check against rising-edge clock clk_fpga_0  {rise@0.000ns fall@10.000ns period=20.000ns})
  Path Group:             (none)
  Path Type:              Removal (Min at Fast Process Corner)
  Data Path Delay:        0.630ns  (logic 0.188ns (29.829%)  route 0.442ns (70.171%))
  Logic Levels:           1  (LUT1=1)
  Clock Path Skew:        0.297ns (DCD - SCD - CPR)
    Destination Clock Delay (DCD):    1.203ns
    Source Clock Delay      (SCD):    0.906ns
    Clock Pessimism Removal (CPR):    -0.000ns
  Clock Uncertainty:      0.302ns  ((TSJ^2 + TIJ^2)^1/2 + DJ) / 2 + PE
    Total System Jitter     (TSJ):    0.071ns
    Total Input Jitter      (TIJ):    0.600ns
    Discrete Jitter          (DJ):    0.000ns
    Phase Error              (PE):    0.000ns
  Timing Exception:       False Path

    Location             Delay type                Incr(ns)  Path(ns)    Netlist Resource(s)
  -------------------------------------------------------------------    -------------------
                         (clock clk_fpga_0 rise edge)
                                                      0.000     0.000 r  
    PS7_X0Y0             PS7                          0.000     0.000 r  ZynqQWithPwm_i/processing_system7_0/inst/PS7_i/FCLKCLK[0]
                         net (fo=1, routed)           0.315     0.315    ZynqQWithPwm_i/processing_system7_0/inst/FCLK_CLK_unbuffered[0]
    BUFGCTRL_X0Y0        BUFG (Prop_bufg_I_O)         0.026     0.341 r  ZynqQWithPwm_i/processing_system7_0/inst/buffer_fclk_clk_0.FCLK_CLK_0_BUFG/O
                         net (fo=740, routed)         0.565     0.906    ZynqQWithPwm_i/axi_smc/inst/clk_map/psr_aclk/U0/aclk
    SLICE_X13Y40         FDRE                                         r  ZynqQWithPwm_i/axi_smc/inst/clk_map/psr_aclk/U0/ACTIVE_LOW_BSR_OUT_DFF[0].FDRE_BSR_N/C
  -------------------------------------------------------------------    -------------------
    SLICE_X13Y40         FDRE (Prop_fdre_C_Q)         0.141     1.047 r  ZynqQWithPwm_i/axi_smc/inst/clk_map/psr_aclk/U0/ACTIVE_LOW_BSR_OUT_DFF[0].FDRE_BSR_N/Q
                         net (fo=9, routed)           0.334     1.381    <hidden>
    SLICE_X12Y42         LUT1 (Prop_lut1_I0_O)        0.047     1.428 f  <hidden>
                         net (fo=3, routed)           0.108     1.536    <hidden>
    SLICE_X11Y42         FDCE                                         f  <hidden>
  -------------------------------------------------------------------    -------------------

                         (clock clk_fpga_0 rise edge)
                                                      0.000     0.000 r  
    PS7_X0Y0             PS7                          0.000     0.000 r  ZynqQWithPwm_i/processing_system7_0/inst/PS7_i/FCLKCLK[0]
                         net (fo=1, routed)           0.341     0.341    ZynqQWithPwm_i/processing_system7_0/inst/FCLK_CLK_unbuffered[0]
    BUFGCTRL_X0Y0        BUFG (Prop_bufg_I_O)         0.029     0.370 r  ZynqQWithPwm_i/processing_system7_0/inst/buffer_fclk_clk_0.FCLK_CLK_0_BUFG/O
                         net (fo=740, routed)         0.833     1.203    <hidden>
    SLICE_X11Y42         FDCE                                         r  <hidden>

Slack:                    inf
  Source:                 ZynqQWithPwm_i/axi_smc/inst/clk_map/psr_aclk/U0/ACTIVE_LOW_BSR_OUT_DFF[0].FDRE_BSR_N/C
                            (rising edge-triggered cell FDRE clocked by clk_fpga_0  {rise@0.000ns fall@10.000ns period=20.000ns})
  Destination:            <hidden>
                            (removal check against rising-edge clock clk_fpga_0  {rise@0.000ns fall@10.000ns period=20.000ns})
  Path Group:             (none)
  Path Type:              Removal (Min at Fast Process Corner)
  Data Path Delay:        0.660ns  (logic 0.185ns (28.039%)  route 0.475ns (71.961%))
  Logic Levels:           1  (LUT1=1)
  Clock Path Skew:        0.297ns (DCD - SCD - CPR)
    Destination Clock Delay (DCD):    1.203ns
    Source Clock Delay      (SCD):    0.906ns
    Clock Pessimism Removal (CPR):    -0.000ns
  Clock Uncertainty:      0.302ns  ((TSJ^2 + TIJ^2)^1/2 + DJ) / 2 + PE
    Total System Jitter     (TSJ):    0.071ns
    Total Input Jitter      (TIJ):    0.600ns
    Discrete Jitter          (DJ):    0.000ns
    Phase Error              (PE):    0.000ns
  Timing Exception:       False Path

    Location             Delay type                Incr(ns)  Path(ns)    Netlist Resource(s)
  -------------------------------------------------------------------    -------------------
                         (clock clk_fpga_0 rise edge)
                                                      0.000     0.000 r  
    PS7_X0Y0             PS7                          0.000     0.000 r  ZynqQWithPwm_i/processing_system7_0/inst/PS7_i/FCLKCLK[0]
                         net (fo=1, routed)           0.315     0.315    ZynqQWithPwm_i/processing_system7_0/inst/FCLK_CLK_unbuffered[0]
    BUFGCTRL_X0Y0        BUFG (Prop_bufg_I_O)         0.026     0.341 r  ZynqQWithPwm_i/processing_system7_0/inst/buffer_fclk_clk_0.FCLK_CLK_0_BUFG/O
                         net (fo=740, routed)         0.565     0.906    ZynqQWithPwm_i/axi_smc/inst/clk_map/psr_aclk/U0/aclk
    SLICE_X13Y40         FDRE                                         r  ZynqQWithPwm_i/axi_smc/inst/clk_map/psr_aclk/U0/ACTIVE_LOW_BSR_OUT_DFF[0].FDRE_BSR_N/C
  -------------------------------------------------------------------    -------------------
    SLICE_X13Y40         FDRE (Prop_fdre_C_Q)         0.141     1.047 r  ZynqQWithPwm_i/axi_smc/inst/clk_map/psr_aclk/U0/ACTIVE_LOW_BSR_OUT_DFF[0].FDRE_BSR_N/Q
                         net (fo=9, routed)           0.298     1.344    <hidden>
    SLICE_X13Y41         LUT1 (Prop_lut1_I0_O)        0.044     1.388 f  <hidden>
                         net (fo=3, routed)           0.177     1.565    <hidden>
    SLICE_X13Y41         FDCE                                         f  <hidden>
  -------------------------------------------------------------------    -------------------

                         (clock clk_fpga_0 rise edge)
                                                      0.000     0.000 r  
    PS7_X0Y0             PS7                          0.000     0.000 r  ZynqQWithPwm_i/processing_system7_0/inst/PS7_i/FCLKCLK[0]
                         net (fo=1, routed)           0.341     0.341    ZynqQWithPwm_i/processing_system7_0/inst/FCLK_CLK_unbuffered[0]
    BUFGCTRL_X0Y0        BUFG (Prop_bufg_I_O)         0.029     0.370 r  ZynqQWithPwm_i/processing_system7_0/inst/buffer_fclk_clk_0.FCLK_CLK_0_BUFG/O
                         net (fo=740, routed)         0.833     1.203    <hidden>
    SLICE_X13Y41         FDCE                                         r  <hidden>

Slack:                    inf
  Source:                 ZynqQWithPwm_i/axi_smc/inst/clk_map/psr_aclk/U0/ACTIVE_LOW_BSR_OUT_DFF[0].FDRE_BSR_N/C
                            (rising edge-triggered cell FDRE clocked by clk_fpga_0  {rise@0.000ns fall@10.000ns period=20.000ns})
  Destination:            <hidden>
                            (removal check against rising-edge clock clk_fpga_0  {rise@0.000ns fall@10.000ns period=20.000ns})
  Path Group:             (none)
  Path Type:              Removal (Min at Fast Process Corner)
  Data Path Delay:        0.660ns  (logic 0.185ns (28.039%)  route 0.475ns (71.961%))
  Logic Levels:           1  (LUT1=1)
  Clock Path Skew:        0.297ns (DCD - SCD - CPR)
    Destination Clock Delay (DCD):    1.203ns
    Source Clock Delay      (SCD):    0.906ns
    Clock Pessimism Removal (CPR):    -0.000ns
  Clock Uncertainty:      0.302ns  ((TSJ^2 + TIJ^2)^1/2 + DJ) / 2 + PE
    Total System Jitter     (TSJ):    0.071ns
    Total Input Jitter      (TIJ):    0.600ns
    Discrete Jitter          (DJ):    0.000ns
    Phase Error              (PE):    0.000ns
  Timing Exception:       False Path

    Location             Delay type                Incr(ns)  Path(ns)    Netlist Resource(s)
  -------------------------------------------------------------------    -------------------
                         (clock clk_fpga_0 rise edge)
                                                      0.000     0.000 r  
    PS7_X0Y0             PS7                          0.000     0.000 r  ZynqQWithPwm_i/processing_system7_0/inst/PS7_i/FCLKCLK[0]
                         net (fo=1, routed)           0.315     0.315    ZynqQWithPwm_i/processing_system7_0/inst/FCLK_CLK_unbuffered[0]
    BUFGCTRL_X0Y0        BUFG (Prop_bufg_I_O)         0.026     0.341 r  ZynqQWithPwm_i/processing_system7_0/inst/buffer_fclk_clk_0.FCLK_CLK_0_BUFG/O
                         net (fo=740, routed)         0.565     0.906    ZynqQWithPwm_i/axi_smc/inst/clk_map/psr_aclk/U0/aclk
    SLICE_X13Y40         FDRE                                         r  ZynqQWithPwm_i/axi_smc/inst/clk_map/psr_aclk/U0/ACTIVE_LOW_BSR_OUT_DFF[0].FDRE_BSR_N/C
  -------------------------------------------------------------------    -------------------
    SLICE_X13Y40         FDRE (Prop_fdre_C_Q)         0.141     1.047 r  ZynqQWithPwm_i/axi_smc/inst/clk_map/psr_aclk/U0/ACTIVE_LOW_BSR_OUT_DFF[0].FDRE_BSR_N/Q
                         net (fo=9, routed)           0.298     1.344    <hidden>
    SLICE_X13Y41         LUT1 (Prop_lut1_I0_O)        0.044     1.388 f  <hidden>
                         net (fo=3, routed)           0.177     1.565    <hidden>
    SLICE_X13Y41         FDCE                                         f  <hidden>
  -------------------------------------------------------------------    -------------------

                         (clock clk_fpga_0 rise edge)
                                                      0.000     0.000 r  
    PS7_X0Y0             PS7                          0.000     0.000 r  ZynqQWithPwm_i/processing_system7_0/inst/PS7_i/FCLKCLK[0]
                         net (fo=1, routed)           0.341     0.341    ZynqQWithPwm_i/processing_system7_0/inst/FCLK_CLK_unbuffered[0]
    BUFGCTRL_X0Y0        BUFG (Prop_bufg_I_O)         0.029     0.370 r  ZynqQWithPwm_i/processing_system7_0/inst/buffer_fclk_clk_0.FCLK_CLK_0_BUFG/O
                         net (fo=740, routed)         0.833     1.203    <hidden>
    SLICE_X13Y41         FDCE                                         r  <hidden>

Slack:                    inf
  Source:                 ZynqQWithPwm_i/axi_smc/inst/clk_map/psr_aclk/U0/ACTIVE_LOW_BSR_OUT_DFF[0].FDRE_BSR_N/C
                            (rising edge-triggered cell FDRE clocked by clk_fpga_0  {rise@0.000ns fall@10.000ns period=20.000ns})
  Destination:            <hidden>
                            (removal check against rising-edge clock clk_fpga_0  {rise@0.000ns fall@10.000ns period=20.000ns})
  Path Group:             (none)
  Path Type:              Removal (Min at Fast Process Corner)
  Data Path Delay:        0.660ns  (logic 0.185ns (28.039%)  route 0.475ns (71.961%))
  Logic Levels:           1  (LUT1=1)
  Clock Path Skew:        0.297ns (DCD - SCD - CPR)
    Destination Clock Delay (DCD):    1.203ns
    Source Clock Delay      (SCD):    0.906ns
    Clock Pessimism Removal (CPR):    -0.000ns
  Clock Uncertainty:      0.302ns  ((TSJ^2 + TIJ^2)^1/2 + DJ) / 2 + PE
    Total System Jitter     (TSJ):    0.071ns
    Total Input Jitter      (TIJ):    0.600ns
    Discrete Jitter          (DJ):    0.000ns
    Phase Error              (PE):    0.000ns
  Timing Exception:       False Path

    Location             Delay type                Incr(ns)  Path(ns)    Netlist Resource(s)
  -------------------------------------------------------------------    -------------------
                         (clock clk_fpga_0 rise edge)
                                                      0.000     0.000 r  
    PS7_X0Y0             PS7                          0.000     0.000 r  ZynqQWithPwm_i/processing_system7_0/inst/PS7_i/FCLKCLK[0]
                         net (fo=1, routed)           0.315     0.315    ZynqQWithPwm_i/processing_system7_0/inst/FCLK_CLK_unbuffered[0]
    BUFGCTRL_X0Y0        BUFG (Prop_bufg_I_O)         0.026     0.341 r  ZynqQWithPwm_i/processing_system7_0/inst/buffer_fclk_clk_0.FCLK_CLK_0_BUFG/O
                         net (fo=740, routed)         0.565     0.906    ZynqQWithPwm_i/axi_smc/inst/clk_map/psr_aclk/U0/aclk
    SLICE_X13Y40         FDRE                                         r  ZynqQWithPwm_i/axi_smc/inst/clk_map/psr_aclk/U0/ACTIVE_LOW_BSR_OUT_DFF[0].FDRE_BSR_N/C
  -------------------------------------------------------------------    -------------------
    SLICE_X13Y40         FDRE (Prop_fdre_C_Q)         0.141     1.047 r  ZynqQWithPwm_i/axi_smc/inst/clk_map/psr_aclk/U0/ACTIVE_LOW_BSR_OUT_DFF[0].FDRE_BSR_N/Q
                         net (fo=9, routed)           0.298     1.344    <hidden>
    SLICE_X13Y41         LUT1 (Prop_lut1_I0_O)        0.044     1.388 f  <hidden>
                         net (fo=3, routed)           0.177     1.565    <hidden>
    SLICE_X13Y41         FDCE                                         f  <hidden>
  -------------------------------------------------------------------    -------------------

                         (clock clk_fpga_0 rise edge)
                                                      0.000     0.000 r  
    PS7_X0Y0             PS7                          0.000     0.000 r  ZynqQWithPwm_i/processing_system7_0/inst/PS7_i/FCLKCLK[0]
                         net (fo=1, routed)           0.341     0.341    ZynqQWithPwm_i/processing_system7_0/inst/FCLK_CLK_unbuffered[0]
    BUFGCTRL_X0Y0        BUFG (Prop_bufg_I_O)         0.029     0.370 r  ZynqQWithPwm_i/processing_system7_0/inst/buffer_fclk_clk_0.FCLK_CLK_0_BUFG/O
                         net (fo=740, routed)         0.833     1.203    <hidden>
    SLICE_X13Y41         FDCE                                         r  <hidden>

Slack:                    inf
  Source:                 ZynqQWithPwm_i/axi_smc/inst/clk_map/psr_aclk/U0/ACTIVE_LOW_BSR_OUT_DFF[0].FDRE_BSR_N/C
                            (rising edge-triggered cell FDRE clocked by clk_fpga_0  {rise@0.000ns fall@10.000ns period=20.000ns})
  Destination:            <hidden>
                            (removal check against rising-edge clock clk_fpga_0  {rise@0.000ns fall@10.000ns period=20.000ns})
  Path Group:             (none)
  Path Type:              Removal (Min at Fast Process Corner)
  Data Path Delay:        0.695ns  (logic 0.186ns (26.748%)  route 0.509ns (73.252%))
  Logic Levels:           1  (LUT1=1)
  Clock Path Skew:        0.298ns (DCD - SCD - CPR)
    Destination Clock Delay (DCD):    1.204ns
    Source Clock Delay      (SCD):    0.906ns
    Clock Pessimism Removal (CPR):    -0.000ns
  Clock Uncertainty:      0.302ns  ((TSJ^2 + TIJ^2)^1/2 + DJ) / 2 + PE
    Total System Jitter     (TSJ):    0.071ns
    Total Input Jitter      (TIJ):    0.600ns
    Discrete Jitter          (DJ):    0.000ns
    Phase Error              (PE):    0.000ns
  Timing Exception:       False Path

    Location             Delay type                Incr(ns)  Path(ns)    Netlist Resource(s)
  -------------------------------------------------------------------    -------------------
                         (clock clk_fpga_0 rise edge)
                                                      0.000     0.000 r  
    PS7_X0Y0             PS7                          0.000     0.000 r  ZynqQWithPwm_i/processing_system7_0/inst/PS7_i/FCLKCLK[0]
                         net (fo=1, routed)           0.315     0.315    ZynqQWithPwm_i/processing_system7_0/inst/FCLK_CLK_unbuffered[0]
    BUFGCTRL_X0Y0        BUFG (Prop_bufg_I_O)         0.026     0.341 r  ZynqQWithPwm_i/processing_system7_0/inst/buffer_fclk_clk_0.FCLK_CLK_0_BUFG/O
                         net (fo=740, routed)         0.565     0.906    ZynqQWithPwm_i/axi_smc/inst/clk_map/psr_aclk/U0/aclk
    SLICE_X13Y40         FDRE                                         r  ZynqQWithPwm_i/axi_smc/inst/clk_map/psr_aclk/U0/ACTIVE_LOW_BSR_OUT_DFF[0].FDRE_BSR_N/C
  -------------------------------------------------------------------    -------------------
    SLICE_X13Y40         FDRE (Prop_fdre_C_Q)         0.141     1.047 r  ZynqQWithPwm_i/axi_smc/inst/clk_map/psr_aclk/U0/ACTIVE_LOW_BSR_OUT_DFF[0].FDRE_BSR_N/Q
                         net (fo=9, routed)           0.334     1.381    <hidden>
    SLICE_X12Y42         LUT1 (Prop_lut1_I0_O)        0.045     1.426 f  <hidden>
                         net (fo=3, routed)           0.175     1.601    <hidden>
    SLICE_X13Y43         FDCE                                         f  <hidden>
  -------------------------------------------------------------------    -------------------

                         (clock clk_fpga_0 rise edge)
                                                      0.000     0.000 r  
    PS7_X0Y0             PS7                          0.000     0.000 r  ZynqQWithPwm_i/processing_system7_0/inst/PS7_i/FCLKCLK[0]
                         net (fo=1, routed)           0.341     0.341    ZynqQWithPwm_i/processing_system7_0/inst/FCLK_CLK_unbuffered[0]
    BUFGCTRL_X0Y0        BUFG (Prop_bufg_I_O)         0.029     0.370 r  ZynqQWithPwm_i/processing_system7_0/inst/buffer_fclk_clk_0.FCLK_CLK_0_BUFG/O
                         net (fo=740, routed)         0.834     1.204    <hidden>
    SLICE_X13Y43         FDCE                                         r  <hidden>

Slack:                    inf
  Source:                 ZynqQWithPwm_i/axi_smc/inst/clk_map/psr_aclk/U0/ACTIVE_LOW_BSR_OUT_DFF[0].FDRE_BSR_N/C
                            (rising edge-triggered cell FDRE clocked by clk_fpga_0  {rise@0.000ns fall@10.000ns period=20.000ns})
  Destination:            <hidden>
                            (removal check against rising-edge clock clk_fpga_0  {rise@0.000ns fall@10.000ns period=20.000ns})
  Path Group:             (none)
  Path Type:              Removal (Min at Fast Process Corner)
  Data Path Delay:        0.695ns  (logic 0.186ns (26.748%)  route 0.509ns (73.252%))
  Logic Levels:           1  (LUT1=1)
  Clock Path Skew:        0.298ns (DCD - SCD - CPR)
    Destination Clock Delay (DCD):    1.204ns
    Source Clock Delay      (SCD):    0.906ns
    Clock Pessimism Removal (CPR):    -0.000ns
  Clock Uncertainty:      0.302ns  ((TSJ^2 + TIJ^2)^1/2 + DJ) / 2 + PE
    Total System Jitter     (TSJ):    0.071ns
    Total Input Jitter      (TIJ):    0.600ns
    Discrete Jitter          (DJ):    0.000ns
    Phase Error              (PE):    0.000ns
  Timing Exception:       False Path

    Location             Delay type                Incr(ns)  Path(ns)    Netlist Resource(s)
  -------------------------------------------------------------------    -------------------
                         (clock clk_fpga_0 rise edge)
                                                      0.000     0.000 r  
    PS7_X0Y0             PS7                          0.000     0.000 r  ZynqQWithPwm_i/processing_system7_0/inst/PS7_i/FCLKCLK[0]
                         net (fo=1, routed)           0.315     0.315    ZynqQWithPwm_i/processing_system7_0/inst/FCLK_CLK_unbuffered[0]
    BUFGCTRL_X0Y0        BUFG (Prop_bufg_I_O)         0.026     0.341 r  ZynqQWithPwm_i/processing_system7_0/inst/buffer_fclk_clk_0.FCLK_CLK_0_BUFG/O
                         net (fo=740, routed)         0.565     0.906    ZynqQWithPwm_i/axi_smc/inst/clk_map/psr_aclk/U0/aclk
    SLICE_X13Y40         FDRE                                         r  ZynqQWithPwm_i/axi_smc/inst/clk_map/psr_aclk/U0/ACTIVE_LOW_BSR_OUT_DFF[0].FDRE_BSR_N/C
  -------------------------------------------------------------------    -------------------
    SLICE_X13Y40         FDRE (Prop_fdre_C_Q)         0.141     1.047 r  ZynqQWithPwm_i/axi_smc/inst/clk_map/psr_aclk/U0/ACTIVE_LOW_BSR_OUT_DFF[0].FDRE_BSR_N/Q
                         net (fo=9, routed)           0.334     1.381    <hidden>
    SLICE_X12Y42         LUT1 (Prop_lut1_I0_O)        0.045     1.426 f  <hidden>
                         net (fo=3, routed)           0.175     1.601    <hidden>
    SLICE_X13Y43         FDCE                                         f  <hidden>
  -------------------------------------------------------------------    -------------------

                         (clock clk_fpga_0 rise edge)
                                                      0.000     0.000 r  
    PS7_X0Y0             PS7                          0.000     0.000 r  ZynqQWithPwm_i/processing_system7_0/inst/PS7_i/FCLKCLK[0]
                         net (fo=1, routed)           0.341     0.341    ZynqQWithPwm_i/processing_system7_0/inst/FCLK_CLK_unbuffered[0]
    BUFGCTRL_X0Y0        BUFG (Prop_bufg_I_O)         0.029     0.370 r  ZynqQWithPwm_i/processing_system7_0/inst/buffer_fclk_clk_0.FCLK_CLK_0_BUFG/O
                         net (fo=740, routed)         0.834     1.204    <hidden>
    SLICE_X13Y43         FDCE                                         r  <hidden>

Slack:                    inf
  Source:                 ZynqQWithPwm_i/axi_smc/inst/clk_map/psr_aclk/U0/ACTIVE_LOW_BSR_OUT_DFF[0].FDRE_BSR_N/C
                            (rising edge-triggered cell FDRE clocked by clk_fpga_0  {rise@0.000ns fall@10.000ns period=20.000ns})
  Destination:            <hidden>
                            (removal check against rising-edge clock clk_fpga_0  {rise@0.000ns fall@10.000ns period=20.000ns})
  Path Group:             (none)
  Path Type:              Removal (Min at Fast Process Corner)
  Data Path Delay:        0.695ns  (logic 0.186ns (26.748%)  route 0.509ns (73.252%))
  Logic Levels:           1  (LUT1=1)
  Clock Path Skew:        0.298ns (DCD - SCD - CPR)
    Destination Clock Delay (DCD):    1.204ns
    Source Clock Delay      (SCD):    0.906ns
    Clock Pessimism Removal (CPR):    -0.000ns
  Clock Uncertainty:      0.302ns  ((TSJ^2 + TIJ^2)^1/2 + DJ) / 2 + PE
    Total System Jitter     (TSJ):    0.071ns
    Total Input Jitter      (TIJ):    0.600ns
    Discrete Jitter          (DJ):    0.000ns
    Phase Error              (PE):    0.000ns
  Timing Exception:       False Path

    Location             Delay type                Incr(ns)  Path(ns)    Netlist Resource(s)
  -------------------------------------------------------------------    -------------------
                         (clock clk_fpga_0 rise edge)
                                                      0.000     0.000 r  
    PS7_X0Y0             PS7                          0.000     0.000 r  ZynqQWithPwm_i/processing_system7_0/inst/PS7_i/FCLKCLK[0]
                         net (fo=1, routed)           0.315     0.315    ZynqQWithPwm_i/processing_system7_0/inst/FCLK_CLK_unbuffered[0]
    BUFGCTRL_X0Y0        BUFG (Prop_bufg_I_O)         0.026     0.341 r  ZynqQWithPwm_i/processing_system7_0/inst/buffer_fclk_clk_0.FCLK_CLK_0_BUFG/O
                         net (fo=740, routed)         0.565     0.906    ZynqQWithPwm_i/axi_smc/inst/clk_map/psr_aclk/U0/aclk
    SLICE_X13Y40         FDRE                                         r  ZynqQWithPwm_i/axi_smc/inst/clk_map/psr_aclk/U0/ACTIVE_LOW_BSR_OUT_DFF[0].FDRE_BSR_N/C
  -------------------------------------------------------------------    -------------------
    SLICE_X13Y40         FDRE (Prop_fdre_C_Q)         0.141     1.047 r  ZynqQWithPwm_i/axi_smc/inst/clk_map/psr_aclk/U0/ACTIVE_LOW_BSR_OUT_DFF[0].FDRE_BSR_N/Q
                         net (fo=9, routed)           0.334     1.381    <hidden>
    SLICE_X12Y42         LUT1 (Prop_lut1_I0_O)        0.045     1.426 f  <hidden>
                         net (fo=3, routed)           0.175     1.601    <hidden>
    SLICE_X13Y43         FDCE                                         f  <hidden>
  -------------------------------------------------------------------    -------------------

                         (clock clk_fpga_0 rise edge)
                                                      0.000     0.000 r  
    PS7_X0Y0             PS7                          0.000     0.000 r  ZynqQWithPwm_i/processing_system7_0/inst/PS7_i/FCLKCLK[0]
                         net (fo=1, routed)           0.341     0.341    ZynqQWithPwm_i/processing_system7_0/inst/FCLK_CLK_unbuffered[0]
    BUFGCTRL_X0Y0        BUFG (Prop_bufg_I_O)         0.029     0.370 r  ZynqQWithPwm_i/processing_system7_0/inst/buffer_fclk_clk_0.FCLK_CLK_0_BUFG/O
                         net (fo=740, routed)         0.834     1.204    <hidden>
    SLICE_X13Y43         FDCE                                         r  <hidden>





--------------------------------------------------------------------------------------
Path Group:  (none)
From Clock:  clk_fpga_0
  To Clock:  

Max Delay             1 Endpoint
Min Delay             1 Endpoint
--------------------------------------------------------------------------------------


Max Delay Paths
--------------------------------------------------------------------------------------
Slack:                    inf
  Source:                 ZynqQWithPwm_i/enhancedPwmAXI_0/U0/enhancedPwmAXI_slave_lite_v1_0_S00_AXI_inst/enhancedPwm_inst/counter_inst/tmp_reg[2]/C
                            (rising edge-triggered cell FDRE clocked by clk_fpga_0  {rise@0.000ns fall@10.000ns period=20.000ns})
  Destination:            pwmSignal_ext_0
                            (output port)
  Path Group:             (none)
  Path Type:              Max at Slow Process Corner
  Data Path Delay:        10.553ns  (logic 5.121ns (48.530%)  route 5.432ns (51.470%))
  Logic Levels:           4  (CARRY4=2 LUT4=1 OBUF=1)
  Clock Uncertainty:      0.301ns  ((TSJ^2 + TIJ^2)^1/2 + DJ) / 2 + PE
    Total System Jitter     (TSJ):    0.050ns
    Total Input Jitter      (TIJ):    0.600ns
    Discrete Jitter          (DJ):    0.000ns
    Phase Error              (PE):    0.000ns

    Location             Delay type                Incr(ns)  Path(ns)    Netlist Resource(s)
  -------------------------------------------------------------------    -------------------
                         (clock clk_fpga_0 rise edge)
                                                      0.000     0.000 r  
    PS7_X0Y0             PS7                          0.000     0.000 r  ZynqQWithPwm_i/processing_system7_0/inst/PS7_i/FCLKCLK[0]
                         net (fo=1, routed)           1.207     1.207    ZynqQWithPwm_i/processing_system7_0/inst/FCLK_CLK_unbuffered[0]
    BUFGCTRL_X0Y0        BUFG (Prop_bufg_I_O)         0.101     1.308 r  ZynqQWithPwm_i/processing_system7_0/inst/buffer_fclk_clk_0.FCLK_CLK_0_BUFG/O
                         net (fo=740, routed)         1.679     2.987    ZynqQWithPwm_i/enhancedPwmAXI_0/U0/enhancedPwmAXI_slave_lite_v1_0_S00_AXI_inst/enhancedPwm_inst/counter_inst/s00_axi_aclk
    SLICE_X9Y40          FDRE                                         r  ZynqQWithPwm_i/enhancedPwmAXI_0/U0/enhancedPwmAXI_slave_lite_v1_0_S00_AXI_inst/enhancedPwm_inst/counter_inst/tmp_reg[2]/C
  -------------------------------------------------------------------    -------------------
    SLICE_X9Y40          FDRE (Prop_fdre_C_Q)         0.456     3.443 r  ZynqQWithPwm_i/enhancedPwmAXI_0/U0/enhancedPwmAXI_slave_lite_v1_0_S00_AXI_inst/enhancedPwm_inst/counter_inst/tmp_reg[2]/Q
                         net (fo=8, routed)           1.224     4.667    ZynqQWithPwm_i/enhancedPwmAXI_0/U0/enhancedPwmAXI_slave_lite_v1_0_S00_AXI_inst/enhancedPwm_inst/counter_inst/tmp[2]
    SLICE_X8Y40          LUT4 (Prop_lut4_I2_O)        0.124     4.791 r  ZynqQWithPwm_i/enhancedPwmAXI_0/U0/enhancedPwmAXI_slave_lite_v1_0_S00_AXI_inst/enhancedPwm_inst/counter_inst/i__carry_i_7/O
                         net (fo=1, routed)           0.000     4.791    ZynqQWithPwm_i/enhancedPwmAXI_0/U0/enhancedPwmAXI_slave_lite_v1_0_S00_AXI_inst/enhancedPwm_inst/dutyCompare/S[1]
    SLICE_X8Y40          CARRY4 (Prop_carry4_S[1]_CO[3])
                                                      0.533     5.324 r  ZynqQWithPwm_i/enhancedPwmAXI_0/U0/enhancedPwmAXI_slave_lite_v1_0_S00_AXI_inst/enhancedPwm_inst/dutyCompare/tmp1_inferred__0/i__carry/CO[3]
                         net (fo=1, routed)           0.000     5.324    ZynqQWithPwm_i/enhancedPwmAXI_0/U0/enhancedPwmAXI_slave_lite_v1_0_S00_AXI_inst/enhancedPwm_inst/dutyCompare/tmp1_inferred__0/i__carry_n_0
    SLICE_X8Y41          CARRY4 (Prop_carry4_CI_CO[0])
                                                      0.254     5.578 r  ZynqQWithPwm_i/enhancedPwmAXI_0/U0/enhancedPwmAXI_slave_lite_v1_0_S00_AXI_inst/enhancedPwm_inst/dutyCompare/tmp1_inferred__0/i__carry__0/CO[0]
                         net (fo=1, routed)           4.208     9.786    pwmSignal_ext_0_OBUF
    F17                  OBUF (Prop_obuf_I_O)         3.754    13.540 r  pwmSignal_ext_0_OBUF_inst/O
                         net (fo=0)                   0.000    13.540    pwmSignal_ext_0
    F17                                                               r  pwmSignal_ext_0 (OUT)
  -------------------------------------------------------------------    -------------------





Min Delay Paths
--------------------------------------------------------------------------------------
Slack:                    inf
  Source:                 ZynqQWithPwm_i/enhancedPwmAXI_0/U0/enhancedPwmAXI_slave_lite_v1_0_S00_AXI_inst/enhancedPwm_inst/dutyCycle_int_reg[7]/C
                            (rising edge-triggered cell FDRE clocked by clk_fpga_0  {rise@0.000ns fall@10.000ns period=20.000ns})
  Destination:            pwmSignal_ext_0
                            (output port)
  Path Group:             (none)
  Path Type:              Min at Fast Process Corner
  Data Path Delay:        3.394ns  (logic 1.645ns (48.481%)  route 1.748ns (51.519%))
  Logic Levels:           4  (CARRY4=2 LUT4=1 OBUF=1)
  Clock Uncertainty:      0.301ns  ((TSJ^2 + TIJ^2)^1/2 + DJ) / 2 + PE
    Total System Jitter     (TSJ):    0.050ns
    Total Input Jitter      (TIJ):    0.600ns
    Discrete Jitter          (DJ):    0.000ns
    Phase Error              (PE):    0.000ns

    Location             Delay type                Incr(ns)  Path(ns)    Netlist Resource(s)
  -------------------------------------------------------------------    -------------------
                         (clock clk_fpga_0 rise edge)
                                                      0.000     0.000 r  
    PS7_X0Y0             PS7                          0.000     0.000 r  ZynqQWithPwm_i/processing_system7_0/inst/PS7_i/FCLKCLK[0]
                         net (fo=1, routed)           0.315     0.315    ZynqQWithPwm_i/processing_system7_0/inst/FCLK_CLK_unbuffered[0]
    BUFGCTRL_X0Y0        BUFG (Prop_bufg_I_O)         0.026     0.341 r  ZynqQWithPwm_i/processing_system7_0/inst/buffer_fclk_clk_0.FCLK_CLK_0_BUFG/O
                         net (fo=740, routed)         0.565     0.906    ZynqQWithPwm_i/enhancedPwmAXI_0/U0/enhancedPwmAXI_slave_lite_v1_0_S00_AXI_inst/enhancedPwm_inst/s00_axi_aclk
    SLICE_X9Y42          FDRE                                         r  ZynqQWithPwm_i/enhancedPwmAXI_0/U0/enhancedPwmAXI_slave_lite_v1_0_S00_AXI_inst/enhancedPwm_inst/dutyCycle_int_reg[7]/C
  -------------------------------------------------------------------    -------------------
    SLICE_X9Y42          FDRE (Prop_fdre_C_Q)         0.141     1.047 r  ZynqQWithPwm_i/enhancedPwmAXI_0/U0/enhancedPwmAXI_slave_lite_v1_0_S00_AXI_inst/enhancedPwm_inst/dutyCycle_int_reg[7]/Q
                         net (fo=2, routed)           0.139     1.186    ZynqQWithPwm_i/enhancedPwmAXI_0/U0/enhancedPwmAXI_slave_lite_v1_0_S00_AXI_inst/enhancedPwm_inst/counter_inst/Q[7]
    SLICE_X8Y40          LUT4 (Prop_lut4_I0_O)        0.049     1.235 r  ZynqQWithPwm_i/enhancedPwmAXI_0/U0/enhancedPwmAXI_slave_lite_v1_0_S00_AXI_inst/enhancedPwm_inst/counter_inst/i__carry_i_1/O
                         net (fo=1, routed)           0.000     1.235    ZynqQWithPwm_i/enhancedPwmAXI_0/U0/enhancedPwmAXI_slave_lite_v1_0_S00_AXI_inst/enhancedPwm_inst/dutyCompare/DI[3]
    SLICE_X8Y40          CARRY4 (Prop_carry4_DI[3]_CO[3])
                                                      0.091     1.326 r  ZynqQWithPwm_i/enhancedPwmAXI_0/U0/enhancedPwmAXI_slave_lite_v1_0_S00_AXI_inst/enhancedPwm_inst/dutyCompare/tmp1_inferred__0/i__carry/CO[3]
                         net (fo=1, routed)           0.000     1.326    ZynqQWithPwm_i/enhancedPwmAXI_0/U0/enhancedPwmAXI_slave_lite_v1_0_S00_AXI_inst/enhancedPwm_inst/dutyCompare/tmp1_inferred__0/i__carry_n_0
    SLICE_X8Y41          CARRY4 (Prop_carry4_CI_CO[0])
                                                      0.073     1.399 r  ZynqQWithPwm_i/enhancedPwmAXI_0/U0/enhancedPwmAXI_slave_lite_v1_0_S00_AXI_inst/enhancedPwm_inst/dutyCompare/tmp1_inferred__0/i__carry__0/CO[0]
                         net (fo=1, routed)           1.609     3.008    pwmSignal_ext_0_OBUF
    F17                  OBUF (Prop_obuf_I_O)         1.291     4.299 r  pwmSignal_ext_0_OBUF_inst/O
                         net (fo=0)                   0.000     4.299    pwmSignal_ext_0
    F17                                                               r  pwmSignal_ext_0 (OUT)
  -------------------------------------------------------------------    -------------------





--------------------------------------------------------------------------------------
Path Group:  (none)
From Clock:  
  To Clock:  clk_fpga_0

Max Delay             8 Endpoints
Min Delay             8 Endpoints
--------------------------------------------------------------------------------------


Max Delay Paths
--------------------------------------------------------------------------------------
Slack:                    inf
  Source:                 enb_ext_0
                            (input port)
  Destination:            ZynqQWithPwm_i/enhancedPwmAXI_0/U0/enhancedPwmAXI_slave_lite_v1_0_S00_AXI_inst/enhancedPwm_inst/counter_inst/tmp_reg[5]/CE
                            (rising edge-triggered cell FDRE clocked by clk_fpga_0  {rise@0.000ns fall@10.000ns period=20.000ns})
  Path Group:             (none)
  Path Type:              Setup (Max at Slow Process Corner)
  Data Path Delay:        4.985ns  (logic 1.447ns (29.026%)  route 3.538ns (70.974%))
  Logic Levels:           1  (IBUF=1)
  Clock Path Skew:        2.698ns (DCD - SCD + CPR)
    Destination Clock Delay (DCD):    2.698ns
    Source Clock Delay      (SCD):    0.000ns
    Clock Pessimism Removal (CPR):    0.000ns
  Clock Uncertainty:      0.301ns  ((TSJ^2 + TIJ^2)^1/2 + DJ) / 2 + PE
    Total System Jitter     (TSJ):    0.050ns
    Total Input Jitter      (TIJ):    0.600ns
    Discrete Jitter          (DJ):    0.000ns
    Phase Error              (PE):    0.000ns

    Location             Delay type                Incr(ns)  Path(ns)    Netlist Resource(s)
  -------------------------------------------------------------------    -------------------
    R17                                               0.000     0.000 r  enb_ext_0 (IN)
                         net (fo=0)                   0.000     0.000    enb_ext_0
    R17                  IBUF (Prop_ibuf_I_O)         1.447     1.447 r  enb_ext_0_IBUF_inst/O
                         net (fo=9, routed)           3.538     4.985    ZynqQWithPwm_i/enhancedPwmAXI_0/U0/enhancedPwmAXI_slave_lite_v1_0_S00_AXI_inst/enhancedPwm_inst/counter_inst/enb_ext
    SLICE_X9Y41          FDRE                                         r  ZynqQWithPwm_i/enhancedPwmAXI_0/U0/enhancedPwmAXI_slave_lite_v1_0_S00_AXI_inst/enhancedPwm_inst/counter_inst/tmp_reg[5]/CE
  -------------------------------------------------------------------    -------------------

                         (clock clk_fpga_0 rise edge)
                                                      0.000     0.000 r  
    PS7_X0Y0             PS7                          0.000     0.000 r  ZynqQWithPwm_i/processing_system7_0/inst/PS7_i/FCLKCLK[0]
                         net (fo=1, routed)           1.101     1.101    ZynqQWithPwm_i/processing_system7_0/inst/FCLK_CLK_unbuffered[0]
    BUFGCTRL_X0Y0        BUFG (Prop_bufg_I_O)         0.091     1.192 r  ZynqQWithPwm_i/processing_system7_0/inst/buffer_fclk_clk_0.FCLK_CLK_0_BUFG/O
                         net (fo=740, routed)         1.506     2.698    ZynqQWithPwm_i/enhancedPwmAXI_0/U0/enhancedPwmAXI_slave_lite_v1_0_S00_AXI_inst/enhancedPwm_inst/counter_inst/s00_axi_aclk
    SLICE_X9Y41          FDRE                                         r  ZynqQWithPwm_i/enhancedPwmAXI_0/U0/enhancedPwmAXI_slave_lite_v1_0_S00_AXI_inst/enhancedPwm_inst/counter_inst/tmp_reg[5]/C

Slack:                    inf
  Source:                 enb_ext_0
                            (input port)
  Destination:            ZynqQWithPwm_i/enhancedPwmAXI_0/U0/enhancedPwmAXI_slave_lite_v1_0_S00_AXI_inst/enhancedPwm_inst/counter_inst/tmp_reg[6]/CE
                            (rising edge-triggered cell FDRE clocked by clk_fpga_0  {rise@0.000ns fall@10.000ns period=20.000ns})
  Path Group:             (none)
  Path Type:              Setup (Max at Slow Process Corner)
  Data Path Delay:        4.985ns  (logic 1.447ns (29.026%)  route 3.538ns (70.974%))
  Logic Levels:           1  (IBUF=1)
  Clock Path Skew:        2.698ns (DCD - SCD + CPR)
    Destination Clock Delay (DCD):    2.698ns
    Source Clock Delay      (SCD):    0.000ns
    Clock Pessimism Removal (CPR):    0.000ns
  Clock Uncertainty:      0.301ns  ((TSJ^2 + TIJ^2)^1/2 + DJ) / 2 + PE
    Total System Jitter     (TSJ):    0.050ns
    Total Input Jitter      (TIJ):    0.600ns
    Discrete Jitter          (DJ):    0.000ns
    Phase Error              (PE):    0.000ns

    Location             Delay type                Incr(ns)  Path(ns)    Netlist Resource(s)
  -------------------------------------------------------------------    -------------------
    R17                                               0.000     0.000 r  enb_ext_0 (IN)
                         net (fo=0)                   0.000     0.000    enb_ext_0
    R17                  IBUF (Prop_ibuf_I_O)         1.447     1.447 r  enb_ext_0_IBUF_inst/O
                         net (fo=9, routed)           3.538     4.985    ZynqQWithPwm_i/enhancedPwmAXI_0/U0/enhancedPwmAXI_slave_lite_v1_0_S00_AXI_inst/enhancedPwm_inst/counter_inst/enb_ext
    SLICE_X9Y41          FDRE                                         r  ZynqQWithPwm_i/enhancedPwmAXI_0/U0/enhancedPwmAXI_slave_lite_v1_0_S00_AXI_inst/enhancedPwm_inst/counter_inst/tmp_reg[6]/CE
  -------------------------------------------------------------------    -------------------

                         (clock clk_fpga_0 rise edge)
                                                      0.000     0.000 r  
    PS7_X0Y0             PS7                          0.000     0.000 r  ZynqQWithPwm_i/processing_system7_0/inst/PS7_i/FCLKCLK[0]
                         net (fo=1, routed)           1.101     1.101    ZynqQWithPwm_i/processing_system7_0/inst/FCLK_CLK_unbuffered[0]
    BUFGCTRL_X0Y0        BUFG (Prop_bufg_I_O)         0.091     1.192 r  ZynqQWithPwm_i/processing_system7_0/inst/buffer_fclk_clk_0.FCLK_CLK_0_BUFG/O
                         net (fo=740, routed)         1.506     2.698    ZynqQWithPwm_i/enhancedPwmAXI_0/U0/enhancedPwmAXI_slave_lite_v1_0_S00_AXI_inst/enhancedPwm_inst/counter_inst/s00_axi_aclk
    SLICE_X9Y41          FDRE                                         r  ZynqQWithPwm_i/enhancedPwmAXI_0/U0/enhancedPwmAXI_slave_lite_v1_0_S00_AXI_inst/enhancedPwm_inst/counter_inst/tmp_reg[6]/C

Slack:                    inf
  Source:                 enb_ext_0
                            (input port)
  Destination:            ZynqQWithPwm_i/enhancedPwmAXI_0/U0/enhancedPwmAXI_slave_lite_v1_0_S00_AXI_inst/enhancedPwm_inst/counter_inst/tmp_reg[7]/CE
                            (rising edge-triggered cell FDRE clocked by clk_fpga_0  {rise@0.000ns fall@10.000ns period=20.000ns})
  Path Group:             (none)
  Path Type:              Setup (Max at Slow Process Corner)
  Data Path Delay:        4.985ns  (logic 1.447ns (29.026%)  route 3.538ns (70.974%))
  Logic Levels:           1  (IBUF=1)
  Clock Path Skew:        2.698ns (DCD - SCD + CPR)
    Destination Clock Delay (DCD):    2.698ns
    Source Clock Delay      (SCD):    0.000ns
    Clock Pessimism Removal (CPR):    0.000ns
  Clock Uncertainty:      0.301ns  ((TSJ^2 + TIJ^2)^1/2 + DJ) / 2 + PE
    Total System Jitter     (TSJ):    0.050ns
    Total Input Jitter      (TIJ):    0.600ns
    Discrete Jitter          (DJ):    0.000ns
    Phase Error              (PE):    0.000ns

    Location             Delay type                Incr(ns)  Path(ns)    Netlist Resource(s)
  -------------------------------------------------------------------    -------------------
    R17                                               0.000     0.000 r  enb_ext_0 (IN)
                         net (fo=0)                   0.000     0.000    enb_ext_0
    R17                  IBUF (Prop_ibuf_I_O)         1.447     1.447 r  enb_ext_0_IBUF_inst/O
                         net (fo=9, routed)           3.538     4.985    ZynqQWithPwm_i/enhancedPwmAXI_0/U0/enhancedPwmAXI_slave_lite_v1_0_S00_AXI_inst/enhancedPwm_inst/counter_inst/enb_ext
    SLICE_X9Y41          FDRE                                         r  ZynqQWithPwm_i/enhancedPwmAXI_0/U0/enhancedPwmAXI_slave_lite_v1_0_S00_AXI_inst/enhancedPwm_inst/counter_inst/tmp_reg[7]/CE
  -------------------------------------------------------------------    -------------------

                         (clock clk_fpga_0 rise edge)
                                                      0.000     0.000 r  
    PS7_X0Y0             PS7                          0.000     0.000 r  ZynqQWithPwm_i/processing_system7_0/inst/PS7_i/FCLKCLK[0]
                         net (fo=1, routed)           1.101     1.101    ZynqQWithPwm_i/processing_system7_0/inst/FCLK_CLK_unbuffered[0]
    BUFGCTRL_X0Y0        BUFG (Prop_bufg_I_O)         0.091     1.192 r  ZynqQWithPwm_i/processing_system7_0/inst/buffer_fclk_clk_0.FCLK_CLK_0_BUFG/O
                         net (fo=740, routed)         1.506     2.698    ZynqQWithPwm_i/enhancedPwmAXI_0/U0/enhancedPwmAXI_slave_lite_v1_0_S00_AXI_inst/enhancedPwm_inst/counter_inst/s00_axi_aclk
    SLICE_X9Y41          FDRE                                         r  ZynqQWithPwm_i/enhancedPwmAXI_0/U0/enhancedPwmAXI_slave_lite_v1_0_S00_AXI_inst/enhancedPwm_inst/counter_inst/tmp_reg[7]/C

Slack:                    inf
  Source:                 enb_ext_0
                            (input port)
  Destination:            ZynqQWithPwm_i/enhancedPwmAXI_0/U0/enhancedPwmAXI_slave_lite_v1_0_S00_AXI_inst/enhancedPwm_inst/counter_inst/tmp_reg[0]/CE
                            (rising edge-triggered cell FDRE clocked by clk_fpga_0  {rise@0.000ns fall@10.000ns period=20.000ns})
  Path Group:             (none)
  Path Type:              Setup (Max at Slow Process Corner)
  Data Path Delay:        4.713ns  (logic 1.447ns (30.699%)  route 3.266ns (69.301%))
  Logic Levels:           1  (IBUF=1)
  Clock Path Skew:        2.697ns (DCD - SCD + CPR)
    Destination Clock Delay (DCD):    2.697ns
    Source Clock Delay      (SCD):    0.000ns
    Clock Pessimism Removal (CPR):    0.000ns
  Clock Uncertainty:      0.301ns  ((TSJ^2 + TIJ^2)^1/2 + DJ) / 2 + PE
    Total System Jitter     (TSJ):    0.050ns
    Total Input Jitter      (TIJ):    0.600ns
    Discrete Jitter          (DJ):    0.000ns
    Phase Error              (PE):    0.000ns

    Location             Delay type                Incr(ns)  Path(ns)    Netlist Resource(s)
  -------------------------------------------------------------------    -------------------
    R17                                               0.000     0.000 r  enb_ext_0 (IN)
                         net (fo=0)                   0.000     0.000    enb_ext_0
    R17                  IBUF (Prop_ibuf_I_O)         1.447     1.447 r  enb_ext_0_IBUF_inst/O
                         net (fo=9, routed)           3.266     4.713    ZynqQWithPwm_i/enhancedPwmAXI_0/U0/enhancedPwmAXI_slave_lite_v1_0_S00_AXI_inst/enhancedPwm_inst/counter_inst/enb_ext
    SLICE_X9Y40          FDRE                                         r  ZynqQWithPwm_i/enhancedPwmAXI_0/U0/enhancedPwmAXI_slave_lite_v1_0_S00_AXI_inst/enhancedPwm_inst/counter_inst/tmp_reg[0]/CE
  -------------------------------------------------------------------    -------------------

                         (clock clk_fpga_0 rise edge)
                                                      0.000     0.000 r  
    PS7_X0Y0             PS7                          0.000     0.000 r  ZynqQWithPwm_i/processing_system7_0/inst/PS7_i/FCLKCLK[0]
                         net (fo=1, routed)           1.101     1.101    ZynqQWithPwm_i/processing_system7_0/inst/FCLK_CLK_unbuffered[0]
    BUFGCTRL_X0Y0        BUFG (Prop_bufg_I_O)         0.091     1.192 r  ZynqQWithPwm_i/processing_system7_0/inst/buffer_fclk_clk_0.FCLK_CLK_0_BUFG/O
                         net (fo=740, routed)         1.505     2.697    ZynqQWithPwm_i/enhancedPwmAXI_0/U0/enhancedPwmAXI_slave_lite_v1_0_S00_AXI_inst/enhancedPwm_inst/counter_inst/s00_axi_aclk
    SLICE_X9Y40          FDRE                                         r  ZynqQWithPwm_i/enhancedPwmAXI_0/U0/enhancedPwmAXI_slave_lite_v1_0_S00_AXI_inst/enhancedPwm_inst/counter_inst/tmp_reg[0]/C

Slack:                    inf
  Source:                 enb_ext_0
                            (input port)
  Destination:            ZynqQWithPwm_i/enhancedPwmAXI_0/U0/enhancedPwmAXI_slave_lite_v1_0_S00_AXI_inst/enhancedPwm_inst/counter_inst/tmp_reg[1]/CE
                            (rising edge-triggered cell FDRE clocked by clk_fpga_0  {rise@0.000ns fall@10.000ns period=20.000ns})
  Path Group:             (none)
  Path Type:              Setup (Max at Slow Process Corner)
  Data Path Delay:        4.713ns  (logic 1.447ns (30.699%)  route 3.266ns (69.301%))
  Logic Levels:           1  (IBUF=1)
  Clock Path Skew:        2.697ns (DCD - SCD + CPR)
    Destination Clock Delay (DCD):    2.697ns
    Source Clock Delay      (SCD):    0.000ns
    Clock Pessimism Removal (CPR):    0.000ns
  Clock Uncertainty:      0.301ns  ((TSJ^2 + TIJ^2)^1/2 + DJ) / 2 + PE
    Total System Jitter     (TSJ):    0.050ns
    Total Input Jitter      (TIJ):    0.600ns
    Discrete Jitter          (DJ):    0.000ns
    Phase Error              (PE):    0.000ns

    Location             Delay type                Incr(ns)  Path(ns)    Netlist Resource(s)
  -------------------------------------------------------------------    -------------------
    R17                                               0.000     0.000 r  enb_ext_0 (IN)
                         net (fo=0)                   0.000     0.000    enb_ext_0
    R17                  IBUF (Prop_ibuf_I_O)         1.447     1.447 r  enb_ext_0_IBUF_inst/O
                         net (fo=9, routed)           3.266     4.713    ZynqQWithPwm_i/enhancedPwmAXI_0/U0/enhancedPwmAXI_slave_lite_v1_0_S00_AXI_inst/enhancedPwm_inst/counter_inst/enb_ext
    SLICE_X9Y40          FDRE                                         r  ZynqQWithPwm_i/enhancedPwmAXI_0/U0/enhancedPwmAXI_slave_lite_v1_0_S00_AXI_inst/enhancedPwm_inst/counter_inst/tmp_reg[1]/CE
  -------------------------------------------------------------------    -------------------

                         (clock clk_fpga_0 rise edge)
                                                      0.000     0.000 r  
    PS7_X0Y0             PS7                          0.000     0.000 r  ZynqQWithPwm_i/processing_system7_0/inst/PS7_i/FCLKCLK[0]
                         net (fo=1, routed)           1.101     1.101    ZynqQWithPwm_i/processing_system7_0/inst/FCLK_CLK_unbuffered[0]
    BUFGCTRL_X0Y0        BUFG (Prop_bufg_I_O)         0.091     1.192 r  ZynqQWithPwm_i/processing_system7_0/inst/buffer_fclk_clk_0.FCLK_CLK_0_BUFG/O
                         net (fo=740, routed)         1.505     2.697    ZynqQWithPwm_i/enhancedPwmAXI_0/U0/enhancedPwmAXI_slave_lite_v1_0_S00_AXI_inst/enhancedPwm_inst/counter_inst/s00_axi_aclk
    SLICE_X9Y40          FDRE                                         r  ZynqQWithPwm_i/enhancedPwmAXI_0/U0/enhancedPwmAXI_slave_lite_v1_0_S00_AXI_inst/enhancedPwm_inst/counter_inst/tmp_reg[1]/C

Slack:                    inf
  Source:                 enb_ext_0
                            (input port)
  Destination:            ZynqQWithPwm_i/enhancedPwmAXI_0/U0/enhancedPwmAXI_slave_lite_v1_0_S00_AXI_inst/enhancedPwm_inst/counter_inst/tmp_reg[2]/CE
                            (rising edge-triggered cell FDRE clocked by clk_fpga_0  {rise@0.000ns fall@10.000ns period=20.000ns})
  Path Group:             (none)
  Path Type:              Setup (Max at Slow Process Corner)
  Data Path Delay:        4.713ns  (logic 1.447ns (30.699%)  route 3.266ns (69.301%))
  Logic Levels:           1  (IBUF=1)
  Clock Path Skew:        2.697ns (DCD - SCD + CPR)
    Destination Clock Delay (DCD):    2.697ns
    Source Clock Delay      (SCD):    0.000ns
    Clock Pessimism Removal (CPR):    0.000ns
  Clock Uncertainty:      0.301ns  ((TSJ^2 + TIJ^2)^1/2 + DJ) / 2 + PE
    Total System Jitter     (TSJ):    0.050ns
    Total Input Jitter      (TIJ):    0.600ns
    Discrete Jitter          (DJ):    0.000ns
    Phase Error              (PE):    0.000ns

    Location             Delay type                Incr(ns)  Path(ns)    Netlist Resource(s)
  -------------------------------------------------------------------    -------------------
    R17                                               0.000     0.000 r  enb_ext_0 (IN)
                         net (fo=0)                   0.000     0.000    enb_ext_0
    R17                  IBUF (Prop_ibuf_I_O)         1.447     1.447 r  enb_ext_0_IBUF_inst/O
                         net (fo=9, routed)           3.266     4.713    ZynqQWithPwm_i/enhancedPwmAXI_0/U0/enhancedPwmAXI_slave_lite_v1_0_S00_AXI_inst/enhancedPwm_inst/counter_inst/enb_ext
    SLICE_X9Y40          FDRE                                         r  ZynqQWithPwm_i/enhancedPwmAXI_0/U0/enhancedPwmAXI_slave_lite_v1_0_S00_AXI_inst/enhancedPwm_inst/counter_inst/tmp_reg[2]/CE
  -------------------------------------------------------------------    -------------------

                         (clock clk_fpga_0 rise edge)
                                                      0.000     0.000 r  
    PS7_X0Y0             PS7                          0.000     0.000 r  ZynqQWithPwm_i/processing_system7_0/inst/PS7_i/FCLKCLK[0]
                         net (fo=1, routed)           1.101     1.101    ZynqQWithPwm_i/processing_system7_0/inst/FCLK_CLK_unbuffered[0]
    BUFGCTRL_X0Y0        BUFG (Prop_bufg_I_O)         0.091     1.192 r  ZynqQWithPwm_i/processing_system7_0/inst/buffer_fclk_clk_0.FCLK_CLK_0_BUFG/O
                         net (fo=740, routed)         1.505     2.697    ZynqQWithPwm_i/enhancedPwmAXI_0/U0/enhancedPwmAXI_slave_lite_v1_0_S00_AXI_inst/enhancedPwm_inst/counter_inst/s00_axi_aclk
    SLICE_X9Y40          FDRE                                         r  ZynqQWithPwm_i/enhancedPwmAXI_0/U0/enhancedPwmAXI_slave_lite_v1_0_S00_AXI_inst/enhancedPwm_inst/counter_inst/tmp_reg[2]/C

Slack:                    inf
  Source:                 enb_ext_0
                            (input port)
  Destination:            ZynqQWithPwm_i/enhancedPwmAXI_0/U0/enhancedPwmAXI_slave_lite_v1_0_S00_AXI_inst/enhancedPwm_inst/counter_inst/tmp_reg[3]/CE
                            (rising edge-triggered cell FDRE clocked by clk_fpga_0  {rise@0.000ns fall@10.000ns period=20.000ns})
  Path Group:             (none)
  Path Type:              Setup (Max at Slow Process Corner)
  Data Path Delay:        4.713ns  (logic 1.447ns (30.699%)  route 3.266ns (69.301%))
  Logic Levels:           1  (IBUF=1)
  Clock Path Skew:        2.697ns (DCD - SCD + CPR)
    Destination Clock Delay (DCD):    2.697ns
    Source Clock Delay      (SCD):    0.000ns
    Clock Pessimism Removal (CPR):    0.000ns
  Clock Uncertainty:      0.301ns  ((TSJ^2 + TIJ^2)^1/2 + DJ) / 2 + PE
    Total System Jitter     (TSJ):    0.050ns
    Total Input Jitter      (TIJ):    0.600ns
    Discrete Jitter          (DJ):    0.000ns
    Phase Error              (PE):    0.000ns

    Location             Delay type                Incr(ns)  Path(ns)    Netlist Resource(s)
  -------------------------------------------------------------------    -------------------
    R17                                               0.000     0.000 r  enb_ext_0 (IN)
                         net (fo=0)                   0.000     0.000    enb_ext_0
    R17                  IBUF (Prop_ibuf_I_O)         1.447     1.447 r  enb_ext_0_IBUF_inst/O
                         net (fo=9, routed)           3.266     4.713    ZynqQWithPwm_i/enhancedPwmAXI_0/U0/enhancedPwmAXI_slave_lite_v1_0_S00_AXI_inst/enhancedPwm_inst/counter_inst/enb_ext
    SLICE_X9Y40          FDRE                                         r  ZynqQWithPwm_i/enhancedPwmAXI_0/U0/enhancedPwmAXI_slave_lite_v1_0_S00_AXI_inst/enhancedPwm_inst/counter_inst/tmp_reg[3]/CE
  -------------------------------------------------------------------    -------------------

                         (clock clk_fpga_0 rise edge)
                                                      0.000     0.000 r  
    PS7_X0Y0             PS7                          0.000     0.000 r  ZynqQWithPwm_i/processing_system7_0/inst/PS7_i/FCLKCLK[0]
                         net (fo=1, routed)           1.101     1.101    ZynqQWithPwm_i/processing_system7_0/inst/FCLK_CLK_unbuffered[0]
    BUFGCTRL_X0Y0        BUFG (Prop_bufg_I_O)         0.091     1.192 r  ZynqQWithPwm_i/processing_system7_0/inst/buffer_fclk_clk_0.FCLK_CLK_0_BUFG/O
                         net (fo=740, routed)         1.505     2.697    ZynqQWithPwm_i/enhancedPwmAXI_0/U0/enhancedPwmAXI_slave_lite_v1_0_S00_AXI_inst/enhancedPwm_inst/counter_inst/s00_axi_aclk
    SLICE_X9Y40          FDRE                                         r  ZynqQWithPwm_i/enhancedPwmAXI_0/U0/enhancedPwmAXI_slave_lite_v1_0_S00_AXI_inst/enhancedPwm_inst/counter_inst/tmp_reg[3]/C

Slack:                    inf
  Source:                 enb_ext_0
                            (input port)
  Destination:            ZynqQWithPwm_i/enhancedPwmAXI_0/U0/enhancedPwmAXI_slave_lite_v1_0_S00_AXI_inst/enhancedPwm_inst/counter_inst/tmp_reg[4]/CE
                            (rising edge-triggered cell FDRE clocked by clk_fpga_0  {rise@0.000ns fall@10.000ns period=20.000ns})
  Path Group:             (none)
  Path Type:              Setup (Max at Slow Process Corner)
  Data Path Delay:        4.713ns  (logic 1.447ns (30.699%)  route 3.266ns (69.301%))
  Logic Levels:           1  (IBUF=1)
  Clock Path Skew:        2.697ns (DCD - SCD + CPR)
    Destination Clock Delay (DCD):    2.697ns
    Source Clock Delay      (SCD):    0.000ns
    Clock Pessimism Removal (CPR):    0.000ns
  Clock Uncertainty:      0.301ns  ((TSJ^2 + TIJ^2)^1/2 + DJ) / 2 + PE
    Total System Jitter     (TSJ):    0.050ns
    Total Input Jitter      (TIJ):    0.600ns
    Discrete Jitter          (DJ):    0.000ns
    Phase Error              (PE):    0.000ns

    Location             Delay type                Incr(ns)  Path(ns)    Netlist Resource(s)
  -------------------------------------------------------------------    -------------------
    R17                                               0.000     0.000 r  enb_ext_0 (IN)
                         net (fo=0)                   0.000     0.000    enb_ext_0
    R17                  IBUF (Prop_ibuf_I_O)         1.447     1.447 r  enb_ext_0_IBUF_inst/O
                         net (fo=9, routed)           3.266     4.713    ZynqQWithPwm_i/enhancedPwmAXI_0/U0/enhancedPwmAXI_slave_lite_v1_0_S00_AXI_inst/enhancedPwm_inst/counter_inst/enb_ext
    SLICE_X9Y40          FDRE                                         r  ZynqQWithPwm_i/enhancedPwmAXI_0/U0/enhancedPwmAXI_slave_lite_v1_0_S00_AXI_inst/enhancedPwm_inst/counter_inst/tmp_reg[4]/CE
  -------------------------------------------------------------------    -------------------

                         (clock clk_fpga_0 rise edge)
                                                      0.000     0.000 r  
    PS7_X0Y0             PS7                          0.000     0.000 r  ZynqQWithPwm_i/processing_system7_0/inst/PS7_i/FCLKCLK[0]
                         net (fo=1, routed)           1.101     1.101    ZynqQWithPwm_i/processing_system7_0/inst/FCLK_CLK_unbuffered[0]
    BUFGCTRL_X0Y0        BUFG (Prop_bufg_I_O)         0.091     1.192 r  ZynqQWithPwm_i/processing_system7_0/inst/buffer_fclk_clk_0.FCLK_CLK_0_BUFG/O
                         net (fo=740, routed)         1.505     2.697    ZynqQWithPwm_i/enhancedPwmAXI_0/U0/enhancedPwmAXI_slave_lite_v1_0_S00_AXI_inst/enhancedPwm_inst/counter_inst/s00_axi_aclk
    SLICE_X9Y40          FDRE                                         r  ZynqQWithPwm_i/enhancedPwmAXI_0/U0/enhancedPwmAXI_slave_lite_v1_0_S00_AXI_inst/enhancedPwm_inst/counter_inst/tmp_reg[4]/C





Min Delay Paths
--------------------------------------------------------------------------------------
Slack:                    inf
  Source:                 enb_ext_0
                            (input port)
  Destination:            ZynqQWithPwm_i/enhancedPwmAXI_0/U0/enhancedPwmAXI_slave_lite_v1_0_S00_AXI_inst/enhancedPwm_inst/counter_inst/tmp_reg[0]/CE
                            (rising edge-triggered cell FDRE clocked by clk_fpga_0  {rise@0.000ns fall@10.000ns period=20.000ns})
  Path Group:             (none)
  Path Type:              Hold (Min at Fast Process Corner)
  Data Path Delay:        1.748ns  (logic 0.215ns (12.301%)  route 1.533ns (87.699%))
  Logic Levels:           1  (IBUF=1)
  Clock Path Skew:        1.203ns (DCD - SCD - CPR)
    Destination Clock Delay (DCD):    1.203ns
    Source Clock Delay      (SCD):    0.000ns
    Clock Pessimism Removal (CPR):    -0.000ns

    Location             Delay type                Incr(ns)  Path(ns)    Netlist Resource(s)
  -------------------------------------------------------------------    -------------------
    R17                                               0.000     0.000 r  enb_ext_0 (IN)
                         net (fo=0)                   0.000     0.000    enb_ext_0
    R17                  IBUF (Prop_ibuf_I_O)         0.215     0.215 r  enb_ext_0_IBUF_inst/O
                         net (fo=9, routed)           1.533     1.748    ZynqQWithPwm_i/enhancedPwmAXI_0/U0/enhancedPwmAXI_slave_lite_v1_0_S00_AXI_inst/enhancedPwm_inst/counter_inst/enb_ext
    SLICE_X9Y40          FDRE                                         r  ZynqQWithPwm_i/enhancedPwmAXI_0/U0/enhancedPwmAXI_slave_lite_v1_0_S00_AXI_inst/enhancedPwm_inst/counter_inst/tmp_reg[0]/CE
  -------------------------------------------------------------------    -------------------

                         (clock clk_fpga_0 rise edge)
                                                      0.000     0.000 r  
    PS7_X0Y0             PS7                          0.000     0.000 r  ZynqQWithPwm_i/processing_system7_0/inst/PS7_i/FCLKCLK[0]
                         net (fo=1, routed)           0.341     0.341    ZynqQWithPwm_i/processing_system7_0/inst/FCLK_CLK_unbuffered[0]
    BUFGCTRL_X0Y0        BUFG (Prop_bufg_I_O)         0.029     0.370 r  ZynqQWithPwm_i/processing_system7_0/inst/buffer_fclk_clk_0.FCLK_CLK_0_BUFG/O
                         net (fo=740, routed)         0.833     1.203    ZynqQWithPwm_i/enhancedPwmAXI_0/U0/enhancedPwmAXI_slave_lite_v1_0_S00_AXI_inst/enhancedPwm_inst/counter_inst/s00_axi_aclk
    SLICE_X9Y40          FDRE                                         r  ZynqQWithPwm_i/enhancedPwmAXI_0/U0/enhancedPwmAXI_slave_lite_v1_0_S00_AXI_inst/enhancedPwm_inst/counter_inst/tmp_reg[0]/C

Slack:                    inf
  Source:                 enb_ext_0
                            (input port)
  Destination:            ZynqQWithPwm_i/enhancedPwmAXI_0/U0/enhancedPwmAXI_slave_lite_v1_0_S00_AXI_inst/enhancedPwm_inst/counter_inst/tmp_reg[1]/CE
                            (rising edge-triggered cell FDRE clocked by clk_fpga_0  {rise@0.000ns fall@10.000ns period=20.000ns})
  Path Group:             (none)
  Path Type:              Hold (Min at Fast Process Corner)
  Data Path Delay:        1.748ns  (logic 0.215ns (12.301%)  route 1.533ns (87.699%))
  Logic Levels:           1  (IBUF=1)
  Clock Path Skew:        1.203ns (DCD - SCD - CPR)
    Destination Clock Delay (DCD):    1.203ns
    Source Clock Delay      (SCD):    0.000ns
    Clock Pessimism Removal (CPR):    -0.000ns

    Location             Delay type                Incr(ns)  Path(ns)    Netlist Resource(s)
  -------------------------------------------------------------------    -------------------
    R17                                               0.000     0.000 r  enb_ext_0 (IN)
                         net (fo=0)                   0.000     0.000    enb_ext_0
    R17                  IBUF (Prop_ibuf_I_O)         0.215     0.215 r  enb_ext_0_IBUF_inst/O
                         net (fo=9, routed)           1.533     1.748    ZynqQWithPwm_i/enhancedPwmAXI_0/U0/enhancedPwmAXI_slave_lite_v1_0_S00_AXI_inst/enhancedPwm_inst/counter_inst/enb_ext
    SLICE_X9Y40          FDRE                                         r  ZynqQWithPwm_i/enhancedPwmAXI_0/U0/enhancedPwmAXI_slave_lite_v1_0_S00_AXI_inst/enhancedPwm_inst/counter_inst/tmp_reg[1]/CE
  -------------------------------------------------------------------    -------------------

                         (clock clk_fpga_0 rise edge)
                                                      0.000     0.000 r  
    PS7_X0Y0             PS7                          0.000     0.000 r  ZynqQWithPwm_i/processing_system7_0/inst/PS7_i/FCLKCLK[0]
                         net (fo=1, routed)           0.341     0.341    ZynqQWithPwm_i/processing_system7_0/inst/FCLK_CLK_unbuffered[0]
    BUFGCTRL_X0Y0        BUFG (Prop_bufg_I_O)         0.029     0.370 r  ZynqQWithPwm_i/processing_system7_0/inst/buffer_fclk_clk_0.FCLK_CLK_0_BUFG/O
                         net (fo=740, routed)         0.833     1.203    ZynqQWithPwm_i/enhancedPwmAXI_0/U0/enhancedPwmAXI_slave_lite_v1_0_S00_AXI_inst/enhancedPwm_inst/counter_inst/s00_axi_aclk
    SLICE_X9Y40          FDRE                                         r  ZynqQWithPwm_i/enhancedPwmAXI_0/U0/enhancedPwmAXI_slave_lite_v1_0_S00_AXI_inst/enhancedPwm_inst/counter_inst/tmp_reg[1]/C

Slack:                    inf
  Source:                 enb_ext_0
                            (input port)
  Destination:            ZynqQWithPwm_i/enhancedPwmAXI_0/U0/enhancedPwmAXI_slave_lite_v1_0_S00_AXI_inst/enhancedPwm_inst/counter_inst/tmp_reg[2]/CE
                            (rising edge-triggered cell FDRE clocked by clk_fpga_0  {rise@0.000ns fall@10.000ns period=20.000ns})
  Path Group:             (none)
  Path Type:              Hold (Min at Fast Process Corner)
  Data Path Delay:        1.748ns  (logic 0.215ns (12.301%)  route 1.533ns (87.699%))
  Logic Levels:           1  (IBUF=1)
  Clock Path Skew:        1.203ns (DCD - SCD - CPR)
    Destination Clock Delay (DCD):    1.203ns
    Source Clock Delay      (SCD):    0.000ns
    Clock Pessimism Removal (CPR):    -0.000ns

    Location             Delay type                Incr(ns)  Path(ns)    Netlist Resource(s)
  -------------------------------------------------------------------    -------------------
    R17                                               0.000     0.000 r  enb_ext_0 (IN)
                         net (fo=0)                   0.000     0.000    enb_ext_0
    R17                  IBUF (Prop_ibuf_I_O)         0.215     0.215 r  enb_ext_0_IBUF_inst/O
                         net (fo=9, routed)           1.533     1.748    ZynqQWithPwm_i/enhancedPwmAXI_0/U0/enhancedPwmAXI_slave_lite_v1_0_S00_AXI_inst/enhancedPwm_inst/counter_inst/enb_ext
    SLICE_X9Y40          FDRE                                         r  ZynqQWithPwm_i/enhancedPwmAXI_0/U0/enhancedPwmAXI_slave_lite_v1_0_S00_AXI_inst/enhancedPwm_inst/counter_inst/tmp_reg[2]/CE
  -------------------------------------------------------------------    -------------------

                         (clock clk_fpga_0 rise edge)
                                                      0.000     0.000 r  
    PS7_X0Y0             PS7                          0.000     0.000 r  ZynqQWithPwm_i/processing_system7_0/inst/PS7_i/FCLKCLK[0]
                         net (fo=1, routed)           0.341     0.341    ZynqQWithPwm_i/processing_system7_0/inst/FCLK_CLK_unbuffered[0]
    BUFGCTRL_X0Y0        BUFG (Prop_bufg_I_O)         0.029     0.370 r  ZynqQWithPwm_i/processing_system7_0/inst/buffer_fclk_clk_0.FCLK_CLK_0_BUFG/O
                         net (fo=740, routed)         0.833     1.203    ZynqQWithPwm_i/enhancedPwmAXI_0/U0/enhancedPwmAXI_slave_lite_v1_0_S00_AXI_inst/enhancedPwm_inst/counter_inst/s00_axi_aclk
    SLICE_X9Y40          FDRE                                         r  ZynqQWithPwm_i/enhancedPwmAXI_0/U0/enhancedPwmAXI_slave_lite_v1_0_S00_AXI_inst/enhancedPwm_inst/counter_inst/tmp_reg[2]/C

Slack:                    inf
  Source:                 enb_ext_0
                            (input port)
  Destination:            ZynqQWithPwm_i/enhancedPwmAXI_0/U0/enhancedPwmAXI_slave_lite_v1_0_S00_AXI_inst/enhancedPwm_inst/counter_inst/tmp_reg[3]/CE
                            (rising edge-triggered cell FDRE clocked by clk_fpga_0  {rise@0.000ns fall@10.000ns period=20.000ns})
  Path Group:             (none)
  Path Type:              Hold (Min at Fast Process Corner)
  Data Path Delay:        1.748ns  (logic 0.215ns (12.301%)  route 1.533ns (87.699%))
  Logic Levels:           1  (IBUF=1)
  Clock Path Skew:        1.203ns (DCD - SCD - CPR)
    Destination Clock Delay (DCD):    1.203ns
    Source Clock Delay      (SCD):    0.000ns
    Clock Pessimism Removal (CPR):    -0.000ns

    Location             Delay type                Incr(ns)  Path(ns)    Netlist Resource(s)
  -------------------------------------------------------------------    -------------------
    R17                                               0.000     0.000 r  enb_ext_0 (IN)
                         net (fo=0)                   0.000     0.000    enb_ext_0
    R17                  IBUF (Prop_ibuf_I_O)         0.215     0.215 r  enb_ext_0_IBUF_inst/O
                         net (fo=9, routed)           1.533     1.748    ZynqQWithPwm_i/enhancedPwmAXI_0/U0/enhancedPwmAXI_slave_lite_v1_0_S00_AXI_inst/enhancedPwm_inst/counter_inst/enb_ext
    SLICE_X9Y40          FDRE                                         r  ZynqQWithPwm_i/enhancedPwmAXI_0/U0/enhancedPwmAXI_slave_lite_v1_0_S00_AXI_inst/enhancedPwm_inst/counter_inst/tmp_reg[3]/CE
  -------------------------------------------------------------------    -------------------

                         (clock clk_fpga_0 rise edge)
                                                      0.000     0.000 r  
    PS7_X0Y0             PS7                          0.000     0.000 r  ZynqQWithPwm_i/processing_system7_0/inst/PS7_i/FCLKCLK[0]
                         net (fo=1, routed)           0.341     0.341    ZynqQWithPwm_i/processing_system7_0/inst/FCLK_CLK_unbuffered[0]
    BUFGCTRL_X0Y0        BUFG (Prop_bufg_I_O)         0.029     0.370 r  ZynqQWithPwm_i/processing_system7_0/inst/buffer_fclk_clk_0.FCLK_CLK_0_BUFG/O
                         net (fo=740, routed)         0.833     1.203    ZynqQWithPwm_i/enhancedPwmAXI_0/U0/enhancedPwmAXI_slave_lite_v1_0_S00_AXI_inst/enhancedPwm_inst/counter_inst/s00_axi_aclk
    SLICE_X9Y40          FDRE                                         r  ZynqQWithPwm_i/enhancedPwmAXI_0/U0/enhancedPwmAXI_slave_lite_v1_0_S00_AXI_inst/enhancedPwm_inst/counter_inst/tmp_reg[3]/C

Slack:                    inf
  Source:                 enb_ext_0
                            (input port)
  Destination:            ZynqQWithPwm_i/enhancedPwmAXI_0/U0/enhancedPwmAXI_slave_lite_v1_0_S00_AXI_inst/enhancedPwm_inst/counter_inst/tmp_reg[4]/CE
                            (rising edge-triggered cell FDRE clocked by clk_fpga_0  {rise@0.000ns fall@10.000ns period=20.000ns})
  Path Group:             (none)
  Path Type:              Hold (Min at Fast Process Corner)
  Data Path Delay:        1.748ns  (logic 0.215ns (12.301%)  route 1.533ns (87.699%))
  Logic Levels:           1  (IBUF=1)
  Clock Path Skew:        1.203ns (DCD - SCD - CPR)
    Destination Clock Delay (DCD):    1.203ns
    Source Clock Delay      (SCD):    0.000ns
    Clock Pessimism Removal (CPR):    -0.000ns

    Location             Delay type                Incr(ns)  Path(ns)    Netlist Resource(s)
  -------------------------------------------------------------------    -------------------
    R17                                               0.000     0.000 r  enb_ext_0 (IN)
                         net (fo=0)                   0.000     0.000    enb_ext_0
    R17                  IBUF (Prop_ibuf_I_O)         0.215     0.215 r  enb_ext_0_IBUF_inst/O
                         net (fo=9, routed)           1.533     1.748    ZynqQWithPwm_i/enhancedPwmAXI_0/U0/enhancedPwmAXI_slave_lite_v1_0_S00_AXI_inst/enhancedPwm_inst/counter_inst/enb_ext
    SLICE_X9Y40          FDRE                                         r  ZynqQWithPwm_i/enhancedPwmAXI_0/U0/enhancedPwmAXI_slave_lite_v1_0_S00_AXI_inst/enhancedPwm_inst/counter_inst/tmp_reg[4]/CE
  -------------------------------------------------------------------    -------------------

                         (clock clk_fpga_0 rise edge)
                                                      0.000     0.000 r  
    PS7_X0Y0             PS7                          0.000     0.000 r  ZynqQWithPwm_i/processing_system7_0/inst/PS7_i/FCLKCLK[0]
                         net (fo=1, routed)           0.341     0.341    ZynqQWithPwm_i/processing_system7_0/inst/FCLK_CLK_unbuffered[0]
    BUFGCTRL_X0Y0        BUFG (Prop_bufg_I_O)         0.029     0.370 r  ZynqQWithPwm_i/processing_system7_0/inst/buffer_fclk_clk_0.FCLK_CLK_0_BUFG/O
                         net (fo=740, routed)         0.833     1.203    ZynqQWithPwm_i/enhancedPwmAXI_0/U0/enhancedPwmAXI_slave_lite_v1_0_S00_AXI_inst/enhancedPwm_inst/counter_inst/s00_axi_aclk
    SLICE_X9Y40          FDRE                                         r  ZynqQWithPwm_i/enhancedPwmAXI_0/U0/enhancedPwmAXI_slave_lite_v1_0_S00_AXI_inst/enhancedPwm_inst/counter_inst/tmp_reg[4]/C

Slack:                    inf
  Source:                 enb_ext_0
                            (input port)
  Destination:            ZynqQWithPwm_i/enhancedPwmAXI_0/U0/enhancedPwmAXI_slave_lite_v1_0_S00_AXI_inst/enhancedPwm_inst/counter_inst/tmp_reg[5]/CE
                            (rising edge-triggered cell FDRE clocked by clk_fpga_0  {rise@0.000ns fall@10.000ns period=20.000ns})
  Path Group:             (none)
  Path Type:              Hold (Min at Fast Process Corner)
  Data Path Delay:        1.847ns  (logic 0.215ns (11.644%)  route 1.632ns (88.356%))
  Logic Levels:           1  (IBUF=1)
  Clock Path Skew:        1.203ns (DCD - SCD - CPR)
    Destination Clock Delay (DCD):    1.203ns
    Source Clock Delay      (SCD):    0.000ns
    Clock Pessimism Removal (CPR):    -0.000ns

    Location             Delay type                Incr(ns)  Path(ns)    Netlist Resource(s)
  -------------------------------------------------------------------    -------------------
    R17                                               0.000     0.000 r  enb_ext_0 (IN)
                         net (fo=0)                   0.000     0.000    enb_ext_0
    R17                  IBUF (Prop_ibuf_I_O)         0.215     0.215 r  enb_ext_0_IBUF_inst/O
                         net (fo=9, routed)           1.632     1.847    ZynqQWithPwm_i/enhancedPwmAXI_0/U0/enhancedPwmAXI_slave_lite_v1_0_S00_AXI_inst/enhancedPwm_inst/counter_inst/enb_ext
    SLICE_X9Y41          FDRE                                         r  ZynqQWithPwm_i/enhancedPwmAXI_0/U0/enhancedPwmAXI_slave_lite_v1_0_S00_AXI_inst/enhancedPwm_inst/counter_inst/tmp_reg[5]/CE
  -------------------------------------------------------------------    -------------------

                         (clock clk_fpga_0 rise edge)
                                                      0.000     0.000 r  
    PS7_X0Y0             PS7                          0.000     0.000 r  ZynqQWithPwm_i/processing_system7_0/inst/PS7_i/FCLKCLK[0]
                         net (fo=1, routed)           0.341     0.341    ZynqQWithPwm_i/processing_system7_0/inst/FCLK_CLK_unbuffered[0]
    BUFGCTRL_X0Y0        BUFG (Prop_bufg_I_O)         0.029     0.370 r  ZynqQWithPwm_i/processing_system7_0/inst/buffer_fclk_clk_0.FCLK_CLK_0_BUFG/O
                         net (fo=740, routed)         0.833     1.203    ZynqQWithPwm_i/enhancedPwmAXI_0/U0/enhancedPwmAXI_slave_lite_v1_0_S00_AXI_inst/enhancedPwm_inst/counter_inst/s00_axi_aclk
    SLICE_X9Y41          FDRE                                         r  ZynqQWithPwm_i/enhancedPwmAXI_0/U0/enhancedPwmAXI_slave_lite_v1_0_S00_AXI_inst/enhancedPwm_inst/counter_inst/tmp_reg[5]/C

Slack:                    inf
  Source:                 enb_ext_0
                            (input port)
  Destination:            ZynqQWithPwm_i/enhancedPwmAXI_0/U0/enhancedPwmAXI_slave_lite_v1_0_S00_AXI_inst/enhancedPwm_inst/counter_inst/tmp_reg[6]/CE
                            (rising edge-triggered cell FDRE clocked by clk_fpga_0  {rise@0.000ns fall@10.000ns period=20.000ns})
  Path Group:             (none)
  Path Type:              Hold (Min at Fast Process Corner)
  Data Path Delay:        1.847ns  (logic 0.215ns (11.644%)  route 1.632ns (88.356%))
  Logic Levels:           1  (IBUF=1)
  Clock Path Skew:        1.203ns (DCD - SCD - CPR)
    Destination Clock Delay (DCD):    1.203ns
    Source Clock Delay      (SCD):    0.000ns
    Clock Pessimism Removal (CPR):    -0.000ns

    Location             Delay type                Incr(ns)  Path(ns)    Netlist Resource(s)
  -------------------------------------------------------------------    -------------------
    R17                                               0.000     0.000 r  enb_ext_0 (IN)
                         net (fo=0)                   0.000     0.000    enb_ext_0
    R17                  IBUF (Prop_ibuf_I_O)         0.215     0.215 r  enb_ext_0_IBUF_inst/O
                         net (fo=9, routed)           1.632     1.847    ZynqQWithPwm_i/enhancedPwmAXI_0/U0/enhancedPwmAXI_slave_lite_v1_0_S00_AXI_inst/enhancedPwm_inst/counter_inst/enb_ext
    SLICE_X9Y41          FDRE                                         r  ZynqQWithPwm_i/enhancedPwmAXI_0/U0/enhancedPwmAXI_slave_lite_v1_0_S00_AXI_inst/enhancedPwm_inst/counter_inst/tmp_reg[6]/CE
  -------------------------------------------------------------------    -------------------

                         (clock clk_fpga_0 rise edge)
                                                      0.000     0.000 r  
    PS7_X0Y0             PS7                          0.000     0.000 r  ZynqQWithPwm_i/processing_system7_0/inst/PS7_i/FCLKCLK[0]
                         net (fo=1, routed)           0.341     0.341    ZynqQWithPwm_i/processing_system7_0/inst/FCLK_CLK_unbuffered[0]
    BUFGCTRL_X0Y0        BUFG (Prop_bufg_I_O)         0.029     0.370 r  ZynqQWithPwm_i/processing_system7_0/inst/buffer_fclk_clk_0.FCLK_CLK_0_BUFG/O
                         net (fo=740, routed)         0.833     1.203    ZynqQWithPwm_i/enhancedPwmAXI_0/U0/enhancedPwmAXI_slave_lite_v1_0_S00_AXI_inst/enhancedPwm_inst/counter_inst/s00_axi_aclk
    SLICE_X9Y41          FDRE                                         r  ZynqQWithPwm_i/enhancedPwmAXI_0/U0/enhancedPwmAXI_slave_lite_v1_0_S00_AXI_inst/enhancedPwm_inst/counter_inst/tmp_reg[6]/C

Slack:                    inf
  Source:                 enb_ext_0
                            (input port)
  Destination:            ZynqQWithPwm_i/enhancedPwmAXI_0/U0/enhancedPwmAXI_slave_lite_v1_0_S00_AXI_inst/enhancedPwm_inst/counter_inst/tmp_reg[7]/CE
                            (rising edge-triggered cell FDRE clocked by clk_fpga_0  {rise@0.000ns fall@10.000ns period=20.000ns})
  Path Group:             (none)
  Path Type:              Hold (Min at Fast Process Corner)
  Data Path Delay:        1.847ns  (logic 0.215ns (11.644%)  route 1.632ns (88.356%))
  Logic Levels:           1  (IBUF=1)
  Clock Path Skew:        1.203ns (DCD - SCD - CPR)
    Destination Clock Delay (DCD):    1.203ns
    Source Clock Delay      (SCD):    0.000ns
    Clock Pessimism Removal (CPR):    -0.000ns

    Location             Delay type                Incr(ns)  Path(ns)    Netlist Resource(s)
  -------------------------------------------------------------------    -------------------
    R17                                               0.000     0.000 r  enb_ext_0 (IN)
                         net (fo=0)                   0.000     0.000    enb_ext_0
    R17                  IBUF (Prop_ibuf_I_O)         0.215     0.215 r  enb_ext_0_IBUF_inst/O
                         net (fo=9, routed)           1.632     1.847    ZynqQWithPwm_i/enhancedPwmAXI_0/U0/enhancedPwmAXI_slave_lite_v1_0_S00_AXI_inst/enhancedPwm_inst/counter_inst/enb_ext
    SLICE_X9Y41          FDRE                                         r  ZynqQWithPwm_i/enhancedPwmAXI_0/U0/enhancedPwmAXI_slave_lite_v1_0_S00_AXI_inst/enhancedPwm_inst/counter_inst/tmp_reg[7]/CE
  -------------------------------------------------------------------    -------------------

                         (clock clk_fpga_0 rise edge)
                                                      0.000     0.000 r  
    PS7_X0Y0             PS7                          0.000     0.000 r  ZynqQWithPwm_i/processing_system7_0/inst/PS7_i/FCLKCLK[0]
                         net (fo=1, routed)           0.341     0.341    ZynqQWithPwm_i/processing_system7_0/inst/FCLK_CLK_unbuffered[0]
    BUFGCTRL_X0Y0        BUFG (Prop_bufg_I_O)         0.029     0.370 r  ZynqQWithPwm_i/processing_system7_0/inst/buffer_fclk_clk_0.FCLK_CLK_0_BUFG/O
                         net (fo=740, routed)         0.833     1.203    ZynqQWithPwm_i/enhancedPwmAXI_0/U0/enhancedPwmAXI_slave_lite_v1_0_S00_AXI_inst/enhancedPwm_inst/counter_inst/s00_axi_aclk
    SLICE_X9Y41          FDRE                                         r  ZynqQWithPwm_i/enhancedPwmAXI_0/U0/enhancedPwmAXI_slave_lite_v1_0_S00_AXI_inst/enhancedPwm_inst/counter_inst/tmp_reg[7]/C





