Copyright 1986-2022 Xilinx, Inc. All Rights Reserved. Copyright 2022-2023 Advanced Micro Devices, Inc. All Rights Reserved.
------------------------------------------------------------------------------------------------------------------------------------------------------------------------------------------------------------------------------
| Tool Version : Vivado v.2023.1 (win64) Build 3865809 Sun May  7 15:05:29 MDT 2023
| Date         : Mon Sep 29 15:41:02 2025
| Host         : DESKTOP-BLLF4DN running 64-bit major release  (build 9200)
| Command      : report_timing_summary -max_paths 10 -report_unconstrained -file scopeToHdmi_timing_summary_routed.rpt -pb scopeToHdmi_timing_summary_routed.pb -rpx scopeToHdmi_timing_summary_routed.rpx -warn_on_violation
| Design       : scopeToHdmi
| Device       : 7z010-clg400
| Speed File   : -1  PRODUCTION 1.12 2019-11-22
| Design State : Routed
------------------------------------------------------------------------------------------------------------------------------------------------------------------------------------------------------------------------------

Timing Summary Report

------------------------------------------------------------------------------------------------
| Timer Settings
| --------------
------------------------------------------------------------------------------------------------

  Enable Multi Corner Analysis               :  Yes
  Enable Pessimism Removal                   :  Yes
  Pessimism Removal Resolution               :  Nearest Common Node
  Enable Input Delay Default Clock           :  No
  Enable Preset / Clear Arcs                 :  No
  Disable Flight Delays                      :  No
  Ignore I/O Paths                           :  No
  Timing Early Launch at Borrowing Latches   :  No
  Borrow Time for Max Delay Exceptions       :  Yes
  Merge Timing Exceptions                    :  Yes

  Corner  Analyze    Analyze    
  Name    Max Paths  Min Paths  
  ------  ---------  ---------  
  Slow    Yes        Yes        
  Fast    Yes        Yes        


------------------------------------------------------------------------------------------------
| Report Methodology
| ------------------
------------------------------------------------------------------------------------------------

Rule       Severity          Description                                                Violations  
---------  ----------------  ---------------------------------------------------------  ----------  
TIMING-4   Critical Warning  Invalid primary clock redefinition on a clock tree         1           
TIMING-6   Critical Warning  No common primary clock between related clocks             1           
TIMING-7   Critical Warning  No common node between related clocks                      1           
TIMING-27  Critical Warning  Invalid primary clock on hierarchical pin                  1           
TIMING-51  Critical Warning  No common phase between related clocks from parallel CMBs  1           
LUTAR-1    Warning           LUT drives async reset alert                               1           
TIMING-16  Warning           Large setup violation                                      6           
TIMING-18  Warning           Missing input or output delay                              4           

Note: This report is based on the most recent report_methodology run and may not be up-to-date. Run report_methodology on the current design for the latest report.



check_timing report

Table of Contents
-----------------
1. checking no_clock (0)
2. checking constant_clock (0)
3. checking pulse_width_clock (0)
4. checking unconstrained_internal_endpoints (0)
5. checking no_input_delay (4)
6. checking no_output_delay (4)
7. checking multiple_clock (0)
8. checking generated_clocks (0)
9. checking loops (0)
10. checking partial_input_delay (0)
11. checking partial_output_delay (0)
12. checking latch_loops (0)

1. checking no_clock (0)
------------------------
 There are 0 register/latch pins with no clock.


2. checking constant_clock (0)
------------------------------
 There are 0 register/latch pins with constant_clock.


3. checking pulse_width_clock (0)
---------------------------------
 There are 0 register/latch pins which need pulse_width check


4. checking unconstrained_internal_endpoints (0)
------------------------------------------------
 There are 0 pins that are not constrained for maximum delay.

 There are 0 pins that are not constrained for maximum delay due to constant clock.


5. checking no_input_delay (4)
------------------------------
 There are 4 input ports with no input delay specified. (HIGH)

 There are 0 input ports with no input delay but user has a false path constraint.


6. checking no_output_delay (4)
-------------------------------
 There are 4 ports with no output delay specified. (HIGH)

 There are 0 ports with no output delay but user has a false path constraint

 There are 0 ports with no output delay but with a timing clock defined on it or propagating through it


7. checking multiple_clock (0)
------------------------------
 There are 0 register/latch pins with multiple clocks.


8. checking generated_clocks (0)
--------------------------------
 There are 0 generated clocks that are not connected to a clock source.


9. checking loops (0)
---------------------
 There are 0 combinational loops in the design.


10. checking partial_input_delay (0)
------------------------------------
 There are 0 input ports with partial input delay specified.


11. checking partial_output_delay (0)
-------------------------------------
 There are 0 ports with partial output delay specified.


12. checking latch_loops (0)
----------------------------
 There are 0 combinational latch loops in the design through latch input



------------------------------------------------------------------------------------------------
| Design Timing Summary
| ---------------------
------------------------------------------------------------------------------------------------

    WNS(ns)      TNS(ns)  TNS Failing Endpoints  TNS Total Endpoints      WHS(ns)      THS(ns)  THS Failing Endpoints  THS Total Endpoints     WPWS(ns)     TPWS(ns)  TPWS Failing Endpoints  TPWS Total Endpoints  
    -------      -------  ---------------------  -------------------      -------      -------  ---------------------  -------------------     --------     --------  ----------------------  --------------------  
     -9.444      -54.729                      6                  359        0.166        0.000                      0                  359        0.540        0.000                       0                   296  


Timing constraints are not met.


------------------------------------------------------------------------------------------------
| Clock Summary
| -------------
------------------------------------------------------------------------------------------------

Clock                 Waveform(ns)         Period(ns)      Frequency(MHz)
-----                 ------------         ----------      --------------
sysClk                {0.000 10.000}       20.000          50.000          
vc/inst/clk_in1       {0.000 10.000}       20.000          50.000          
  clk_out1_clk_wiz_0  {0.000 6.737}        13.474          74.219          
  clk_out2_clk_wiz_0  {0.000 1.347}        2.695           371.094         


------------------------------------------------------------------------------------------------
| Intra Clock Table
| -----------------
------------------------------------------------------------------------------------------------

Clock                     WNS(ns)      TNS(ns)  TNS Failing Endpoints  TNS Total Endpoints      WHS(ns)      THS(ns)  THS Failing Endpoints  THS Total Endpoints     WPWS(ns)     TPWS(ns)  TPWS Failing Endpoints  TPWS Total Endpoints  
-----                     -------      -------  ---------------------  -------------------      -------      -------  ---------------------  -------------------     --------     --------  ----------------------  --------------------  
sysClk                     14.882        0.000                      0                   61        0.287        0.000                      0                   61        9.500        0.000                       0                    62  
vc/inst/clk_in1                                                                                                                                                         7.000        0.000                       0                     1  
  clk_out1_clk_wiz_0        4.660        0.000                      0                  298        0.166        0.000                      0                  298        5.757        0.000                       0                   223  
  clk_out2_clk_wiz_0                                                                                                                                                    0.540        0.000                       0                    10  


------------------------------------------------------------------------------------------------
| Inter Clock Table
| -----------------
------------------------------------------------------------------------------------------------

From Clock          To Clock                WNS(ns)      TNS(ns)  TNS Failing Endpoints  TNS Total Endpoints      WHS(ns)      THS(ns)  THS Failing Endpoints  THS Total Endpoints  
----------          --------                -------      -------  ---------------------  -------------------      -------      -------  ---------------------  -------------------  
sysClk              clk_out1_clk_wiz_0       -9.444      -54.729                      6                    6        0.216        0.000                      0                    6  


------------------------------------------------------------------------------------------------
| Other Path Groups Table
| -----------------------
------------------------------------------------------------------------------------------------

Path Group    From Clock    To Clock          WNS(ns)      TNS(ns)  TNS Failing Endpoints  TNS Total Endpoints      WHS(ns)      THS(ns)  THS Failing Endpoints  THS Total Endpoints  
----------    ----------    --------          -------      -------  ---------------------  -------------------      -------      -------  ---------------------  -------------------  


------------------------------------------------------------------------------------------------
| User Ignored Path Table
| -----------------------
------------------------------------------------------------------------------------------------

Path Group    From Clock    To Clock    
----------    ----------    --------    


------------------------------------------------------------------------------------------------
| Unconstrained Path Table
| ------------------------
------------------------------------------------------------------------------------------------

Path Group          From Clock          To Clock          
----------          ----------          --------          
(none)              clk_out2_clk_wiz_0                      
(none)                                  clk_out1_clk_wiz_0  
(none)                                  sysClk              


------------------------------------------------------------------------------------------------
| Timing Details
| --------------
------------------------------------------------------------------------------------------------


---------------------------------------------------------------------------------------------------
From Clock:  sysClk
  To Clock:  sysClk

Setup :            0  Failing Endpoints,  Worst Slack       14.882ns,  Total Violation        0.000ns
Hold  :            0  Failing Endpoints,  Worst Slack        0.287ns,  Total Violation        0.000ns
PW    :            0  Failing Endpoints,  Worst Slack        9.500ns,  Total Violation        0.000ns
---------------------------------------------------------------------------------------------------


Max Delay Paths
--------------------------------------------------------------------------------------
Slack (MET) :             14.882ns  (required time - arrival time)
  Source:                 btnTemp_reg[0]/C
                            (rising edge-triggered cell FDRE clocked by sysClk  {rise@0.000ns fall@10.000ns period=20.000ns})
  Destination:            triggerTime_reg[5]/D
                            (rising edge-triggered cell FDRE clocked by sysClk  {rise@0.000ns fall@10.000ns period=20.000ns})
  Path Group:             sysClk
  Path Type:              Setup (Max at Slow Process Corner)
  Requirement:            20.000ns  (sysClk rise@20.000ns - sysClk rise@0.000ns)
  Data Path Delay:        4.745ns  (logic 1.436ns (30.266%)  route 3.309ns (69.734%))
  Logic Levels:           4  (CARRY4=2 LUT4=1 LUT6=1)
  Clock Path Skew:        -0.057ns (DCD - SCD + CPR)
    Destination Clock Delay (DCD):    4.929ns = ( 24.929 - 20.000 ) 
    Source Clock Delay      (SCD):    5.378ns
    Clock Pessimism Removal (CPR):    0.392ns
  Clock Uncertainty:      0.035ns  ((TSJ^2 + TIJ^2)^1/2 + DJ) / 2 + PE
    Total System Jitter     (TSJ):    0.071ns
    Total Input Jitter      (TIJ):    0.000ns
    Discrete Jitter          (DJ):    0.000ns
    Phase Error              (PE):    0.000ns

    Location             Delay type                Incr(ns)  Path(ns)    Netlist Resource(s)
  -------------------------------------------------------------------    -------------------
                         (clock sysClk rise edge)     0.000     0.000 r  
    U18                                               0.000     0.000 r  sysClk (IN)
                         net (fo=0)                   0.000     0.000    sysClk
    U18                  IBUF (Prop_ibuf_I_O)         1.530     1.530 r  sysClk_IBUF_inst/O
                         net (fo=1, routed)           2.076     3.606    sysClk_IBUF
    BUFGCTRL_X0Y2        BUFG (Prop_bufg_I_O)         0.101     3.707 r  sysClk_IBUF_BUFG_inst/O
                         net (fo=62, routed)          1.671     5.378    sysClk_IBUF_BUFG
    SLICE_X33Y11         FDRE                                         r  btnTemp_reg[0]/C
  -------------------------------------------------------------------    -------------------
    SLICE_X33Y11         FDRE (Prop_fdre_C_Q)         0.456     5.834 r  btnTemp_reg[0]/Q
                         net (fo=3, routed)           0.826     6.660    btnTemp_reg_n_0_[0]
    SLICE_X33Y11         LUT6 (Prop_lut6_I1_O)        0.124     6.784 r  triggerTime[10]_i_7/O
                         net (fo=38, routed)          1.045     7.829    triggerTime[10]_i_7_n_0
    SLICE_X35Y10         LUT4 (Prop_lut4_I1_O)        0.124     7.953 r  triggerTime[3]_i_6/O
                         net (fo=1, routed)           0.000     7.953    triggerTime[3]_i_6_n_0
    SLICE_X35Y10         CARRY4 (Prop_carry4_S[2]_CO[3])
                                                      0.398     8.351 r  triggerTime_reg[3]_i_1/CO[3]
                         net (fo=1, routed)           0.000     8.351    triggerTime_reg[3]_i_1_n_0
    SLICE_X35Y11         CARRY4 (Prop_carry4_CI_O[1])
                                                      0.334     8.685 r  triggerTime_reg[7]_i_1/O[1]
                         net (fo=2, routed)           1.438    10.123    triggerTime_reg[7]_i_1_n_6
    SLICE_X35Y8          FDRE                                         r  triggerTime_reg[5]/D
  -------------------------------------------------------------------    -------------------

                         (clock sysClk rise edge)    20.000    20.000 r  
    U18                                               0.000    20.000 r  sysClk (IN)
                         net (fo=0)                   0.000    20.000    sysClk
    U18                  IBUF (Prop_ibuf_I_O)         1.459    21.459 r  sysClk_IBUF_inst/O
                         net (fo=1, routed)           1.880    23.339    sysClk_IBUF
    BUFGCTRL_X0Y2        BUFG (Prop_bufg_I_O)         0.091    23.430 r  sysClk_IBUF_BUFG_inst/O
                         net (fo=62, routed)          1.499    24.929    sysClk_IBUF_BUFG
    SLICE_X35Y8          FDRE                                         r  triggerTime_reg[5]/C
                         clock pessimism              0.392    25.321    
                         clock uncertainty           -0.035    25.286    
    SLICE_X35Y8          FDRE (Setup_fdre_C_D)       -0.281    25.005    triggerTime_reg[5]
  -------------------------------------------------------------------
                         required time                         25.005    
                         arrival time                         -10.123    
  -------------------------------------------------------------------
                         slack                                 14.882    

Slack (MET) :             15.066ns  (required time - arrival time)
  Source:                 btnTemp_reg[0]/C
                            (rising edge-triggered cell FDRE clocked by sysClk  {rise@0.000ns fall@10.000ns period=20.000ns})
  Destination:            triggerTime_reg[4]_replica_2/D
                            (rising edge-triggered cell FDRE clocked by sysClk  {rise@0.000ns fall@10.000ns period=20.000ns})
  Path Group:             sysClk
  Path Type:              Setup (Max at Slow Process Corner)
  Requirement:            20.000ns  (sysClk rise@20.000ns - sysClk rise@0.000ns)
  Data Path Delay:        4.559ns  (logic 1.324ns (29.039%)  route 3.235ns (70.961%))
  Logic Levels:           4  (CARRY4=2 LUT4=1 LUT6=1)
  Clock Path Skew:        -0.056ns (DCD - SCD + CPR)
    Destination Clock Delay (DCD):    4.930ns = ( 24.930 - 20.000 ) 
    Source Clock Delay      (SCD):    5.378ns
    Clock Pessimism Removal (CPR):    0.392ns
  Clock Uncertainty:      0.035ns  ((TSJ^2 + TIJ^2)^1/2 + DJ) / 2 + PE
    Total System Jitter     (TSJ):    0.071ns
    Total Input Jitter      (TIJ):    0.000ns
    Discrete Jitter          (DJ):    0.000ns
    Phase Error              (PE):    0.000ns

    Location             Delay type                Incr(ns)  Path(ns)    Netlist Resource(s)
  -------------------------------------------------------------------    -------------------
                         (clock sysClk rise edge)     0.000     0.000 r  
    U18                                               0.000     0.000 r  sysClk (IN)
                         net (fo=0)                   0.000     0.000    sysClk
    U18                  IBUF (Prop_ibuf_I_O)         1.530     1.530 r  sysClk_IBUF_inst/O
                         net (fo=1, routed)           2.076     3.606    sysClk_IBUF
    BUFGCTRL_X0Y2        BUFG (Prop_bufg_I_O)         0.101     3.707 r  sysClk_IBUF_BUFG_inst/O
                         net (fo=62, routed)          1.671     5.378    sysClk_IBUF_BUFG
    SLICE_X33Y11         FDRE                                         r  btnTemp_reg[0]/C
  -------------------------------------------------------------------    -------------------
    SLICE_X33Y11         FDRE (Prop_fdre_C_Q)         0.456     5.834 r  btnTemp_reg[0]/Q
                         net (fo=3, routed)           0.826     6.660    btnTemp_reg_n_0_[0]
    SLICE_X33Y11         LUT6 (Prop_lut6_I1_O)        0.124     6.784 r  triggerTime[10]_i_7/O
                         net (fo=38, routed)          1.045     7.829    triggerTime[10]_i_7_n_0
    SLICE_X35Y10         LUT4 (Prop_lut4_I1_O)        0.124     7.953 r  triggerTime[3]_i_6/O
                         net (fo=1, routed)           0.000     7.953    triggerTime[3]_i_6_n_0
    SLICE_X35Y10         CARRY4 (Prop_carry4_S[2]_CO[3])
                                                      0.398     8.351 r  triggerTime_reg[3]_i_1/CO[3]
                         net (fo=1, routed)           0.000     8.351    triggerTime_reg[3]_i_1_n_0
    SLICE_X35Y11         CARRY4 (Prop_carry4_CI_O[0])
                                                      0.222     8.573 r  triggerTime_reg[7]_i_1/O[0]
                         net (fo=4, routed)           1.364     9.937    triggerTime_reg[7]_i_1_n_7
    SLICE_X35Y4          FDRE                                         r  triggerTime_reg[4]_replica_2/D
  -------------------------------------------------------------------    -------------------

                         (clock sysClk rise edge)    20.000    20.000 r  
    U18                                               0.000    20.000 r  sysClk (IN)
                         net (fo=0)                   0.000    20.000    sysClk
    U18                  IBUF (Prop_ibuf_I_O)         1.459    21.459 r  sysClk_IBUF_inst/O
                         net (fo=1, routed)           1.880    23.339    sysClk_IBUF
    BUFGCTRL_X0Y2        BUFG (Prop_bufg_I_O)         0.091    23.430 r  sysClk_IBUF_BUFG_inst/O
                         net (fo=62, routed)          1.500    24.930    sysClk_IBUF_BUFG
    SLICE_X35Y4          FDRE                                         r  triggerTime_reg[4]_replica_2/C
                         clock pessimism              0.392    25.322    
                         clock uncertainty           -0.035    25.287    
    SLICE_X35Y4          FDRE (Setup_fdre_C_D)       -0.283    25.004    triggerTime_reg[4]_replica_2
  -------------------------------------------------------------------
                         required time                         25.004    
                         arrival time                          -9.937    
  -------------------------------------------------------------------
                         slack                                 15.066    

Slack (MET) :             15.099ns  (required time - arrival time)
  Source:                 btnTemp_reg[0]/C
                            (rising edge-triggered cell FDRE clocked by sysClk  {rise@0.000ns fall@10.000ns period=20.000ns})
  Destination:            triggerTime_reg[3]_replica_3/D
                            (rising edge-triggered cell FDRE clocked by sysClk  {rise@0.000ns fall@10.000ns period=20.000ns})
  Path Group:             sysClk
  Path Type:              Setup (Max at Slow Process Corner)
  Requirement:            20.000ns  (sysClk rise@20.000ns - sysClk rise@0.000ns)
  Data Path Delay:        4.620ns  (logic 1.344ns (29.093%)  route 3.276ns (70.907%))
  Logic Levels:           3  (CARRY4=1 LUT3=1 LUT6=1)
  Clock Path Skew:        0.017ns (DCD - SCD + CPR)
    Destination Clock Delay (DCD):    5.003ns = ( 25.003 - 20.000 ) 
    Source Clock Delay      (SCD):    5.378ns
    Clock Pessimism Removal (CPR):    0.392ns
  Clock Uncertainty:      0.035ns  ((TSJ^2 + TIJ^2)^1/2 + DJ) / 2 + PE
    Total System Jitter     (TSJ):    0.071ns
    Total Input Jitter      (TIJ):    0.000ns
    Discrete Jitter          (DJ):    0.000ns
    Phase Error              (PE):    0.000ns

    Location             Delay type                Incr(ns)  Path(ns)    Netlist Resource(s)
  -------------------------------------------------------------------    -------------------
                         (clock sysClk rise edge)     0.000     0.000 r  
    U18                                               0.000     0.000 r  sysClk (IN)
                         net (fo=0)                   0.000     0.000    sysClk
    U18                  IBUF (Prop_ibuf_I_O)         1.530     1.530 r  sysClk_IBUF_inst/O
                         net (fo=1, routed)           2.076     3.606    sysClk_IBUF
    BUFGCTRL_X0Y2        BUFG (Prop_bufg_I_O)         0.101     3.707 r  sysClk_IBUF_BUFG_inst/O
                         net (fo=62, routed)          1.671     5.378    sysClk_IBUF_BUFG
    SLICE_X33Y11         FDRE                                         r  btnTemp_reg[0]/C
  -------------------------------------------------------------------    -------------------
    SLICE_X33Y11         FDRE (Prop_fdre_C_Q)         0.456     5.834 r  btnTemp_reg[0]/Q
                         net (fo=3, routed)           0.826     6.660    btnTemp_reg_n_0_[0]
    SLICE_X33Y11         LUT6 (Prop_lut6_I1_O)        0.124     6.784 r  triggerTime[10]_i_7/O
                         net (fo=38, routed)          0.862     7.647    triggerTime[10]_i_7_n_0
    SLICE_X35Y10         LUT3 (Prop_lut3_I0_O)        0.124     7.771 r  triggerTime[3]_i_7/O
                         net (fo=1, routed)           0.000     7.771    triggerTime[3]_i_7_n_0
    SLICE_X35Y10         CARRY4 (Prop_carry4_S[1]_O[3])
                                                      0.640     8.411 r  triggerTime_reg[3]_i_1/O[3]
                         net (fo=5, routed)           1.587     9.998    triggerTime_reg[3]_i_1_n_4
    SLICE_X37Y9          FDRE                                         r  triggerTime_reg[3]_replica_3/D
  -------------------------------------------------------------------    -------------------

                         (clock sysClk rise edge)    20.000    20.000 r  
    U18                                               0.000    20.000 r  sysClk (IN)
                         net (fo=0)                   0.000    20.000    sysClk
    U18                  IBUF (Prop_ibuf_I_O)         1.459    21.459 r  sysClk_IBUF_inst/O
                         net (fo=1, routed)           1.880    23.339    sysClk_IBUF
    BUFGCTRL_X0Y2        BUFG (Prop_bufg_I_O)         0.091    23.430 r  sysClk_IBUF_BUFG_inst/O
                         net (fo=62, routed)          1.573    25.003    sysClk_IBUF_BUFG
    SLICE_X37Y9          FDRE                                         r  triggerTime_reg[3]_replica_3/C
                         clock pessimism              0.392    25.395    
                         clock uncertainty           -0.035    25.360    
    SLICE_X37Y9          FDRE (Setup_fdre_C_D)       -0.263    25.097    triggerTime_reg[3]_replica_3
  -------------------------------------------------------------------
                         required time                         25.097    
                         arrival time                          -9.998    
  -------------------------------------------------------------------
                         slack                                 15.099    

Slack (MET) :             15.213ns  (required time - arrival time)
  Source:                 btnTemp_reg[0]/C
                            (rising edge-triggered cell FDRE clocked by sysClk  {rise@0.000ns fall@10.000ns period=20.000ns})
  Destination:            triggerTime_reg[4]/D
                            (rising edge-triggered cell FDRE clocked by sysClk  {rise@0.000ns fall@10.000ns period=20.000ns})
  Path Group:             sysClk
  Path Type:              Setup (Max at Slow Process Corner)
  Requirement:            20.000ns  (sysClk rise@20.000ns - sysClk rise@0.000ns)
  Data Path Delay:        4.474ns  (logic 1.324ns (29.592%)  route 3.150ns (70.408%))
  Logic Levels:           4  (CARRY4=2 LUT4=1 LUT6=1)
  Clock Path Skew:        -0.057ns (DCD - SCD + CPR)
    Destination Clock Delay (DCD):    4.929ns = ( 24.929 - 20.000 ) 
    Source Clock Delay      (SCD):    5.378ns
    Clock Pessimism Removal (CPR):    0.392ns
  Clock Uncertainty:      0.035ns  ((TSJ^2 + TIJ^2)^1/2 + DJ) / 2 + PE
    Total System Jitter     (TSJ):    0.071ns
    Total Input Jitter      (TIJ):    0.000ns
    Discrete Jitter          (DJ):    0.000ns
    Phase Error              (PE):    0.000ns

    Location             Delay type                Incr(ns)  Path(ns)    Netlist Resource(s)
  -------------------------------------------------------------------    -------------------
                         (clock sysClk rise edge)     0.000     0.000 r  
    U18                                               0.000     0.000 r  sysClk (IN)
                         net (fo=0)                   0.000     0.000    sysClk
    U18                  IBUF (Prop_ibuf_I_O)         1.530     1.530 r  sysClk_IBUF_inst/O
                         net (fo=1, routed)           2.076     3.606    sysClk_IBUF
    BUFGCTRL_X0Y2        BUFG (Prop_bufg_I_O)         0.101     3.707 r  sysClk_IBUF_BUFG_inst/O
                         net (fo=62, routed)          1.671     5.378    sysClk_IBUF_BUFG
    SLICE_X33Y11         FDRE                                         r  btnTemp_reg[0]/C
  -------------------------------------------------------------------    -------------------
    SLICE_X33Y11         FDRE (Prop_fdre_C_Q)         0.456     5.834 r  btnTemp_reg[0]/Q
                         net (fo=3, routed)           0.826     6.660    btnTemp_reg_n_0_[0]
    SLICE_X33Y11         LUT6 (Prop_lut6_I1_O)        0.124     6.784 r  triggerTime[10]_i_7/O
                         net (fo=38, routed)          1.045     7.829    triggerTime[10]_i_7_n_0
    SLICE_X35Y10         LUT4 (Prop_lut4_I1_O)        0.124     7.953 r  triggerTime[3]_i_6/O
                         net (fo=1, routed)           0.000     7.953    triggerTime[3]_i_6_n_0
    SLICE_X35Y10         CARRY4 (Prop_carry4_S[2]_CO[3])
                                                      0.398     8.351 r  triggerTime_reg[3]_i_1/CO[3]
                         net (fo=1, routed)           0.000     8.351    triggerTime_reg[3]_i_1_n_0
    SLICE_X35Y11         CARRY4 (Prop_carry4_CI_O[0])
                                                      0.222     8.573 r  triggerTime_reg[7]_i_1/O[0]
                         net (fo=4, routed)           1.279     9.852    triggerTime_reg[7]_i_1_n_7
    SLICE_X34Y8          FDRE                                         r  triggerTime_reg[4]/D
  -------------------------------------------------------------------    -------------------

                         (clock sysClk rise edge)    20.000    20.000 r  
    U18                                               0.000    20.000 r  sysClk (IN)
                         net (fo=0)                   0.000    20.000    sysClk
    U18                  IBUF (Prop_ibuf_I_O)         1.459    21.459 r  sysClk_IBUF_inst/O
                         net (fo=1, routed)           1.880    23.339    sysClk_IBUF
    BUFGCTRL_X0Y2        BUFG (Prop_bufg_I_O)         0.091    23.430 r  sysClk_IBUF_BUFG_inst/O
                         net (fo=62, routed)          1.499    24.929    sysClk_IBUF_BUFG
    SLICE_X34Y8          FDRE                                         r  triggerTime_reg[4]/C
                         clock pessimism              0.392    25.321    
                         clock uncertainty           -0.035    25.286    
    SLICE_X34Y8          FDRE (Setup_fdre_C_D)       -0.220    25.066    triggerTime_reg[4]
  -------------------------------------------------------------------
                         required time                         25.066    
                         arrival time                          -9.852    
  -------------------------------------------------------------------
                         slack                                 15.213    

Slack (MET) :             15.222ns  (required time - arrival time)
  Source:                 btnTemp_reg[0]/C
                            (rising edge-triggered cell FDRE clocked by sysClk  {rise@0.000ns fall@10.000ns period=20.000ns})
  Destination:            triggerTime_reg[4]_replica/D
                            (rising edge-triggered cell FDRE clocked by sysClk  {rise@0.000ns fall@10.000ns period=20.000ns})
  Path Group:             sysClk
  Path Type:              Setup (Max at Slow Process Corner)
  Requirement:            20.000ns  (sysClk rise@20.000ns - sysClk rise@0.000ns)
  Data Path Delay:        4.406ns  (logic 1.324ns (30.047%)  route 3.082ns (69.953%))
  Logic Levels:           4  (CARRY4=2 LUT4=1 LUT6=1)
  Clock Path Skew:        -0.058ns (DCD - SCD + CPR)
    Destination Clock Delay (DCD):    4.928ns = ( 24.928 - 20.000 ) 
    Source Clock Delay      (SCD):    5.378ns
    Clock Pessimism Removal (CPR):    0.392ns
  Clock Uncertainty:      0.035ns  ((TSJ^2 + TIJ^2)^1/2 + DJ) / 2 + PE
    Total System Jitter     (TSJ):    0.071ns
    Total Input Jitter      (TIJ):    0.000ns
    Discrete Jitter          (DJ):    0.000ns
    Phase Error              (PE):    0.000ns

    Location             Delay type                Incr(ns)  Path(ns)    Netlist Resource(s)
  -------------------------------------------------------------------    -------------------
                         (clock sysClk rise edge)     0.000     0.000 r  
    U18                                               0.000     0.000 r  sysClk (IN)
                         net (fo=0)                   0.000     0.000    sysClk
    U18                  IBUF (Prop_ibuf_I_O)         1.530     1.530 r  sysClk_IBUF_inst/O
                         net (fo=1, routed)           2.076     3.606    sysClk_IBUF
    BUFGCTRL_X0Y2        BUFG (Prop_bufg_I_O)         0.101     3.707 r  sysClk_IBUF_BUFG_inst/O
                         net (fo=62, routed)          1.671     5.378    sysClk_IBUF_BUFG
    SLICE_X33Y11         FDRE                                         r  btnTemp_reg[0]/C
  -------------------------------------------------------------------    -------------------
    SLICE_X33Y11         FDRE (Prop_fdre_C_Q)         0.456     5.834 r  btnTemp_reg[0]/Q
                         net (fo=3, routed)           0.826     6.660    btnTemp_reg_n_0_[0]
    SLICE_X33Y11         LUT6 (Prop_lut6_I1_O)        0.124     6.784 r  triggerTime[10]_i_7/O
                         net (fo=38, routed)          1.045     7.829    triggerTime[10]_i_7_n_0
    SLICE_X35Y10         LUT4 (Prop_lut4_I1_O)        0.124     7.953 r  triggerTime[3]_i_6/O
                         net (fo=1, routed)           0.000     7.953    triggerTime[3]_i_6_n_0
    SLICE_X35Y10         CARRY4 (Prop_carry4_S[2]_CO[3])
                                                      0.398     8.351 r  triggerTime_reg[3]_i_1/CO[3]
                         net (fo=1, routed)           0.000     8.351    triggerTime_reg[3]_i_1_n_0
    SLICE_X35Y11         CARRY4 (Prop_carry4_CI_O[0])
                                                      0.222     8.573 r  triggerTime_reg[7]_i_1/O[0]
                         net (fo=4, routed)           1.211     9.785    triggerTime_reg[7]_i_1_n_7
    SLICE_X35Y9          FDRE                                         r  triggerTime_reg[4]_replica/D
  -------------------------------------------------------------------    -------------------

                         (clock sysClk rise edge)    20.000    20.000 r  
    U18                                               0.000    20.000 r  sysClk (IN)
                         net (fo=0)                   0.000    20.000    sysClk
    U18                  IBUF (Prop_ibuf_I_O)         1.459    21.459 r  sysClk_IBUF_inst/O
                         net (fo=1, routed)           1.880    23.339    sysClk_IBUF
    BUFGCTRL_X0Y2        BUFG (Prop_bufg_I_O)         0.091    23.430 r  sysClk_IBUF_BUFG_inst/O
                         net (fo=62, routed)          1.498    24.928    sysClk_IBUF_BUFG
    SLICE_X35Y9          FDRE                                         r  triggerTime_reg[4]_replica/C
                         clock pessimism              0.392    25.320    
                         clock uncertainty           -0.035    25.285    
    SLICE_X35Y9          FDRE (Setup_fdre_C_D)       -0.278    25.007    triggerTime_reg[4]_replica
  -------------------------------------------------------------------
                         required time                         25.007    
                         arrival time                          -9.785    
  -------------------------------------------------------------------
                         slack                                 15.222    

Slack (MET) :             15.250ns  (required time - arrival time)
  Source:                 btnTemp_reg[2]/C
                            (rising edge-triggered cell FDRE clocked by sysClk  {rise@0.000ns fall@10.000ns period=20.000ns})
  Destination:            triggerVolt_reg[6]/D
                            (rising edge-triggered cell FDRE clocked by sysClk  {rise@0.000ns fall@10.000ns period=20.000ns})
  Path Group:             sysClk
  Path Type:              Setup (Max at Slow Process Corner)
  Requirement:            20.000ns  (sysClk rise@20.000ns - sysClk rise@0.000ns)
  Data Path Delay:        4.498ns  (logic 1.284ns (28.544%)  route 3.214ns (71.456%))
  Logic Levels:           3  (CARRY4=1 LUT4=1 LUT6=1)
  Clock Path Skew:        0.020ns (DCD - SCD + CPR)
    Destination Clock Delay (DCD):    5.006ns = ( 25.006 - 20.000 ) 
    Source Clock Delay      (SCD):    5.378ns
    Clock Pessimism Removal (CPR):    0.392ns
  Clock Uncertainty:      0.035ns  ((TSJ^2 + TIJ^2)^1/2 + DJ) / 2 + PE
    Total System Jitter     (TSJ):    0.071ns
    Total Input Jitter      (TIJ):    0.000ns
    Discrete Jitter          (DJ):    0.000ns
    Phase Error              (PE):    0.000ns

    Location             Delay type                Incr(ns)  Path(ns)    Netlist Resource(s)
  -------------------------------------------------------------------    -------------------
                         (clock sysClk rise edge)     0.000     0.000 r  
    U18                                               0.000     0.000 r  sysClk (IN)
                         net (fo=0)                   0.000     0.000    sysClk
    U18                  IBUF (Prop_ibuf_I_O)         1.530     1.530 r  sysClk_IBUF_inst/O
                         net (fo=1, routed)           2.076     3.606    sysClk_IBUF
    BUFGCTRL_X0Y2        BUFG (Prop_bufg_I_O)         0.101     3.707 r  sysClk_IBUF_BUFG_inst/O
                         net (fo=62, routed)          1.671     5.378    sysClk_IBUF_BUFG
    SLICE_X33Y11         FDRE                                         r  btnTemp_reg[2]/C
  -------------------------------------------------------------------    -------------------
    SLICE_X33Y11         FDRE (Prop_fdre_C_Q)         0.456     5.834 r  btnTemp_reg[2]/Q
                         net (fo=3, routed)           0.668     6.502    btnTemp_reg_n_0_[2]
    SLICE_X33Y11         LUT6 (Prop_lut6_I1_O)        0.124     6.626 r  triggerVolt[10]_i_7/O
                         net (fo=38, routed)          1.613     8.240    triggerVolt[10]_i_7_n_0
    SLICE_X40Y9          LUT4 (Prop_lut4_I1_O)        0.124     8.364 r  triggerVolt[7]_i_8/O
                         net (fo=1, routed)           0.000     8.364    triggerVolt[7]_i_8_n_0
    SLICE_X40Y9          CARRY4 (Prop_carry4_S[1]_O[2])
                                                      0.580     8.944 r  triggerVolt_reg[7]_i_1/O[2]
                         net (fo=2, routed)           0.933     9.876    triggerVolt_reg[7]_i_1_n_5
    SLICE_X41Y6          FDRE                                         r  triggerVolt_reg[6]/D
  -------------------------------------------------------------------    -------------------

                         (clock sysClk rise edge)    20.000    20.000 r  
    U18                                               0.000    20.000 r  sysClk (IN)
                         net (fo=0)                   0.000    20.000    sysClk
    U18                  IBUF (Prop_ibuf_I_O)         1.459    21.459 r  sysClk_IBUF_inst/O
                         net (fo=1, routed)           1.880    23.339    sysClk_IBUF
    BUFGCTRL_X0Y2        BUFG (Prop_bufg_I_O)         0.091    23.430 r  sysClk_IBUF_BUFG_inst/O
                         net (fo=62, routed)          1.576    25.006    sysClk_IBUF_BUFG
    SLICE_X41Y6          FDRE                                         r  triggerVolt_reg[6]/C
                         clock pessimism              0.392    25.398    
                         clock uncertainty           -0.035    25.363    
    SLICE_X41Y6          FDRE (Setup_fdre_C_D)       -0.236    25.127    triggerVolt_reg[6]
  -------------------------------------------------------------------
                         required time                         25.127    
                         arrival time                          -9.876    
  -------------------------------------------------------------------
                         slack                                 15.250    

Slack (MET) :             15.256ns  (required time - arrival time)
  Source:                 btnTemp_reg[0]/C
                            (rising edge-triggered cell FDRE clocked by sysClk  {rise@0.000ns fall@10.000ns period=20.000ns})
  Destination:            triggerTime_reg[4]_replica_1/D
                            (rising edge-triggered cell FDRE clocked by sysClk  {rise@0.000ns fall@10.000ns period=20.000ns})
  Path Group:             sysClk
  Path Type:              Setup (Max at Slow Process Corner)
  Requirement:            20.000ns  (sysClk rise@20.000ns - sysClk rise@0.000ns)
  Data Path Delay:        4.410ns  (logic 1.324ns (30.025%)  route 3.086ns (69.975%))
  Logic Levels:           4  (CARRY4=2 LUT4=1 LUT6=1)
  Clock Path Skew:        -0.057ns (DCD - SCD + CPR)
    Destination Clock Delay (DCD):    4.929ns = ( 24.929 - 20.000 ) 
    Source Clock Delay      (SCD):    5.378ns
    Clock Pessimism Removal (CPR):    0.392ns
  Clock Uncertainty:      0.035ns  ((TSJ^2 + TIJ^2)^1/2 + DJ) / 2 + PE
    Total System Jitter     (TSJ):    0.071ns
    Total Input Jitter      (TIJ):    0.000ns
    Discrete Jitter          (DJ):    0.000ns
    Phase Error              (PE):    0.000ns

    Location             Delay type                Incr(ns)  Path(ns)    Netlist Resource(s)
  -------------------------------------------------------------------    -------------------
                         (clock sysClk rise edge)     0.000     0.000 r  
    U18                                               0.000     0.000 r  sysClk (IN)
                         net (fo=0)                   0.000     0.000    sysClk
    U18                  IBUF (Prop_ibuf_I_O)         1.530     1.530 r  sysClk_IBUF_inst/O
                         net (fo=1, routed)           2.076     3.606    sysClk_IBUF
    BUFGCTRL_X0Y2        BUFG (Prop_bufg_I_O)         0.101     3.707 r  sysClk_IBUF_BUFG_inst/O
                         net (fo=62, routed)          1.671     5.378    sysClk_IBUF_BUFG
    SLICE_X33Y11         FDRE                                         r  btnTemp_reg[0]/C
  -------------------------------------------------------------------    -------------------
    SLICE_X33Y11         FDRE (Prop_fdre_C_Q)         0.456     5.834 r  btnTemp_reg[0]/Q
                         net (fo=3, routed)           0.826     6.660    btnTemp_reg_n_0_[0]
    SLICE_X33Y11         LUT6 (Prop_lut6_I1_O)        0.124     6.784 r  triggerTime[10]_i_7/O
                         net (fo=38, routed)          1.045     7.829    triggerTime[10]_i_7_n_0
    SLICE_X35Y10         LUT4 (Prop_lut4_I1_O)        0.124     7.953 r  triggerTime[3]_i_6/O
                         net (fo=1, routed)           0.000     7.953    triggerTime[3]_i_6_n_0
    SLICE_X35Y10         CARRY4 (Prop_carry4_S[2]_CO[3])
                                                      0.398     8.351 r  triggerTime_reg[3]_i_1/CO[3]
                         net (fo=1, routed)           0.000     8.351    triggerTime_reg[3]_i_1_n_0
    SLICE_X35Y11         CARRY4 (Prop_carry4_CI_O[0])
                                                      0.222     8.573 r  triggerTime_reg[7]_i_1/O[0]
                         net (fo=4, routed)           1.215     9.788    triggerTime_reg[7]_i_1_n_7
    SLICE_X31Y6          FDRE                                         r  triggerTime_reg[4]_replica_1/D
  -------------------------------------------------------------------    -------------------

                         (clock sysClk rise edge)    20.000    20.000 r  
    U18                                               0.000    20.000 r  sysClk (IN)
                         net (fo=0)                   0.000    20.000    sysClk
    U18                  IBUF (Prop_ibuf_I_O)         1.459    21.459 r  sysClk_IBUF_inst/O
                         net (fo=1, routed)           1.880    23.339    sysClk_IBUF
    BUFGCTRL_X0Y2        BUFG (Prop_bufg_I_O)         0.091    23.430 r  sysClk_IBUF_BUFG_inst/O
                         net (fo=62, routed)          1.499    24.929    sysClk_IBUF_BUFG
    SLICE_X31Y6          FDRE                                         r  triggerTime_reg[4]_replica_1/C
                         clock pessimism              0.392    25.321    
                         clock uncertainty           -0.035    25.286    
    SLICE_X31Y6          FDRE (Setup_fdre_C_D)       -0.242    25.044    triggerTime_reg[4]_replica_1
  -------------------------------------------------------------------
                         required time                         25.044    
                         arrival time                          -9.788    
  -------------------------------------------------------------------
                         slack                                 15.256    

Slack (MET) :             15.290ns  (required time - arrival time)
  Source:                 btnTemp_reg[0]/C
                            (rising edge-triggered cell FDRE clocked by sysClk  {rise@0.000ns fall@10.000ns period=20.000ns})
  Destination:            triggerTime_reg[3]_replica_1/D
                            (rising edge-triggered cell FDRE clocked by sysClk  {rise@0.000ns fall@10.000ns period=20.000ns})
  Path Group:             sysClk
  Path Type:              Setup (Max at Slow Process Corner)
  Requirement:            20.000ns  (sysClk rise@20.000ns - sysClk rise@0.000ns)
  Data Path Delay:        4.412ns  (logic 1.344ns (30.462%)  route 3.068ns (69.538%))
  Logic Levels:           3  (CARRY4=1 LUT3=1 LUT6=1)
  Clock Path Skew:        -0.023ns (DCD - SCD + CPR)
    Destination Clock Delay (DCD):    4.929ns = ( 24.929 - 20.000 ) 
    Source Clock Delay      (SCD):    5.378ns
    Clock Pessimism Removal (CPR):    0.426ns
  Clock Uncertainty:      0.035ns  ((TSJ^2 + TIJ^2)^1/2 + DJ) / 2 + PE
    Total System Jitter     (TSJ):    0.071ns
    Total Input Jitter      (TIJ):    0.000ns
    Discrete Jitter          (DJ):    0.000ns
    Phase Error              (PE):    0.000ns

    Location             Delay type                Incr(ns)  Path(ns)    Netlist Resource(s)
  -------------------------------------------------------------------    -------------------
                         (clock sysClk rise edge)     0.000     0.000 r  
    U18                                               0.000     0.000 r  sysClk (IN)
                         net (fo=0)                   0.000     0.000    sysClk
    U18                  IBUF (Prop_ibuf_I_O)         1.530     1.530 r  sysClk_IBUF_inst/O
                         net (fo=1, routed)           2.076     3.606    sysClk_IBUF
    BUFGCTRL_X0Y2        BUFG (Prop_bufg_I_O)         0.101     3.707 r  sysClk_IBUF_BUFG_inst/O
                         net (fo=62, routed)          1.671     5.378    sysClk_IBUF_BUFG
    SLICE_X33Y11         FDRE                                         r  btnTemp_reg[0]/C
  -------------------------------------------------------------------    -------------------
    SLICE_X33Y11         FDRE (Prop_fdre_C_Q)         0.456     5.834 r  btnTemp_reg[0]/Q
                         net (fo=3, routed)           0.826     6.660    btnTemp_reg_n_0_[0]
    SLICE_X33Y11         LUT6 (Prop_lut6_I1_O)        0.124     6.784 r  triggerTime[10]_i_7/O
                         net (fo=38, routed)          0.862     7.647    triggerTime[10]_i_7_n_0
    SLICE_X35Y10         LUT3 (Prop_lut3_I0_O)        0.124     7.771 r  triggerTime[3]_i_7/O
                         net (fo=1, routed)           0.000     7.771    triggerTime[3]_i_7_n_0
    SLICE_X35Y10         CARRY4 (Prop_carry4_S[1]_O[3])
                                                      0.640     8.411 r  triggerTime_reg[3]_i_1/O[3]
                         net (fo=5, routed)           1.380     9.790    triggerTime_reg[3]_i_1_n_4
    SLICE_X33Y8          FDRE                                         r  triggerTime_reg[3]_replica_1/D
  -------------------------------------------------------------------    -------------------

                         (clock sysClk rise edge)    20.000    20.000 r  
    U18                                               0.000    20.000 r  sysClk (IN)
                         net (fo=0)                   0.000    20.000    sysClk
    U18                  IBUF (Prop_ibuf_I_O)         1.459    21.459 r  sysClk_IBUF_inst/O
                         net (fo=1, routed)           1.880    23.339    sysClk_IBUF
    BUFGCTRL_X0Y2        BUFG (Prop_bufg_I_O)         0.091    23.430 r  sysClk_IBUF_BUFG_inst/O
                         net (fo=62, routed)          1.499    24.929    sysClk_IBUF_BUFG
    SLICE_X33Y8          FDRE                                         r  triggerTime_reg[3]_replica_1/C
                         clock pessimism              0.426    25.355    
                         clock uncertainty           -0.035    25.320    
    SLICE_X33Y8          FDRE (Setup_fdre_C_D)       -0.240    25.080    triggerTime_reg[3]_replica_1
  -------------------------------------------------------------------
                         required time                         25.080    
                         arrival time                          -9.790    
  -------------------------------------------------------------------
                         slack                                 15.290    

Slack (MET) :             15.356ns  (required time - arrival time)
  Source:                 btnTemp_reg[0]/C
                            (rising edge-triggered cell FDRE clocked by sysClk  {rise@0.000ns fall@10.000ns period=20.000ns})
  Destination:            triggerTime_reg[9]/D
                            (rising edge-triggered cell FDRE clocked by sysClk  {rise@0.000ns fall@10.000ns period=20.000ns})
  Path Group:             sysClk
  Path Type:              Setup (Max at Slow Process Corner)
  Requirement:            20.000ns  (sysClk rise@20.000ns - sysClk rise@0.000ns)
  Data Path Delay:        4.290ns  (logic 1.550ns (36.127%)  route 2.740ns (63.873%))
  Logic Levels:           5  (CARRY4=3 LUT4=1 LUT6=1)
  Clock Path Skew:        -0.058ns (DCD - SCD + CPR)
    Destination Clock Delay (DCD):    4.928ns = ( 24.928 - 20.000 ) 
    Source Clock Delay      (SCD):    5.378ns
    Clock Pessimism Removal (CPR):    0.392ns
  Clock Uncertainty:      0.035ns  ((TSJ^2 + TIJ^2)^1/2 + DJ) / 2 + PE
    Total System Jitter     (TSJ):    0.071ns
    Total Input Jitter      (TIJ):    0.000ns
    Discrete Jitter          (DJ):    0.000ns
    Phase Error              (PE):    0.000ns

    Location             Delay type                Incr(ns)  Path(ns)    Netlist Resource(s)
  -------------------------------------------------------------------    -------------------
                         (clock sysClk rise edge)     0.000     0.000 r  
    U18                                               0.000     0.000 r  sysClk (IN)
                         net (fo=0)                   0.000     0.000    sysClk
    U18                  IBUF (Prop_ibuf_I_O)         1.530     1.530 r  sysClk_IBUF_inst/O
                         net (fo=1, routed)           2.076     3.606    sysClk_IBUF
    BUFGCTRL_X0Y2        BUFG (Prop_bufg_I_O)         0.101     3.707 r  sysClk_IBUF_BUFG_inst/O
                         net (fo=62, routed)          1.671     5.378    sysClk_IBUF_BUFG
    SLICE_X33Y11         FDRE                                         r  btnTemp_reg[0]/C
  -------------------------------------------------------------------    -------------------
    SLICE_X33Y11         FDRE (Prop_fdre_C_Q)         0.456     5.834 r  btnTemp_reg[0]/Q
                         net (fo=3, routed)           0.826     6.660    btnTemp_reg_n_0_[0]
    SLICE_X33Y11         LUT6 (Prop_lut6_I1_O)        0.124     6.784 r  triggerTime[10]_i_7/O
                         net (fo=38, routed)          1.045     7.829    triggerTime[10]_i_7_n_0
    SLICE_X35Y10         LUT4 (Prop_lut4_I1_O)        0.124     7.953 r  triggerTime[3]_i_6/O
                         net (fo=1, routed)           0.000     7.953    triggerTime[3]_i_6_n_0
    SLICE_X35Y10         CARRY4 (Prop_carry4_S[2]_CO[3])
                                                      0.398     8.351 r  triggerTime_reg[3]_i_1/CO[3]
                         net (fo=1, routed)           0.000     8.351    triggerTime_reg[3]_i_1_n_0
    SLICE_X35Y11         CARRY4 (Prop_carry4_CI_CO[3])
                                                      0.114     8.465 r  triggerTime_reg[7]_i_1/CO[3]
                         net (fo=1, routed)           0.000     8.465    triggerTime_reg[7]_i_1_n_0
    SLICE_X35Y12         CARRY4 (Prop_carry4_CI_O[1])
                                                      0.334     8.799 r  triggerTime_reg[10]_i_1/O[1]
                         net (fo=1, routed)           0.869     9.669    triggerTime_reg[10]_i_1_n_6
    SLICE_X31Y7          FDRE                                         r  triggerTime_reg[9]/D
  -------------------------------------------------------------------    -------------------

                         (clock sysClk rise edge)    20.000    20.000 r  
    U18                                               0.000    20.000 r  sysClk (IN)
                         net (fo=0)                   0.000    20.000    sysClk
    U18                  IBUF (Prop_ibuf_I_O)         1.459    21.459 r  sysClk_IBUF_inst/O
                         net (fo=1, routed)           1.880    23.339    sysClk_IBUF
    BUFGCTRL_X0Y2        BUFG (Prop_bufg_I_O)         0.091    23.430 r  sysClk_IBUF_BUFG_inst/O
                         net (fo=62, routed)          1.498    24.928    sysClk_IBUF_BUFG
    SLICE_X31Y7          FDRE                                         r  triggerTime_reg[9]/C
                         clock pessimism              0.392    25.320    
                         clock uncertainty           -0.035    25.285    
    SLICE_X31Y7          FDRE (Setup_fdre_C_D)       -0.260    25.025    triggerTime_reg[9]
  -------------------------------------------------------------------
                         required time                         25.025    
                         arrival time                          -9.669    
  -------------------------------------------------------------------
                         slack                                 15.356    

Slack (MET) :             15.382ns  (required time - arrival time)
  Source:                 btnTemp_reg[2]/C
                            (rising edge-triggered cell FDRE clocked by sysClk  {rise@0.000ns fall@10.000ns period=20.000ns})
  Destination:            triggerVolt_reg[2]/D
                            (rising edge-triggered cell FDRE clocked by sysClk  {rise@0.000ns fall@10.000ns period=20.000ns})
  Path Group:             sysClk
  Path Type:              Setup (Max at Slow Process Corner)
  Requirement:            20.000ns  (sysClk rise@20.000ns - sysClk rise@0.000ns)
  Data Path Delay:        4.364ns  (logic 1.284ns (29.425%)  route 3.080ns (70.575%))
  Logic Levels:           3  (CARRY4=1 LUT3=1 LUT6=1)
  Clock Path Skew:        0.020ns (DCD - SCD + CPR)
    Destination Clock Delay (DCD):    5.006ns = ( 25.006 - 20.000 ) 
    Source Clock Delay      (SCD):    5.378ns
    Clock Pessimism Removal (CPR):    0.392ns
  Clock Uncertainty:      0.035ns  ((TSJ^2 + TIJ^2)^1/2 + DJ) / 2 + PE
    Total System Jitter     (TSJ):    0.071ns
    Total Input Jitter      (TIJ):    0.000ns
    Discrete Jitter          (DJ):    0.000ns
    Phase Error              (PE):    0.000ns

    Location             Delay type                Incr(ns)  Path(ns)    Netlist Resource(s)
  -------------------------------------------------------------------    -------------------
                         (clock sysClk rise edge)     0.000     0.000 r  
    U18                                               0.000     0.000 r  sysClk (IN)
                         net (fo=0)                   0.000     0.000    sysClk
    U18                  IBUF (Prop_ibuf_I_O)         1.530     1.530 r  sysClk_IBUF_inst/O
                         net (fo=1, routed)           2.076     3.606    sysClk_IBUF
    BUFGCTRL_X0Y2        BUFG (Prop_bufg_I_O)         0.101     3.707 r  sysClk_IBUF_BUFG_inst/O
                         net (fo=62, routed)          1.671     5.378    sysClk_IBUF_BUFG
    SLICE_X33Y11         FDRE                                         r  btnTemp_reg[2]/C
  -------------------------------------------------------------------    -------------------
    SLICE_X33Y11         FDRE (Prop_fdre_C_Q)         0.456     5.834 r  btnTemp_reg[2]/Q
                         net (fo=3, routed)           0.668     6.502    btnTemp_reg_n_0_[2]
    SLICE_X33Y11         LUT6 (Prop_lut6_I1_O)        0.124     6.626 r  triggerVolt[10]_i_7/O
                         net (fo=38, routed)          1.368     7.995    triggerVolt[10]_i_7_n_0
    SLICE_X40Y8          LUT3 (Prop_lut3_I0_O)        0.124     8.119 r  triggerVolt[3]_i_7/O
                         net (fo=1, routed)           0.000     8.119    triggerVolt[3]_i_7_n_0
    SLICE_X40Y8          CARRY4 (Prop_carry4_S[1]_O[2])
                                                      0.580     8.699 r  triggerVolt_reg[3]_i_1/O[2]
                         net (fo=1, routed)           1.043     9.742    triggerVolt_reg[3]_i_1_n_5
    SLICE_X40Y6          FDRE                                         r  triggerVolt_reg[2]/D
  -------------------------------------------------------------------    -------------------

                         (clock sysClk rise edge)    20.000    20.000 r  
    U18                                               0.000    20.000 r  sysClk (IN)
                         net (fo=0)                   0.000    20.000    sysClk
    U18                  IBUF (Prop_ibuf_I_O)         1.459    21.459 r  sysClk_IBUF_inst/O
                         net (fo=1, routed)           1.880    23.339    sysClk_IBUF
    BUFGCTRL_X0Y2        BUFG (Prop_bufg_I_O)         0.091    23.430 r  sysClk_IBUF_BUFG_inst/O
                         net (fo=62, routed)          1.576    25.006    sysClk_IBUF_BUFG
    SLICE_X40Y6          FDRE                                         r  triggerVolt_reg[2]/C
                         clock pessimism              0.392    25.398    
                         clock uncertainty           -0.035    25.363    
    SLICE_X40Y6          FDRE (Setup_fdre_C_D)       -0.239    25.124    triggerVolt_reg[2]
  -------------------------------------------------------------------
                         required time                         25.124    
                         arrival time                          -9.742    
  -------------------------------------------------------------------
                         slack                                 15.382    





Min Delay Paths
--------------------------------------------------------------------------------------
Slack (MET) :             0.287ns  (arrival time - required time)
  Source:                 triggerTimeTemp_reg[3]/C
                            (rising edge-triggered cell FDRE clocked by sysClk  {rise@0.000ns fall@10.000ns period=20.000ns})
  Destination:            triggerTimeTemp_reg[3]/D
                            (rising edge-triggered cell FDRE clocked by sysClk  {rise@0.000ns fall@10.000ns period=20.000ns})
  Path Group:             sysClk
  Path Type:              Hold (Min at Fast Process Corner)
  Requirement:            0.000ns  (sysClk rise@0.000ns - sysClk rise@0.000ns)
  Data Path Delay:        0.421ns  (logic 0.273ns (64.814%)  route 0.148ns (35.186%))
  Logic Levels:           2  (CARRY4=1 LUT4=1)
  Clock Path Skew:        0.000ns (DCD - SCD - CPR)
    Destination Clock Delay (DCD):    2.028ns
    Source Clock Delay      (SCD):    1.511ns
    Clock Pessimism Removal (CPR):    0.517ns

    Location             Delay type                Incr(ns)  Path(ns)    Netlist Resource(s)
  -------------------------------------------------------------------    -------------------
                         (clock sysClk rise edge)     0.000     0.000 r  
    U18                                               0.000     0.000 r  sysClk (IN)
                         net (fo=0)                   0.000     0.000    sysClk
    U18                  IBUF (Prop_ibuf_I_O)         0.297     0.297 r  sysClk_IBUF_inst/O
                         net (fo=1, routed)           0.627     0.925    sysClk_IBUF
    BUFGCTRL_X0Y2        BUFG (Prop_bufg_I_O)         0.026     0.951 r  sysClk_IBUF_BUFG_inst/O
                         net (fo=62, routed)          0.561     1.511    sysClk_IBUF_BUFG
    SLICE_X34Y10         FDRE                                         r  triggerTimeTemp_reg[3]/C
  -------------------------------------------------------------------    -------------------
    SLICE_X34Y10         FDRE (Prop_fdre_C_Q)         0.164     1.675 r  triggerTimeTemp_reg[3]/Q
                         net (fo=2, routed)           0.148     1.823    triggerTimeTemp_reg[3]
    SLICE_X34Y10         LUT4 (Prop_lut4_I2_O)        0.045     1.868 r  triggerTimeTemp[3]_i_5/O
                         net (fo=1, routed)           0.000     1.868    triggerTimeTemp[3]_i_5_n_0
    SLICE_X34Y10         CARRY4 (Prop_carry4_S[3]_O[3])
                                                      0.064     1.932 r  triggerTimeTemp_reg[3]_i_1/O[3]
                         net (fo=1, routed)           0.000     1.932    triggerTimeTemp_reg[3]_i_1_n_4
    SLICE_X34Y10         FDRE                                         r  triggerTimeTemp_reg[3]/D
  -------------------------------------------------------------------    -------------------

                         (clock sysClk rise edge)     0.000     0.000 r  
    U18                                               0.000     0.000 r  sysClk (IN)
                         net (fo=0)                   0.000     0.000    sysClk
    U18                  IBUF (Prop_ibuf_I_O)         0.486     0.486 r  sysClk_IBUF_inst/O
                         net (fo=1, routed)           0.683     1.169    sysClk_IBUF
    BUFGCTRL_X0Y2        BUFG (Prop_bufg_I_O)         0.029     1.198 r  sysClk_IBUF_BUFG_inst/O
                         net (fo=62, routed)          0.830     2.028    sysClk_IBUF_BUFG
    SLICE_X34Y10         FDRE                                         r  triggerTimeTemp_reg[3]/C
                         clock pessimism             -0.517     1.511    
    SLICE_X34Y10         FDRE (Hold_fdre_C_D)         0.134     1.645    triggerTimeTemp_reg[3]
  -------------------------------------------------------------------
                         required time                         -1.645    
                         arrival time                           1.932    
  -------------------------------------------------------------------
                         slack                                  0.287    

Slack (MET) :             0.287ns  (arrival time - required time)
  Source:                 triggerTimeTemp_reg[7]/C
                            (rising edge-triggered cell FDRE clocked by sysClk  {rise@0.000ns fall@10.000ns period=20.000ns})
  Destination:            triggerTimeTemp_reg[7]/D
                            (rising edge-triggered cell FDRE clocked by sysClk  {rise@0.000ns fall@10.000ns period=20.000ns})
  Path Group:             sysClk
  Path Type:              Hold (Min at Fast Process Corner)
  Requirement:            0.000ns  (sysClk rise@0.000ns - sysClk rise@0.000ns)
  Data Path Delay:        0.421ns  (logic 0.273ns (64.814%)  route 0.148ns (35.186%))
  Logic Levels:           2  (CARRY4=1 LUT4=1)
  Clock Path Skew:        0.000ns (DCD - SCD - CPR)
    Destination Clock Delay (DCD):    2.028ns
    Source Clock Delay      (SCD):    1.511ns
    Clock Pessimism Removal (CPR):    0.517ns

    Location             Delay type                Incr(ns)  Path(ns)    Netlist Resource(s)
  -------------------------------------------------------------------    -------------------
                         (clock sysClk rise edge)     0.000     0.000 r  
    U18                                               0.000     0.000 r  sysClk (IN)
                         net (fo=0)                   0.000     0.000    sysClk
    U18                  IBUF (Prop_ibuf_I_O)         0.297     0.297 r  sysClk_IBUF_inst/O
                         net (fo=1, routed)           0.627     0.925    sysClk_IBUF
    BUFGCTRL_X0Y2        BUFG (Prop_bufg_I_O)         0.026     0.951 r  sysClk_IBUF_BUFG_inst/O
                         net (fo=62, routed)          0.561     1.511    sysClk_IBUF_BUFG
    SLICE_X34Y11         FDRE                                         r  triggerTimeTemp_reg[7]/C
  -------------------------------------------------------------------    -------------------
    SLICE_X34Y11         FDRE (Prop_fdre_C_Q)         0.164     1.675 r  triggerTimeTemp_reg[7]/Q
                         net (fo=2, routed)           0.148     1.823    triggerTimeTemp_reg[7]
    SLICE_X34Y11         LUT4 (Prop_lut4_I3_O)        0.045     1.868 r  triggerTimeTemp[7]_i_6/O
                         net (fo=1, routed)           0.000     1.868    triggerTimeTemp[7]_i_6_n_0
    SLICE_X34Y11         CARRY4 (Prop_carry4_S[3]_O[3])
                                                      0.064     1.932 r  triggerTimeTemp_reg[7]_i_1/O[3]
                         net (fo=1, routed)           0.000     1.932    triggerTimeTemp_reg[7]_i_1_n_4
    SLICE_X34Y11         FDRE                                         r  triggerTimeTemp_reg[7]/D
  -------------------------------------------------------------------    -------------------

                         (clock sysClk rise edge)     0.000     0.000 r  
    U18                                               0.000     0.000 r  sysClk (IN)
                         net (fo=0)                   0.000     0.000    sysClk
    U18                  IBUF (Prop_ibuf_I_O)         0.486     0.486 r  sysClk_IBUF_inst/O
                         net (fo=1, routed)           0.683     1.169    sysClk_IBUF
    BUFGCTRL_X0Y2        BUFG (Prop_bufg_I_O)         0.029     1.198 r  sysClk_IBUF_BUFG_inst/O
                         net (fo=62, routed)          0.830     2.028    sysClk_IBUF_BUFG
    SLICE_X34Y11         FDRE                                         r  triggerTimeTemp_reg[7]/C
                         clock pessimism             -0.517     1.511    
    SLICE_X34Y11         FDRE (Hold_fdre_C_D)         0.134     1.645    triggerTimeTemp_reg[7]
  -------------------------------------------------------------------
                         required time                         -1.645    
                         arrival time                           1.932    
  -------------------------------------------------------------------
                         slack                                  0.287    

Slack (MET) :             0.288ns  (arrival time - required time)
  Source:                 triggerVoltTemp_reg[3]/C
                            (rising edge-triggered cell FDRE clocked by sysClk  {rise@0.000ns fall@10.000ns period=20.000ns})
  Destination:            triggerVoltTemp_reg[3]/D
                            (rising edge-triggered cell FDRE clocked by sysClk  {rise@0.000ns fall@10.000ns period=20.000ns})
  Path Group:             sysClk
  Path Type:              Hold (Min at Fast Process Corner)
  Requirement:            0.000ns  (sysClk rise@0.000ns - sysClk rise@0.000ns)
  Data Path Delay:        0.422ns  (logic 0.273ns (64.646%)  route 0.149ns (35.354%))
  Logic Levels:           2  (CARRY4=1 LUT4=1)
  Clock Path Skew:        0.000ns (DCD - SCD - CPR)
    Destination Clock Delay (DCD):    2.055ns
    Source Clock Delay      (SCD):    1.538ns
    Clock Pessimism Removal (CPR):    0.517ns

    Location             Delay type                Incr(ns)  Path(ns)    Netlist Resource(s)
  -------------------------------------------------------------------    -------------------
                         (clock sysClk rise edge)     0.000     0.000 r  
    U18                                               0.000     0.000 r  sysClk (IN)
                         net (fo=0)                   0.000     0.000    sysClk
    U18                  IBUF (Prop_ibuf_I_O)         0.297     0.297 r  sysClk_IBUF_inst/O
                         net (fo=1, routed)           0.627     0.925    sysClk_IBUF
    BUFGCTRL_X0Y2        BUFG (Prop_bufg_I_O)         0.026     0.951 r  sysClk_IBUF_BUFG_inst/O
                         net (fo=62, routed)          0.588     1.538    sysClk_IBUF_BUFG
    SLICE_X38Y10         FDRE                                         r  triggerVoltTemp_reg[3]/C
  -------------------------------------------------------------------    -------------------
    SLICE_X38Y10         FDRE (Prop_fdre_C_Q)         0.164     1.702 r  triggerVoltTemp_reg[3]/Q
                         net (fo=2, routed)           0.149     1.851    triggerVoltTemp_reg[3]
    SLICE_X38Y10         LUT4 (Prop_lut4_I2_O)        0.045     1.896 r  triggerVoltTemp[3]_i_5/O
                         net (fo=1, routed)           0.000     1.896    triggerVoltTemp[3]_i_5_n_0
    SLICE_X38Y10         CARRY4 (Prop_carry4_S[3]_O[3])
                                                      0.064     1.960 r  triggerVoltTemp_reg[3]_i_1/O[3]
                         net (fo=1, routed)           0.000     1.960    triggerVoltTemp_reg[3]_i_1_n_4
    SLICE_X38Y10         FDRE                                         r  triggerVoltTemp_reg[3]/D
  -------------------------------------------------------------------    -------------------

                         (clock sysClk rise edge)     0.000     0.000 r  
    U18                                               0.000     0.000 r  sysClk (IN)
                         net (fo=0)                   0.000     0.000    sysClk
    U18                  IBUF (Prop_ibuf_I_O)         0.486     0.486 r  sysClk_IBUF_inst/O
                         net (fo=1, routed)           0.683     1.169    sysClk_IBUF
    BUFGCTRL_X0Y2        BUFG (Prop_bufg_I_O)         0.029     1.198 r  sysClk_IBUF_BUFG_inst/O
                         net (fo=62, routed)          0.857     2.055    sysClk_IBUF_BUFG
    SLICE_X38Y10         FDRE                                         r  triggerVoltTemp_reg[3]/C
                         clock pessimism             -0.517     1.538    
    SLICE_X38Y10         FDRE (Hold_fdre_C_D)         0.134     1.672    triggerVoltTemp_reg[3]
  -------------------------------------------------------------------
                         required time                         -1.672    
                         arrival time                           1.960    
  -------------------------------------------------------------------
                         slack                                  0.288    

Slack (MET) :             0.288ns  (arrival time - required time)
  Source:                 triggerVoltTemp_reg[7]/C
                            (rising edge-triggered cell FDRE clocked by sysClk  {rise@0.000ns fall@10.000ns period=20.000ns})
  Destination:            triggerVoltTemp_reg[7]/D
                            (rising edge-triggered cell FDRE clocked by sysClk  {rise@0.000ns fall@10.000ns period=20.000ns})
  Path Group:             sysClk
  Path Type:              Hold (Min at Fast Process Corner)
  Requirement:            0.000ns  (sysClk rise@0.000ns - sysClk rise@0.000ns)
  Data Path Delay:        0.422ns  (logic 0.273ns (64.646%)  route 0.149ns (35.354%))
  Logic Levels:           2  (CARRY4=1 LUT4=1)
  Clock Path Skew:        0.000ns (DCD - SCD - CPR)
    Destination Clock Delay (DCD):    2.055ns
    Source Clock Delay      (SCD):    1.538ns
    Clock Pessimism Removal (CPR):    0.517ns

    Location             Delay type                Incr(ns)  Path(ns)    Netlist Resource(s)
  -------------------------------------------------------------------    -------------------
                         (clock sysClk rise edge)     0.000     0.000 r  
    U18                                               0.000     0.000 r  sysClk (IN)
                         net (fo=0)                   0.000     0.000    sysClk
    U18                  IBUF (Prop_ibuf_I_O)         0.297     0.297 r  sysClk_IBUF_inst/O
                         net (fo=1, routed)           0.627     0.925    sysClk_IBUF
    BUFGCTRL_X0Y2        BUFG (Prop_bufg_I_O)         0.026     0.951 r  sysClk_IBUF_BUFG_inst/O
                         net (fo=62, routed)          0.588     1.538    sysClk_IBUF_BUFG
    SLICE_X38Y11         FDRE                                         r  triggerVoltTemp_reg[7]/C
  -------------------------------------------------------------------    -------------------
    SLICE_X38Y11         FDRE (Prop_fdre_C_Q)         0.164     1.702 r  triggerVoltTemp_reg[7]/Q
                         net (fo=2, routed)           0.149     1.851    triggerVoltTemp_reg[7]
    SLICE_X38Y11         LUT4 (Prop_lut4_I3_O)        0.045     1.896 r  triggerVoltTemp[7]_i_6/O
                         net (fo=1, routed)           0.000     1.896    triggerVoltTemp[7]_i_6_n_0
    SLICE_X38Y11         CARRY4 (Prop_carry4_S[3]_O[3])
                                                      0.064     1.960 r  triggerVoltTemp_reg[7]_i_1/O[3]
                         net (fo=1, routed)           0.000     1.960    triggerVoltTemp_reg[7]_i_1_n_4
    SLICE_X38Y11         FDRE                                         r  triggerVoltTemp_reg[7]/D
  -------------------------------------------------------------------    -------------------

                         (clock sysClk rise edge)     0.000     0.000 r  
    U18                                               0.000     0.000 r  sysClk (IN)
                         net (fo=0)                   0.000     0.000    sysClk
    U18                  IBUF (Prop_ibuf_I_O)         0.486     0.486 r  sysClk_IBUF_inst/O
                         net (fo=1, routed)           0.683     1.169    sysClk_IBUF
    BUFGCTRL_X0Y2        BUFG (Prop_bufg_I_O)         0.029     1.198 r  sysClk_IBUF_BUFG_inst/O
                         net (fo=62, routed)          0.857     2.055    sysClk_IBUF_BUFG
    SLICE_X38Y11         FDRE                                         r  triggerVoltTemp_reg[7]/C
                         clock pessimism             -0.517     1.538    
    SLICE_X38Y11         FDRE (Hold_fdre_C_D)         0.134     1.672    triggerVoltTemp_reg[7]
  -------------------------------------------------------------------
                         required time                         -1.672    
                         arrival time                           1.960    
  -------------------------------------------------------------------
                         slack                                  0.288    

Slack (MET) :             0.304ns  (arrival time - required time)
  Source:                 triggerTimeTemp_reg[10]/C
                            (rising edge-triggered cell FDRE clocked by sysClk  {rise@0.000ns fall@10.000ns period=20.000ns})
  Destination:            triggerTime_reg[10]/D
                            (rising edge-triggered cell FDRE clocked by sysClk  {rise@0.000ns fall@10.000ns period=20.000ns})
  Path Group:             sysClk
  Path Type:              Hold (Min at Fast Process Corner)
  Requirement:            0.000ns  (sysClk rise@0.000ns - sysClk rise@0.000ns)
  Data Path Delay:        0.422ns  (logic 0.275ns (65.134%)  route 0.147ns (34.866%))
  Logic Levels:           2  (CARRY4=1 LUT4=1)
  Clock Path Skew:        0.013ns (DCD - SCD - CPR)
    Destination Clock Delay (DCD):    2.026ns
    Source Clock Delay      (SCD):    1.510ns
    Clock Pessimism Removal (CPR):    0.503ns

    Location             Delay type                Incr(ns)  Path(ns)    Netlist Resource(s)
  -------------------------------------------------------------------    -------------------
                         (clock sysClk rise edge)     0.000     0.000 r  
    U18                                               0.000     0.000 r  sysClk (IN)
                         net (fo=0)                   0.000     0.000    sysClk
    U18                  IBUF (Prop_ibuf_I_O)         0.297     0.297 r  sysClk_IBUF_inst/O
                         net (fo=1, routed)           0.627     0.925    sysClk_IBUF
    BUFGCTRL_X0Y2        BUFG (Prop_bufg_I_O)         0.026     0.951 r  sysClk_IBUF_BUFG_inst/O
                         net (fo=62, routed)          0.560     1.510    sysClk_IBUF_BUFG
    SLICE_X34Y12         FDRE                                         r  triggerTimeTemp_reg[10]/C
  -------------------------------------------------------------------    -------------------
    SLICE_X34Y12         FDRE (Prop_fdre_C_Q)         0.164     1.674 r  triggerTimeTemp_reg[10]/Q
                         net (fo=2, routed)           0.147     1.821    triggerTimeTemp_reg[10]
    SLICE_X35Y12         LUT4 (Prop_lut4_I3_O)        0.045     1.866 r  triggerTime[10]_i_4/O
                         net (fo=1, routed)           0.000     1.866    triggerTime[10]_i_4_n_0
    SLICE_X35Y12         CARRY4 (Prop_carry4_S[2]_O[2])
                                                      0.066     1.932 r  triggerTime_reg[10]_i_1/O[2]
                         net (fo=1, routed)           0.000     1.932    triggerTime_reg[10]_i_1_n_5
    SLICE_X35Y12         FDRE                                         r  triggerTime_reg[10]/D
  -------------------------------------------------------------------    -------------------

                         (clock sysClk rise edge)     0.000     0.000 r  
    U18                                               0.000     0.000 r  sysClk (IN)
                         net (fo=0)                   0.000     0.000    sysClk
    U18                  IBUF (Prop_ibuf_I_O)         0.486     0.486 r  sysClk_IBUF_inst/O
                         net (fo=1, routed)           0.683     1.169    sysClk_IBUF
    BUFGCTRL_X0Y2        BUFG (Prop_bufg_I_O)         0.029     1.198 r  sysClk_IBUF_BUFG_inst/O
                         net (fo=62, routed)          0.828     2.026    sysClk_IBUF_BUFG
    SLICE_X35Y12         FDRE                                         r  triggerTime_reg[10]/C
                         clock pessimism             -0.503     1.523    
    SLICE_X35Y12         FDRE (Hold_fdre_C_D)         0.105     1.628    triggerTime_reg[10]
  -------------------------------------------------------------------
                         required time                         -1.628    
                         arrival time                           1.932    
  -------------------------------------------------------------------
                         slack                                  0.304    

Slack (MET) :             0.319ns  (arrival time - required time)
  Source:                 triggerTimeTemp_reg[0]/C
                            (rising edge-triggered cell FDRE clocked by sysClk  {rise@0.000ns fall@10.000ns period=20.000ns})
  Destination:            triggerTimeTemp_reg[0]/D
                            (rising edge-triggered cell FDRE clocked by sysClk  {rise@0.000ns fall@10.000ns period=20.000ns})
  Path Group:             sysClk
  Path Type:              Hold (Min at Fast Process Corner)
  Requirement:            0.000ns  (sysClk rise@0.000ns - sysClk rise@0.000ns)
  Data Path Delay:        0.453ns  (logic 0.279ns (61.561%)  route 0.174ns (38.439%))
  Logic Levels:           2  (CARRY4=1 LUT2=1)
  Clock Path Skew:        0.000ns (DCD - SCD - CPR)
    Destination Clock Delay (DCD):    2.028ns
    Source Clock Delay      (SCD):    1.511ns
    Clock Pessimism Removal (CPR):    0.517ns

    Location             Delay type                Incr(ns)  Path(ns)    Netlist Resource(s)
  -------------------------------------------------------------------    -------------------
                         (clock sysClk rise edge)     0.000     0.000 r  
    U18                                               0.000     0.000 r  sysClk (IN)
                         net (fo=0)                   0.000     0.000    sysClk
    U18                  IBUF (Prop_ibuf_I_O)         0.297     0.297 r  sysClk_IBUF_inst/O
                         net (fo=1, routed)           0.627     0.925    sysClk_IBUF
    BUFGCTRL_X0Y2        BUFG (Prop_bufg_I_O)         0.026     0.951 r  sysClk_IBUF_BUFG_inst/O
                         net (fo=62, routed)          0.561     1.511    sysClk_IBUF_BUFG
    SLICE_X34Y10         FDRE                                         r  triggerTimeTemp_reg[0]/C
  -------------------------------------------------------------------    -------------------
    SLICE_X34Y10         FDRE (Prop_fdre_C_Q)         0.164     1.675 r  triggerTimeTemp_reg[0]/Q
                         net (fo=2, routed)           0.174     1.849    triggerTimeTemp_reg[0]
    SLICE_X34Y10         LUT2 (Prop_lut2_I1_O)        0.045     1.894 r  triggerTimeTemp[3]_i_8/O
                         net (fo=1, routed)           0.000     1.894    triggerTimeTemp[3]_i_8_n_0
    SLICE_X34Y10         CARRY4 (Prop_carry4_S[0]_O[0])
                                                      0.070     1.964 r  triggerTimeTemp_reg[3]_i_1/O[0]
                         net (fo=1, routed)           0.000     1.964    triggerTimeTemp_reg[3]_i_1_n_7
    SLICE_X34Y10         FDRE                                         r  triggerTimeTemp_reg[0]/D
  -------------------------------------------------------------------    -------------------

                         (clock sysClk rise edge)     0.000     0.000 r  
    U18                                               0.000     0.000 r  sysClk (IN)
                         net (fo=0)                   0.000     0.000    sysClk
    U18                  IBUF (Prop_ibuf_I_O)         0.486     0.486 r  sysClk_IBUF_inst/O
                         net (fo=1, routed)           0.683     1.169    sysClk_IBUF
    BUFGCTRL_X0Y2        BUFG (Prop_bufg_I_O)         0.029     1.198 r  sysClk_IBUF_BUFG_inst/O
                         net (fo=62, routed)          0.830     2.028    sysClk_IBUF_BUFG
    SLICE_X34Y10         FDRE                                         r  triggerTimeTemp_reg[0]/C
                         clock pessimism             -0.517     1.511    
    SLICE_X34Y10         FDRE (Hold_fdre_C_D)         0.134     1.645    triggerTimeTemp_reg[0]
  -------------------------------------------------------------------
                         required time                         -1.645    
                         arrival time                           1.964    
  -------------------------------------------------------------------
                         slack                                  0.319    

Slack (MET) :             0.319ns  (arrival time - required time)
  Source:                 triggerTimeTemp_reg[4]/C
                            (rising edge-triggered cell FDRE clocked by sysClk  {rise@0.000ns fall@10.000ns period=20.000ns})
  Destination:            triggerTimeTemp_reg[4]/D
                            (rising edge-triggered cell FDRE clocked by sysClk  {rise@0.000ns fall@10.000ns period=20.000ns})
  Path Group:             sysClk
  Path Type:              Hold (Min at Fast Process Corner)
  Requirement:            0.000ns  (sysClk rise@0.000ns - sysClk rise@0.000ns)
  Data Path Delay:        0.453ns  (logic 0.279ns (61.561%)  route 0.174ns (38.439%))
  Logic Levels:           2  (CARRY4=1 LUT4=1)
  Clock Path Skew:        0.000ns (DCD - SCD - CPR)
    Destination Clock Delay (DCD):    2.028ns
    Source Clock Delay      (SCD):    1.511ns
    Clock Pessimism Removal (CPR):    0.517ns

    Location             Delay type                Incr(ns)  Path(ns)    Netlist Resource(s)
  -------------------------------------------------------------------    -------------------
                         (clock sysClk rise edge)     0.000     0.000 r  
    U18                                               0.000     0.000 r  sysClk (IN)
                         net (fo=0)                   0.000     0.000    sysClk
    U18                  IBUF (Prop_ibuf_I_O)         0.297     0.297 r  sysClk_IBUF_inst/O
                         net (fo=1, routed)           0.627     0.925    sysClk_IBUF
    BUFGCTRL_X0Y2        BUFG (Prop_bufg_I_O)         0.026     0.951 r  sysClk_IBUF_BUFG_inst/O
                         net (fo=62, routed)          0.561     1.511    sysClk_IBUF_BUFG
    SLICE_X34Y11         FDRE                                         r  triggerTimeTemp_reg[4]/C
  -------------------------------------------------------------------    -------------------
    SLICE_X34Y11         FDRE (Prop_fdre_C_Q)         0.164     1.675 r  triggerTimeTemp_reg[4]/Q
                         net (fo=2, routed)           0.174     1.849    triggerTimeTemp_reg[4]
    SLICE_X34Y11         LUT4 (Prop_lut4_I3_O)        0.045     1.894 r  triggerTimeTemp[7]_i_9/O
                         net (fo=1, routed)           0.000     1.894    triggerTimeTemp[7]_i_9_n_0
    SLICE_X34Y11         CARRY4 (Prop_carry4_S[0]_O[0])
                                                      0.070     1.964 r  triggerTimeTemp_reg[7]_i_1/O[0]
                         net (fo=1, routed)           0.000     1.964    triggerTimeTemp_reg[7]_i_1_n_7
    SLICE_X34Y11         FDRE                                         r  triggerTimeTemp_reg[4]/D
  -------------------------------------------------------------------    -------------------

                         (clock sysClk rise edge)     0.000     0.000 r  
    U18                                               0.000     0.000 r  sysClk (IN)
                         net (fo=0)                   0.000     0.000    sysClk
    U18                  IBUF (Prop_ibuf_I_O)         0.486     0.486 r  sysClk_IBUF_inst/O
                         net (fo=1, routed)           0.683     1.169    sysClk_IBUF
    BUFGCTRL_X0Y2        BUFG (Prop_bufg_I_O)         0.029     1.198 r  sysClk_IBUF_BUFG_inst/O
                         net (fo=62, routed)          0.830     2.028    sysClk_IBUF_BUFG
    SLICE_X34Y11         FDRE                                         r  triggerTimeTemp_reg[4]/C
                         clock pessimism             -0.517     1.511    
    SLICE_X34Y11         FDRE (Hold_fdre_C_D)         0.134     1.645    triggerTimeTemp_reg[4]
  -------------------------------------------------------------------
                         required time                         -1.645    
                         arrival time                           1.964    
  -------------------------------------------------------------------
                         slack                                  0.319    

Slack (MET) :             0.319ns  (arrival time - required time)
  Source:                 triggerTimeTemp_reg[8]/C
                            (rising edge-triggered cell FDRE clocked by sysClk  {rise@0.000ns fall@10.000ns period=20.000ns})
  Destination:            triggerTimeTemp_reg[8]/D
                            (rising edge-triggered cell FDRE clocked by sysClk  {rise@0.000ns fall@10.000ns period=20.000ns})
  Path Group:             sysClk
  Path Type:              Hold (Min at Fast Process Corner)
  Requirement:            0.000ns  (sysClk rise@0.000ns - sysClk rise@0.000ns)
  Data Path Delay:        0.453ns  (logic 0.279ns (61.561%)  route 0.174ns (38.439%))
  Logic Levels:           2  (CARRY4=1 LUT4=1)
  Clock Path Skew:        0.000ns (DCD - SCD - CPR)
    Destination Clock Delay (DCD):    2.026ns
    Source Clock Delay      (SCD):    1.510ns
    Clock Pessimism Removal (CPR):    0.516ns

    Location             Delay type                Incr(ns)  Path(ns)    Netlist Resource(s)
  -------------------------------------------------------------------    -------------------
                         (clock sysClk rise edge)     0.000     0.000 r  
    U18                                               0.000     0.000 r  sysClk (IN)
                         net (fo=0)                   0.000     0.000    sysClk
    U18                  IBUF (Prop_ibuf_I_O)         0.297     0.297 r  sysClk_IBUF_inst/O
                         net (fo=1, routed)           0.627     0.925    sysClk_IBUF
    BUFGCTRL_X0Y2        BUFG (Prop_bufg_I_O)         0.026     0.951 r  sysClk_IBUF_BUFG_inst/O
                         net (fo=62, routed)          0.560     1.510    sysClk_IBUF_BUFG
    SLICE_X34Y12         FDRE                                         r  triggerTimeTemp_reg[8]/C
  -------------------------------------------------------------------    -------------------
    SLICE_X34Y12         FDRE (Prop_fdre_C_Q)         0.164     1.674 r  triggerTimeTemp_reg[8]/Q
                         net (fo=2, routed)           0.174     1.848    triggerTimeTemp_reg[8]
    SLICE_X34Y12         LUT4 (Prop_lut4_I3_O)        0.045     1.893 r  triggerTimeTemp[10]_i_6/O
                         net (fo=1, routed)           0.000     1.893    triggerTimeTemp[10]_i_6_n_0
    SLICE_X34Y12         CARRY4 (Prop_carry4_S[0]_O[0])
                                                      0.070     1.963 r  triggerTimeTemp_reg[10]_i_1/O[0]
                         net (fo=1, routed)           0.000     1.963    triggerTimeTemp_reg[10]_i_1_n_7
    SLICE_X34Y12         FDRE                                         r  triggerTimeTemp_reg[8]/D
  -------------------------------------------------------------------    -------------------

                         (clock sysClk rise edge)     0.000     0.000 r  
    U18                                               0.000     0.000 r  sysClk (IN)
                         net (fo=0)                   0.000     0.000    sysClk
    U18                  IBUF (Prop_ibuf_I_O)         0.486     0.486 r  sysClk_IBUF_inst/O
                         net (fo=1, routed)           0.683     1.169    sysClk_IBUF
    BUFGCTRL_X0Y2        BUFG (Prop_bufg_I_O)         0.029     1.198 r  sysClk_IBUF_BUFG_inst/O
                         net (fo=62, routed)          0.828     2.026    sysClk_IBUF_BUFG
    SLICE_X34Y12         FDRE                                         r  triggerTimeTemp_reg[8]/C
                         clock pessimism             -0.516     1.510    
    SLICE_X34Y12         FDRE (Hold_fdre_C_D)         0.134     1.644    triggerTimeTemp_reg[8]
  -------------------------------------------------------------------
                         required time                         -1.644    
                         arrival time                           1.963    
  -------------------------------------------------------------------
                         slack                                  0.319    

Slack (MET) :             0.320ns  (arrival time - required time)
  Source:                 triggerVoltTemp_reg[4]/C
                            (rising edge-triggered cell FDRE clocked by sysClk  {rise@0.000ns fall@10.000ns period=20.000ns})
  Destination:            triggerVoltTemp_reg[4]/D
                            (rising edge-triggered cell FDRE clocked by sysClk  {rise@0.000ns fall@10.000ns period=20.000ns})
  Path Group:             sysClk
  Path Type:              Hold (Min at Fast Process Corner)
  Requirement:            0.000ns  (sysClk rise@0.000ns - sysClk rise@0.000ns)
  Data Path Delay:        0.454ns  (logic 0.279ns (61.421%)  route 0.175ns (38.579%))
  Logic Levels:           2  (CARRY4=1 LUT4=1)
  Clock Path Skew:        0.000ns (DCD - SCD - CPR)
    Destination Clock Delay (DCD):    2.055ns
    Source Clock Delay      (SCD):    1.538ns
    Clock Pessimism Removal (CPR):    0.517ns

    Location             Delay type                Incr(ns)  Path(ns)    Netlist Resource(s)
  -------------------------------------------------------------------    -------------------
                         (clock sysClk rise edge)     0.000     0.000 r  
    U18                                               0.000     0.000 r  sysClk (IN)
                         net (fo=0)                   0.000     0.000    sysClk
    U18                  IBUF (Prop_ibuf_I_O)         0.297     0.297 r  sysClk_IBUF_inst/O
                         net (fo=1, routed)           0.627     0.925    sysClk_IBUF
    BUFGCTRL_X0Y2        BUFG (Prop_bufg_I_O)         0.026     0.951 r  sysClk_IBUF_BUFG_inst/O
                         net (fo=62, routed)          0.588     1.538    sysClk_IBUF_BUFG
    SLICE_X38Y11         FDRE                                         r  triggerVoltTemp_reg[4]/C
  -------------------------------------------------------------------    -------------------
    SLICE_X38Y11         FDRE (Prop_fdre_C_Q)         0.164     1.702 r  triggerVoltTemp_reg[4]/Q
                         net (fo=2, routed)           0.175     1.877    triggerVoltTemp_reg[4]
    SLICE_X38Y11         LUT4 (Prop_lut4_I3_O)        0.045     1.922 r  triggerVoltTemp[7]_i_9/O
                         net (fo=1, routed)           0.000     1.922    triggerVoltTemp[7]_i_9_n_0
    SLICE_X38Y11         CARRY4 (Prop_carry4_S[0]_O[0])
                                                      0.070     1.992 r  triggerVoltTemp_reg[7]_i_1/O[0]
                         net (fo=1, routed)           0.000     1.992    triggerVoltTemp_reg[7]_i_1_n_7
    SLICE_X38Y11         FDRE                                         r  triggerVoltTemp_reg[4]/D
  -------------------------------------------------------------------    -------------------

                         (clock sysClk rise edge)     0.000     0.000 r  
    U18                                               0.000     0.000 r  sysClk (IN)
                         net (fo=0)                   0.000     0.000    sysClk
    U18                  IBUF (Prop_ibuf_I_O)         0.486     0.486 r  sysClk_IBUF_inst/O
                         net (fo=1, routed)           0.683     1.169    sysClk_IBUF
    BUFGCTRL_X0Y2        BUFG (Prop_bufg_I_O)         0.029     1.198 r  sysClk_IBUF_BUFG_inst/O
                         net (fo=62, routed)          0.857     2.055    sysClk_IBUF_BUFG
    SLICE_X38Y11         FDRE                                         r  triggerVoltTemp_reg[4]/C
                         clock pessimism             -0.517     1.538    
    SLICE_X38Y11         FDRE (Hold_fdre_C_D)         0.134     1.672    triggerVoltTemp_reg[4]
  -------------------------------------------------------------------
                         required time                         -1.672    
                         arrival time                           1.992    
  -------------------------------------------------------------------
                         slack                                  0.320    

Slack (MET) :             0.320ns  (arrival time - required time)
  Source:                 triggerVoltTemp_reg[0]/C
                            (rising edge-triggered cell FDRE clocked by sysClk  {rise@0.000ns fall@10.000ns period=20.000ns})
  Destination:            triggerVoltTemp_reg[0]/D
                            (rising edge-triggered cell FDRE clocked by sysClk  {rise@0.000ns fall@10.000ns period=20.000ns})
  Path Group:             sysClk
  Path Type:              Hold (Min at Fast Process Corner)
  Requirement:            0.000ns  (sysClk rise@0.000ns - sysClk rise@0.000ns)
  Data Path Delay:        0.454ns  (logic 0.279ns (61.413%)  route 0.175ns (38.587%))
  Logic Levels:           2  (CARRY4=1 LUT2=1)
  Clock Path Skew:        0.000ns (DCD - SCD - CPR)
    Destination Clock Delay (DCD):    2.055ns
    Source Clock Delay      (SCD):    1.538ns
    Clock Pessimism Removal (CPR):    0.517ns

    Location             Delay type                Incr(ns)  Path(ns)    Netlist Resource(s)
  -------------------------------------------------------------------    -------------------
                         (clock sysClk rise edge)     0.000     0.000 r  
    U18                                               0.000     0.000 r  sysClk (IN)
                         net (fo=0)                   0.000     0.000    sysClk
    U18                  IBUF (Prop_ibuf_I_O)         0.297     0.297 r  sysClk_IBUF_inst/O
                         net (fo=1, routed)           0.627     0.925    sysClk_IBUF
    BUFGCTRL_X0Y2        BUFG (Prop_bufg_I_O)         0.026     0.951 r  sysClk_IBUF_BUFG_inst/O
                         net (fo=62, routed)          0.588     1.538    sysClk_IBUF_BUFG
    SLICE_X38Y10         FDRE                                         r  triggerVoltTemp_reg[0]/C
  -------------------------------------------------------------------    -------------------
    SLICE_X38Y10         FDRE (Prop_fdre_C_Q)         0.164     1.702 r  triggerVoltTemp_reg[0]/Q
                         net (fo=2, routed)           0.175     1.877    triggerVoltTemp_reg[0]
    SLICE_X38Y10         LUT2 (Prop_lut2_I1_O)        0.045     1.922 r  triggerVoltTemp[3]_i_8/O
                         net (fo=1, routed)           0.000     1.922    triggerVoltTemp[3]_i_8_n_0
    SLICE_X38Y10         CARRY4 (Prop_carry4_S[0]_O[0])
                                                      0.070     1.992 r  triggerVoltTemp_reg[3]_i_1/O[0]
                         net (fo=1, routed)           0.000     1.992    triggerVoltTemp_reg[3]_i_1_n_7
    SLICE_X38Y10         FDRE                                         r  triggerVoltTemp_reg[0]/D
  -------------------------------------------------------------------    -------------------

                         (clock sysClk rise edge)     0.000     0.000 r  
    U18                                               0.000     0.000 r  sysClk (IN)
                         net (fo=0)                   0.000     0.000    sysClk
    U18                  IBUF (Prop_ibuf_I_O)         0.486     0.486 r  sysClk_IBUF_inst/O
                         net (fo=1, routed)           0.683     1.169    sysClk_IBUF
    BUFGCTRL_X0Y2        BUFG (Prop_bufg_I_O)         0.029     1.198 r  sysClk_IBUF_BUFG_inst/O
                         net (fo=62, routed)          0.857     2.055    sysClk_IBUF_BUFG
    SLICE_X38Y10         FDRE                                         r  triggerVoltTemp_reg[0]/C
                         clock pessimism             -0.517     1.538    
    SLICE_X38Y10         FDRE (Hold_fdre_C_D)         0.134     1.672    triggerVoltTemp_reg[0]
  -------------------------------------------------------------------
                         required time                         -1.672    
                         arrival time                           1.992    
  -------------------------------------------------------------------
                         slack                                  0.320    





Pulse Width Checks
--------------------------------------------------------------------------------------
Clock Name:         sysClk
Waveform(ns):       { 0.000 10.000 }
Period(ns):         20.000
Sources:            { sysClk }

Check Type        Corner  Lib Pin  Reference Pin  Required(ns)  Actual(ns)  Slack(ns)  Location       Pin
Min Period        n/a     BUFG/I   n/a            2.155         20.000      17.845     BUFGCTRL_X0Y2  sysClk_IBUF_BUFG_inst/I
Min Period        n/a     FDRE/C   n/a            1.000         20.000      19.000     SLICE_X33Y11   btnTemp_reg[0]/C
Min Period        n/a     FDRE/C   n/a            1.000         20.000      19.000     SLICE_X33Y11   btnTemp_reg[1]/C
Min Period        n/a     FDRE/C   n/a            1.000         20.000      19.000     SLICE_X33Y11   btnTemp_reg[2]/C
Min Period        n/a     FDRE/C   n/a            1.000         20.000      19.000     SLICE_X34Y10   triggerTimeTemp_reg[0]/C
Min Period        n/a     FDRE/C   n/a            1.000         20.000      19.000     SLICE_X34Y12   triggerTimeTemp_reg[10]/C
Min Period        n/a     FDRE/C   n/a            1.000         20.000      19.000     SLICE_X34Y10   triggerTimeTemp_reg[1]/C
Min Period        n/a     FDRE/C   n/a            1.000         20.000      19.000     SLICE_X34Y10   triggerTimeTemp_reg[2]/C
Min Period        n/a     FDRE/C   n/a            1.000         20.000      19.000     SLICE_X34Y10   triggerTimeTemp_reg[3]/C
Min Period        n/a     FDRE/C   n/a            1.000         20.000      19.000     SLICE_X34Y11   triggerTimeTemp_reg[4]/C
Low Pulse Width   Slow    FDRE/C   n/a            0.500         10.000      9.500      SLICE_X33Y11   btnTemp_reg[0]/C
Low Pulse Width   Fast    FDRE/C   n/a            0.500         10.000      9.500      SLICE_X33Y11   btnTemp_reg[0]/C
Low Pulse Width   Slow    FDRE/C   n/a            0.500         10.000      9.500      SLICE_X33Y11   btnTemp_reg[1]/C
Low Pulse Width   Fast    FDRE/C   n/a            0.500         10.000      9.500      SLICE_X33Y11   btnTemp_reg[1]/C
Low Pulse Width   Slow    FDRE/C   n/a            0.500         10.000      9.500      SLICE_X33Y11   btnTemp_reg[2]/C
Low Pulse Width   Fast    FDRE/C   n/a            0.500         10.000      9.500      SLICE_X33Y11   btnTemp_reg[2]/C
Low Pulse Width   Slow    FDRE/C   n/a            0.500         10.000      9.500      SLICE_X34Y10   triggerTimeTemp_reg[0]/C
Low Pulse Width   Fast    FDRE/C   n/a            0.500         10.000      9.500      SLICE_X34Y10   triggerTimeTemp_reg[0]/C
Low Pulse Width   Slow    FDRE/C   n/a            0.500         10.000      9.500      SLICE_X34Y12   triggerTimeTemp_reg[10]/C
Low Pulse Width   Fast    FDRE/C   n/a            0.500         10.000      9.500      SLICE_X34Y12   triggerTimeTemp_reg[10]/C
High Pulse Width  Slow    FDRE/C   n/a            0.500         10.000      9.500      SLICE_X33Y11   btnTemp_reg[0]/C
High Pulse Width  Fast    FDRE/C   n/a            0.500         10.000      9.500      SLICE_X33Y11   btnTemp_reg[0]/C
High Pulse Width  Slow    FDRE/C   n/a            0.500         10.000      9.500      SLICE_X33Y11   btnTemp_reg[1]/C
High Pulse Width  Fast    FDRE/C   n/a            0.500         10.000      9.500      SLICE_X33Y11   btnTemp_reg[1]/C
High Pulse Width  Slow    FDRE/C   n/a            0.500         10.000      9.500      SLICE_X33Y11   btnTemp_reg[2]/C
High Pulse Width  Fast    FDRE/C   n/a            0.500         10.000      9.500      SLICE_X33Y11   btnTemp_reg[2]/C
High Pulse Width  Slow    FDRE/C   n/a            0.500         10.000      9.500      SLICE_X34Y10   triggerTimeTemp_reg[0]/C
High Pulse Width  Fast    FDRE/C   n/a            0.500         10.000      9.500      SLICE_X34Y10   triggerTimeTemp_reg[0]/C
High Pulse Width  Slow    FDRE/C   n/a            0.500         10.000      9.500      SLICE_X34Y12   triggerTimeTemp_reg[10]/C
High Pulse Width  Fast    FDRE/C   n/a            0.500         10.000      9.500      SLICE_X34Y12   triggerTimeTemp_reg[10]/C



---------------------------------------------------------------------------------------------------
From Clock:  vc/inst/clk_in1
  To Clock:  vc/inst/clk_in1

Setup :           NA  Failing Endpoints,  Worst Slack           NA  ,  Total Violation           NA
Hold  :           NA  Failing Endpoints,  Worst Slack           NA  ,  Total Violation           NA
PW    :            0  Failing Endpoints,  Worst Slack        7.000ns,  Total Violation        0.000ns
---------------------------------------------------------------------------------------------------


Pulse Width Checks
--------------------------------------------------------------------------------------
Clock Name:         vc/inst/clk_in1
Waveform(ns):       { 0.000 10.000 }
Period(ns):         20.000
Sources:            { vc/inst/clk_in1 }

Check Type        Corner  Lib Pin            Reference Pin  Required(ns)  Actual(ns)  Slack(ns)  Location         Pin
Min Period        n/a     MMCME2_ADV/CLKIN1  n/a            1.249         20.000      18.751     MMCME2_ADV_X0Y0  vc/inst/mmcm_adv_inst/CLKIN1
Max Period        n/a     MMCME2_ADV/CLKIN1  n/a            100.000       20.000      80.000     MMCME2_ADV_X0Y0  vc/inst/mmcm_adv_inst/CLKIN1
Low Pulse Width   Slow    MMCME2_ADV/CLKIN1  n/a            3.000         10.000      7.000      MMCME2_ADV_X0Y0  vc/inst/mmcm_adv_inst/CLKIN1
Low Pulse Width   Fast    MMCME2_ADV/CLKIN1  n/a            3.000         10.000      7.000      MMCME2_ADV_X0Y0  vc/inst/mmcm_adv_inst/CLKIN1
High Pulse Width  Slow    MMCME2_ADV/CLKIN1  n/a            3.000         10.000      7.000      MMCME2_ADV_X0Y0  vc/inst/mmcm_adv_inst/CLKIN1
High Pulse Width  Fast    MMCME2_ADV/CLKIN1  n/a            3.000         10.000      7.000      MMCME2_ADV_X0Y0  vc/inst/mmcm_adv_inst/CLKIN1



---------------------------------------------------------------------------------------------------
From Clock:  clk_out1_clk_wiz_0
  To Clock:  clk_out1_clk_wiz_0

Setup :            0  Failing Endpoints,  Worst Slack        4.660ns,  Total Violation        0.000ns
Hold  :            0  Failing Endpoints,  Worst Slack        0.166ns,  Total Violation        0.000ns
PW    :            0  Failing Endpoints,  Worst Slack        5.757ns,  Total Violation        0.000ns
---------------------------------------------------------------------------------------------------


Max Delay Paths
--------------------------------------------------------------------------------------
Slack (MET) :             4.660ns  (required time - arrival time)
  Source:                 vsg/pixelHorz_reg[0]/C
                            (rising edge-triggered cell FDRE clocked by clk_out1_clk_wiz_0  {rise@0.000ns fall@6.737ns period=13.474ns})
  Destination:            sf/blue_reg[6]/D
                            (rising edge-triggered cell FDRE clocked by clk_out1_clk_wiz_0  {rise@0.000ns fall@6.737ns period=13.474ns})
  Path Group:             clk_out1_clk_wiz_0
  Path Type:              Setup (Max at Slow Process Corner)
  Requirement:            13.474ns  (clk_out1_clk_wiz_0 rise@13.474ns - clk_out1_clk_wiz_0 rise@0.000ns)
  Data Path Delay:        8.586ns  (logic 1.563ns (18.204%)  route 7.023ns (81.796%))
  Logic Levels:           6  (LUT2=1 LUT5=1 LUT6=4)
  Clock Path Skew:        -0.026ns (DCD - SCD + CPR)
    Destination Clock Delay (DCD):    4.753ns = ( 18.227 - 13.474 ) 
    Source Clock Delay      (SCD):    5.291ns
    Clock Pessimism Removal (CPR):    0.512ns
  Clock Uncertainty:      0.234ns  ((TSJ^2 + DJ^2)^1/2) / 2 + PE
    Total System Jitter     (TSJ):    0.071ns
    Discrete Jitter          (DJ):    0.462ns
    Phase Error              (PE):    0.000ns

    Location             Delay type                Incr(ns)  Path(ns)    Netlist Resource(s)
  -------------------------------------------------------------------    -------------------
                         (clock clk_out1_clk_wiz_0 rise edge)
                                                      0.000     0.000 r  
    BUFGCTRL_X0Y2        BUFG                         0.000     0.000 r  sysClk_IBUF_BUFG_inst/O
                         net (fo=62, routed)          1.677     1.677    vc/inst/clk_in1
    MMCME2_ADV_X0Y0      MMCME2_ADV (Prop_mmcme2_adv_CLKIN1_CLKOUT0)
                                                      0.000     1.677 r  vc/inst/mmcm_adv_inst/CLKOUT0
                         net (fo=1, routed)           1.760     3.437    vc/inst/clk_out1_clk_wiz_0
    BUFGCTRL_X0Y0        BUFG (Prop_bufg_I_O)         0.101     3.538 r  vc/inst/clkout1_buf/O
                         net (fo=221, routed)         1.753     5.291    vsg/CLK
    SLICE_X36Y2          FDRE                                         r  vsg/pixelHorz_reg[0]/C
  -------------------------------------------------------------------    -------------------
    SLICE_X36Y2          FDRE (Prop_fdre_C_Q)         0.419     5.710 f  vsg/pixelHorz_reg[0]/Q
                         net (fo=23, routed)          1.587     7.297    vsg/pixelHorz_reg[10]_0[0]
    SLICE_X32Y2          LUT2 (Prop_lut2_I1_O)        0.320     7.617 f  vsg/blue[7]_i_13/O
                         net (fo=5, routed)           1.695     9.312    vsg/blue[7]_i_13_n_0
    SLICE_X32Y5          LUT6 (Prop_lut6_I1_O)        0.328     9.640 r  vsg/red[6]_i_88/O
                         net (fo=1, routed)           0.670    10.310    vsg/red[6]_i_88_n_0
    SLICE_X32Y5          LUT6 (Prop_lut6_I1_O)        0.124    10.434 r  vsg/red[6]_i_36/O
                         net (fo=1, routed)           0.800    11.235    vsg/red[6]_i_36_n_0
    SLICE_X33Y3          LUT6 (Prop_lut6_I3_O)        0.124    11.359 r  vsg/red[6]_i_13/O
                         net (fo=1, routed)           1.085    12.443    vsg/red[6]_i_13_n_0
    SLICE_X40Y4          LUT6 (Prop_lut6_I5_O)        0.124    12.567 r  vsg/red[6]_i_3/O
                         net (fo=3, routed)           1.185    13.753    vsg/sf/grid
    SLICE_X37Y6          LUT5 (Prop_lut5_I4_O)        0.124    13.877 r  vsg/blue[6]_i_1/O
                         net (fo=1, routed)           0.000    13.877    sf/blue_reg[6]_0[0]
    SLICE_X37Y6          FDRE                                         r  sf/blue_reg[6]/D
  -------------------------------------------------------------------    -------------------

                         (clock clk_out1_clk_wiz_0 rise edge)
                                                     13.474    13.474 r  
    BUFGCTRL_X0Y2        BUFG                         0.000    13.474 r  sysClk_IBUF_BUFG_inst/O
                         net (fo=62, routed)          1.487    14.961    vc/inst/clk_in1
    MMCME2_ADV_X0Y0      MMCME2_ADV (Prop_mmcme2_adv_CLKIN1_CLKOUT0)
                                                      0.000    14.961 r  vc/inst/mmcm_adv_inst/CLKOUT0
                         net (fo=1, routed)           1.599    16.560    vc/inst/clk_out1_clk_wiz_0
    BUFGCTRL_X0Y0        BUFG (Prop_bufg_I_O)         0.091    16.651 r  vc/inst/clkout1_buf/O
                         net (fo=221, routed)         1.575    18.227    sf/CLK
    SLICE_X37Y6          FDRE                                         r  sf/blue_reg[6]/C
                         clock pessimism              0.512    18.739    
                         clock uncertainty           -0.234    18.505    
    SLICE_X37Y6          FDRE (Setup_fdre_C_D)        0.032    18.537    sf/blue_reg[6]
  -------------------------------------------------------------------
                         required time                         18.537    
                         arrival time                         -13.877    
  -------------------------------------------------------------------
                         slack                                  4.660    

Slack (MET) :             4.799ns  (required time - arrival time)
  Source:                 vsg/pixelHorz_reg[0]/C
                            (rising edge-triggered cell FDRE clocked by clk_out1_clk_wiz_0  {rise@0.000ns fall@6.737ns period=13.474ns})
  Destination:            sf/red_reg[6]/D
                            (rising edge-triggered cell FDRE clocked by clk_out1_clk_wiz_0  {rise@0.000ns fall@6.737ns period=13.474ns})
  Path Group:             clk_out1_clk_wiz_0
  Path Type:              Setup (Max at Slow Process Corner)
  Requirement:            13.474ns  (clk_out1_clk_wiz_0 rise@13.474ns - clk_out1_clk_wiz_0 rise@0.000ns)
  Data Path Delay:        8.444ns  (logic 1.563ns (18.509%)  route 6.881ns (81.490%))
  Logic Levels:           6  (LUT2=1 LUT6=5)
  Clock Path Skew:        -0.027ns (DCD - SCD + CPR)
    Destination Clock Delay (DCD):    4.752ns = ( 18.226 - 13.474 ) 
    Source Clock Delay      (SCD):    5.291ns
    Clock Pessimism Removal (CPR):    0.512ns
  Clock Uncertainty:      0.234ns  ((TSJ^2 + DJ^2)^1/2) / 2 + PE
    Total System Jitter     (TSJ):    0.071ns
    Discrete Jitter          (DJ):    0.462ns
    Phase Error              (PE):    0.000ns

    Location             Delay type                Incr(ns)  Path(ns)    Netlist Resource(s)
  -------------------------------------------------------------------    -------------------
                         (clock clk_out1_clk_wiz_0 rise edge)
                                                      0.000     0.000 r  
    BUFGCTRL_X0Y2        BUFG                         0.000     0.000 r  sysClk_IBUF_BUFG_inst/O
                         net (fo=62, routed)          1.677     1.677    vc/inst/clk_in1
    MMCME2_ADV_X0Y0      MMCME2_ADV (Prop_mmcme2_adv_CLKIN1_CLKOUT0)
                                                      0.000     1.677 r  vc/inst/mmcm_adv_inst/CLKOUT0
                         net (fo=1, routed)           1.760     3.437    vc/inst/clk_out1_clk_wiz_0
    BUFGCTRL_X0Y0        BUFG (Prop_bufg_I_O)         0.101     3.538 r  vc/inst/clkout1_buf/O
                         net (fo=221, routed)         1.753     5.291    vsg/CLK
    SLICE_X36Y2          FDRE                                         r  vsg/pixelHorz_reg[0]/C
  -------------------------------------------------------------------    -------------------
    SLICE_X36Y2          FDRE (Prop_fdre_C_Q)         0.419     5.710 f  vsg/pixelHorz_reg[0]/Q
                         net (fo=23, routed)          1.587     7.297    vsg/pixelHorz_reg[10]_0[0]
    SLICE_X32Y2          LUT2 (Prop_lut2_I1_O)        0.320     7.617 f  vsg/blue[7]_i_13/O
                         net (fo=5, routed)           1.695     9.312    vsg/blue[7]_i_13_n_0
    SLICE_X32Y5          LUT6 (Prop_lut6_I1_O)        0.328     9.640 r  vsg/red[6]_i_88/O
                         net (fo=1, routed)           0.670    10.310    vsg/red[6]_i_88_n_0
    SLICE_X32Y5          LUT6 (Prop_lut6_I1_O)        0.124    10.434 r  vsg/red[6]_i_36/O
                         net (fo=1, routed)           0.800    11.235    vsg/red[6]_i_36_n_0
    SLICE_X33Y3          LUT6 (Prop_lut6_I3_O)        0.124    11.359 r  vsg/red[6]_i_13/O
                         net (fo=1, routed)           1.085    12.443    vsg/red[6]_i_13_n_0
    SLICE_X40Y4          LUT6 (Prop_lut6_I5_O)        0.124    12.567 r  vsg/red[6]_i_3/O
                         net (fo=3, routed)           1.044    13.611    vsg/sf/grid
    SLICE_X37Y8          LUT6 (Prop_lut6_I5_O)        0.124    13.735 r  vsg/red[6]_i_1/O
                         net (fo=1, routed)           0.000    13.735    sf/D[0]
    SLICE_X37Y8          FDRE                                         r  sf/red_reg[6]/D
  -------------------------------------------------------------------    -------------------

                         (clock clk_out1_clk_wiz_0 rise edge)
                                                     13.474    13.474 r  
    BUFGCTRL_X0Y2        BUFG                         0.000    13.474 r  sysClk_IBUF_BUFG_inst/O
                         net (fo=62, routed)          1.487    14.961    vc/inst/clk_in1
    MMCME2_ADV_X0Y0      MMCME2_ADV (Prop_mmcme2_adv_CLKIN1_CLKOUT0)
                                                      0.000    14.961 r  vc/inst/mmcm_adv_inst/CLKOUT0
                         net (fo=1, routed)           1.599    16.560    vc/inst/clk_out1_clk_wiz_0
    BUFGCTRL_X0Y0        BUFG (Prop_bufg_I_O)         0.091    16.651 r  vc/inst/clkout1_buf/O
                         net (fo=221, routed)         1.574    18.226    sf/CLK
    SLICE_X37Y8          FDRE                                         r  sf/red_reg[6]/C
                         clock pessimism              0.512    18.738    
                         clock uncertainty           -0.234    18.504    
    SLICE_X37Y8          FDRE (Setup_fdre_C_D)        0.031    18.535    sf/red_reg[6]
  -------------------------------------------------------------------
                         required time                         18.535    
                         arrival time                         -13.735    
  -------------------------------------------------------------------
                         slack                                  4.799    

Slack (MET) :             4.853ns  (required time - arrival time)
  Source:                 vsg/pixelHorz_reg[0]/C
                            (rising edge-triggered cell FDRE clocked by clk_out1_clk_wiz_0  {rise@0.000ns fall@6.737ns period=13.474ns})
  Destination:            sf/green_reg[6]/D
                            (rising edge-triggered cell FDRE clocked by clk_out1_clk_wiz_0  {rise@0.000ns fall@6.737ns period=13.474ns})
  Path Group:             clk_out1_clk_wiz_0
  Path Type:              Setup (Max at Slow Process Corner)
  Requirement:            13.474ns  (clk_out1_clk_wiz_0 rise@13.474ns - clk_out1_clk_wiz_0 rise@0.000ns)
  Data Path Delay:        8.392ns  (logic 1.563ns (18.626%)  route 6.829ns (81.374%))
  Logic Levels:           6  (LUT2=1 LUT5=1 LUT6=4)
  Clock Path Skew:        -0.026ns (DCD - SCD + CPR)
    Destination Clock Delay (DCD):    4.753ns = ( 18.227 - 13.474 ) 
    Source Clock Delay      (SCD):    5.291ns
    Clock Pessimism Removal (CPR):    0.512ns
  Clock Uncertainty:      0.234ns  ((TSJ^2 + DJ^2)^1/2) / 2 + PE
    Total System Jitter     (TSJ):    0.071ns
    Discrete Jitter          (DJ):    0.462ns
    Phase Error              (PE):    0.000ns

    Location             Delay type                Incr(ns)  Path(ns)    Netlist Resource(s)
  -------------------------------------------------------------------    -------------------
                         (clock clk_out1_clk_wiz_0 rise edge)
                                                      0.000     0.000 r  
    BUFGCTRL_X0Y2        BUFG                         0.000     0.000 r  sysClk_IBUF_BUFG_inst/O
                         net (fo=62, routed)          1.677     1.677    vc/inst/clk_in1
    MMCME2_ADV_X0Y0      MMCME2_ADV (Prop_mmcme2_adv_CLKIN1_CLKOUT0)
                                                      0.000     1.677 r  vc/inst/mmcm_adv_inst/CLKOUT0
                         net (fo=1, routed)           1.760     3.437    vc/inst/clk_out1_clk_wiz_0
    BUFGCTRL_X0Y0        BUFG (Prop_bufg_I_O)         0.101     3.538 r  vc/inst/clkout1_buf/O
                         net (fo=221, routed)         1.753     5.291    vsg/CLK
    SLICE_X36Y2          FDRE                                         r  vsg/pixelHorz_reg[0]/C
  -------------------------------------------------------------------    -------------------
    SLICE_X36Y2          FDRE (Prop_fdre_C_Q)         0.419     5.710 f  vsg/pixelHorz_reg[0]/Q
                         net (fo=23, routed)          1.587     7.297    vsg/pixelHorz_reg[10]_0[0]
    SLICE_X32Y2          LUT2 (Prop_lut2_I1_O)        0.320     7.617 f  vsg/blue[7]_i_13/O
                         net (fo=5, routed)           1.695     9.312    vsg/blue[7]_i_13_n_0
    SLICE_X32Y5          LUT6 (Prop_lut6_I1_O)        0.328     9.640 r  vsg/red[6]_i_88/O
                         net (fo=1, routed)           0.670    10.310    vsg/red[6]_i_88_n_0
    SLICE_X32Y5          LUT6 (Prop_lut6_I1_O)        0.124    10.434 r  vsg/red[6]_i_36/O
                         net (fo=1, routed)           0.800    11.235    vsg/red[6]_i_36_n_0
    SLICE_X33Y3          LUT6 (Prop_lut6_I3_O)        0.124    11.359 r  vsg/red[6]_i_13/O
                         net (fo=1, routed)           1.085    12.443    vsg/red[6]_i_13_n_0
    SLICE_X40Y4          LUT6 (Prop_lut6_I5_O)        0.124    12.567 r  vsg/red[6]_i_3/O
                         net (fo=3, routed)           0.991    13.559    vsg/sf/grid
    SLICE_X37Y5          LUT5 (Prop_lut5_I3_O)        0.124    13.683 r  vsg/green[6]_i_1/O
                         net (fo=1, routed)           0.000    13.683    sf/green_reg[6]_0
    SLICE_X37Y5          FDRE                                         r  sf/green_reg[6]/D
  -------------------------------------------------------------------    -------------------

                         (clock clk_out1_clk_wiz_0 rise edge)
                                                     13.474    13.474 r  
    BUFGCTRL_X0Y2        BUFG                         0.000    13.474 r  sysClk_IBUF_BUFG_inst/O
                         net (fo=62, routed)          1.487    14.961    vc/inst/clk_in1
    MMCME2_ADV_X0Y0      MMCME2_ADV (Prop_mmcme2_adv_CLKIN1_CLKOUT0)
                                                      0.000    14.961 r  vc/inst/mmcm_adv_inst/CLKOUT0
                         net (fo=1, routed)           1.599    16.560    vc/inst/clk_out1_clk_wiz_0
    BUFGCTRL_X0Y0        BUFG (Prop_bufg_I_O)         0.091    16.651 r  vc/inst/clkout1_buf/O
                         net (fo=221, routed)         1.575    18.227    sf/CLK
    SLICE_X37Y5          FDRE                                         r  sf/green_reg[6]/C
                         clock pessimism              0.512    18.739    
                         clock uncertainty           -0.234    18.505    
    SLICE_X37Y5          FDRE (Setup_fdre_C_D)        0.031    18.536    sf/green_reg[6]
  -------------------------------------------------------------------
                         required time                         18.536    
                         arrival time                         -13.683    
  -------------------------------------------------------------------
                         slack                                  4.853    

Slack (MET) :             5.137ns  (required time - arrival time)
  Source:                 vsg/pixelVert_reg[8]/C
                            (rising edge-triggered cell FDRE clocked by clk_out1_clk_wiz_0  {rise@0.000ns fall@6.737ns period=13.474ns})
  Destination:            sf/green_reg[7]/D
                            (rising edge-triggered cell FDRE clocked by clk_out1_clk_wiz_0  {rise@0.000ns fall@6.737ns period=13.474ns})
  Path Group:             clk_out1_clk_wiz_0
  Path Type:              Setup (Max at Slow Process Corner)
  Requirement:            13.474ns  (clk_out1_clk_wiz_0 rise@13.474ns - clk_out1_clk_wiz_0 rise@0.000ns)
  Data Path Delay:        8.069ns  (logic 1.801ns (22.320%)  route 6.268ns (77.680%))
  Logic Levels:           6  (CARRY4=1 LUT4=2 LUT6=3)
  Clock Path Skew:        -0.065ns (DCD - SCD + CPR)
    Destination Clock Delay (DCD):    4.753ns = ( 18.227 - 13.474 ) 
    Source Clock Delay      (SCD):    5.293ns
    Clock Pessimism Removal (CPR):    0.475ns
  Clock Uncertainty:      0.234ns  ((TSJ^2 + DJ^2)^1/2) / 2 + PE
    Total System Jitter     (TSJ):    0.071ns
    Discrete Jitter          (DJ):    0.462ns
    Phase Error              (PE):    0.000ns

    Location             Delay type                Incr(ns)  Path(ns)    Netlist Resource(s)
  -------------------------------------------------------------------    -------------------
                         (clock clk_out1_clk_wiz_0 rise edge)
                                                      0.000     0.000 r  
    BUFGCTRL_X0Y2        BUFG                         0.000     0.000 r  sysClk_IBUF_BUFG_inst/O
                         net (fo=62, routed)          1.677     1.677    vc/inst/clk_in1
    MMCME2_ADV_X0Y0      MMCME2_ADV (Prop_mmcme2_adv_CLKIN1_CLKOUT0)
                                                      0.000     1.677 r  vc/inst/mmcm_adv_inst/CLKOUT0
                         net (fo=1, routed)           1.760     3.437    vc/inst/clk_out1_clk_wiz_0
    BUFGCTRL_X0Y0        BUFG (Prop_bufg_I_O)         0.101     3.538 r  vc/inst/clkout1_buf/O
                         net (fo=221, routed)         1.755     5.293    vsg/CLK
    SLICE_X41Y1          FDRE                                         r  vsg/pixelVert_reg[8]/C
  -------------------------------------------------------------------    -------------------
    SLICE_X41Y1          FDRE (Prop_fdre_C_Q)         0.456     5.749 r  vsg/pixelVert_reg[8]/Q
                         net (fo=28, routed)          2.551     8.300    vsg/pixelVert_reg[10]_0[8]
    SLICE_X39Y9          LUT4 (Prop_lut4_I0_O)        0.124     8.424 r  vsg/i__carry__1_i_3__6/O
                         net (fo=1, routed)           0.000     8.424    sf/blue[7]_i_8_0[0]
    SLICE_X39Y9          CARRY4 (Prop_carry4_S[0]_CO[2])
                                                      0.536     8.960 f  sf/p_1_out_inferred__7/i__carry__1/CO[2]
                         net (fo=2, routed)           1.222    10.181    vsg/blue[7]_i_4_0[0]
    SLICE_X41Y7          LUT6 (Prop_lut6_I3_O)        0.313    10.494 r  vsg/blue[7]_i_8/O
                         net (fo=1, routed)           0.953    11.447    vsg/blue[7]_i_8_n_0
    SLICE_X40Y6          LUT6 (Prop_lut6_I2_O)        0.124    11.571 r  vsg/blue[7]_i_4/O
                         net (fo=1, routed)           0.925    12.496    vsg/blue[7]_i_4_n_0
    SLICE_X37Y6          LUT6 (Prop_lut6_I3_O)        0.124    12.620 r  vsg/blue[7]_i_1/O
                         net (fo=4, routed)           0.618    13.238    vsg/pixelVert_reg[8]_0
    SLICE_X37Y6          LUT4 (Prop_lut4_I3_O)        0.124    13.362 r  vsg/green[7]_i_1/O
                         net (fo=1, routed)           0.000    13.362    sf/green_reg[7]_1
    SLICE_X37Y6          FDRE                                         r  sf/green_reg[7]/D
  -------------------------------------------------------------------    -------------------

                         (clock clk_out1_clk_wiz_0 rise edge)
                                                     13.474    13.474 r  
    BUFGCTRL_X0Y2        BUFG                         0.000    13.474 r  sysClk_IBUF_BUFG_inst/O
                         net (fo=62, routed)          1.487    14.961    vc/inst/clk_in1
    MMCME2_ADV_X0Y0      MMCME2_ADV (Prop_mmcme2_adv_CLKIN1_CLKOUT0)
                                                      0.000    14.961 r  vc/inst/mmcm_adv_inst/CLKOUT0
                         net (fo=1, routed)           1.599    16.560    vc/inst/clk_out1_clk_wiz_0
    BUFGCTRL_X0Y0        BUFG (Prop_bufg_I_O)         0.091    16.651 r  vc/inst/clkout1_buf/O
                         net (fo=221, routed)         1.575    18.227    sf/CLK
    SLICE_X37Y6          FDRE                                         r  sf/green_reg[7]/C
                         clock pessimism              0.475    18.702    
                         clock uncertainty           -0.234    18.468    
    SLICE_X37Y6          FDRE (Setup_fdre_C_D)        0.031    18.499    sf/green_reg[7]
  -------------------------------------------------------------------
                         required time                         18.499    
                         arrival time                         -13.362    
  -------------------------------------------------------------------
                         slack                                  5.137    

Slack (MET) :             5.642ns  (required time - arrival time)
  Source:                 vsg/pixelHorz_reg[9]/C
                            (rising edge-triggered cell FDRE clocked by clk_out1_clk_wiz_0  {rise@0.000ns fall@6.737ns period=13.474ns})
  Destination:            sf/red_reg[7]/D
                            (rising edge-triggered cell FDRE clocked by clk_out1_clk_wiz_0  {rise@0.000ns fall@6.737ns period=13.474ns})
  Path Group:             clk_out1_clk_wiz_0
  Path Type:              Setup (Max at Slow Process Corner)
  Requirement:            13.474ns  (clk_out1_clk_wiz_0 rise@13.474ns - clk_out1_clk_wiz_0 rise@0.000ns)
  Data Path Delay:        7.601ns  (logic 1.338ns (17.602%)  route 6.263ns (82.398%))
  Logic Levels:           6  (LUT4=1 LUT5=1 LUT6=4)
  Clock Path Skew:        -0.027ns (DCD - SCD + CPR)
    Destination Clock Delay (DCD):    4.752ns = ( 18.226 - 13.474 ) 
    Source Clock Delay      (SCD):    5.291ns
    Clock Pessimism Removal (CPR):    0.512ns
  Clock Uncertainty:      0.234ns  ((TSJ^2 + DJ^2)^1/2) / 2 + PE
    Total System Jitter     (TSJ):    0.071ns
    Discrete Jitter          (DJ):    0.462ns
    Phase Error              (PE):    0.000ns

    Location             Delay type                Incr(ns)  Path(ns)    Netlist Resource(s)
  -------------------------------------------------------------------    -------------------
                         (clock clk_out1_clk_wiz_0 rise edge)
                                                      0.000     0.000 r  
    BUFGCTRL_X0Y2        BUFG                         0.000     0.000 r  sysClk_IBUF_BUFG_inst/O
                         net (fo=62, routed)          1.677     1.677    vc/inst/clk_in1
    MMCME2_ADV_X0Y0      MMCME2_ADV (Prop_mmcme2_adv_CLKIN1_CLKOUT0)
                                                      0.000     1.677 r  vc/inst/mmcm_adv_inst/CLKOUT0
                         net (fo=1, routed)           1.760     3.437    vc/inst/clk_out1_clk_wiz_0
    BUFGCTRL_X0Y0        BUFG (Prop_bufg_I_O)         0.101     3.538 r  vc/inst/clkout1_buf/O
                         net (fo=221, routed)         1.753     5.291    vsg/CLK
    SLICE_X37Y2          FDRE                                         r  vsg/pixelHorz_reg[9]/C
  -------------------------------------------------------------------    -------------------
    SLICE_X37Y2          FDRE (Prop_fdre_C_Q)         0.419     5.710 f  vsg/pixelHorz_reg[9]/Q
                         net (fo=41, routed)          1.637     7.347    vsg/pixelHorz_reg[10]_0[9]
    SLICE_X37Y5          LUT4 (Prop_lut4_I2_O)        0.299     7.646 f  vsg/red[7]_i_29/O
                         net (fo=3, routed)           0.858     8.504    vsg/red[7]_i_29_n_0
    SLICE_X36Y5          LUT6 (Prop_lut6_I5_O)        0.124     8.628 r  vsg/red[7]_i_24/O
                         net (fo=1, routed)           0.808     9.436    vsg/red[7]_i_24_n_0
    SLICE_X36Y4          LUT6 (Prop_lut6_I3_O)        0.124     9.560 r  vsg/red[7]_i_13/O
                         net (fo=1, routed)           1.114    10.674    vsg/red[7]_i_13_n_0
    SLICE_X42Y6          LUT6 (Prop_lut6_I1_O)        0.124    10.798 r  vsg/red[7]_i_4/O
                         net (fo=4, routed)           0.786    11.584    vsg/red[7]_i_4_n_0
    SLICE_X36Y7          LUT5 (Prop_lut5_I4_O)        0.124    11.708 r  vsg/red[7]_i_5_comp_2/O
                         net (fo=1, routed)           1.060    12.768    vsg/red[7]_i_5_n_0_repN
    SLICE_X36Y7          LUT6 (Prop_lut6_I3_O)        0.124    12.892 r  vsg/red[7]_i_1_comp_1/O
                         net (fo=1, routed)           0.000    12.892    sf/D[1]
    SLICE_X36Y7          FDRE                                         r  sf/red_reg[7]/D
  -------------------------------------------------------------------    -------------------

                         (clock clk_out1_clk_wiz_0 rise edge)
                                                     13.474    13.474 r  
    BUFGCTRL_X0Y2        BUFG                         0.000    13.474 r  sysClk_IBUF_BUFG_inst/O
                         net (fo=62, routed)          1.487    14.961    vc/inst/clk_in1
    MMCME2_ADV_X0Y0      MMCME2_ADV (Prop_mmcme2_adv_CLKIN1_CLKOUT0)
                                                      0.000    14.961 r  vc/inst/mmcm_adv_inst/CLKOUT0
                         net (fo=1, routed)           1.599    16.560    vc/inst/clk_out1_clk_wiz_0
    BUFGCTRL_X0Y0        BUFG (Prop_bufg_I_O)         0.091    16.651 r  vc/inst/clkout1_buf/O
                         net (fo=221, routed)         1.574    18.226    sf/CLK
    SLICE_X36Y7          FDRE                                         r  sf/red_reg[7]/C
                         clock pessimism              0.512    18.738    
                         clock uncertainty           -0.234    18.504    
    SLICE_X36Y7          FDRE (Setup_fdre_C_D)        0.031    18.535    sf/red_reg[7]
  -------------------------------------------------------------------
                         required time                         18.535    
                         arrival time                         -12.892    
  -------------------------------------------------------------------
                         slack                                  5.642    

Slack (MET) :             5.879ns  (required time - arrival time)
  Source:                 vsg/pixelVert_reg[8]/C
                            (rising edge-triggered cell FDRE clocked by clk_out1_clk_wiz_0  {rise@0.000ns fall@6.737ns period=13.474ns})
  Destination:            sf/blue_reg[7]/D
                            (rising edge-triggered cell FDRE clocked by clk_out1_clk_wiz_0  {rise@0.000ns fall@6.737ns period=13.474ns})
  Path Group:             clk_out1_clk_wiz_0
  Path Type:              Setup (Max at Slow Process Corner)
  Requirement:            13.474ns  (clk_out1_clk_wiz_0 rise@13.474ns - clk_out1_clk_wiz_0 rise@0.000ns)
  Data Path Delay:        7.327ns  (logic 1.677ns (22.887%)  route 5.650ns (77.113%))
  Logic Levels:           5  (CARRY4=1 LUT4=1 LUT6=3)
  Clock Path Skew:        -0.065ns (DCD - SCD + CPR)
    Destination Clock Delay (DCD):    4.753ns = ( 18.227 - 13.474 ) 
    Source Clock Delay      (SCD):    5.293ns
    Clock Pessimism Removal (CPR):    0.475ns
  Clock Uncertainty:      0.234ns  ((TSJ^2 + DJ^2)^1/2) / 2 + PE
    Total System Jitter     (TSJ):    0.071ns
    Discrete Jitter          (DJ):    0.462ns
    Phase Error              (PE):    0.000ns

    Location             Delay type                Incr(ns)  Path(ns)    Netlist Resource(s)
  -------------------------------------------------------------------    -------------------
                         (clock clk_out1_clk_wiz_0 rise edge)
                                                      0.000     0.000 r  
    BUFGCTRL_X0Y2        BUFG                         0.000     0.000 r  sysClk_IBUF_BUFG_inst/O
                         net (fo=62, routed)          1.677     1.677    vc/inst/clk_in1
    MMCME2_ADV_X0Y0      MMCME2_ADV (Prop_mmcme2_adv_CLKIN1_CLKOUT0)
                                                      0.000     1.677 r  vc/inst/mmcm_adv_inst/CLKOUT0
                         net (fo=1, routed)           1.760     3.437    vc/inst/clk_out1_clk_wiz_0
    BUFGCTRL_X0Y0        BUFG (Prop_bufg_I_O)         0.101     3.538 r  vc/inst/clkout1_buf/O
                         net (fo=221, routed)         1.755     5.293    vsg/CLK
    SLICE_X41Y1          FDRE                                         r  vsg/pixelVert_reg[8]/C
  -------------------------------------------------------------------    -------------------
    SLICE_X41Y1          FDRE (Prop_fdre_C_Q)         0.456     5.749 r  vsg/pixelVert_reg[8]/Q
                         net (fo=28, routed)          2.551     8.300    vsg/pixelVert_reg[10]_0[8]
    SLICE_X39Y9          LUT4 (Prop_lut4_I0_O)        0.124     8.424 r  vsg/i__carry__1_i_3__6/O
                         net (fo=1, routed)           0.000     8.424    sf/blue[7]_i_8_0[0]
    SLICE_X39Y9          CARRY4 (Prop_carry4_S[0]_CO[2])
                                                      0.536     8.960 f  sf/p_1_out_inferred__7/i__carry__1/CO[2]
                         net (fo=2, routed)           1.222    10.181    vsg/blue[7]_i_4_0[0]
    SLICE_X41Y7          LUT6 (Prop_lut6_I3_O)        0.313    10.494 r  vsg/blue[7]_i_8/O
                         net (fo=1, routed)           0.953    11.447    vsg/blue[7]_i_8_n_0
    SLICE_X40Y6          LUT6 (Prop_lut6_I2_O)        0.124    11.571 r  vsg/blue[7]_i_4/O
                         net (fo=1, routed)           0.925    12.496    vsg/blue[7]_i_4_n_0
    SLICE_X37Y6          LUT6 (Prop_lut6_I3_O)        0.124    12.620 r  vsg/blue[7]_i_1/O
                         net (fo=4, routed)           0.000    12.620    sf/blue_reg[7]_1
    SLICE_X37Y6          FDRE                                         r  sf/blue_reg[7]/D
  -------------------------------------------------------------------    -------------------

                         (clock clk_out1_clk_wiz_0 rise edge)
                                                     13.474    13.474 r  
    BUFGCTRL_X0Y2        BUFG                         0.000    13.474 r  sysClk_IBUF_BUFG_inst/O
                         net (fo=62, routed)          1.487    14.961    vc/inst/clk_in1
    MMCME2_ADV_X0Y0      MMCME2_ADV (Prop_mmcme2_adv_CLKIN1_CLKOUT0)
                                                      0.000    14.961 r  vc/inst/mmcm_adv_inst/CLKOUT0
                         net (fo=1, routed)           1.599    16.560    vc/inst/clk_out1_clk_wiz_0
    BUFGCTRL_X0Y0        BUFG (Prop_bufg_I_O)         0.091    16.651 r  vc/inst/clkout1_buf/O
                         net (fo=221, routed)         1.575    18.227    sf/CLK
    SLICE_X37Y6          FDRE                                         r  sf/blue_reg[7]/C
                         clock pessimism              0.475    18.702    
                         clock uncertainty           -0.234    18.468    
    SLICE_X37Y6          FDRE (Setup_fdre_C_D)        0.031    18.499    sf/blue_reg[7]
  -------------------------------------------------------------------
                         required time                         18.499    
                         arrival time                         -12.620    
  -------------------------------------------------------------------
                         slack                                  5.879    

Slack (MET) :             7.379ns  (required time - arrival time)
  Source:                 hdmi_inst/inst/encr/n0q_m_reg[2]/C
                            (rising edge-triggered cell FDRE clocked by clk_out1_clk_wiz_0  {rise@0.000ns fall@6.737ns period=13.474ns})
  Destination:            hdmi_inst/inst/encr/dout_reg[4]/D
                            (rising edge-triggered cell FDCE clocked by clk_out1_clk_wiz_0  {rise@0.000ns fall@6.737ns period=13.474ns})
  Path Group:             clk_out1_clk_wiz_0
  Path Type:              Setup (Max at Slow Process Corner)
  Requirement:            13.474ns  (clk_out1_clk_wiz_0 rise@13.474ns - clk_out1_clk_wiz_0 rise@0.000ns)
  Data Path Delay:        5.529ns  (logic 1.292ns (23.369%)  route 4.237ns (76.631%))
  Logic Levels:           4  (LUT3=1 LUT4=1 LUT5=1 LUT6=1)
  Clock Path Skew:        -0.061ns (DCD - SCD + CPR)
    Destination Clock Delay (DCD):    4.740ns = ( 18.214 - 13.474 ) 
    Source Clock Delay      (SCD):    5.276ns
    Clock Pessimism Removal (CPR):    0.475ns
  Clock Uncertainty:      0.234ns  ((TSJ^2 + DJ^2)^1/2) / 2 + PE
    Total System Jitter     (TSJ):    0.071ns
    Discrete Jitter          (DJ):    0.462ns
    Phase Error              (PE):    0.000ns

    Location             Delay type                Incr(ns)  Path(ns)    Netlist Resource(s)
  -------------------------------------------------------------------    -------------------
                         (clock clk_out1_clk_wiz_0 rise edge)
                                                      0.000     0.000 r  
    BUFGCTRL_X0Y2        BUFG                         0.000     0.000 r  sysClk_IBUF_BUFG_inst/O
                         net (fo=62, routed)          1.677     1.677    vc/inst/clk_in1
    MMCME2_ADV_X0Y0      MMCME2_ADV (Prop_mmcme2_adv_CLKIN1_CLKOUT0)
                                                      0.000     1.677 r  vc/inst/mmcm_adv_inst/CLKOUT0
                         net (fo=1, routed)           1.760     3.437    vc/inst/clk_out1_clk_wiz_0
    BUFGCTRL_X0Y0        BUFG (Prop_bufg_I_O)         0.101     3.538 r  vc/inst/clkout1_buf/O
                         net (fo=221, routed)         1.738     5.276    hdmi_inst/inst/encr/pix_clk
    SLICE_X38Y21         FDRE                                         r  hdmi_inst/inst/encr/n0q_m_reg[2]/C
  -------------------------------------------------------------------    -------------------
    SLICE_X38Y21         FDRE (Prop_fdre_C_Q)         0.518     5.794 r  hdmi_inst/inst/encr/n0q_m_reg[2]/Q
                         net (fo=11, routed)          1.486     7.280    hdmi_inst/inst/encr/n0q_m_reg_n_0_[2]
    SLICE_X36Y23         LUT6 (Prop_lut6_I4_O)        0.124     7.404 r  hdmi_inst/inst/encr/cnt[4]_i_11__1/O
                         net (fo=1, routed)           0.338     7.742    hdmi_inst/inst/encr/cnt[4]_i_11__1_n_0
    SLICE_X37Y23         LUT5 (Prop_lut5_I4_O)        0.124     7.866 f  hdmi_inst/inst/encr/cnt[4]_i_3__1/O
                         net (fo=5, routed)           0.844     8.710    hdmi_inst/inst/encr/cnt[4]_i_3__1_n_0
    SLICE_X38Y23         LUT3 (Prop_lut3_I2_O)        0.152     8.862 r  hdmi_inst/inst/encr/dout[9]_i_2__1/O
                         net (fo=9, routed)           1.046     9.908    hdmi_inst/inst/encb/dout_reg[4]_2
    SLICE_X42Y21         LUT4 (Prop_lut4_I2_O)        0.374    10.282 r  hdmi_inst/inst/encb/dout[4]_i_1__1/O
                         net (fo=1, routed)           0.523    10.805    hdmi_inst/inst/encr/D[0]
    SLICE_X43Y22         FDCE                                         r  hdmi_inst/inst/encr/dout_reg[4]/D
  -------------------------------------------------------------------    -------------------

                         (clock clk_out1_clk_wiz_0 rise edge)
                                                     13.474    13.474 r  
    BUFGCTRL_X0Y2        BUFG                         0.000    13.474 r  sysClk_IBUF_BUFG_inst/O
                         net (fo=62, routed)          1.487    14.961    vc/inst/clk_in1
    MMCME2_ADV_X0Y0      MMCME2_ADV (Prop_mmcme2_adv_CLKIN1_CLKOUT0)
                                                      0.000    14.961 r  vc/inst/mmcm_adv_inst/CLKOUT0
                         net (fo=1, routed)           1.599    16.560    vc/inst/clk_out1_clk_wiz_0
    BUFGCTRL_X0Y0        BUFG (Prop_bufg_I_O)         0.091    16.651 r  vc/inst/clkout1_buf/O
                         net (fo=221, routed)         1.562    18.214    hdmi_inst/inst/encr/pix_clk
    SLICE_X43Y22         FDCE                                         r  hdmi_inst/inst/encr/dout_reg[4]/C
                         clock pessimism              0.475    18.689    
                         clock uncertainty           -0.234    18.455    
    SLICE_X43Y22         FDCE (Setup_fdce_C_D)       -0.271    18.184    hdmi_inst/inst/encr/dout_reg[4]
  -------------------------------------------------------------------
                         required time                         18.184    
                         arrival time                         -10.805    
  -------------------------------------------------------------------
                         slack                                  7.379    

Slack (MET) :             7.712ns  (required time - arrival time)
  Source:                 vsg/h_cnt_reg[0]/C
                            (rising edge-triggered cell FDRE clocked by clk_out1_clk_wiz_0  {rise@0.000ns fall@6.737ns period=13.474ns})
  Destination:            vsg/v_cnt_reg[6]/R
                            (rising edge-triggered cell FDRE clocked by clk_out1_clk_wiz_0  {rise@0.000ns fall@6.737ns period=13.474ns})
  Path Group:             clk_out1_clk_wiz_0
  Path Type:              Setup (Max at Slow Process Corner)
  Requirement:            13.474ns  (clk_out1_clk_wiz_0 rise@13.474ns - clk_out1_clk_wiz_0 rise@0.000ns)
  Data Path Delay:        5.038ns  (logic 1.543ns (30.626%)  route 3.495ns (69.374%))
  Logic Levels:           4  (LUT2=1 LUT4=1 LUT5=2)
  Clock Path Skew:        -0.061ns (DCD - SCD + CPR)
    Destination Clock Delay (DCD):    4.755ns = ( 18.229 - 13.474 ) 
    Source Clock Delay      (SCD):    5.291ns
    Clock Pessimism Removal (CPR):    0.475ns
  Clock Uncertainty:      0.234ns  ((TSJ^2 + DJ^2)^1/2) / 2 + PE
    Total System Jitter     (TSJ):    0.071ns
    Discrete Jitter          (DJ):    0.462ns
    Phase Error              (PE):    0.000ns

    Location             Delay type                Incr(ns)  Path(ns)    Netlist Resource(s)
  -------------------------------------------------------------------    -------------------
                         (clock clk_out1_clk_wiz_0 rise edge)
                                                      0.000     0.000 r  
    BUFGCTRL_X0Y2        BUFG                         0.000     0.000 r  sysClk_IBUF_BUFG_inst/O
                         net (fo=62, routed)          1.677     1.677    vc/inst/clk_in1
    MMCME2_ADV_X0Y0      MMCME2_ADV (Prop_mmcme2_adv_CLKIN1_CLKOUT0)
                                                      0.000     1.677 r  vc/inst/mmcm_adv_inst/CLKOUT0
                         net (fo=1, routed)           1.760     3.437    vc/inst/clk_out1_clk_wiz_0
    BUFGCTRL_X0Y0        BUFG (Prop_bufg_I_O)         0.101     3.538 r  vc/inst/clkout1_buf/O
                         net (fo=221, routed)         1.753     5.291    vsg/CLK
    SLICE_X36Y1          FDRE                                         r  vsg/h_cnt_reg[0]/C
  -------------------------------------------------------------------    -------------------
    SLICE_X36Y1          FDRE (Prop_fdre_C_Q)         0.419     5.710 r  vsg/h_cnt_reg[0]/Q
                         net (fo=16, routed)          1.029     6.739    vsg/h_cnt_reg[0]
    SLICE_X38Y1          LUT4 (Prop_lut4_I1_O)        0.318     7.057 r  vsg/v_cnt[10]_i_5/O
                         net (fo=2, routed)           0.306     7.364    vsg/v_cnt[10]_i_5_n_0
    SLICE_X37Y1          LUT5 (Prop_lut5_I0_O)        0.328     7.692 r  vsg/v_cnt[10]_i_2/O
                         net (fo=16, routed)          0.971     8.663    vsg/eqOp3_in
    SLICE_X41Y2          LUT5 (Prop_lut5_I0_O)        0.152     8.815 r  vsg/v_cnt[10]_i_4/O
                         net (fo=2, routed)           0.452     9.267    vsg/v_cnt[10]_i_4_n_0
    SLICE_X41Y2          LUT2 (Prop_lut2_I0_O)        0.326     9.593 r  vsg/v_cnt[10]_i_1/O
                         net (fo=11, routed)          0.736    10.329    vsg/v_cnt[10]_i_1_n_0
    SLICE_X40Y0          FDRE                                         r  vsg/v_cnt_reg[6]/R
  -------------------------------------------------------------------    -------------------

                         (clock clk_out1_clk_wiz_0 rise edge)
                                                     13.474    13.474 r  
    BUFGCTRL_X0Y2        BUFG                         0.000    13.474 r  sysClk_IBUF_BUFG_inst/O
                         net (fo=62, routed)          1.487    14.961    vc/inst/clk_in1
    MMCME2_ADV_X0Y0      MMCME2_ADV (Prop_mmcme2_adv_CLKIN1_CLKOUT0)
                                                      0.000    14.961 r  vc/inst/mmcm_adv_inst/CLKOUT0
                         net (fo=1, routed)           1.599    16.560    vc/inst/clk_out1_clk_wiz_0
    BUFGCTRL_X0Y0        BUFG (Prop_bufg_I_O)         0.091    16.651 r  vc/inst/clkout1_buf/O
                         net (fo=221, routed)         1.577    18.229    vsg/CLK
    SLICE_X40Y0          FDRE                                         r  vsg/v_cnt_reg[6]/C
                         clock pessimism              0.475    18.704    
                         clock uncertainty           -0.234    18.470    
    SLICE_X40Y0          FDRE (Setup_fdre_C_R)       -0.429    18.041    vsg/v_cnt_reg[6]
  -------------------------------------------------------------------
                         required time                         18.041    
                         arrival time                         -10.329    
  -------------------------------------------------------------------
                         slack                                  7.712    

Slack (MET) :             7.712ns  (required time - arrival time)
  Source:                 vsg/h_cnt_reg[0]/C
                            (rising edge-triggered cell FDRE clocked by clk_out1_clk_wiz_0  {rise@0.000ns fall@6.737ns period=13.474ns})
  Destination:            vsg/v_cnt_reg[7]/R
                            (rising edge-triggered cell FDRE clocked by clk_out1_clk_wiz_0  {rise@0.000ns fall@6.737ns period=13.474ns})
  Path Group:             clk_out1_clk_wiz_0
  Path Type:              Setup (Max at Slow Process Corner)
  Requirement:            13.474ns  (clk_out1_clk_wiz_0 rise@13.474ns - clk_out1_clk_wiz_0 rise@0.000ns)
  Data Path Delay:        5.038ns  (logic 1.543ns (30.626%)  route 3.495ns (69.374%))
  Logic Levels:           4  (LUT2=1 LUT4=1 LUT5=2)
  Clock Path Skew:        -0.061ns (DCD - SCD + CPR)
    Destination Clock Delay (DCD):    4.755ns = ( 18.229 - 13.474 ) 
    Source Clock Delay      (SCD):    5.291ns
    Clock Pessimism Removal (CPR):    0.475ns
  Clock Uncertainty:      0.234ns  ((TSJ^2 + DJ^2)^1/2) / 2 + PE
    Total System Jitter     (TSJ):    0.071ns
    Discrete Jitter          (DJ):    0.462ns
    Phase Error              (PE):    0.000ns

    Location             Delay type                Incr(ns)  Path(ns)    Netlist Resource(s)
  -------------------------------------------------------------------    -------------------
                         (clock clk_out1_clk_wiz_0 rise edge)
                                                      0.000     0.000 r  
    BUFGCTRL_X0Y2        BUFG                         0.000     0.000 r  sysClk_IBUF_BUFG_inst/O
                         net (fo=62, routed)          1.677     1.677    vc/inst/clk_in1
    MMCME2_ADV_X0Y0      MMCME2_ADV (Prop_mmcme2_adv_CLKIN1_CLKOUT0)
                                                      0.000     1.677 r  vc/inst/mmcm_adv_inst/CLKOUT0
                         net (fo=1, routed)           1.760     3.437    vc/inst/clk_out1_clk_wiz_0
    BUFGCTRL_X0Y0        BUFG (Prop_bufg_I_O)         0.101     3.538 r  vc/inst/clkout1_buf/O
                         net (fo=221, routed)         1.753     5.291    vsg/CLK
    SLICE_X36Y1          FDRE                                         r  vsg/h_cnt_reg[0]/C
  -------------------------------------------------------------------    -------------------
    SLICE_X36Y1          FDRE (Prop_fdre_C_Q)         0.419     5.710 r  vsg/h_cnt_reg[0]/Q
                         net (fo=16, routed)          1.029     6.739    vsg/h_cnt_reg[0]
    SLICE_X38Y1          LUT4 (Prop_lut4_I1_O)        0.318     7.057 r  vsg/v_cnt[10]_i_5/O
                         net (fo=2, routed)           0.306     7.364    vsg/v_cnt[10]_i_5_n_0
    SLICE_X37Y1          LUT5 (Prop_lut5_I0_O)        0.328     7.692 r  vsg/v_cnt[10]_i_2/O
                         net (fo=16, routed)          0.971     8.663    vsg/eqOp3_in
    SLICE_X41Y2          LUT5 (Prop_lut5_I0_O)        0.152     8.815 r  vsg/v_cnt[10]_i_4/O
                         net (fo=2, routed)           0.452     9.267    vsg/v_cnt[10]_i_4_n_0
    SLICE_X41Y2          LUT2 (Prop_lut2_I0_O)        0.326     9.593 r  vsg/v_cnt[10]_i_1/O
                         net (fo=11, routed)          0.736    10.329    vsg/v_cnt[10]_i_1_n_0
    SLICE_X40Y0          FDRE                                         r  vsg/v_cnt_reg[7]/R
  -------------------------------------------------------------------    -------------------

                         (clock clk_out1_clk_wiz_0 rise edge)
                                                     13.474    13.474 r  
    BUFGCTRL_X0Y2        BUFG                         0.000    13.474 r  sysClk_IBUF_BUFG_inst/O
                         net (fo=62, routed)          1.487    14.961    vc/inst/clk_in1
    MMCME2_ADV_X0Y0      MMCME2_ADV (Prop_mmcme2_adv_CLKIN1_CLKOUT0)
                                                      0.000    14.961 r  vc/inst/mmcm_adv_inst/CLKOUT0
                         net (fo=1, routed)           1.599    16.560    vc/inst/clk_out1_clk_wiz_0
    BUFGCTRL_X0Y0        BUFG (Prop_bufg_I_O)         0.091    16.651 r  vc/inst/clkout1_buf/O
                         net (fo=221, routed)         1.577    18.229    vsg/CLK
    SLICE_X40Y0          FDRE                                         r  vsg/v_cnt_reg[7]/C
                         clock pessimism              0.475    18.704    
                         clock uncertainty           -0.234    18.470    
    SLICE_X40Y0          FDRE (Setup_fdre_C_R)       -0.429    18.041    vsg/v_cnt_reg[7]
  -------------------------------------------------------------------
                         required time                         18.041    
                         arrival time                         -10.329    
  -------------------------------------------------------------------
                         slack                                  7.712    

Slack (MET) :             7.712ns  (required time - arrival time)
  Source:                 vsg/h_cnt_reg[0]/C
                            (rising edge-triggered cell FDRE clocked by clk_out1_clk_wiz_0  {rise@0.000ns fall@6.737ns period=13.474ns})
  Destination:            vsg/v_cnt_reg[8]/R
                            (rising edge-triggered cell FDRE clocked by clk_out1_clk_wiz_0  {rise@0.000ns fall@6.737ns period=13.474ns})
  Path Group:             clk_out1_clk_wiz_0
  Path Type:              Setup (Max at Slow Process Corner)
  Requirement:            13.474ns  (clk_out1_clk_wiz_0 rise@13.474ns - clk_out1_clk_wiz_0 rise@0.000ns)
  Data Path Delay:        5.038ns  (logic 1.543ns (30.626%)  route 3.495ns (69.374%))
  Logic Levels:           4  (LUT2=1 LUT4=1 LUT5=2)
  Clock Path Skew:        -0.061ns (DCD - SCD + CPR)
    Destination Clock Delay (DCD):    4.755ns = ( 18.229 - 13.474 ) 
    Source Clock Delay      (SCD):    5.291ns
    Clock Pessimism Removal (CPR):    0.475ns
  Clock Uncertainty:      0.234ns  ((TSJ^2 + DJ^2)^1/2) / 2 + PE
    Total System Jitter     (TSJ):    0.071ns
    Discrete Jitter          (DJ):    0.462ns
    Phase Error              (PE):    0.000ns

    Location             Delay type                Incr(ns)  Path(ns)    Netlist Resource(s)
  -------------------------------------------------------------------    -------------------
                         (clock clk_out1_clk_wiz_0 rise edge)
                                                      0.000     0.000 r  
    BUFGCTRL_X0Y2        BUFG                         0.000     0.000 r  sysClk_IBUF_BUFG_inst/O
                         net (fo=62, routed)          1.677     1.677    vc/inst/clk_in1
    MMCME2_ADV_X0Y0      MMCME2_ADV (Prop_mmcme2_adv_CLKIN1_CLKOUT0)
                                                      0.000     1.677 r  vc/inst/mmcm_adv_inst/CLKOUT0
                         net (fo=1, routed)           1.760     3.437    vc/inst/clk_out1_clk_wiz_0
    BUFGCTRL_X0Y0        BUFG (Prop_bufg_I_O)         0.101     3.538 r  vc/inst/clkout1_buf/O
                         net (fo=221, routed)         1.753     5.291    vsg/CLK
    SLICE_X36Y1          FDRE                                         r  vsg/h_cnt_reg[0]/C
  -------------------------------------------------------------------    -------------------
    SLICE_X36Y1          FDRE (Prop_fdre_C_Q)         0.419     5.710 r  vsg/h_cnt_reg[0]/Q
                         net (fo=16, routed)          1.029     6.739    vsg/h_cnt_reg[0]
    SLICE_X38Y1          LUT4 (Prop_lut4_I1_O)        0.318     7.057 r  vsg/v_cnt[10]_i_5/O
                         net (fo=2, routed)           0.306     7.364    vsg/v_cnt[10]_i_5_n_0
    SLICE_X37Y1          LUT5 (Prop_lut5_I0_O)        0.328     7.692 r  vsg/v_cnt[10]_i_2/O
                         net (fo=16, routed)          0.971     8.663    vsg/eqOp3_in
    SLICE_X41Y2          LUT5 (Prop_lut5_I0_O)        0.152     8.815 r  vsg/v_cnt[10]_i_4/O
                         net (fo=2, routed)           0.452     9.267    vsg/v_cnt[10]_i_4_n_0
    SLICE_X41Y2          LUT2 (Prop_lut2_I0_O)        0.326     9.593 r  vsg/v_cnt[10]_i_1/O
                         net (fo=11, routed)          0.736    10.329    vsg/v_cnt[10]_i_1_n_0
    SLICE_X40Y0          FDRE                                         r  vsg/v_cnt_reg[8]/R
  -------------------------------------------------------------------    -------------------

                         (clock clk_out1_clk_wiz_0 rise edge)
                                                     13.474    13.474 r  
    BUFGCTRL_X0Y2        BUFG                         0.000    13.474 r  sysClk_IBUF_BUFG_inst/O
                         net (fo=62, routed)          1.487    14.961    vc/inst/clk_in1
    MMCME2_ADV_X0Y0      MMCME2_ADV (Prop_mmcme2_adv_CLKIN1_CLKOUT0)
                                                      0.000    14.961 r  vc/inst/mmcm_adv_inst/CLKOUT0
                         net (fo=1, routed)           1.599    16.560    vc/inst/clk_out1_clk_wiz_0
    BUFGCTRL_X0Y0        BUFG (Prop_bufg_I_O)         0.091    16.651 r  vc/inst/clkout1_buf/O
                         net (fo=221, routed)         1.577    18.229    vsg/CLK
    SLICE_X40Y0          FDRE                                         r  vsg/v_cnt_reg[8]/C
                         clock pessimism              0.475    18.704    
                         clock uncertainty           -0.234    18.470    
    SLICE_X40Y0          FDRE (Setup_fdre_C_R)       -0.429    18.041    vsg/v_cnt_reg[8]
  -------------------------------------------------------------------
                         required time                         18.041    
                         arrival time                         -10.329    
  -------------------------------------------------------------------
                         slack                                  7.712    





Min Delay Paths
--------------------------------------------------------------------------------------
Slack (MET) :             0.166ns  (arrival time - required time)
  Source:                 hdmi_inst/inst/encg/q_m_reg_reg[6]/C
                            (rising edge-triggered cell FDRE clocked by clk_out1_clk_wiz_0  {rise@0.000ns fall@6.737ns period=13.474ns})
  Destination:            hdmi_inst/inst/encg/dout_reg[6]/D
                            (rising edge-triggered cell FDCE clocked by clk_out1_clk_wiz_0  {rise@0.000ns fall@6.737ns period=13.474ns})
  Path Group:             clk_out1_clk_wiz_0
  Path Type:              Hold (Min at Fast Process Corner)
  Requirement:            0.000ns  (clk_out1_clk_wiz_0 rise@0.000ns - clk_out1_clk_wiz_0 rise@0.000ns)
  Data Path Delay:        0.323ns  (logic 0.209ns (64.623%)  route 0.114ns (35.377%))
  Logic Levels:           1  (LUT5=1)
  Clock Path Skew:        0.036ns (DCD - SCD - CPR)
    Destination Clock Delay (DCD):    2.220ns
    Source Clock Delay      (SCD):    1.635ns
    Clock Pessimism Removal (CPR):    0.549ns

    Location             Delay type                Incr(ns)  Path(ns)    Netlist Resource(s)
  -------------------------------------------------------------------    -------------------
                         (clock clk_out1_clk_wiz_0 rise edge)
                                                      0.000     0.000 r  
    BUFGCTRL_X0Y2        BUFG                         0.000     0.000 r  sysClk_IBUF_BUFG_inst/O
                         net (fo=62, routed)          0.546     0.546    vc/inst/clk_in1
    MMCME2_ADV_X0Y0      MMCME2_ADV (Prop_mmcme2_adv_CLKIN1_CLKOUT0)
                                                      0.000     0.546 r  vc/inst/mmcm_adv_inst/CLKOUT0
                         net (fo=1, routed)           0.482     1.027    vc/inst/clk_out1_clk_wiz_0
    BUFGCTRL_X0Y0        BUFG (Prop_bufg_I_O)         0.026     1.053 r  vc/inst/clkout1_buf/O
                         net (fo=221, routed)         0.582     1.635    hdmi_inst/inst/encg/pix_clk
    SLICE_X38Y19         FDRE                                         r  hdmi_inst/inst/encg/q_m_reg_reg[6]/C
  -------------------------------------------------------------------    -------------------
    SLICE_X38Y19         FDRE (Prop_fdre_C_Q)         0.164     1.799 r  hdmi_inst/inst/encg/q_m_reg_reg[6]/Q
                         net (fo=1, routed)           0.114     1.914    hdmi_inst/inst/encg/q_m_reg_reg_n_0_[6]
    SLICE_X42Y19         LUT5 (Prop_lut5_I2_O)        0.045     1.959 r  hdmi_inst/inst/encg/dout[6]_i_1__0/O
                         net (fo=1, routed)           0.000     1.959    hdmi_inst/inst/encg/dout[6]_i_1__0_n_0
    SLICE_X42Y19         FDCE                                         r  hdmi_inst/inst/encg/dout_reg[6]/D
  -------------------------------------------------------------------    -------------------

                         (clock clk_out1_clk_wiz_0 rise edge)
                                                      0.000     0.000 r  
    BUFGCTRL_X0Y2        BUFG                         0.000     0.000 r  sysClk_IBUF_BUFG_inst/O
                         net (fo=62, routed)          0.812     0.812    vc/inst/clk_in1
    MMCME2_ADV_X0Y0      MMCME2_ADV (Prop_mmcme2_adv_CLKIN1_CLKOUT0)
                                                      0.000     0.812 r  vc/inst/mmcm_adv_inst/CLKOUT0
                         net (fo=1, routed)           0.528     1.340    vc/inst/clk_out1_clk_wiz_0
    BUFGCTRL_X0Y0        BUFG (Prop_bufg_I_O)         0.029     1.369 r  vc/inst/clkout1_buf/O
                         net (fo=221, routed)         0.851     2.220    hdmi_inst/inst/encg/pix_clk
    SLICE_X42Y19         FDCE                                         r  hdmi_inst/inst/encg/dout_reg[6]/C
                         clock pessimism             -0.549     1.671    
    SLICE_X42Y19         FDCE (Hold_fdce_C_D)         0.121     1.792    hdmi_inst/inst/encg/dout_reg[6]
  -------------------------------------------------------------------
                         required time                         -1.792    
                         arrival time                           1.959    
  -------------------------------------------------------------------
                         slack                                  0.166    

Slack (MET) :             0.190ns  (arrival time - required time)
  Source:                 hdmi_inst/inst/encr/n1d_reg[1]/C
                            (rising edge-triggered cell FDRE clocked by clk_out1_clk_wiz_0  {rise@0.000ns fall@6.737ns period=13.474ns})
  Destination:            hdmi_inst/inst/encr/q_m_reg_reg[1]/D
                            (rising edge-triggered cell FDRE clocked by clk_out1_clk_wiz_0  {rise@0.000ns fall@6.737ns period=13.474ns})
  Path Group:             clk_out1_clk_wiz_0
  Path Type:              Hold (Min at Fast Process Corner)
  Requirement:            0.000ns  (clk_out1_clk_wiz_0 rise@0.000ns - clk_out1_clk_wiz_0 rise@0.000ns)
  Data Path Delay:        0.295ns  (logic 0.186ns (63.075%)  route 0.109ns (36.925%))
  Logic Levels:           1  (LUT6=1)
  Clock Path Skew:        0.013ns (DCD - SCD - CPR)
    Destination Clock Delay (DCD):    2.216ns
    Source Clock Delay      (SCD):    1.633ns
    Clock Pessimism Removal (CPR):    0.570ns

    Location             Delay type                Incr(ns)  Path(ns)    Netlist Resource(s)
  -------------------------------------------------------------------    -------------------
                         (clock clk_out1_clk_wiz_0 rise edge)
                                                      0.000     0.000 r  
    BUFGCTRL_X0Y2        BUFG                         0.000     0.000 r  sysClk_IBUF_BUFG_inst/O
                         net (fo=62, routed)          0.546     0.546    vc/inst/clk_in1
    MMCME2_ADV_X0Y0      MMCME2_ADV (Prop_mmcme2_adv_CLKIN1_CLKOUT0)
                                                      0.000     0.546 r  vc/inst/mmcm_adv_inst/CLKOUT0
                         net (fo=1, routed)           0.482     1.027    vc/inst/clk_out1_clk_wiz_0
    BUFGCTRL_X0Y0        BUFG (Prop_bufg_I_O)         0.026     1.053 r  vc/inst/clkout1_buf/O
                         net (fo=221, routed)         0.580     1.633    hdmi_inst/inst/encr/pix_clk
    SLICE_X36Y21         FDRE                                         r  hdmi_inst/inst/encr/n1d_reg[1]/C
  -------------------------------------------------------------------    -------------------
    SLICE_X36Y21         FDRE (Prop_fdre_C_Q)         0.141     1.774 r  hdmi_inst/inst/encr/n1d_reg[1]/Q
                         net (fo=4, routed)           0.109     1.883    hdmi_inst/inst/encr/n1d[1]
    SLICE_X37Y21         LUT6 (Prop_lut6_I2_O)        0.045     1.928 r  hdmi_inst/inst/encr/q_m_reg[1]_i_1__1/O
                         net (fo=1, routed)           0.000     1.928    hdmi_inst/inst/encr/q_m_1
    SLICE_X37Y21         FDRE                                         r  hdmi_inst/inst/encr/q_m_reg_reg[1]/D
  -------------------------------------------------------------------    -------------------

                         (clock clk_out1_clk_wiz_0 rise edge)
                                                      0.000     0.000 r  
    BUFGCTRL_X0Y2        BUFG                         0.000     0.000 r  sysClk_IBUF_BUFG_inst/O
                         net (fo=62, routed)          0.812     0.812    vc/inst/clk_in1
    MMCME2_ADV_X0Y0      MMCME2_ADV (Prop_mmcme2_adv_CLKIN1_CLKOUT0)
                                                      0.000     0.812 r  vc/inst/mmcm_adv_inst/CLKOUT0
                         net (fo=1, routed)           0.528     1.340    vc/inst/clk_out1_clk_wiz_0
    BUFGCTRL_X0Y0        BUFG (Prop_bufg_I_O)         0.029     1.369 r  vc/inst/clkout1_buf/O
                         net (fo=221, routed)         0.847     2.216    hdmi_inst/inst/encr/pix_clk
    SLICE_X37Y21         FDRE                                         r  hdmi_inst/inst/encr/q_m_reg_reg[1]/C
                         clock pessimism             -0.570     1.646    
    SLICE_X37Y21         FDRE (Hold_fdre_C_D)         0.092     1.738    hdmi_inst/inst/encr/q_m_reg_reg[1]
  -------------------------------------------------------------------
                         required time                         -1.738    
                         arrival time                           1.928    
  -------------------------------------------------------------------
                         slack                                  0.190    

Slack (MET) :             0.191ns  (arrival time - required time)
  Source:                 hdmi_inst/inst/encg/n1d_reg[2]/C
                            (rising edge-triggered cell FDRE clocked by clk_out1_clk_wiz_0  {rise@0.000ns fall@6.737ns period=13.474ns})
  Destination:            hdmi_inst/inst/encg/q_m_reg_reg[1]/D
                            (rising edge-triggered cell FDRE clocked by clk_out1_clk_wiz_0  {rise@0.000ns fall@6.737ns period=13.474ns})
  Path Group:             clk_out1_clk_wiz_0
  Path Type:              Hold (Min at Fast Process Corner)
  Requirement:            0.000ns  (clk_out1_clk_wiz_0 rise@0.000ns - clk_out1_clk_wiz_0 rise@0.000ns)
  Data Path Delay:        0.295ns  (logic 0.186ns (63.068%)  route 0.109ns (36.932%))
  Logic Levels:           1  (LUT6=1)
  Clock Path Skew:        0.013ns (DCD - SCD - CPR)
    Destination Clock Delay (DCD):    2.220ns
    Source Clock Delay      (SCD):    1.637ns
    Clock Pessimism Removal (CPR):    0.570ns

    Location             Delay type                Incr(ns)  Path(ns)    Netlist Resource(s)
  -------------------------------------------------------------------    -------------------
                         (clock clk_out1_clk_wiz_0 rise edge)
                                                      0.000     0.000 r  
    BUFGCTRL_X0Y2        BUFG                         0.000     0.000 r  sysClk_IBUF_BUFG_inst/O
                         net (fo=62, routed)          0.546     0.546    vc/inst/clk_in1
    MMCME2_ADV_X0Y0      MMCME2_ADV (Prop_mmcme2_adv_CLKIN1_CLKOUT0)
                                                      0.000     0.546 r  vc/inst/mmcm_adv_inst/CLKOUT0
                         net (fo=1, routed)           0.482     1.027    vc/inst/clk_out1_clk_wiz_0
    BUFGCTRL_X0Y0        BUFG (Prop_bufg_I_O)         0.026     1.053 r  vc/inst/clkout1_buf/O
                         net (fo=221, routed)         0.584     1.637    hdmi_inst/inst/encg/pix_clk
    SLICE_X36Y17         FDRE                                         r  hdmi_inst/inst/encg/n1d_reg[2]/C
  -------------------------------------------------------------------    -------------------
    SLICE_X36Y17         FDRE (Prop_fdre_C_Q)         0.141     1.778 r  hdmi_inst/inst/encg/n1d_reg[2]/Q
                         net (fo=4, routed)           0.109     1.887    hdmi_inst/inst/encg/n1d[2]
    SLICE_X37Y17         LUT6 (Prop_lut6_I0_O)        0.045     1.932 r  hdmi_inst/inst/encg/q_m_reg[1]_i_1__0/O
                         net (fo=1, routed)           0.000     1.932    hdmi_inst/inst/encg/q_m_1
    SLICE_X37Y17         FDRE                                         r  hdmi_inst/inst/encg/q_m_reg_reg[1]/D
  -------------------------------------------------------------------    -------------------

                         (clock clk_out1_clk_wiz_0 rise edge)
                                                      0.000     0.000 r  
    BUFGCTRL_X0Y2        BUFG                         0.000     0.000 r  sysClk_IBUF_BUFG_inst/O
                         net (fo=62, routed)          0.812     0.812    vc/inst/clk_in1
    MMCME2_ADV_X0Y0      MMCME2_ADV (Prop_mmcme2_adv_CLKIN1_CLKOUT0)
                                                      0.000     0.812 r  vc/inst/mmcm_adv_inst/CLKOUT0
                         net (fo=1, routed)           0.528     1.340    vc/inst/clk_out1_clk_wiz_0
    BUFGCTRL_X0Y0        BUFG (Prop_bufg_I_O)         0.029     1.369 r  vc/inst/clkout1_buf/O
                         net (fo=221, routed)         0.851     2.220    hdmi_inst/inst/encg/pix_clk
    SLICE_X37Y17         FDRE                                         r  hdmi_inst/inst/encg/q_m_reg_reg[1]/C
                         clock pessimism             -0.570     1.650    
    SLICE_X37Y17         FDRE (Hold_fdre_C_D)         0.091     1.741    hdmi_inst/inst/encg/q_m_reg_reg[1]
  -------------------------------------------------------------------
                         required time                         -1.741    
                         arrival time                           1.932    
  -------------------------------------------------------------------
                         slack                                  0.191    

Slack (MET) :             0.193ns  (arrival time - required time)
  Source:                 hdmi_inst/inst/encg/q_m_reg_reg[5]/C
                            (rising edge-triggered cell FDRE clocked by clk_out1_clk_wiz_0  {rise@0.000ns fall@6.737ns period=13.474ns})
  Destination:            hdmi_inst/inst/encg/dout_reg[5]/D
                            (rising edge-triggered cell FDCE clocked by clk_out1_clk_wiz_0  {rise@0.000ns fall@6.737ns period=13.474ns})
  Path Group:             clk_out1_clk_wiz_0
  Path Type:              Hold (Min at Fast Process Corner)
  Requirement:            0.000ns  (clk_out1_clk_wiz_0 rise@0.000ns - clk_out1_clk_wiz_0 rise@0.000ns)
  Data Path Delay:        0.321ns  (logic 0.209ns (65.025%)  route 0.112ns (34.975%))
  Logic Levels:           1  (LUT4=1)
  Clock Path Skew:        0.036ns (DCD - SCD - CPR)
    Destination Clock Delay (DCD):    2.220ns
    Source Clock Delay      (SCD):    1.635ns
    Clock Pessimism Removal (CPR):    0.549ns

    Location             Delay type                Incr(ns)  Path(ns)    Netlist Resource(s)
  -------------------------------------------------------------------    -------------------
                         (clock clk_out1_clk_wiz_0 rise edge)
                                                      0.000     0.000 r  
    BUFGCTRL_X0Y2        BUFG                         0.000     0.000 r  sysClk_IBUF_BUFG_inst/O
                         net (fo=62, routed)          0.546     0.546    vc/inst/clk_in1
    MMCME2_ADV_X0Y0      MMCME2_ADV (Prop_mmcme2_adv_CLKIN1_CLKOUT0)
                                                      0.000     0.546 r  vc/inst/mmcm_adv_inst/CLKOUT0
                         net (fo=1, routed)           0.482     1.027    vc/inst/clk_out1_clk_wiz_0
    BUFGCTRL_X0Y0        BUFG (Prop_bufg_I_O)         0.026     1.053 r  vc/inst/clkout1_buf/O
                         net (fo=221, routed)         0.582     1.635    hdmi_inst/inst/encg/pix_clk
    SLICE_X38Y19         FDRE                                         r  hdmi_inst/inst/encg/q_m_reg_reg[5]/C
  -------------------------------------------------------------------    -------------------
    SLICE_X38Y19         FDRE (Prop_fdre_C_Q)         0.164     1.799 r  hdmi_inst/inst/encg/q_m_reg_reg[5]/Q
                         net (fo=1, routed)           0.112     1.912    hdmi_inst/inst/encg/q_m_reg_reg_n_0_[5]
    SLICE_X43Y19         LUT4 (Prop_lut4_I2_O)        0.045     1.957 r  hdmi_inst/inst/encg/dout[5]_i_1__0/O
                         net (fo=1, routed)           0.000     1.957    hdmi_inst/inst/encg/dout[5]_i_1__0_n_0
    SLICE_X43Y19         FDCE                                         r  hdmi_inst/inst/encg/dout_reg[5]/D
  -------------------------------------------------------------------    -------------------

                         (clock clk_out1_clk_wiz_0 rise edge)
                                                      0.000     0.000 r  
    BUFGCTRL_X0Y2        BUFG                         0.000     0.000 r  sysClk_IBUF_BUFG_inst/O
                         net (fo=62, routed)          0.812     0.812    vc/inst/clk_in1
    MMCME2_ADV_X0Y0      MMCME2_ADV (Prop_mmcme2_adv_CLKIN1_CLKOUT0)
                                                      0.000     0.812 r  vc/inst/mmcm_adv_inst/CLKOUT0
                         net (fo=1, routed)           0.528     1.340    vc/inst/clk_out1_clk_wiz_0
    BUFGCTRL_X0Y0        BUFG (Prop_bufg_I_O)         0.029     1.369 r  vc/inst/clkout1_buf/O
                         net (fo=221, routed)         0.851     2.220    hdmi_inst/inst/encg/pix_clk
    SLICE_X43Y19         FDCE                                         r  hdmi_inst/inst/encg/dout_reg[5]/C
                         clock pessimism             -0.549     1.671    
    SLICE_X43Y19         FDCE (Hold_fdce_C_D)         0.092     1.763    hdmi_inst/inst/encg/dout_reg[5]
  -------------------------------------------------------------------
                         required time                         -1.763    
                         arrival time                           1.957    
  -------------------------------------------------------------------
                         slack                                  0.193    

Slack (MET) :             0.194ns  (arrival time - required time)
  Source:                 hdmi_inst/inst/encb/c0_q_reg/C
                            (rising edge-triggered cell FDRE clocked by clk_out1_clk_wiz_0  {rise@0.000ns fall@6.737ns period=13.474ns})
  Destination:            hdmi_inst/inst/encb/c0_reg_reg/D
                            (rising edge-triggered cell FDRE clocked by clk_out1_clk_wiz_0  {rise@0.000ns fall@6.737ns period=13.474ns})
  Path Group:             clk_out1_clk_wiz_0
  Path Type:              Hold (Min at Fast Process Corner)
  Requirement:            0.000ns  (clk_out1_clk_wiz_0 rise@0.000ns - clk_out1_clk_wiz_0 rise@0.000ns)
  Data Path Delay:        0.277ns  (logic 0.164ns (59.205%)  route 0.113ns (40.795%))
  Logic Levels:           0  
  Clock Path Skew:        0.013ns (DCD - SCD - CPR)
    Destination Clock Delay (DCD):    2.225ns
    Source Clock Delay      (SCD):    1.641ns
    Clock Pessimism Removal (CPR):    0.571ns

    Location             Delay type                Incr(ns)  Path(ns)    Netlist Resource(s)
  -------------------------------------------------------------------    -------------------
                         (clock clk_out1_clk_wiz_0 rise edge)
                                                      0.000     0.000 r  
    BUFGCTRL_X0Y2        BUFG                         0.000     0.000 r  sysClk_IBUF_BUFG_inst/O
                         net (fo=62, routed)          0.546     0.546    vc/inst/clk_in1
    MMCME2_ADV_X0Y0      MMCME2_ADV (Prop_mmcme2_adv_CLKIN1_CLKOUT0)
                                                      0.000     0.546 r  vc/inst/mmcm_adv_inst/CLKOUT0
                         net (fo=1, routed)           0.482     1.027    vc/inst/clk_out1_clk_wiz_0
    BUFGCTRL_X0Y0        BUFG (Prop_bufg_I_O)         0.026     1.053 r  vc/inst/clkout1_buf/O
                         net (fo=221, routed)         0.588     1.641    hdmi_inst/inst/encb/pix_clk
    SLICE_X42Y13         FDRE                                         r  hdmi_inst/inst/encb/c0_q_reg/C
  -------------------------------------------------------------------    -------------------
    SLICE_X42Y13         FDRE (Prop_fdre_C_Q)         0.164     1.805 r  hdmi_inst/inst/encb/c0_q_reg/Q
                         net (fo=1, routed)           0.113     1.918    hdmi_inst/inst/encb/c0_q
    SLICE_X43Y13         FDRE                                         r  hdmi_inst/inst/encb/c0_reg_reg/D
  -------------------------------------------------------------------    -------------------

                         (clock clk_out1_clk_wiz_0 rise edge)
                                                      0.000     0.000 r  
    BUFGCTRL_X0Y2        BUFG                         0.000     0.000 r  sysClk_IBUF_BUFG_inst/O
                         net (fo=62, routed)          0.812     0.812    vc/inst/clk_in1
    MMCME2_ADV_X0Y0      MMCME2_ADV (Prop_mmcme2_adv_CLKIN1_CLKOUT0)
                                                      0.000     0.812 r  vc/inst/mmcm_adv_inst/CLKOUT0
                         net (fo=1, routed)           0.528     1.340    vc/inst/clk_out1_clk_wiz_0
    BUFGCTRL_X0Y0        BUFG (Prop_bufg_I_O)         0.029     1.369 r  vc/inst/clkout1_buf/O
                         net (fo=221, routed)         0.856     2.225    hdmi_inst/inst/encb/pix_clk
    SLICE_X43Y13         FDRE                                         r  hdmi_inst/inst/encb/c0_reg_reg/C
                         clock pessimism             -0.571     1.654    
    SLICE_X43Y13         FDRE (Hold_fdre_C_D)         0.070     1.724    hdmi_inst/inst/encb/c0_reg_reg
  -------------------------------------------------------------------
                         required time                         -1.724    
                         arrival time                           1.918    
  -------------------------------------------------------------------
                         slack                                  0.194    

Slack (MET) :             0.198ns  (arrival time - required time)
  Source:                 hdmi_inst/inst/encr/q_m_reg_reg[0]/C
                            (rising edge-triggered cell FDRE clocked by clk_out1_clk_wiz_0  {rise@0.000ns fall@6.737ns period=13.474ns})
  Destination:            hdmi_inst/inst/encr/dout_reg[0]/D
                            (rising edge-triggered cell FDCE clocked by clk_out1_clk_wiz_0  {rise@0.000ns fall@6.737ns period=13.474ns})
  Path Group:             clk_out1_clk_wiz_0
  Path Type:              Hold (Min at Fast Process Corner)
  Requirement:            0.000ns  (clk_out1_clk_wiz_0 rise@0.000ns - clk_out1_clk_wiz_0 rise@0.000ns)
  Data Path Delay:        0.331ns  (logic 0.227ns (68.571%)  route 0.104ns (31.429%))
  Logic Levels:           1  (LUT3=1)
  Clock Path Skew:        0.013ns (DCD - SCD - CPR)
    Destination Clock Delay (DCD):    2.217ns
    Source Clock Delay      (SCD):    1.635ns
    Clock Pessimism Removal (CPR):    0.569ns

    Location             Delay type                Incr(ns)  Path(ns)    Netlist Resource(s)
  -------------------------------------------------------------------    -------------------
                         (clock clk_out1_clk_wiz_0 rise edge)
                                                      0.000     0.000 r  
    BUFGCTRL_X0Y2        BUFG                         0.000     0.000 r  sysClk_IBUF_BUFG_inst/O
                         net (fo=62, routed)          0.546     0.546    vc/inst/clk_in1
    MMCME2_ADV_X0Y0      MMCME2_ADV (Prop_mmcme2_adv_CLKIN1_CLKOUT0)
                                                      0.000     0.546 r  vc/inst/mmcm_adv_inst/CLKOUT0
                         net (fo=1, routed)           0.482     1.027    vc/inst/clk_out1_clk_wiz_0
    BUFGCTRL_X0Y0        BUFG (Prop_bufg_I_O)         0.026     1.053 r  vc/inst/clkout1_buf/O
                         net (fo=221, routed)         0.582     1.635    hdmi_inst/inst/encr/pix_clk
    SLICE_X41Y21         FDRE                                         r  hdmi_inst/inst/encr/q_m_reg_reg[0]/C
  -------------------------------------------------------------------    -------------------
    SLICE_X41Y21         FDRE (Prop_fdre_C_Q)         0.128     1.763 r  hdmi_inst/inst/encr/q_m_reg_reg[0]/Q
                         net (fo=1, routed)           0.104     1.867    hdmi_inst/inst/encr/q_m_reg_reg_n_0_[0]
    SLICE_X42Y22         LUT3 (Prop_lut3_I0_O)        0.099     1.966 r  hdmi_inst/inst/encr/dout[0]_i_1__1/O
                         net (fo=1, routed)           0.000     1.966    hdmi_inst/inst/encr/dout[0]_i_1__1_n_0
    SLICE_X42Y22         FDCE                                         r  hdmi_inst/inst/encr/dout_reg[0]/D
  -------------------------------------------------------------------    -------------------

                         (clock clk_out1_clk_wiz_0 rise edge)
                                                      0.000     0.000 r  
    BUFGCTRL_X0Y2        BUFG                         0.000     0.000 r  sysClk_IBUF_BUFG_inst/O
                         net (fo=62, routed)          0.812     0.812    vc/inst/clk_in1
    MMCME2_ADV_X0Y0      MMCME2_ADV (Prop_mmcme2_adv_CLKIN1_CLKOUT0)
                                                      0.000     0.812 r  vc/inst/mmcm_adv_inst/CLKOUT0
                         net (fo=1, routed)           0.528     1.340    vc/inst/clk_out1_clk_wiz_0
    BUFGCTRL_X0Y0        BUFG (Prop_bufg_I_O)         0.029     1.369 r  vc/inst/clkout1_buf/O
                         net (fo=221, routed)         0.848     2.217    hdmi_inst/inst/encr/pix_clk
    SLICE_X42Y22         FDCE                                         r  hdmi_inst/inst/encr/dout_reg[0]/C
                         clock pessimism             -0.569     1.648    
    SLICE_X42Y22         FDCE (Hold_fdce_C_D)         0.120     1.768    hdmi_inst/inst/encr/dout_reg[0]
  -------------------------------------------------------------------
                         required time                         -1.768    
                         arrival time                           1.966    
  -------------------------------------------------------------------
                         slack                                  0.198    

Slack (MET) :             0.212ns  (arrival time - required time)
  Source:                 hdmi_inst/inst/encb/q_m_reg_reg[4]/C
                            (rising edge-triggered cell FDRE clocked by clk_out1_clk_wiz_0  {rise@0.000ns fall@6.737ns period=13.474ns})
  Destination:            hdmi_inst/inst/encb/dout_reg[4]/D
                            (rising edge-triggered cell FDCE clocked by clk_out1_clk_wiz_0  {rise@0.000ns fall@6.737ns period=13.474ns})
  Path Group:             clk_out1_clk_wiz_0
  Path Type:              Hold (Min at Fast Process Corner)
  Requirement:            0.000ns  (clk_out1_clk_wiz_0 rise@0.000ns - clk_out1_clk_wiz_0 rise@0.000ns)
  Data Path Delay:        0.340ns  (logic 0.227ns (66.766%)  route 0.113ns (33.234%))
  Logic Levels:           1  (LUT6=1)
  Clock Path Skew:        0.036ns (DCD - SCD - CPR)
    Destination Clock Delay (DCD):    2.224ns
    Source Clock Delay      (SCD):    1.639ns
    Clock Pessimism Removal (CPR):    0.549ns

    Location             Delay type                Incr(ns)  Path(ns)    Netlist Resource(s)
  -------------------------------------------------------------------    -------------------
                         (clock clk_out1_clk_wiz_0 rise edge)
                                                      0.000     0.000 r  
    BUFGCTRL_X0Y2        BUFG                         0.000     0.000 r  sysClk_IBUF_BUFG_inst/O
                         net (fo=62, routed)          0.546     0.546    vc/inst/clk_in1
    MMCME2_ADV_X0Y0      MMCME2_ADV (Prop_mmcme2_adv_CLKIN1_CLKOUT0)
                                                      0.000     0.546 r  vc/inst/mmcm_adv_inst/CLKOUT0
                         net (fo=1, routed)           0.482     1.027    vc/inst/clk_out1_clk_wiz_0
    BUFGCTRL_X0Y0        BUFG (Prop_bufg_I_O)         0.026     1.053 r  vc/inst/clkout1_buf/O
                         net (fo=221, routed)         0.586     1.639    hdmi_inst/inst/encb/pix_clk
    SLICE_X39Y14         FDRE                                         r  hdmi_inst/inst/encb/q_m_reg_reg[4]/C
  -------------------------------------------------------------------    -------------------
    SLICE_X39Y14         FDRE (Prop_fdre_C_Q)         0.128     1.767 r  hdmi_inst/inst/encb/q_m_reg_reg[4]/Q
                         net (fo=1, routed)           0.113     1.880    hdmi_inst/inst/encb/q_m_reg_reg_n_0_[4]
    SLICE_X41Y15         LUT6 (Prop_lut6_I2_O)        0.099     1.979 r  hdmi_inst/inst/encb/dout[4]_i_1/O
                         net (fo=1, routed)           0.000     1.979    hdmi_inst/inst/encb/dout[4]_i_1_n_0
    SLICE_X41Y15         FDCE                                         r  hdmi_inst/inst/encb/dout_reg[4]/D
  -------------------------------------------------------------------    -------------------

                         (clock clk_out1_clk_wiz_0 rise edge)
                                                      0.000     0.000 r  
    BUFGCTRL_X0Y2        BUFG                         0.000     0.000 r  sysClk_IBUF_BUFG_inst/O
                         net (fo=62, routed)          0.812     0.812    vc/inst/clk_in1
    MMCME2_ADV_X0Y0      MMCME2_ADV (Prop_mmcme2_adv_CLKIN1_CLKOUT0)
                                                      0.000     0.812 r  vc/inst/mmcm_adv_inst/CLKOUT0
                         net (fo=1, routed)           0.528     1.340    vc/inst/clk_out1_clk_wiz_0
    BUFGCTRL_X0Y0        BUFG (Prop_bufg_I_O)         0.029     1.369 r  vc/inst/clkout1_buf/O
                         net (fo=221, routed)         0.855     2.224    hdmi_inst/inst/encb/pix_clk
    SLICE_X41Y15         FDCE                                         r  hdmi_inst/inst/encb/dout_reg[4]/C
                         clock pessimism             -0.549     1.675    
    SLICE_X41Y15         FDCE (Hold_fdce_C_D)         0.092     1.767    hdmi_inst/inst/encb/dout_reg[4]
  -------------------------------------------------------------------
                         required time                         -1.767    
                         arrival time                           1.979    
  -------------------------------------------------------------------
                         slack                                  0.212    

Slack (MET) :             0.218ns  (arrival time - required time)
  Source:                 hdmi_inst/inst/encr/vdin_q_reg[4]/C
                            (rising edge-triggered cell FDRE clocked by clk_out1_clk_wiz_0  {rise@0.000ns fall@6.737ns period=13.474ns})
  Destination:            hdmi_inst/inst/encr/q_m_reg_reg[6]/D
                            (rising edge-triggered cell FDRE clocked by clk_out1_clk_wiz_0  {rise@0.000ns fall@6.737ns period=13.474ns})
  Path Group:             clk_out1_clk_wiz_0
  Path Type:              Hold (Min at Fast Process Corner)
  Requirement:            0.000ns  (clk_out1_clk_wiz_0 rise@0.000ns - clk_out1_clk_wiz_0 rise@0.000ns)
  Data Path Delay:        0.346ns  (logic 0.209ns (60.382%)  route 0.137ns (39.618%))
  Logic Levels:           1  (LUT5=1)
  Clock Path Skew:        0.036ns (DCD - SCD - CPR)
    Destination Clock Delay (DCD):    2.218ns
    Source Clock Delay      (SCD):    1.633ns
    Clock Pessimism Removal (CPR):    0.549ns

    Location             Delay type                Incr(ns)  Path(ns)    Netlist Resource(s)
  -------------------------------------------------------------------    -------------------
                         (clock clk_out1_clk_wiz_0 rise edge)
                                                      0.000     0.000 r  
    BUFGCTRL_X0Y2        BUFG                         0.000     0.000 r  sysClk_IBUF_BUFG_inst/O
                         net (fo=62, routed)          0.546     0.546    vc/inst/clk_in1
    MMCME2_ADV_X0Y0      MMCME2_ADV (Prop_mmcme2_adv_CLKIN1_CLKOUT0)
                                                      0.000     0.546 r  vc/inst/mmcm_adv_inst/CLKOUT0
                         net (fo=1, routed)           0.482     1.027    vc/inst/clk_out1_clk_wiz_0
    BUFGCTRL_X0Y0        BUFG (Prop_bufg_I_O)         0.026     1.053 r  vc/inst/clkout1_buf/O
                         net (fo=221, routed)         0.580     1.633    hdmi_inst/inst/encr/pix_clk
    SLICE_X38Y21         FDRE                                         r  hdmi_inst/inst/encr/vdin_q_reg[4]/C
  -------------------------------------------------------------------    -------------------
    SLICE_X38Y21         FDRE (Prop_fdre_C_Q)         0.164     1.797 r  hdmi_inst/inst/encr/vdin_q_reg[4]/Q
                         net (fo=6, routed)           0.137     1.934    hdmi_inst/inst/encr/p_0_in2_in
    SLICE_X41Y21         LUT5 (Prop_lut5_I2_O)        0.045     1.979 r  hdmi_inst/inst/encr/q_m_reg[6]_i_1__1/O
                         net (fo=1, routed)           0.000     1.979    hdmi_inst/inst/encr/q_m_6
    SLICE_X41Y21         FDRE                                         r  hdmi_inst/inst/encr/q_m_reg_reg[6]/D
  -------------------------------------------------------------------    -------------------

                         (clock clk_out1_clk_wiz_0 rise edge)
                                                      0.000     0.000 r  
    BUFGCTRL_X0Y2        BUFG                         0.000     0.000 r  sysClk_IBUF_BUFG_inst/O
                         net (fo=62, routed)          0.812     0.812    vc/inst/clk_in1
    MMCME2_ADV_X0Y0      MMCME2_ADV (Prop_mmcme2_adv_CLKIN1_CLKOUT0)
                                                      0.000     0.812 r  vc/inst/mmcm_adv_inst/CLKOUT0
                         net (fo=1, routed)           0.528     1.340    vc/inst/clk_out1_clk_wiz_0
    BUFGCTRL_X0Y0        BUFG (Prop_bufg_I_O)         0.029     1.369 r  vc/inst/clkout1_buf/O
                         net (fo=221, routed)         0.849     2.218    hdmi_inst/inst/encr/pix_clk
    SLICE_X41Y21         FDRE                                         r  hdmi_inst/inst/encr/q_m_reg_reg[6]/C
                         clock pessimism             -0.549     1.669    
    SLICE_X41Y21         FDRE (Hold_fdre_C_D)         0.092     1.761    hdmi_inst/inst/encr/q_m_reg_reg[6]
  -------------------------------------------------------------------
                         required time                         -1.761    
                         arrival time                           1.979    
  -------------------------------------------------------------------
                         slack                                  0.218    

Slack (MET) :             0.220ns  (arrival time - required time)
  Source:                 hdmi_inst/inst/encb/n1d_reg[2]/C
                            (rising edge-triggered cell FDRE clocked by clk_out1_clk_wiz_0  {rise@0.000ns fall@6.737ns period=13.474ns})
  Destination:            hdmi_inst/inst/encb/q_m_reg_reg[1]/D
                            (rising edge-triggered cell FDRE clocked by clk_out1_clk_wiz_0  {rise@0.000ns fall@6.737ns period=13.474ns})
  Path Group:             clk_out1_clk_wiz_0
  Path Type:              Hold (Min at Fast Process Corner)
  Requirement:            0.000ns  (clk_out1_clk_wiz_0 rise@0.000ns - clk_out1_clk_wiz_0 rise@0.000ns)
  Data Path Delay:        0.353ns  (logic 0.186ns (52.736%)  route 0.167ns (47.264%))
  Logic Levels:           1  (LUT6=1)
  Clock Path Skew:        0.013ns (DCD - SCD - CPR)
    Destination Clock Delay (DCD):    2.221ns
    Source Clock Delay      (SCD):    1.639ns
    Clock Pessimism Removal (CPR):    0.569ns

    Location             Delay type                Incr(ns)  Path(ns)    Netlist Resource(s)
  -------------------------------------------------------------------    -------------------
                         (clock clk_out1_clk_wiz_0 rise edge)
                                                      0.000     0.000 r  
    BUFGCTRL_X0Y2        BUFG                         0.000     0.000 r  sysClk_IBUF_BUFG_inst/O
                         net (fo=62, routed)          0.546     0.546    vc/inst/clk_in1
    MMCME2_ADV_X0Y0      MMCME2_ADV (Prop_mmcme2_adv_CLKIN1_CLKOUT0)
                                                      0.000     0.546 r  vc/inst/mmcm_adv_inst/CLKOUT0
                         net (fo=1, routed)           0.482     1.027    vc/inst/clk_out1_clk_wiz_0
    BUFGCTRL_X0Y0        BUFG (Prop_bufg_I_O)         0.026     1.053 r  vc/inst/clkout1_buf/O
                         net (fo=221, routed)         0.586     1.639    hdmi_inst/inst/encb/pix_clk
    SLICE_X39Y14         FDRE                                         r  hdmi_inst/inst/encb/n1d_reg[2]/C
  -------------------------------------------------------------------    -------------------
    SLICE_X39Y14         FDRE (Prop_fdre_C_Q)         0.141     1.780 r  hdmi_inst/inst/encb/n1d_reg[2]/Q
                         net (fo=4, routed)           0.167     1.947    hdmi_inst/inst/encb/n1d[2]
    SLICE_X38Y16         LUT6 (Prop_lut6_I0_O)        0.045     1.992 r  hdmi_inst/inst/encb/q_m_reg[1]_i_1/O
                         net (fo=1, routed)           0.000     1.992    hdmi_inst/inst/encb/q_m_1
    SLICE_X38Y16         FDRE                                         r  hdmi_inst/inst/encb/q_m_reg_reg[1]/D
  -------------------------------------------------------------------    -------------------

                         (clock clk_out1_clk_wiz_0 rise edge)
                                                      0.000     0.000 r  
    BUFGCTRL_X0Y2        BUFG                         0.000     0.000 r  sysClk_IBUF_BUFG_inst/O
                         net (fo=62, routed)          0.812     0.812    vc/inst/clk_in1
    MMCME2_ADV_X0Y0      MMCME2_ADV (Prop_mmcme2_adv_CLKIN1_CLKOUT0)
                                                      0.000     0.812 r  vc/inst/mmcm_adv_inst/CLKOUT0
                         net (fo=1, routed)           0.528     1.340    vc/inst/clk_out1_clk_wiz_0
    BUFGCTRL_X0Y0        BUFG (Prop_bufg_I_O)         0.029     1.369 r  vc/inst/clkout1_buf/O
                         net (fo=221, routed)         0.852     2.221    hdmi_inst/inst/encb/pix_clk
    SLICE_X38Y16         FDRE                                         r  hdmi_inst/inst/encb/q_m_reg_reg[1]/C
                         clock pessimism             -0.569     1.652    
    SLICE_X38Y16         FDRE (Hold_fdre_C_D)         0.120     1.772    hdmi_inst/inst/encb/q_m_reg_reg[1]
  -------------------------------------------------------------------
                         required time                         -1.772    
                         arrival time                           1.992    
  -------------------------------------------------------------------
                         slack                                  0.220    

Slack (MET) :             0.220ns  (arrival time - required time)
  Source:                 hdmi_inst/inst/encr/vdin_q_reg[4]/C
                            (rising edge-triggered cell FDRE clocked by clk_out1_clk_wiz_0  {rise@0.000ns fall@6.737ns period=13.474ns})
  Destination:            hdmi_inst/inst/encr/q_m_reg_reg[5]/D
                            (rising edge-triggered cell FDRE clocked by clk_out1_clk_wiz_0  {rise@0.000ns fall@6.737ns period=13.474ns})
  Path Group:             clk_out1_clk_wiz_0
  Path Type:              Hold (Min at Fast Process Corner)
  Requirement:            0.000ns  (clk_out1_clk_wiz_0 rise@0.000ns - clk_out1_clk_wiz_0 rise@0.000ns)
  Data Path Delay:        0.347ns  (logic 0.209ns (60.208%)  route 0.138ns (39.792%))
  Logic Levels:           1  (LUT5=1)
  Clock Path Skew:        0.036ns (DCD - SCD - CPR)
    Destination Clock Delay (DCD):    2.218ns
    Source Clock Delay      (SCD):    1.633ns
    Clock Pessimism Removal (CPR):    0.549ns

    Location             Delay type                Incr(ns)  Path(ns)    Netlist Resource(s)
  -------------------------------------------------------------------    -------------------
                         (clock clk_out1_clk_wiz_0 rise edge)
                                                      0.000     0.000 r  
    BUFGCTRL_X0Y2        BUFG                         0.000     0.000 r  sysClk_IBUF_BUFG_inst/O
                         net (fo=62, routed)          0.546     0.546    vc/inst/clk_in1
    MMCME2_ADV_X0Y0      MMCME2_ADV (Prop_mmcme2_adv_CLKIN1_CLKOUT0)
                                                      0.000     0.546 r  vc/inst/mmcm_adv_inst/CLKOUT0
                         net (fo=1, routed)           0.482     1.027    vc/inst/clk_out1_clk_wiz_0
    BUFGCTRL_X0Y0        BUFG (Prop_bufg_I_O)         0.026     1.053 r  vc/inst/clkout1_buf/O
                         net (fo=221, routed)         0.580     1.633    hdmi_inst/inst/encr/pix_clk
    SLICE_X38Y21         FDRE                                         r  hdmi_inst/inst/encr/vdin_q_reg[4]/C
  -------------------------------------------------------------------    -------------------
    SLICE_X38Y21         FDRE (Prop_fdre_C_Q)         0.164     1.797 r  hdmi_inst/inst/encr/vdin_q_reg[4]/Q
                         net (fo=6, routed)           0.138     1.935    hdmi_inst/inst/encr/p_0_in2_in
    SLICE_X41Y21         LUT5 (Prop_lut5_I2_O)        0.045     1.980 r  hdmi_inst/inst/encr/q_m_reg[5]_i_1__1/O
                         net (fo=1, routed)           0.000     1.980    hdmi_inst/inst/encr/q_m_reg[5]_i_1__1_n_0
    SLICE_X41Y21         FDRE                                         r  hdmi_inst/inst/encr/q_m_reg_reg[5]/D
  -------------------------------------------------------------------    -------------------

                         (clock clk_out1_clk_wiz_0 rise edge)
                                                      0.000     0.000 r  
    BUFGCTRL_X0Y2        BUFG                         0.000     0.000 r  sysClk_IBUF_BUFG_inst/O
                         net (fo=62, routed)          0.812     0.812    vc/inst/clk_in1
    MMCME2_ADV_X0Y0      MMCME2_ADV (Prop_mmcme2_adv_CLKIN1_CLKOUT0)
                                                      0.000     0.812 r  vc/inst/mmcm_adv_inst/CLKOUT0
                         net (fo=1, routed)           0.528     1.340    vc/inst/clk_out1_clk_wiz_0
    BUFGCTRL_X0Y0        BUFG (Prop_bufg_I_O)         0.029     1.369 r  vc/inst/clkout1_buf/O
                         net (fo=221, routed)         0.849     2.218    hdmi_inst/inst/encr/pix_clk
    SLICE_X41Y21         FDRE                                         r  hdmi_inst/inst/encr/q_m_reg_reg[5]/C
                         clock pessimism             -0.549     1.669    
    SLICE_X41Y21         FDRE (Hold_fdre_C_D)         0.091     1.760    hdmi_inst/inst/encr/q_m_reg_reg[5]
  -------------------------------------------------------------------
                         required time                         -1.760    
                         arrival time                           1.980    
  -------------------------------------------------------------------
                         slack                                  0.220    





Pulse Width Checks
--------------------------------------------------------------------------------------
Clock Name:         clk_out1_clk_wiz_0
Waveform(ns):       { 0.000 6.737 }
Period(ns):         13.474
Sources:            { vc/inst/mmcm_adv_inst/CLKOUT0 }

Check Type        Corner  Lib Pin             Reference Pin  Required(ns)  Actual(ns)  Slack(ns)  Location         Pin
Min Period        n/a     BUFG/I              n/a            2.155         13.474      11.318     BUFGCTRL_X0Y0    vc/inst/clkout1_buf/I
Min Period        n/a     OSERDESE2/CLKDIV    n/a            1.667         13.474      11.807     OLOGIC_X0Y18     hdmi_inst/inst/serial_b/oserdes_m/CLKDIV
Min Period        n/a     OSERDESE2/CLKDIV    n/a            1.667         13.474      11.807     OLOGIC_X0Y17     hdmi_inst/inst/serial_b/oserdes_s/CLKDIV
Min Period        n/a     OSERDESE2/CLKDIV    n/a            1.667         13.474      11.807     OLOGIC_X0Y24     hdmi_inst/inst/serial_clk/oserdes_m/CLKDIV
Min Period        n/a     OSERDESE2/CLKDIV    n/a            1.667         13.474      11.807     OLOGIC_X0Y23     hdmi_inst/inst/serial_clk/oserdes_s/CLKDIV
Min Period        n/a     OSERDESE2/CLKDIV    n/a            1.667         13.474      11.807     OLOGIC_X0Y20     hdmi_inst/inst/serial_g/oserdes_m/CLKDIV
Min Period        n/a     OSERDESE2/CLKDIV    n/a            1.667         13.474      11.807     OLOGIC_X0Y19     hdmi_inst/inst/serial_g/oserdes_s/CLKDIV
Min Period        n/a     OSERDESE2/CLKDIV    n/a            1.667         13.474      11.807     OLOGIC_X0Y22     hdmi_inst/inst/serial_r/oserdes_m/CLKDIV
Min Period        n/a     OSERDESE2/CLKDIV    n/a            1.667         13.474      11.807     OLOGIC_X0Y21     hdmi_inst/inst/serial_r/oserdes_s/CLKDIV
Min Period        n/a     MMCME2_ADV/CLKOUT0  n/a            1.249         13.474      12.225     MMCME2_ADV_X0Y0  vc/inst/mmcm_adv_inst/CLKOUT0
Max Period        n/a     MMCME2_ADV/CLKOUT0  n/a            213.360       13.474      199.886    MMCME2_ADV_X0Y0  vc/inst/mmcm_adv_inst/CLKOUT0
Low Pulse Width   Slow    SRL16E/CLK          n/a            0.980         6.737       5.757      SLICE_X42Y17     hdmi_inst/inst/encg/c0_q_reg_srl2/CLK
Low Pulse Width   Fast    SRL16E/CLK          n/a            0.980         6.737       5.757      SLICE_X42Y17     hdmi_inst/inst/encg/c0_q_reg_srl2/CLK
Low Pulse Width   Slow    SRL16E/CLK          n/a            0.980         6.737       5.757      SLICE_X38Y20     hdmi_inst/inst/srldly_0/srl[16].srl16_i/CLK
Low Pulse Width   Fast    SRL16E/CLK          n/a            0.980         6.737       5.757      SLICE_X38Y20     hdmi_inst/inst/srldly_0/srl[16].srl16_i/CLK
Low Pulse Width   Slow    SRL16E/CLK          n/a            0.980         6.737       5.757      SLICE_X38Y20     hdmi_inst/inst/srldly_0/srl[17].srl16_i/CLK
Low Pulse Width   Fast    SRL16E/CLK          n/a            0.980         6.737       5.757      SLICE_X38Y20     hdmi_inst/inst/srldly_0/srl[17].srl16_i/CLK
Low Pulse Width   Slow    SRL16E/CLK          n/a            0.980         6.737       5.757      SLICE_X38Y20     hdmi_inst/inst/srldly_0/srl[18].srl16_i/CLK
Low Pulse Width   Fast    SRL16E/CLK          n/a            0.980         6.737       5.757      SLICE_X38Y20     hdmi_inst/inst/srldly_0/srl[18].srl16_i/CLK
Low Pulse Width   Slow    SRL16E/CLK          n/a            0.980         6.737       5.757      SLICE_X38Y20     hdmi_inst/inst/srldly_0/srl[19].srl16_i/CLK
Low Pulse Width   Fast    SRL16E/CLK          n/a            0.980         6.737       5.757      SLICE_X38Y20     hdmi_inst/inst/srldly_0/srl[19].srl16_i/CLK
High Pulse Width  Slow    SRL16E/CLK          n/a            0.980         6.737       5.757      SLICE_X42Y17     hdmi_inst/inst/encg/c0_q_reg_srl2/CLK
High Pulse Width  Fast    SRL16E/CLK          n/a            0.980         6.737       5.757      SLICE_X42Y17     hdmi_inst/inst/encg/c0_q_reg_srl2/CLK
High Pulse Width  Slow    SRL16E/CLK          n/a            0.980         6.737       5.757      SLICE_X38Y20     hdmi_inst/inst/srldly_0/srl[16].srl16_i/CLK
High Pulse Width  Fast    SRL16E/CLK          n/a            0.980         6.737       5.757      SLICE_X38Y20     hdmi_inst/inst/srldly_0/srl[16].srl16_i/CLK
High Pulse Width  Slow    SRL16E/CLK          n/a            0.980         6.737       5.757      SLICE_X38Y20     hdmi_inst/inst/srldly_0/srl[17].srl16_i/CLK
High Pulse Width  Fast    SRL16E/CLK          n/a            0.980         6.737       5.757      SLICE_X38Y20     hdmi_inst/inst/srldly_0/srl[17].srl16_i/CLK
High Pulse Width  Slow    SRL16E/CLK          n/a            0.980         6.737       5.757      SLICE_X38Y20     hdmi_inst/inst/srldly_0/srl[18].srl16_i/CLK
High Pulse Width  Fast    SRL16E/CLK          n/a            0.980         6.737       5.757      SLICE_X38Y20     hdmi_inst/inst/srldly_0/srl[18].srl16_i/CLK
High Pulse Width  Slow    SRL16E/CLK          n/a            0.980         6.737       5.757      SLICE_X38Y20     hdmi_inst/inst/srldly_0/srl[19].srl16_i/CLK
High Pulse Width  Fast    SRL16E/CLK          n/a            0.980         6.737       5.757      SLICE_X38Y20     hdmi_inst/inst/srldly_0/srl[19].srl16_i/CLK



---------------------------------------------------------------------------------------------------
From Clock:  clk_out2_clk_wiz_0
  To Clock:  clk_out2_clk_wiz_0

Setup :           NA  Failing Endpoints,  Worst Slack           NA  ,  Total Violation           NA
Hold  :           NA  Failing Endpoints,  Worst Slack           NA  ,  Total Violation           NA
PW    :            0  Failing Endpoints,  Worst Slack        0.540ns,  Total Violation        0.000ns
---------------------------------------------------------------------------------------------------


Pulse Width Checks
--------------------------------------------------------------------------------------
Clock Name:         clk_out2_clk_wiz_0
Waveform(ns):       { 0.000 1.347 }
Period(ns):         2.695
Sources:            { vc/inst/mmcm_adv_inst/CLKOUT1 }

Check Type  Corner  Lib Pin             Reference Pin  Required(ns)  Actual(ns)  Slack(ns)  Location         Pin
Min Period  n/a     BUFG/I              n/a            2.155         2.695       0.540      BUFGCTRL_X0Y1    vc/inst/clkout2_buf/I
Min Period  n/a     OSERDESE2/CLK       n/a            1.667         2.695       1.028      OLOGIC_X0Y18     hdmi_inst/inst/serial_b/oserdes_m/CLK
Min Period  n/a     OSERDESE2/CLK       n/a            1.667         2.695       1.028      OLOGIC_X0Y17     hdmi_inst/inst/serial_b/oserdes_s/CLK
Min Period  n/a     OSERDESE2/CLK       n/a            1.667         2.695       1.028      OLOGIC_X0Y24     hdmi_inst/inst/serial_clk/oserdes_m/CLK
Min Period  n/a     OSERDESE2/CLK       n/a            1.667         2.695       1.028      OLOGIC_X0Y23     hdmi_inst/inst/serial_clk/oserdes_s/CLK
Min Period  n/a     OSERDESE2/CLK       n/a            1.667         2.695       1.028      OLOGIC_X0Y20     hdmi_inst/inst/serial_g/oserdes_m/CLK
Min Period  n/a     OSERDESE2/CLK       n/a            1.667         2.695       1.028      OLOGIC_X0Y19     hdmi_inst/inst/serial_g/oserdes_s/CLK
Min Period  n/a     OSERDESE2/CLK       n/a            1.667         2.695       1.028      OLOGIC_X0Y22     hdmi_inst/inst/serial_r/oserdes_m/CLK
Min Period  n/a     OSERDESE2/CLK       n/a            1.667         2.695       1.028      OLOGIC_X0Y21     hdmi_inst/inst/serial_r/oserdes_s/CLK
Min Period  n/a     MMCME2_ADV/CLKOUT1  n/a            1.249         2.695       1.446      MMCME2_ADV_X0Y0  vc/inst/mmcm_adv_inst/CLKOUT1
Max Period  n/a     MMCME2_ADV/CLKOUT1  n/a            213.360       2.695       210.665    MMCME2_ADV_X0Y0  vc/inst/mmcm_adv_inst/CLKOUT1



---------------------------------------------------------------------------------------------------
From Clock:  sysClk
  To Clock:  clk_out1_clk_wiz_0

Setup :            6  Failing Endpoints,  Worst Slack       -9.444ns,  Total Violation      -54.729ns
Hold  :            0  Failing Endpoints,  Worst Slack        0.216ns,  Total Violation        0.000ns
---------------------------------------------------------------------------------------------------


Max Delay Paths
--------------------------------------------------------------------------------------
Slack (VIOLATED) :        -9.444ns  (required time - arrival time)
  Source:                 triggerVolt_reg[2]/C
                            (rising edge-triggered cell FDRE clocked by sysClk  {rise@0.000ns fall@10.000ns period=20.000ns})
  Destination:            sf/green_reg[7]/D
                            (rising edge-triggered cell FDRE clocked by clk_out1_clk_wiz_0  {rise@0.000ns fall@6.737ns period=13.474ns})
  Path Group:             clk_out1_clk_wiz_0
  Path Type:              Setup (Max at Slow Process Corner)
  Requirement:            0.211ns  (clk_out1_clk_wiz_0 rise@660.211ns - sysClk rise@660.000ns)
  Data Path Delay:        8.132ns  (logic 2.083ns (25.614%)  route 6.049ns (74.386%))
  Logic Levels:           8  (CARRY4=1 LUT3=1 LUT4=1 LUT5=2 LUT6=3)
  Clock Path Skew:        -0.708ns (DCD - SCD + CPR)
    Destination Clock Delay (DCD):    4.753ns = ( 664.964 - 660.211 ) 
    Source Clock Delay      (SCD):    5.461ns = ( 665.461 - 660.000 ) 
    Clock Pessimism Removal (CPR):    0.000ns
  Clock Uncertainty:      0.845ns  ((TSJ^2 + DJ^2)^1/2) / 2 + PE
    Total System Jitter     (TSJ):    0.071ns
    Discrete Jitter          (DJ):    0.462ns
    Phase Error              (PE):    0.611ns
  Clock Domain Crossing:  Inter clock paths are considered valid unless explicitly excluded by timing constraints such as set_clock_groups or set_false_path.

    Location             Delay type                Incr(ns)  Path(ns)    Netlist Resource(s)
  -------------------------------------------------------------------    -------------------
                         (clock sysClk rise edge)   660.000   660.000 r  
    U18                                               0.000   660.000 r  sysClk (IN)
                         net (fo=0)                   0.000   660.000    sysClk
    U18                  IBUF (Prop_ibuf_I_O)         1.530   661.530 r  sysClk_IBUF_inst/O
                         net (fo=1, routed)           2.076   663.606    sysClk_IBUF
    BUFGCTRL_X0Y2        BUFG (Prop_bufg_I_O)         0.101   663.707 r  sysClk_IBUF_BUFG_inst/O
                         net (fo=62, routed)          1.754   665.461    sysClk_IBUF_BUFG
    SLICE_X40Y6          FDRE                                         r  triggerVolt_reg[2]/C
  -------------------------------------------------------------------    -------------------
    SLICE_X40Y6          FDRE (Prop_fdre_C_Q)         0.456   665.917 r  triggerVolt_reg[2]/Q
                         net (fo=32, routed)          0.932   666.849    sf/p_1_out_inferred__8/i__carry__1_0[2]
    SLICE_X41Y7          LUT3 (Prop_lut3_I0_O)        0.124   666.973 r  sf/i__carry__0_i_6__1/O
                         net (fo=3, routed)           0.770   667.743    sf/triggerVolt_reg[2]_0
    SLICE_X41Y7          LUT5 (Prop_lut5_I2_O)        0.124   667.867 r  sf/i__carry__0_i_5__5/O
                         net (fo=4, routed)           0.855   668.722    vsg/p_1_out_inferred__6/i__carry__1
    SLICE_X39Y6          LUT5 (Prop_lut5_I1_O)        0.124   668.846 r  vsg/i__carry__1_i_2__5/O
                         net (fo=1, routed)           0.000   668.846    sf/blue[7]_i_10_0[1]
    SLICE_X39Y6          CARRY4 (Prop_carry4_S[1]_CO[2])
                                                      0.570   669.416 f  sf/p_1_out_inferred__6/i__carry__1/CO[2]
                         net (fo=2, routed)           1.189   670.605    vsg/blue[7]_i_4_2[0]
    SLICE_X40Y6          LUT6 (Prop_lut6_I5_O)        0.313   670.918 f  vsg/blue[7]_i_10/O
                         net (fo=1, routed)           0.760   671.678    vsg/blue[7]_i_10_n_0
    SLICE_X40Y6          LUT6 (Prop_lut6_I5_O)        0.124   671.802 r  vsg/blue[7]_i_4/O
                         net (fo=1, routed)           0.925   672.728    vsg/blue[7]_i_4_n_0
    SLICE_X37Y6          LUT6 (Prop_lut6_I3_O)        0.124   672.852 r  vsg/blue[7]_i_1/O
                         net (fo=4, routed)           0.618   673.469    vsg/pixelVert_reg[8]_0
    SLICE_X37Y6          LUT4 (Prop_lut4_I3_O)        0.124   673.593 r  vsg/green[7]_i_1/O
                         net (fo=1, routed)           0.000   673.593    sf/green_reg[7]_1
    SLICE_X37Y6          FDRE                                         r  sf/green_reg[7]/D
  -------------------------------------------------------------------    -------------------

                         (clock clk_out1_clk_wiz_0 rise edge)
                                                    660.211   660.211 r  
    BUFGCTRL_X0Y2        BUFG                         0.000   660.211 r  sysClk_IBUF_BUFG_inst/O
                         net (fo=62, routed)          1.487   661.698    vc/inst/clk_in1
    MMCME2_ADV_X0Y0      MMCME2_ADV (Prop_mmcme2_adv_CLKIN1_CLKOUT0)
                                                      0.000   661.698 r  vc/inst/mmcm_adv_inst/CLKOUT0
                         net (fo=1, routed)           1.599   663.297    vc/inst/clk_out1_clk_wiz_0
    BUFGCTRL_X0Y0        BUFG (Prop_bufg_I_O)         0.091   663.388 r  vc/inst/clkout1_buf/O
                         net (fo=221, routed)         1.575   664.964    sf/CLK
    SLICE_X37Y6          FDRE                                         r  sf/green_reg[7]/C
                         clock pessimism              0.000   664.964    
                         clock uncertainty           -0.845   664.119    
    SLICE_X37Y6          FDRE (Setup_fdre_C_D)        0.031   664.150    sf/green_reg[7]
  -------------------------------------------------------------------
                         required time                        664.150    
                         arrival time                        -673.593    
  -------------------------------------------------------------------
                         slack                                 -9.444    

Slack (VIOLATED) :        -9.442ns  (required time - arrival time)
  Source:                 triggerVolt_reg[2]/C
                            (rising edge-triggered cell FDRE clocked by sysClk  {rise@0.000ns fall@10.000ns period=20.000ns})
  Destination:            sf/blue_reg[6]/D
                            (rising edge-triggered cell FDRE clocked by clk_out1_clk_wiz_0  {rise@0.000ns fall@6.737ns period=13.474ns})
  Path Group:             clk_out1_clk_wiz_0
  Path Type:              Setup (Max at Slow Process Corner)
  Requirement:            0.211ns  (clk_out1_clk_wiz_0 rise@660.211ns - sysClk rise@660.000ns)
  Data Path Delay:        8.131ns  (logic 2.083ns (25.617%)  route 6.048ns (74.383%))
  Logic Levels:           8  (CARRY4=1 LUT3=1 LUT5=3 LUT6=3)
  Clock Path Skew:        -0.708ns (DCD - SCD + CPR)
    Destination Clock Delay (DCD):    4.753ns = ( 664.964 - 660.211 ) 
    Source Clock Delay      (SCD):    5.461ns = ( 665.461 - 660.000 ) 
    Clock Pessimism Removal (CPR):    0.000ns
  Clock Uncertainty:      0.845ns  ((TSJ^2 + DJ^2)^1/2) / 2 + PE
    Total System Jitter     (TSJ):    0.071ns
    Discrete Jitter          (DJ):    0.462ns
    Phase Error              (PE):    0.611ns
  Clock Domain Crossing:  Inter clock paths are considered valid unless explicitly excluded by timing constraints such as set_clock_groups or set_false_path.

    Location             Delay type                Incr(ns)  Path(ns)    Netlist Resource(s)
  -------------------------------------------------------------------    -------------------
                         (clock sysClk rise edge)   660.000   660.000 r  
    U18                                               0.000   660.000 r  sysClk (IN)
                         net (fo=0)                   0.000   660.000    sysClk
    U18                  IBUF (Prop_ibuf_I_O)         1.530   661.530 r  sysClk_IBUF_inst/O
                         net (fo=1, routed)           2.076   663.606    sysClk_IBUF
    BUFGCTRL_X0Y2        BUFG (Prop_bufg_I_O)         0.101   663.707 r  sysClk_IBUF_BUFG_inst/O
                         net (fo=62, routed)          1.754   665.461    sysClk_IBUF_BUFG
    SLICE_X40Y6          FDRE                                         r  triggerVolt_reg[2]/C
  -------------------------------------------------------------------    -------------------
    SLICE_X40Y6          FDRE (Prop_fdre_C_Q)         0.456   665.917 r  triggerVolt_reg[2]/Q
                         net (fo=32, routed)          0.932   666.849    sf/p_1_out_inferred__8/i__carry__1_0[2]
    SLICE_X41Y7          LUT3 (Prop_lut3_I0_O)        0.124   666.973 r  sf/i__carry__0_i_6__1/O
                         net (fo=3, routed)           0.770   667.743    sf/triggerVolt_reg[2]_0
    SLICE_X41Y7          LUT5 (Prop_lut5_I2_O)        0.124   667.867 r  sf/i__carry__0_i_5__5/O
                         net (fo=4, routed)           0.855   668.722    vsg/p_1_out_inferred__6/i__carry__1
    SLICE_X39Y6          LUT5 (Prop_lut5_I1_O)        0.124   668.846 r  vsg/i__carry__1_i_2__5/O
                         net (fo=1, routed)           0.000   668.846    sf/blue[7]_i_10_0[1]
    SLICE_X39Y6          CARRY4 (Prop_carry4_S[1]_CO[2])
                                                      0.570   669.416 f  sf/p_1_out_inferred__6/i__carry__1/CO[2]
                         net (fo=2, routed)           1.189   670.605    vsg/blue[7]_i_4_2[0]
    SLICE_X40Y6          LUT6 (Prop_lut6_I5_O)        0.313   670.918 f  vsg/blue[7]_i_10/O
                         net (fo=1, routed)           0.760   671.678    vsg/blue[7]_i_10_n_0
    SLICE_X40Y6          LUT6 (Prop_lut6_I5_O)        0.124   671.802 r  vsg/blue[7]_i_4/O
                         net (fo=1, routed)           0.925   672.728    vsg/blue[7]_i_4_n_0
    SLICE_X37Y6          LUT6 (Prop_lut6_I3_O)        0.124   672.852 r  vsg/blue[7]_i_1/O
                         net (fo=4, routed)           0.617   673.468    vsg/pixelVert_reg[8]_0
    SLICE_X37Y6          LUT5 (Prop_lut5_I3_O)        0.124   673.592 r  vsg/blue[6]_i_1/O
                         net (fo=1, routed)           0.000   673.592    sf/blue_reg[6]_0[0]
    SLICE_X37Y6          FDRE                                         r  sf/blue_reg[6]/D
  -------------------------------------------------------------------    -------------------

                         (clock clk_out1_clk_wiz_0 rise edge)
                                                    660.211   660.211 r  
    BUFGCTRL_X0Y2        BUFG                         0.000   660.211 r  sysClk_IBUF_BUFG_inst/O
                         net (fo=62, routed)          1.487   661.698    vc/inst/clk_in1
    MMCME2_ADV_X0Y0      MMCME2_ADV (Prop_mmcme2_adv_CLKIN1_CLKOUT0)
                                                      0.000   661.698 r  vc/inst/mmcm_adv_inst/CLKOUT0
                         net (fo=1, routed)           1.599   663.297    vc/inst/clk_out1_clk_wiz_0
    BUFGCTRL_X0Y0        BUFG (Prop_bufg_I_O)         0.091   663.388 r  vc/inst/clkout1_buf/O
                         net (fo=221, routed)         1.575   664.964    sf/CLK
    SLICE_X37Y6          FDRE                                         r  sf/blue_reg[6]/C
                         clock pessimism              0.000   664.964    
                         clock uncertainty           -0.845   664.119    
    SLICE_X37Y6          FDRE (Setup_fdre_C_D)        0.032   664.151    sf/blue_reg[6]
  -------------------------------------------------------------------
                         required time                        664.151    
                         arrival time                        -673.592    
  -------------------------------------------------------------------
                         slack                                 -9.442    

Slack (VIOLATED) :        -9.418ns  (required time - arrival time)
  Source:                 triggerVolt_reg[2]/C
                            (rising edge-triggered cell FDRE clocked by sysClk  {rise@0.000ns fall@10.000ns period=20.000ns})
  Destination:            sf/green_reg[6]/D
                            (rising edge-triggered cell FDRE clocked by clk_out1_clk_wiz_0  {rise@0.000ns fall@6.737ns period=13.474ns})
  Path Group:             clk_out1_clk_wiz_0
  Path Type:              Setup (Max at Slow Process Corner)
  Requirement:            0.211ns  (clk_out1_clk_wiz_0 rise@660.211ns - sysClk rise@660.000ns)
  Data Path Delay:        8.106ns  (logic 2.083ns (25.696%)  route 6.023ns (74.304%))
  Logic Levels:           8  (CARRY4=1 LUT3=1 LUT5=3 LUT6=3)
  Clock Path Skew:        -0.708ns (DCD - SCD + CPR)
    Destination Clock Delay (DCD):    4.753ns = ( 664.964 - 660.211 ) 
    Source Clock Delay      (SCD):    5.461ns = ( 665.461 - 660.000 ) 
    Clock Pessimism Removal (CPR):    0.000ns
  Clock Uncertainty:      0.845ns  ((TSJ^2 + DJ^2)^1/2) / 2 + PE
    Total System Jitter     (TSJ):    0.071ns
    Discrete Jitter          (DJ):    0.462ns
    Phase Error              (PE):    0.611ns
  Clock Domain Crossing:  Inter clock paths are considered valid unless explicitly excluded by timing constraints such as set_clock_groups or set_false_path.

    Location             Delay type                Incr(ns)  Path(ns)    Netlist Resource(s)
  -------------------------------------------------------------------    -------------------
                         (clock sysClk rise edge)   660.000   660.000 r  
    U18                                               0.000   660.000 r  sysClk (IN)
                         net (fo=0)                   0.000   660.000    sysClk
    U18                  IBUF (Prop_ibuf_I_O)         1.530   661.530 r  sysClk_IBUF_inst/O
                         net (fo=1, routed)           2.076   663.606    sysClk_IBUF
    BUFGCTRL_X0Y2        BUFG (Prop_bufg_I_O)         0.101   663.707 r  sysClk_IBUF_BUFG_inst/O
                         net (fo=62, routed)          1.754   665.461    sysClk_IBUF_BUFG
    SLICE_X40Y6          FDRE                                         r  triggerVolt_reg[2]/C
  -------------------------------------------------------------------    -------------------
    SLICE_X40Y6          FDRE (Prop_fdre_C_Q)         0.456   665.917 r  triggerVolt_reg[2]/Q
                         net (fo=32, routed)          0.932   666.849    sf/p_1_out_inferred__8/i__carry__1_0[2]
    SLICE_X41Y7          LUT3 (Prop_lut3_I0_O)        0.124   666.973 r  sf/i__carry__0_i_6__1/O
                         net (fo=3, routed)           0.770   667.743    sf/triggerVolt_reg[2]_0
    SLICE_X41Y7          LUT5 (Prop_lut5_I2_O)        0.124   667.867 r  sf/i__carry__0_i_5__5/O
                         net (fo=4, routed)           0.855   668.722    vsg/p_1_out_inferred__6/i__carry__1
    SLICE_X39Y6          LUT5 (Prop_lut5_I1_O)        0.124   668.846 r  vsg/i__carry__1_i_2__5/O
                         net (fo=1, routed)           0.000   668.846    sf/blue[7]_i_10_0[1]
    SLICE_X39Y6          CARRY4 (Prop_carry4_S[1]_CO[2])
                                                      0.570   669.416 f  sf/p_1_out_inferred__6/i__carry__1/CO[2]
                         net (fo=2, routed)           1.189   670.605    vsg/blue[7]_i_4_2[0]
    SLICE_X40Y6          LUT6 (Prop_lut6_I5_O)        0.313   670.918 f  vsg/blue[7]_i_10/O
                         net (fo=1, routed)           0.760   671.678    vsg/blue[7]_i_10_n_0
    SLICE_X40Y6          LUT6 (Prop_lut6_I5_O)        0.124   671.802 r  vsg/blue[7]_i_4/O
                         net (fo=1, routed)           0.925   672.728    vsg/blue[7]_i_4_n_0
    SLICE_X37Y6          LUT6 (Prop_lut6_I3_O)        0.124   672.852 r  vsg/blue[7]_i_1/O
                         net (fo=4, routed)           0.592   673.444    vsg/pixelVert_reg[8]_0
    SLICE_X37Y5          LUT5 (Prop_lut5_I4_O)        0.124   673.568 r  vsg/green[6]_i_1/O
                         net (fo=1, routed)           0.000   673.568    sf/green_reg[6]_0
    SLICE_X37Y5          FDRE                                         r  sf/green_reg[6]/D
  -------------------------------------------------------------------    -------------------

                         (clock clk_out1_clk_wiz_0 rise edge)
                                                    660.211   660.211 r  
    BUFGCTRL_X0Y2        BUFG                         0.000   660.211 r  sysClk_IBUF_BUFG_inst/O
                         net (fo=62, routed)          1.487   661.698    vc/inst/clk_in1
    MMCME2_ADV_X0Y0      MMCME2_ADV (Prop_mmcme2_adv_CLKIN1_CLKOUT0)
                                                      0.000   661.698 r  vc/inst/mmcm_adv_inst/CLKOUT0
                         net (fo=1, routed)           1.599   663.297    vc/inst/clk_out1_clk_wiz_0
    BUFGCTRL_X0Y0        BUFG (Prop_bufg_I_O)         0.091   663.388 r  vc/inst/clkout1_buf/O
                         net (fo=221, routed)         1.575   664.964    sf/CLK
    SLICE_X37Y5          FDRE                                         r  sf/green_reg[6]/C
                         clock pessimism              0.000   664.964    
                         clock uncertainty           -0.845   664.119    
    SLICE_X37Y5          FDRE (Setup_fdre_C_D)        0.031   664.150    sf/green_reg[6]
  -------------------------------------------------------------------
                         required time                        664.150    
                         arrival time                        -673.568    
  -------------------------------------------------------------------
                         slack                                 -9.418    

Slack (VIOLATED) :        -9.252ns  (required time - arrival time)
  Source:                 triggerVolt_reg[2]/C
                            (rising edge-triggered cell FDRE clocked by sysClk  {rise@0.000ns fall@10.000ns period=20.000ns})
  Destination:            sf/red_reg[6]/D
                            (rising edge-triggered cell FDRE clocked by clk_out1_clk_wiz_0  {rise@0.000ns fall@6.737ns period=13.474ns})
  Path Group:             clk_out1_clk_wiz_0
  Path Type:              Setup (Max at Slow Process Corner)
  Requirement:            0.211ns  (clk_out1_clk_wiz_0 rise@660.211ns - sysClk rise@660.000ns)
  Data Path Delay:        7.940ns  (logic 1.876ns (23.627%)  route 6.064ns (76.373%))
  Logic Levels:           8  (CARRY4=1 LUT3=1 LUT5=2 LUT6=4)
  Clock Path Skew:        -0.709ns (DCD - SCD + CPR)
    Destination Clock Delay (DCD):    4.752ns = ( 664.962 - 660.211 ) 
    Source Clock Delay      (SCD):    5.461ns = ( 665.461 - 660.000 ) 
    Clock Pessimism Removal (CPR):    0.000ns
  Clock Uncertainty:      0.845ns  ((TSJ^2 + DJ^2)^1/2) / 2 + PE
    Total System Jitter     (TSJ):    0.071ns
    Discrete Jitter          (DJ):    0.462ns
    Phase Error              (PE):    0.611ns
  Clock Domain Crossing:  Inter clock paths are considered valid unless explicitly excluded by timing constraints such as set_clock_groups or set_false_path.

    Location             Delay type                Incr(ns)  Path(ns)    Netlist Resource(s)
  -------------------------------------------------------------------    -------------------
                         (clock sysClk rise edge)   660.000   660.000 r  
    U18                                               0.000   660.000 r  sysClk (IN)
                         net (fo=0)                   0.000   660.000    sysClk
    U18                  IBUF (Prop_ibuf_I_O)         1.530   661.530 r  sysClk_IBUF_inst/O
                         net (fo=1, routed)           2.076   663.606    sysClk_IBUF
    BUFGCTRL_X0Y2        BUFG (Prop_bufg_I_O)         0.101   663.707 r  sysClk_IBUF_BUFG_inst/O
                         net (fo=62, routed)          1.754   665.461    sysClk_IBUF_BUFG
    SLICE_X40Y6          FDRE                                         r  triggerVolt_reg[2]/C
  -------------------------------------------------------------------    -------------------
    SLICE_X40Y6          FDRE (Prop_fdre_C_Q)         0.456   665.917 r  triggerVolt_reg[2]/Q
                         net (fo=32, routed)          0.980   666.897    sf/p_1_out_inferred__8/i__carry__1_0[2]
    SLICE_X41Y6          LUT3 (Prop_lut3_I0_O)        0.124   667.021 r  sf/i__carry__0_i_9__0/O
                         net (fo=5, routed)           0.635   667.657    sf/triggerVolt_reg[2]
    SLICE_X41Y6          LUT5 (Prop_lut5_I1_O)        0.124   667.781 r  sf/i__carry__0_i_10__0/O
                         net (fo=7, routed)           0.597   668.378    sf/triggerVolt_reg[6]_0
    SLICE_X40Y5          LUT5 (Prop_lut5_I2_O)        0.124   668.502 r  sf/i__carry__1_i_1__5/O
                         net (fo=1, routed)           0.624   669.125    sf/i__carry__1_i_1__5_n_0
    SLICE_X38Y5          CARRY4 (Prop_carry4_DI[2]_CO[2])
                                                      0.366   669.491 r  sf/p_1_out_inferred__5/i__carry__1/CO[2]
                         net (fo=2, routed)           0.909   670.401    vsg/blue[7]_i_4_3[0]
    SLICE_X36Y6          LUT6 (Prop_lut6_I3_O)        0.310   670.711 r  vsg/red[7]_i_28/O
                         net (fo=1, routed)           0.749   671.459    vsg/red[7]_i_28_n_0
    SLICE_X37Y8          LUT6 (Prop_lut6_I0_O)        0.124   671.583 r  vsg/red[7]_i_17/O
                         net (fo=2, routed)           0.822   672.406    vsg/red[7]_i_17_n_0
    SLICE_X37Y8          LUT6 (Prop_lut6_I4_O)        0.124   672.530 r  vsg/red[7]_i_5/O
                         net (fo=1, routed)           0.748   673.277    vsg/red[7]_i_5_n_0
    SLICE_X37Y8          LUT6 (Prop_lut6_I2_O)        0.124   673.401 r  vsg/red[6]_i_1/O
                         net (fo=1, routed)           0.000   673.401    sf/D[0]
    SLICE_X37Y8          FDRE                                         r  sf/red_reg[6]/D
  -------------------------------------------------------------------    -------------------

                         (clock clk_out1_clk_wiz_0 rise edge)
                                                    660.211   660.211 r  
    BUFGCTRL_X0Y2        BUFG                         0.000   660.211 r  sysClk_IBUF_BUFG_inst/O
                         net (fo=62, routed)          1.487   661.698    vc/inst/clk_in1
    MMCME2_ADV_X0Y0      MMCME2_ADV (Prop_mmcme2_adv_CLKIN1_CLKOUT0)
                                                      0.000   661.698 r  vc/inst/mmcm_adv_inst/CLKOUT0
                         net (fo=1, routed)           1.599   663.297    vc/inst/clk_out1_clk_wiz_0
    BUFGCTRL_X0Y0        BUFG (Prop_bufg_I_O)         0.091   663.388 r  vc/inst/clkout1_buf/O
                         net (fo=221, routed)         1.574   664.963    sf/CLK
    SLICE_X37Y8          FDRE                                         r  sf/red_reg[6]/C
                         clock pessimism              0.000   664.963    
                         clock uncertainty           -0.845   664.118    
    SLICE_X37Y8          FDRE (Setup_fdre_C_D)        0.031   664.149    sf/red_reg[6]
  -------------------------------------------------------------------
                         required time                        664.149    
                         arrival time                        -673.401    
  -------------------------------------------------------------------
                         slack                                 -9.252    

Slack (VIOLATED) :        -8.702ns  (required time - arrival time)
  Source:                 triggerVolt_reg[2]/C
                            (rising edge-triggered cell FDRE clocked by sysClk  {rise@0.000ns fall@10.000ns period=20.000ns})
  Destination:            sf/blue_reg[7]/D
                            (rising edge-triggered cell FDRE clocked by clk_out1_clk_wiz_0  {rise@0.000ns fall@6.737ns period=13.474ns})
  Path Group:             clk_out1_clk_wiz_0
  Path Type:              Setup (Max at Slow Process Corner)
  Requirement:            0.211ns  (clk_out1_clk_wiz_0 rise@660.211ns - sysClk rise@660.000ns)
  Data Path Delay:        7.391ns  (logic 1.959ns (26.507%)  route 5.432ns (73.493%))
  Logic Levels:           7  (CARRY4=1 LUT3=1 LUT5=2 LUT6=3)
  Clock Path Skew:        -0.708ns (DCD - SCD + CPR)
    Destination Clock Delay (DCD):    4.753ns = ( 664.964 - 660.211 ) 
    Source Clock Delay      (SCD):    5.461ns = ( 665.461 - 660.000 ) 
    Clock Pessimism Removal (CPR):    0.000ns
  Clock Uncertainty:      0.845ns  ((TSJ^2 + DJ^2)^1/2) / 2 + PE
    Total System Jitter     (TSJ):    0.071ns
    Discrete Jitter          (DJ):    0.462ns
    Phase Error              (PE):    0.611ns
  Clock Domain Crossing:  Inter clock paths are considered valid unless explicitly excluded by timing constraints such as set_clock_groups or set_false_path.

    Location             Delay type                Incr(ns)  Path(ns)    Netlist Resource(s)
  -------------------------------------------------------------------    -------------------
                         (clock sysClk rise edge)   660.000   660.000 r  
    U18                                               0.000   660.000 r  sysClk (IN)
                         net (fo=0)                   0.000   660.000    sysClk
    U18                  IBUF (Prop_ibuf_I_O)         1.530   661.530 r  sysClk_IBUF_inst/O
                         net (fo=1, routed)           2.076   663.606    sysClk_IBUF
    BUFGCTRL_X0Y2        BUFG (Prop_bufg_I_O)         0.101   663.707 r  sysClk_IBUF_BUFG_inst/O
                         net (fo=62, routed)          1.754   665.461    sysClk_IBUF_BUFG
    SLICE_X40Y6          FDRE                                         r  triggerVolt_reg[2]/C
  -------------------------------------------------------------------    -------------------
    SLICE_X40Y6          FDRE (Prop_fdre_C_Q)         0.456   665.917 r  triggerVolt_reg[2]/Q
                         net (fo=32, routed)          0.932   666.849    sf/p_1_out_inferred__8/i__carry__1_0[2]
    SLICE_X41Y7          LUT3 (Prop_lut3_I0_O)        0.124   666.973 r  sf/i__carry__0_i_6__1/O
                         net (fo=3, routed)           0.770   667.743    sf/triggerVolt_reg[2]_0
    SLICE_X41Y7          LUT5 (Prop_lut5_I2_O)        0.124   667.867 r  sf/i__carry__0_i_5__5/O
                         net (fo=4, routed)           0.855   668.722    vsg/p_1_out_inferred__6/i__carry__1
    SLICE_X39Y6          LUT5 (Prop_lut5_I1_O)        0.124   668.846 r  vsg/i__carry__1_i_2__5/O
                         net (fo=1, routed)           0.000   668.846    sf/blue[7]_i_10_0[1]
    SLICE_X39Y6          CARRY4 (Prop_carry4_S[1]_CO[2])
                                                      0.570   669.416 f  sf/p_1_out_inferred__6/i__carry__1/CO[2]
                         net (fo=2, routed)           1.189   670.605    vsg/blue[7]_i_4_2[0]
    SLICE_X40Y6          LUT6 (Prop_lut6_I5_O)        0.313   670.918 f  vsg/blue[7]_i_10/O
                         net (fo=1, routed)           0.760   671.678    vsg/blue[7]_i_10_n_0
    SLICE_X40Y6          LUT6 (Prop_lut6_I5_O)        0.124   671.802 r  vsg/blue[7]_i_4/O
                         net (fo=1, routed)           0.925   672.728    vsg/blue[7]_i_4_n_0
    SLICE_X37Y6          LUT6 (Prop_lut6_I3_O)        0.124   672.852 r  vsg/blue[7]_i_1/O
                         net (fo=4, routed)           0.000   672.852    sf/blue_reg[7]_1
    SLICE_X37Y6          FDRE                                         r  sf/blue_reg[7]/D
  -------------------------------------------------------------------    -------------------

                         (clock clk_out1_clk_wiz_0 rise edge)
                                                    660.211   660.211 r  
    BUFGCTRL_X0Y2        BUFG                         0.000   660.211 r  sysClk_IBUF_BUFG_inst/O
                         net (fo=62, routed)          1.487   661.698    vc/inst/clk_in1
    MMCME2_ADV_X0Y0      MMCME2_ADV (Prop_mmcme2_adv_CLKIN1_CLKOUT0)
                                                      0.000   661.698 r  vc/inst/mmcm_adv_inst/CLKOUT0
                         net (fo=1, routed)           1.599   663.297    vc/inst/clk_out1_clk_wiz_0
    BUFGCTRL_X0Y0        BUFG (Prop_bufg_I_O)         0.091   663.388 r  vc/inst/clkout1_buf/O
                         net (fo=221, routed)         1.575   664.964    sf/CLK
    SLICE_X37Y6          FDRE                                         r  sf/blue_reg[7]/C
                         clock pessimism              0.000   664.964    
                         clock uncertainty           -0.845   664.119    
    SLICE_X37Y6          FDRE (Setup_fdre_C_D)        0.031   664.150    sf/blue_reg[7]
  -------------------------------------------------------------------
                         required time                        664.150    
                         arrival time                        -672.852    
  -------------------------------------------------------------------
                         slack                                 -8.702    

Slack (VIOLATED) :        -8.472ns  (required time - arrival time)
  Source:                 triggerVolt_reg[2]/C
                            (rising edge-triggered cell FDRE clocked by sysClk  {rise@0.000ns fall@10.000ns period=20.000ns})
  Destination:            sf/red_reg[7]/D
                            (rising edge-triggered cell FDRE clocked by clk_out1_clk_wiz_0  {rise@0.000ns fall@6.737ns period=13.474ns})
  Path Group:             clk_out1_clk_wiz_0
  Path Type:              Setup (Max at Slow Process Corner)
  Requirement:            0.211ns  (clk_out1_clk_wiz_0 rise@660.211ns - sysClk rise@660.000ns)
  Data Path Delay:        7.159ns  (logic 1.752ns (24.472%)  route 5.407ns (75.528%))
  Logic Levels:           7  (CARRY4=1 LUT3=1 LUT5=2 LUT6=3)
  Clock Path Skew:        -0.709ns (DCD - SCD + CPR)
    Destination Clock Delay (DCD):    4.752ns = ( 664.962 - 660.211 ) 
    Source Clock Delay      (SCD):    5.461ns = ( 665.461 - 660.000 ) 
    Clock Pessimism Removal (CPR):    0.000ns
  Clock Uncertainty:      0.845ns  ((TSJ^2 + DJ^2)^1/2) / 2 + PE
    Total System Jitter     (TSJ):    0.071ns
    Discrete Jitter          (DJ):    0.462ns
    Phase Error              (PE):    0.611ns
  Clock Domain Crossing:  Inter clock paths are considered valid unless explicitly excluded by timing constraints such as set_clock_groups or set_false_path.

    Location             Delay type                Incr(ns)  Path(ns)    Netlist Resource(s)
  -------------------------------------------------------------------    -------------------
                         (clock sysClk rise edge)   660.000   660.000 r  
    U18                                               0.000   660.000 r  sysClk (IN)
                         net (fo=0)                   0.000   660.000    sysClk
    U18                  IBUF (Prop_ibuf_I_O)         1.530   661.530 r  sysClk_IBUF_inst/O
                         net (fo=1, routed)           2.076   663.606    sysClk_IBUF
    BUFGCTRL_X0Y2        BUFG (Prop_bufg_I_O)         0.101   663.707 r  sysClk_IBUF_BUFG_inst/O
                         net (fo=62, routed)          1.754   665.461    sysClk_IBUF_BUFG
    SLICE_X40Y6          FDRE                                         r  triggerVolt_reg[2]/C
  -------------------------------------------------------------------    -------------------
    SLICE_X40Y6          FDRE (Prop_fdre_C_Q)         0.456   665.917 r  triggerVolt_reg[2]/Q
                         net (fo=32, routed)          0.980   666.897    sf/p_1_out_inferred__8/i__carry__1_0[2]
    SLICE_X41Y6          LUT3 (Prop_lut3_I0_O)        0.124   667.021 r  sf/i__carry__0_i_9__0/O
                         net (fo=5, routed)           0.635   667.657    sf/triggerVolt_reg[2]
    SLICE_X41Y6          LUT5 (Prop_lut5_I1_O)        0.124   667.781 r  sf/i__carry__0_i_10__0/O
                         net (fo=7, routed)           0.597   668.378    sf/triggerVolt_reg[6]_0
    SLICE_X40Y5          LUT5 (Prop_lut5_I2_O)        0.124   668.502 r  sf/i__carry__1_i_1__5/O
                         net (fo=1, routed)           0.624   669.125    sf/i__carry__1_i_1__5_n_0
    SLICE_X38Y5          CARRY4 (Prop_carry4_DI[2]_CO[2])
                                                      0.366   669.491 r  sf/p_1_out_inferred__5/i__carry__1/CO[2]
                         net (fo=2, routed)           0.909   670.401    vsg/blue[7]_i_4_3[0]
    SLICE_X36Y6          LUT6 (Prop_lut6_I3_O)        0.310   670.711 r  vsg/red[7]_i_28/O
                         net (fo=1, routed)           0.749   671.459    vsg/red[7]_i_28_n_0
    SLICE_X37Y8          LUT6 (Prop_lut6_I0_O)        0.124   671.583 r  vsg/red[7]_i_17/O
                         net (fo=2, routed)           0.913   672.496    vsg/red[7]_i_17_n_0
    SLICE_X36Y7          LUT6 (Prop_lut6_I4_O)        0.124   672.620 r  vsg/red[7]_i_1_comp_1/O
                         net (fo=1, routed)           0.000   672.620    sf/D[1]
    SLICE_X36Y7          FDRE                                         r  sf/red_reg[7]/D
  -------------------------------------------------------------------    -------------------

                         (clock clk_out1_clk_wiz_0 rise edge)
                                                    660.211   660.211 r  
    BUFGCTRL_X0Y2        BUFG                         0.000   660.211 r  sysClk_IBUF_BUFG_inst/O
                         net (fo=62, routed)          1.487   661.698    vc/inst/clk_in1
    MMCME2_ADV_X0Y0      MMCME2_ADV (Prop_mmcme2_adv_CLKIN1_CLKOUT0)
                                                      0.000   661.698 r  vc/inst/mmcm_adv_inst/CLKOUT0
                         net (fo=1, routed)           1.599   663.297    vc/inst/clk_out1_clk_wiz_0
    BUFGCTRL_X0Y0        BUFG (Prop_bufg_I_O)         0.091   663.388 r  vc/inst/clkout1_buf/O
                         net (fo=221, routed)         1.574   664.963    sf/CLK
    SLICE_X36Y7          FDRE                                         r  sf/red_reg[7]/C
                         clock pessimism              0.000   664.963    
                         clock uncertainty           -0.845   664.118    
    SLICE_X36Y7          FDRE (Setup_fdre_C_D)        0.031   664.149    sf/red_reg[7]
  -------------------------------------------------------------------
                         required time                        664.149    
                         arrival time                        -672.620    
  -------------------------------------------------------------------
                         slack                                 -8.472    





Min Delay Paths
--------------------------------------------------------------------------------------
Slack (MET) :             0.216ns  (arrival time - required time)
  Source:                 triggerTime_reg[5]/C
                            (rising edge-triggered cell FDRE clocked by sysClk  {rise@0.000ns fall@10.000ns period=20.000ns})
  Destination:            sf/blue_reg[7]/D
                            (rising edge-triggered cell FDRE clocked by clk_out1_clk_wiz_0  {rise@0.000ns fall@6.737ns period=13.474ns})
  Path Group:             clk_out1_clk_wiz_0
  Path Type:              Hold (Min at Fast Process Corner)
  Requirement:            0.000ns  (clk_out1_clk_wiz_0 rise@0.000ns - sysClk rise@0.000ns)
  Data Path Delay:        1.868ns  (logic 0.521ns (27.889%)  route 1.347ns (72.111%))
  Logic Levels:           5  (CARRY4=2 LUT6=3)
  Clock Path Skew:        0.716ns (DCD - SCD - CPR)
    Destination Clock Delay (DCD):    2.228ns
    Source Clock Delay      (SCD):    1.512ns
    Clock Pessimism Removal (CPR):    -0.000ns
  Clock Uncertainty:      0.845ns  ((TSJ^2 + DJ^2)^1/2) / 2 + PE
    Total System Jitter     (TSJ):    0.071ns
    Discrete Jitter          (DJ):    0.462ns
    Phase Error              (PE):    0.611ns
  Clock Domain Crossing:  Inter clock paths are considered valid unless explicitly excluded by timing constraints such as set_clock_groups or set_false_path.

    Location             Delay type                Incr(ns)  Path(ns)    Netlist Resource(s)
  -------------------------------------------------------------------    -------------------
                         (clock sysClk rise edge)     0.000     0.000 r  
    U18                                               0.000     0.000 r  sysClk (IN)
                         net (fo=0)                   0.000     0.000    sysClk
    U18                  IBUF (Prop_ibuf_I_O)         0.297     0.297 r  sysClk_IBUF_inst/O
                         net (fo=1, routed)           0.627     0.925    sysClk_IBUF
    BUFGCTRL_X0Y2        BUFG (Prop_bufg_I_O)         0.026     0.951 r  sysClk_IBUF_BUFG_inst/O
                         net (fo=62, routed)          0.562     1.512    sysClk_IBUF_BUFG
    SLICE_X35Y8          FDRE                                         r  triggerTime_reg[5]/C
  -------------------------------------------------------------------    -------------------
    SLICE_X35Y8          FDRE (Prop_fdre_C_Q)         0.141     1.653 r  triggerTime_reg[5]/Q
                         net (fo=2, routed)           0.369     2.023    vsg/Q[5]
    SLICE_X35Y8          LUT6 (Prop_lut6_I4_O)        0.045     2.068 r  vsg/i__carry__0_i_2__0/O
                         net (fo=1, routed)           0.000     2.068    sf/p_1_out_inferred__1/i__carry__1_0[2]
    SLICE_X35Y8          CARRY4 (Prop_carry4_S[2]_CO[3])
                                                      0.115     2.183 r  sf/p_1_out_inferred__1/i__carry__0/CO[3]
                         net (fo=1, routed)           0.000     2.183    sf/p_1_out_inferred__1/i__carry__0_n_0
    SLICE_X35Y9          CARRY4 (Prop_carry4_CI_CO[2])
                                                      0.065     2.248 f  sf/p_1_out_inferred__1/i__carry__1/CO[2]
                         net (fo=1, routed)           0.510     2.758    vsg/blue[7]_i_2_2[0]
    SLICE_X37Y6          LUT6 (Prop_lut6_I3_O)        0.110     2.868 f  vsg/blue[7]_i_2_comp/O
                         net (fo=3, routed)           0.467     3.335    vsg/blue[7]_i_2_n_0
    SLICE_X37Y6          LUT6 (Prop_lut6_I1_O)        0.045     3.380 r  vsg/blue[7]_i_1/O
                         net (fo=4, routed)           0.000     3.380    sf/blue_reg[7]_1
    SLICE_X37Y6          FDRE                                         r  sf/blue_reg[7]/D
  -------------------------------------------------------------------    -------------------

                         (clock clk_out1_clk_wiz_0 rise edge)
                                                      0.000     0.000 r  
    BUFGCTRL_X0Y2        BUFG                         0.000     0.000 r  sysClk_IBUF_BUFG_inst/O
                         net (fo=62, routed)          0.812     0.812    vc/inst/clk_in1
    MMCME2_ADV_X0Y0      MMCME2_ADV (Prop_mmcme2_adv_CLKIN1_CLKOUT0)
                                                      0.000     0.812 r  vc/inst/mmcm_adv_inst/CLKOUT0
                         net (fo=1, routed)           0.528     1.340    vc/inst/clk_out1_clk_wiz_0
    BUFGCTRL_X0Y0        BUFG (Prop_bufg_I_O)         0.029     1.369 r  vc/inst/clkout1_buf/O
                         net (fo=221, routed)         0.859     2.228    sf/CLK
    SLICE_X37Y6          FDRE                                         r  sf/blue_reg[7]/C
                         clock pessimism              0.000     2.228    
                         clock uncertainty            0.845     3.073    
    SLICE_X37Y6          FDRE (Hold_fdre_C_D)         0.092     3.165    sf/blue_reg[7]
  -------------------------------------------------------------------
                         required time                         -3.165    
                         arrival time                           3.380    
  -------------------------------------------------------------------
                         slack                                  0.216    

Slack (MET) :             0.241ns  (arrival time - required time)
  Source:                 triggerVolt_reg[8]/C
                            (rising edge-triggered cell FDRE clocked by sysClk  {rise@0.000ns fall@10.000ns period=20.000ns})
  Destination:            sf/red_reg[7]/D
                            (rising edge-triggered cell FDRE clocked by clk_out1_clk_wiz_0  {rise@0.000ns fall@6.737ns period=13.474ns})
  Path Group:             clk_out1_clk_wiz_0
  Path Type:              Hold (Min at Fast Process Corner)
  Requirement:            0.000ns  (clk_out1_clk_wiz_0 rise@0.000ns - sysClk rise@0.000ns)
  Data Path Delay:        1.865ns  (logic 0.422ns (22.627%)  route 1.443ns (77.373%))
  Logic Levels:           4  (CARRY4=1 LUT6=3)
  Clock Path Skew:        0.687ns (DCD - SCD - CPR)
    Destination Clock Delay (DCD):    2.227ns
    Source Clock Delay      (SCD):    1.540ns
    Clock Pessimism Removal (CPR):    -0.000ns
  Clock Uncertainty:      0.845ns  ((TSJ^2 + DJ^2)^1/2) / 2 + PE
    Total System Jitter     (TSJ):    0.071ns
    Discrete Jitter          (DJ):    0.462ns
    Phase Error              (PE):    0.611ns
  Clock Domain Crossing:  Inter clock paths are considered valid unless explicitly excluded by timing constraints such as set_clock_groups or set_false_path.

    Location             Delay type                Incr(ns)  Path(ns)    Netlist Resource(s)
  -------------------------------------------------------------------    -------------------
                         (clock sysClk rise edge)     0.000     0.000 r  
    U18                                               0.000     0.000 r  sysClk (IN)
                         net (fo=0)                   0.000     0.000    sysClk
    U18                  IBUF (Prop_ibuf_I_O)         0.297     0.297 r  sysClk_IBUF_inst/O
                         net (fo=1, routed)           0.627     0.925    sysClk_IBUF
    BUFGCTRL_X0Y2        BUFG (Prop_bufg_I_O)         0.026     0.951 r  sysClk_IBUF_BUFG_inst/O
                         net (fo=62, routed)          0.590     1.540    sysClk_IBUF_BUFG
    SLICE_X40Y10         FDRE                                         r  triggerVolt_reg[8]/C
  -------------------------------------------------------------------    -------------------
    SLICE_X40Y10         FDRE (Prop_fdre_C_Q)         0.141     1.681 r  triggerVolt_reg[8]/Q
                         net (fo=20, routed)          0.489     2.170    vsg/blue_reg[7]_i_12_0[8]
    SLICE_X39Y9          LUT6 (Prop_lut6_I2_O)        0.045     2.215 r  vsg/i__carry__1_i_1__2/O
                         net (fo=1, routed)           0.000     2.215    sf/blue[7]_i_8_0[2]
    SLICE_X39Y9          CARRY4 (Prop_carry4_S[2]_CO[2])
                                                      0.081     2.296 r  sf/p_1_out_inferred__7/i__carry__1/CO[2]
                         net (fo=2, routed)           0.508     2.804    vsg/blue[7]_i_4_0[0]
    SLICE_X37Y8          LUT6 (Prop_lut6_I3_O)        0.110     2.914 r  vsg/red[7]_i_17/O
                         net (fo=2, routed)           0.446     3.360    vsg/red[7]_i_17_n_0
    SLICE_X36Y7          LUT6 (Prop_lut6_I4_O)        0.045     3.405 r  vsg/red[7]_i_1_comp_1/O
                         net (fo=1, routed)           0.000     3.405    sf/D[1]
    SLICE_X36Y7          FDRE                                         r  sf/red_reg[7]/D
  -------------------------------------------------------------------    -------------------

                         (clock clk_out1_clk_wiz_0 rise edge)
                                                      0.000     0.000 r  
    BUFGCTRL_X0Y2        BUFG                         0.000     0.000 r  sysClk_IBUF_BUFG_inst/O
                         net (fo=62, routed)          0.812     0.812    vc/inst/clk_in1
    MMCME2_ADV_X0Y0      MMCME2_ADV (Prop_mmcme2_adv_CLKIN1_CLKOUT0)
                                                      0.000     0.812 r  vc/inst/mmcm_adv_inst/CLKOUT0
                         net (fo=1, routed)           0.528     1.340    vc/inst/clk_out1_clk_wiz_0
    BUFGCTRL_X0Y0        BUFG (Prop_bufg_I_O)         0.029     1.369 r  vc/inst/clkout1_buf/O
                         net (fo=221, routed)         0.858     2.227    sf/CLK
    SLICE_X36Y7          FDRE                                         r  sf/red_reg[7]/C
                         clock pessimism              0.000     2.227    
                         clock uncertainty            0.845     3.072    
    SLICE_X36Y7          FDRE (Hold_fdre_C_D)         0.092     3.164    sf/red_reg[7]
  -------------------------------------------------------------------
                         required time                         -3.164    
                         arrival time                           3.405    
  -------------------------------------------------------------------
                         slack                                  0.241    

Slack (MET) :             0.253ns  (arrival time - required time)
  Source:                 triggerVolt_reg[7]/C
                            (rising edge-triggered cell FDRE clocked by sysClk  {rise@0.000ns fall@10.000ns period=20.000ns})
  Destination:            sf/red_reg[6]/D
                            (rising edge-triggered cell FDRE clocked by clk_out1_clk_wiz_0  {rise@0.000ns fall@6.737ns period=13.474ns})
  Path Group:             clk_out1_clk_wiz_0
  Path Type:              Hold (Min at Fast Process Corner)
  Requirement:            0.000ns  (clk_out1_clk_wiz_0 rise@0.000ns - sysClk rise@0.000ns)
  Data Path Delay:        1.876ns  (logic 0.342ns (18.232%)  route 1.534ns (81.768%))
  Logic Levels:           3  (CARRY4=1 LUT6=2)
  Clock Path Skew:        0.686ns (DCD - SCD - CPR)
    Destination Clock Delay (DCD):    2.227ns
    Source Clock Delay      (SCD):    1.541ns
    Clock Pessimism Removal (CPR):    -0.000ns
  Clock Uncertainty:      0.845ns  ((TSJ^2 + DJ^2)^1/2) / 2 + PE
    Total System Jitter     (TSJ):    0.071ns
    Discrete Jitter          (DJ):    0.462ns
    Phase Error              (PE):    0.611ns
  Clock Domain Crossing:  Inter clock paths are considered valid unless explicitly excluded by timing constraints such as set_clock_groups or set_false_path.

    Location             Delay type                Incr(ns)  Path(ns)    Netlist Resource(s)
  -------------------------------------------------------------------    -------------------
                         (clock sysClk rise edge)     0.000     0.000 r  
    U18                                               0.000     0.000 r  sysClk (IN)
                         net (fo=0)                   0.000     0.000    sysClk
    U18                  IBUF (Prop_ibuf_I_O)         0.297     0.297 r  sysClk_IBUF_inst/O
                         net (fo=1, routed)           0.627     0.925    sysClk_IBUF
    BUFGCTRL_X0Y2        BUFG (Prop_bufg_I_O)         0.026     0.951 r  sysClk_IBUF_BUFG_inst/O
                         net (fo=62, routed)          0.591     1.541    sysClk_IBUF_BUFG
    SLICE_X40Y9          FDRE                                         r  triggerVolt_reg[7]/C
  -------------------------------------------------------------------    -------------------
    SLICE_X40Y9          FDRE (Prop_fdre_C_Q)         0.141     1.682 r  triggerVolt_reg[7]/Q
                         net (fo=26, routed)          0.695     2.377    vsg/blue_reg[7]_i_12_0[7]
    SLICE_X42Y9          LUT6 (Prop_lut6_I5_O)        0.045     2.422 r  vsg/red[6]_i_5/O
                         net (fo=1, routed)           0.000     2.422    vsg/red[6]_i_5_n_0
    SLICE_X42Y9          CARRY4 (Prop_carry4_S[2]_CO[3])
                                                      0.111     2.533 f  vsg/red_reg[6]_i_2/CO[3]
                         net (fo=4, routed)           0.839     3.372    vsg/eqOp
    SLICE_X37Y8          LUT6 (Prop_lut6_I4_O)        0.045     3.417 r  vsg/red[6]_i_1/O
                         net (fo=1, routed)           0.000     3.417    sf/D[0]
    SLICE_X37Y8          FDRE                                         r  sf/red_reg[6]/D
  -------------------------------------------------------------------    -------------------

                         (clock clk_out1_clk_wiz_0 rise edge)
                                                      0.000     0.000 r  
    BUFGCTRL_X0Y2        BUFG                         0.000     0.000 r  sysClk_IBUF_BUFG_inst/O
                         net (fo=62, routed)          0.812     0.812    vc/inst/clk_in1
    MMCME2_ADV_X0Y0      MMCME2_ADV (Prop_mmcme2_adv_CLKIN1_CLKOUT0)
                                                      0.000     0.812 r  vc/inst/mmcm_adv_inst/CLKOUT0
                         net (fo=1, routed)           0.528     1.340    vc/inst/clk_out1_clk_wiz_0
    BUFGCTRL_X0Y0        BUFG (Prop_bufg_I_O)         0.029     1.369 r  vc/inst/clkout1_buf/O
                         net (fo=221, routed)         0.858     2.227    sf/CLK
    SLICE_X37Y8          FDRE                                         r  sf/red_reg[6]/C
                         clock pessimism              0.000     2.227    
                         clock uncertainty            0.845     3.072    
    SLICE_X37Y8          FDRE (Hold_fdre_C_D)         0.092     3.164    sf/red_reg[6]
  -------------------------------------------------------------------
                         required time                         -3.164    
                         arrival time                           3.417    
  -------------------------------------------------------------------
                         slack                                  0.253    

Slack (MET) :             0.282ns  (arrival time - required time)
  Source:                 triggerVolt_reg[7]/C
                            (rising edge-triggered cell FDRE clocked by sysClk  {rise@0.000ns fall@10.000ns period=20.000ns})
  Destination:            sf/green_reg[6]/D
                            (rising edge-triggered cell FDRE clocked by clk_out1_clk_wiz_0  {rise@0.000ns fall@6.737ns period=13.474ns})
  Path Group:             clk_out1_clk_wiz_0
  Path Type:              Hold (Min at Fast Process Corner)
  Requirement:            0.000ns  (clk_out1_clk_wiz_0 rise@0.000ns - sysClk rise@0.000ns)
  Data Path Delay:        1.906ns  (logic 0.342ns (17.946%)  route 1.564ns (82.054%))
  Logic Levels:           3  (CARRY4=1 LUT5=1 LUT6=1)
  Clock Path Skew:        0.687ns (DCD - SCD - CPR)
    Destination Clock Delay (DCD):    2.228ns
    Source Clock Delay      (SCD):    1.541ns
    Clock Pessimism Removal (CPR):    -0.000ns
  Clock Uncertainty:      0.845ns  ((TSJ^2 + DJ^2)^1/2) / 2 + PE
    Total System Jitter     (TSJ):    0.071ns
    Discrete Jitter          (DJ):    0.462ns
    Phase Error              (PE):    0.611ns
  Clock Domain Crossing:  Inter clock paths are considered valid unless explicitly excluded by timing constraints such as set_clock_groups or set_false_path.

    Location             Delay type                Incr(ns)  Path(ns)    Netlist Resource(s)
  -------------------------------------------------------------------    -------------------
                         (clock sysClk rise edge)     0.000     0.000 r  
    U18                                               0.000     0.000 r  sysClk (IN)
                         net (fo=0)                   0.000     0.000    sysClk
    U18                  IBUF (Prop_ibuf_I_O)         0.297     0.297 r  sysClk_IBUF_inst/O
                         net (fo=1, routed)           0.627     0.925    sysClk_IBUF
    BUFGCTRL_X0Y2        BUFG (Prop_bufg_I_O)         0.026     0.951 r  sysClk_IBUF_BUFG_inst/O
                         net (fo=62, routed)          0.591     1.541    sysClk_IBUF_BUFG
    SLICE_X40Y9          FDRE                                         r  triggerVolt_reg[7]/C
  -------------------------------------------------------------------    -------------------
    SLICE_X40Y9          FDRE (Prop_fdre_C_Q)         0.141     1.682 r  triggerVolt_reg[7]/Q
                         net (fo=26, routed)          0.695     2.377    vsg/blue_reg[7]_i_12_0[7]
    SLICE_X42Y9          LUT6 (Prop_lut6_I5_O)        0.045     2.422 r  vsg/red[6]_i_5/O
                         net (fo=1, routed)           0.000     2.422    vsg/red[6]_i_5_n_0
    SLICE_X42Y9          CARRY4 (Prop_carry4_S[2]_CO[3])
                                                      0.111     2.533 r  vsg/red_reg[6]_i_2/CO[3]
                         net (fo=4, routed)           0.869     3.402    vsg/eqOp
    SLICE_X37Y5          LUT5 (Prop_lut5_I0_O)        0.045     3.447 r  vsg/green[6]_i_1/O
                         net (fo=1, routed)           0.000     3.447    sf/green_reg[6]_0
    SLICE_X37Y5          FDRE                                         r  sf/green_reg[6]/D
  -------------------------------------------------------------------    -------------------

                         (clock clk_out1_clk_wiz_0 rise edge)
                                                      0.000     0.000 r  
    BUFGCTRL_X0Y2        BUFG                         0.000     0.000 r  sysClk_IBUF_BUFG_inst/O
                         net (fo=62, routed)          0.812     0.812    vc/inst/clk_in1
    MMCME2_ADV_X0Y0      MMCME2_ADV (Prop_mmcme2_adv_CLKIN1_CLKOUT0)
                                                      0.000     0.812 r  vc/inst/mmcm_adv_inst/CLKOUT0
                         net (fo=1, routed)           0.528     1.340    vc/inst/clk_out1_clk_wiz_0
    BUFGCTRL_X0Y0        BUFG (Prop_bufg_I_O)         0.029     1.369 r  vc/inst/clkout1_buf/O
                         net (fo=221, routed)         0.859     2.228    sf/CLK
    SLICE_X37Y5          FDRE                                         r  sf/green_reg[6]/C
                         clock pessimism              0.000     2.228    
                         clock uncertainty            0.845     3.073    
    SLICE_X37Y5          FDRE (Hold_fdre_C_D)         0.092     3.165    sf/green_reg[6]
  -------------------------------------------------------------------
                         required time                         -3.165    
                         arrival time                           3.447    
  -------------------------------------------------------------------
                         slack                                  0.282    

Slack (MET) :             0.326ns  (arrival time - required time)
  Source:                 triggerVolt_reg[7]/C
                            (rising edge-triggered cell FDRE clocked by sysClk  {rise@0.000ns fall@10.000ns period=20.000ns})
  Destination:            sf/green_reg[7]/D
                            (rising edge-triggered cell FDRE clocked by clk_out1_clk_wiz_0  {rise@0.000ns fall@6.737ns period=13.474ns})
  Path Group:             clk_out1_clk_wiz_0
  Path Type:              Hold (Min at Fast Process Corner)
  Requirement:            0.000ns  (clk_out1_clk_wiz_0 rise@0.000ns - sysClk rise@0.000ns)
  Data Path Delay:        1.950ns  (logic 0.342ns (17.540%)  route 1.608ns (82.460%))
  Logic Levels:           3  (CARRY4=1 LUT4=1 LUT6=1)
  Clock Path Skew:        0.687ns (DCD - SCD - CPR)
    Destination Clock Delay (DCD):    2.228ns
    Source Clock Delay      (SCD):    1.541ns
    Clock Pessimism Removal (CPR):    -0.000ns
  Clock Uncertainty:      0.845ns  ((TSJ^2 + DJ^2)^1/2) / 2 + PE
    Total System Jitter     (TSJ):    0.071ns
    Discrete Jitter          (DJ):    0.462ns
    Phase Error              (PE):    0.611ns
  Clock Domain Crossing:  Inter clock paths are considered valid unless explicitly excluded by timing constraints such as set_clock_groups or set_false_path.

    Location             Delay type                Incr(ns)  Path(ns)    Netlist Resource(s)
  -------------------------------------------------------------------    -------------------
                         (clock sysClk rise edge)     0.000     0.000 r  
    U18                                               0.000     0.000 r  sysClk (IN)
                         net (fo=0)                   0.000     0.000    sysClk
    U18                  IBUF (Prop_ibuf_I_O)         0.297     0.297 r  sysClk_IBUF_inst/O
                         net (fo=1, routed)           0.627     0.925    sysClk_IBUF
    BUFGCTRL_X0Y2        BUFG (Prop_bufg_I_O)         0.026     0.951 r  sysClk_IBUF_BUFG_inst/O
                         net (fo=62, routed)          0.591     1.541    sysClk_IBUF_BUFG
    SLICE_X40Y9          FDRE                                         r  triggerVolt_reg[7]/C
  -------------------------------------------------------------------    -------------------
    SLICE_X40Y9          FDRE (Prop_fdre_C_Q)         0.141     1.682 r  triggerVolt_reg[7]/Q
                         net (fo=26, routed)          0.695     2.377    vsg/blue_reg[7]_i_12_0[7]
    SLICE_X42Y9          LUT6 (Prop_lut6_I5_O)        0.045     2.422 r  vsg/red[6]_i_5/O
                         net (fo=1, routed)           0.000     2.422    vsg/red[6]_i_5_n_0
    SLICE_X42Y9          CARRY4 (Prop_carry4_S[2]_CO[3])
                                                      0.111     2.533 r  vsg/red_reg[6]_i_2/CO[3]
                         net (fo=4, routed)           0.913     3.446    vsg/eqOp
    SLICE_X37Y6          LUT4 (Prop_lut4_I0_O)        0.045     3.491 r  vsg/green[7]_i_1/O
                         net (fo=1, routed)           0.000     3.491    sf/green_reg[7]_1
    SLICE_X37Y6          FDRE                                         r  sf/green_reg[7]/D
  -------------------------------------------------------------------    -------------------

                         (clock clk_out1_clk_wiz_0 rise edge)
                                                      0.000     0.000 r  
    BUFGCTRL_X0Y2        BUFG                         0.000     0.000 r  sysClk_IBUF_BUFG_inst/O
                         net (fo=62, routed)          0.812     0.812    vc/inst/clk_in1
    MMCME2_ADV_X0Y0      MMCME2_ADV (Prop_mmcme2_adv_CLKIN1_CLKOUT0)
                                                      0.000     0.812 r  vc/inst/mmcm_adv_inst/CLKOUT0
                         net (fo=1, routed)           0.528     1.340    vc/inst/clk_out1_clk_wiz_0
    BUFGCTRL_X0Y0        BUFG (Prop_bufg_I_O)         0.029     1.369 r  vc/inst/clkout1_buf/O
                         net (fo=221, routed)         0.859     2.228    sf/CLK
    SLICE_X37Y6          FDRE                                         r  sf/green_reg[7]/C
                         clock pessimism              0.000     2.228    
                         clock uncertainty            0.845     3.073    
    SLICE_X37Y6          FDRE (Hold_fdre_C_D)         0.092     3.165    sf/green_reg[7]
  -------------------------------------------------------------------
                         required time                         -3.165    
                         arrival time                           3.491    
  -------------------------------------------------------------------
                         slack                                  0.326    

Slack (MET) :             0.329ns  (arrival time - required time)
  Source:                 triggerVolt_reg[7]/C
                            (rising edge-triggered cell FDRE clocked by sysClk  {rise@0.000ns fall@10.000ns period=20.000ns})
  Destination:            sf/blue_reg[6]/D
                            (rising edge-triggered cell FDRE clocked by clk_out1_clk_wiz_0  {rise@0.000ns fall@6.737ns period=13.474ns})
  Path Group:             clk_out1_clk_wiz_0
  Path Type:              Hold (Min at Fast Process Corner)
  Requirement:            0.000ns  (clk_out1_clk_wiz_0 rise@0.000ns - sysClk rise@0.000ns)
  Data Path Delay:        1.953ns  (logic 0.342ns (17.513%)  route 1.611ns (82.487%))
  Logic Levels:           3  (CARRY4=1 LUT5=1 LUT6=1)
  Clock Path Skew:        0.687ns (DCD - SCD - CPR)
    Destination Clock Delay (DCD):    2.228ns
    Source Clock Delay      (SCD):    1.541ns
    Clock Pessimism Removal (CPR):    -0.000ns
  Clock Uncertainty:      0.845ns  ((TSJ^2 + DJ^2)^1/2) / 2 + PE
    Total System Jitter     (TSJ):    0.071ns
    Discrete Jitter          (DJ):    0.462ns
    Phase Error              (PE):    0.611ns
  Clock Domain Crossing:  Inter clock paths are considered valid unless explicitly excluded by timing constraints such as set_clock_groups or set_false_path.

    Location             Delay type                Incr(ns)  Path(ns)    Netlist Resource(s)
  -------------------------------------------------------------------    -------------------
                         (clock sysClk rise edge)     0.000     0.000 r  
    U18                                               0.000     0.000 r  sysClk (IN)
                         net (fo=0)                   0.000     0.000    sysClk
    U18                  IBUF (Prop_ibuf_I_O)         0.297     0.297 r  sysClk_IBUF_inst/O
                         net (fo=1, routed)           0.627     0.925    sysClk_IBUF
    BUFGCTRL_X0Y2        BUFG (Prop_bufg_I_O)         0.026     0.951 r  sysClk_IBUF_BUFG_inst/O
                         net (fo=62, routed)          0.591     1.541    sysClk_IBUF_BUFG
    SLICE_X40Y9          FDRE                                         r  triggerVolt_reg[7]/C
  -------------------------------------------------------------------    -------------------
    SLICE_X40Y9          FDRE (Prop_fdre_C_Q)         0.141     1.682 r  triggerVolt_reg[7]/Q
                         net (fo=26, routed)          0.695     2.377    vsg/blue_reg[7]_i_12_0[7]
    SLICE_X42Y9          LUT6 (Prop_lut6_I5_O)        0.045     2.422 r  vsg/red[6]_i_5/O
                         net (fo=1, routed)           0.000     2.422    vsg/red[6]_i_5_n_0
    SLICE_X42Y9          CARRY4 (Prop_carry4_S[2]_CO[3])
                                                      0.111     2.533 f  vsg/red_reg[6]_i_2/CO[3]
                         net (fo=4, routed)           0.916     3.449    vsg/eqOp
    SLICE_X37Y6          LUT5 (Prop_lut5_I0_O)        0.045     3.494 r  vsg/blue[6]_i_1/O
                         net (fo=1, routed)           0.000     3.494    sf/blue_reg[6]_0[0]
    SLICE_X37Y6          FDRE                                         r  sf/blue_reg[6]/D
  -------------------------------------------------------------------    -------------------

                         (clock clk_out1_clk_wiz_0 rise edge)
                                                      0.000     0.000 r  
    BUFGCTRL_X0Y2        BUFG                         0.000     0.000 r  sysClk_IBUF_BUFG_inst/O
                         net (fo=62, routed)          0.812     0.812    vc/inst/clk_in1
    MMCME2_ADV_X0Y0      MMCME2_ADV (Prop_mmcme2_adv_CLKIN1_CLKOUT0)
                                                      0.000     0.812 r  vc/inst/mmcm_adv_inst/CLKOUT0
                         net (fo=1, routed)           0.528     1.340    vc/inst/clk_out1_clk_wiz_0
    BUFGCTRL_X0Y0        BUFG (Prop_bufg_I_O)         0.029     1.369 r  vc/inst/clkout1_buf/O
                         net (fo=221, routed)         0.859     2.228    sf/CLK
    SLICE_X37Y6          FDRE                                         r  sf/blue_reg[6]/C
                         clock pessimism              0.000     2.228    
                         clock uncertainty            0.845     3.073    
    SLICE_X37Y6          FDRE (Hold_fdre_C_D)         0.092     3.165    sf/blue_reg[6]
  -------------------------------------------------------------------
                         required time                         -3.165    
                         arrival time                           3.494    
  -------------------------------------------------------------------
                         slack                                  0.329    





--------------------------------------------------------------------------------------
Path Group:  (none)
From Clock:  clk_out2_clk_wiz_0
  To Clock:  

Max Delay             8 Endpoints
Min Delay             8 Endpoints
--------------------------------------------------------------------------------------


Max Delay Paths
--------------------------------------------------------------------------------------
Slack:                    inf
  Source:                 hdmi_inst/inst/serial_b/oserdes_m/CLK
                            (rising edge-triggered cell OSERDESE2 clocked by clk_out2_clk_wiz_0  {rise@0.000ns fall@1.347ns period=2.695ns})
  Destination:            tmdsDataN[0]
                            (output port)
  Path Group:             (none)
  Path Type:              Max at Slow Process Corner
  Data Path Delay:        2.347ns  (logic 2.346ns (99.957%)  route 0.001ns (0.043%))
  Logic Levels:           1  (OBUFDS=1)
  Clock Uncertainty:      0.799ns  ((TSJ^2 + DJ^2)^1/2) / 2 + PE
    Total System Jitter     (TSJ):    0.050ns
    Discrete Jitter          (DJ):    0.373ns
    Phase Error              (PE):    0.611ns

    Location             Delay type                Incr(ns)  Path(ns)    Netlist Resource(s)
  -------------------------------------------------------------------    -------------------
                         (clock clk_out2_clk_wiz_0 rise edge)
                                                      0.000     0.000 r  
    BUFGCTRL_X0Y2        BUFG                         0.000     0.000 r  sysClk_IBUF_BUFG_inst/O
                         net (fo=62, routed)          1.677     1.677    vc/inst/clk_in1
    MMCME2_ADV_X0Y0      MMCME2_ADV (Prop_mmcme2_adv_CLKIN1_CLKOUT1)
                                                      0.000     1.677 r  vc/inst/mmcm_adv_inst/CLKOUT1
                         net (fo=1, routed)           1.760     3.437    vc/inst/clk_out2_clk_wiz_0
    BUFGCTRL_X0Y1        BUFG (Prop_bufg_I_O)         0.101     3.538 r  vc/inst/clkout2_buf/O
                         net (fo=8, routed)           1.766     5.304    hdmi_inst/inst/serial_b/pix_clkx5
    OLOGIC_X0Y18         OSERDESE2                                    r  hdmi_inst/inst/serial_b/oserdes_m/CLK
  -------------------------------------------------------------------    -------------------
    OLOGIC_X0Y18         OSERDESE2 (Prop_oserdese2_CLK_OQ)
                                                      0.472     5.776 r  hdmi_inst/inst/serial_b/oserdes_m/OQ
                         net (fo=1, routed)           0.001     5.777    hdmi_inst/inst/TMDSINT_0
    V20                  OBUFDS (Prop_obufds_I_OB)    1.874     7.651 r  hdmi_inst/inst/OBUFDS_B/OB
                         net (fo=0)                   0.000     7.651    tmdsDataN[0]
    W20                                                               r  tmdsDataN[0] (OUT)
  -------------------------------------------------------------------    -------------------

Slack:                    inf
  Source:                 hdmi_inst/inst/serial_b/oserdes_m/CLK
                            (rising edge-triggered cell OSERDESE2 clocked by clk_out2_clk_wiz_0  {rise@0.000ns fall@1.347ns period=2.695ns})
  Destination:            tmdsDataP[0]
                            (output port)
  Path Group:             (none)
  Path Type:              Max at Slow Process Corner
  Data Path Delay:        2.346ns  (logic 2.345ns (99.957%)  route 0.001ns (0.043%))
  Logic Levels:           1  (OBUFDS=1)
  Clock Uncertainty:      0.799ns  ((TSJ^2 + DJ^2)^1/2) / 2 + PE
    Total System Jitter     (TSJ):    0.050ns
    Discrete Jitter          (DJ):    0.373ns
    Phase Error              (PE):    0.611ns

    Location             Delay type                Incr(ns)  Path(ns)    Netlist Resource(s)
  -------------------------------------------------------------------    -------------------
                         (clock clk_out2_clk_wiz_0 rise edge)
                                                      0.000     0.000 r  
    BUFGCTRL_X0Y2        BUFG                         0.000     0.000 r  sysClk_IBUF_BUFG_inst/O
                         net (fo=62, routed)          1.677     1.677    vc/inst/clk_in1
    MMCME2_ADV_X0Y0      MMCME2_ADV (Prop_mmcme2_adv_CLKIN1_CLKOUT1)
                                                      0.000     1.677 r  vc/inst/mmcm_adv_inst/CLKOUT1
                         net (fo=1, routed)           1.760     3.437    vc/inst/clk_out2_clk_wiz_0
    BUFGCTRL_X0Y1        BUFG (Prop_bufg_I_O)         0.101     3.538 r  vc/inst/clkout2_buf/O
                         net (fo=8, routed)           1.766     5.304    hdmi_inst/inst/serial_b/pix_clkx5
    OLOGIC_X0Y18         OSERDESE2                                    r  hdmi_inst/inst/serial_b/oserdes_m/CLK
  -------------------------------------------------------------------    -------------------
    OLOGIC_X0Y18         OSERDESE2 (Prop_oserdese2_CLK_OQ)
                                                      0.472     5.776 r  hdmi_inst/inst/serial_b/oserdes_m/OQ
                         net (fo=1, routed)           0.001     5.777    hdmi_inst/inst/TMDSINT_0
    V20                  OBUFDS (Prop_obufds_I_O)     1.873     7.650 r  hdmi_inst/inst/OBUFDS_B/O
                         net (fo=0)                   0.000     7.650    tmdsDataP[0]
    V20                                                               r  tmdsDataP[0] (OUT)
  -------------------------------------------------------------------    -------------------

Slack:                    inf
  Source:                 hdmi_inst/inst/serial_r/oserdes_m/CLK
                            (rising edge-triggered cell OSERDESE2 clocked by clk_out2_clk_wiz_0  {rise@0.000ns fall@1.347ns period=2.695ns})
  Destination:            tmdsDataN[2]
                            (output port)
  Path Group:             (none)
  Path Type:              Max at Slow Process Corner
  Data Path Delay:        2.351ns  (logic 2.350ns (99.957%)  route 0.001ns (0.043%))
  Logic Levels:           1  (OBUFDS=1)
  Clock Uncertainty:      0.799ns  ((TSJ^2 + DJ^2)^1/2) / 2 + PE
    Total System Jitter     (TSJ):    0.050ns
    Discrete Jitter          (DJ):    0.373ns
    Phase Error              (PE):    0.611ns

    Location             Delay type                Incr(ns)  Path(ns)    Netlist Resource(s)
  -------------------------------------------------------------------    -------------------
                         (clock clk_out2_clk_wiz_0 rise edge)
                                                      0.000     0.000 r  
    BUFGCTRL_X0Y2        BUFG                         0.000     0.000 r  sysClk_IBUF_BUFG_inst/O
                         net (fo=62, routed)          1.677     1.677    vc/inst/clk_in1
    MMCME2_ADV_X0Y0      MMCME2_ADV (Prop_mmcme2_adv_CLKIN1_CLKOUT1)
                                                      0.000     1.677 r  vc/inst/mmcm_adv_inst/CLKOUT1
                         net (fo=1, routed)           1.760     3.437    vc/inst/clk_out2_clk_wiz_0
    BUFGCTRL_X0Y1        BUFG (Prop_bufg_I_O)         0.101     3.538 r  vc/inst/clkout2_buf/O
                         net (fo=8, routed)           1.760     5.298    hdmi_inst/inst/serial_r/pix_clkx5
    OLOGIC_X0Y22         OSERDESE2                                    r  hdmi_inst/inst/serial_r/oserdes_m/CLK
  -------------------------------------------------------------------    -------------------
    OLOGIC_X0Y22         OSERDESE2 (Prop_oserdese2_CLK_OQ)
                                                      0.472     5.770 r  hdmi_inst/inst/serial_r/oserdes_m/OQ
                         net (fo=1, routed)           0.001     5.771    hdmi_inst/inst/TMDSINT_2
    N20                  OBUFDS (Prop_obufds_I_OB)    1.878     7.649 r  hdmi_inst/inst/OBUFDS_R/OB
                         net (fo=0)                   0.000     7.649    tmdsDataN[2]
    P20                                                               r  tmdsDataN[2] (OUT)
  -------------------------------------------------------------------    -------------------

Slack:                    inf
  Source:                 hdmi_inst/inst/serial_r/oserdes_m/CLK
                            (rising edge-triggered cell OSERDESE2 clocked by clk_out2_clk_wiz_0  {rise@0.000ns fall@1.347ns period=2.695ns})
  Destination:            tmdsDataP[2]
                            (output port)
  Path Group:             (none)
  Path Type:              Max at Slow Process Corner
  Data Path Delay:        2.350ns  (logic 2.349ns (99.957%)  route 0.001ns (0.043%))
  Logic Levels:           1  (OBUFDS=1)
  Clock Uncertainty:      0.799ns  ((TSJ^2 + DJ^2)^1/2) / 2 + PE
    Total System Jitter     (TSJ):    0.050ns
    Discrete Jitter          (DJ):    0.373ns
    Phase Error              (PE):    0.611ns

    Location             Delay type                Incr(ns)  Path(ns)    Netlist Resource(s)
  -------------------------------------------------------------------    -------------------
                         (clock clk_out2_clk_wiz_0 rise edge)
                                                      0.000     0.000 r  
    BUFGCTRL_X0Y2        BUFG                         0.000     0.000 r  sysClk_IBUF_BUFG_inst/O
                         net (fo=62, routed)          1.677     1.677    vc/inst/clk_in1
    MMCME2_ADV_X0Y0      MMCME2_ADV (Prop_mmcme2_adv_CLKIN1_CLKOUT1)
                                                      0.000     1.677 r  vc/inst/mmcm_adv_inst/CLKOUT1
                         net (fo=1, routed)           1.760     3.437    vc/inst/clk_out2_clk_wiz_0
    BUFGCTRL_X0Y1        BUFG (Prop_bufg_I_O)         0.101     3.538 r  vc/inst/clkout2_buf/O
                         net (fo=8, routed)           1.760     5.298    hdmi_inst/inst/serial_r/pix_clkx5
    OLOGIC_X0Y22         OSERDESE2                                    r  hdmi_inst/inst/serial_r/oserdes_m/CLK
  -------------------------------------------------------------------    -------------------
    OLOGIC_X0Y22         OSERDESE2 (Prop_oserdese2_CLK_OQ)
                                                      0.472     5.770 r  hdmi_inst/inst/serial_r/oserdes_m/OQ
                         net (fo=1, routed)           0.001     5.771    hdmi_inst/inst/TMDSINT_2
    N20                  OBUFDS (Prop_obufds_I_O)     1.877     7.648 r  hdmi_inst/inst/OBUFDS_R/O
                         net (fo=0)                   0.000     7.648    tmdsDataP[2]
    N20                                                               r  tmdsDataP[2] (OUT)
  -------------------------------------------------------------------    -------------------

Slack:                    inf
  Source:                 hdmi_inst/inst/serial_clk/oserdes_m/CLK
                            (rising edge-triggered cell OSERDESE2 clocked by clk_out2_clk_wiz_0  {rise@0.000ns fall@1.347ns period=2.695ns})
  Destination:            tmdsClkN
                            (output port)
  Path Group:             (none)
  Path Type:              Max at Slow Process Corner
  Data Path Delay:        2.349ns  (logic 2.348ns (99.957%)  route 0.001ns (0.043%))
  Logic Levels:           1  (OBUFDS=1)
  Clock Uncertainty:      0.799ns  ((TSJ^2 + DJ^2)^1/2) / 2 + PE
    Total System Jitter     (TSJ):    0.050ns
    Discrete Jitter          (DJ):    0.373ns
    Phase Error              (PE):    0.611ns

    Location             Delay type                Incr(ns)  Path(ns)    Netlist Resource(s)
  -------------------------------------------------------------------    -------------------
                         (clock clk_out2_clk_wiz_0 rise edge)
                                                      0.000     0.000 r  
    BUFGCTRL_X0Y2        BUFG                         0.000     0.000 r  sysClk_IBUF_BUFG_inst/O
                         net (fo=62, routed)          1.677     1.677    vc/inst/clk_in1
    MMCME2_ADV_X0Y0      MMCME2_ADV (Prop_mmcme2_adv_CLKIN1_CLKOUT1)
                                                      0.000     1.677 r  vc/inst/mmcm_adv_inst/CLKOUT1
                         net (fo=1, routed)           1.760     3.437    vc/inst/clk_out2_clk_wiz_0
    BUFGCTRL_X0Y1        BUFG (Prop_bufg_I_O)         0.101     3.538 r  vc/inst/clkout2_buf/O
                         net (fo=8, routed)           1.758     5.296    hdmi_inst/inst/serial_clk/pix_clkx5
    OLOGIC_X0Y24         OSERDESE2                                    r  hdmi_inst/inst/serial_clk/oserdes_m/CLK
  -------------------------------------------------------------------    -------------------
    OLOGIC_X0Y24         OSERDESE2 (Prop_oserdese2_CLK_OQ)
                                                      0.472     5.768 r  hdmi_inst/inst/serial_clk/oserdes_m/OQ
                         net (fo=1, routed)           0.001     5.769    hdmi_inst/inst/tmdsclk
    N18                  OBUFDS (Prop_obufds_I_OB)    1.876     7.645 r  hdmi_inst/inst/OBUFDS_CLK/OB
                         net (fo=0)                   0.000     7.645    tmdsClkN
    P19                                                               r  tmdsClkN (OUT)
  -------------------------------------------------------------------    -------------------

Slack:                    inf
  Source:                 hdmi_inst/inst/serial_clk/oserdes_m/CLK
                            (rising edge-triggered cell OSERDESE2 clocked by clk_out2_clk_wiz_0  {rise@0.000ns fall@1.347ns period=2.695ns})
  Destination:            tmdsClkP
                            (output port)
  Path Group:             (none)
  Path Type:              Max at Slow Process Corner
  Data Path Delay:        2.348ns  (logic 2.347ns (99.957%)  route 0.001ns (0.043%))
  Logic Levels:           1  (OBUFDS=1)
  Clock Uncertainty:      0.799ns  ((TSJ^2 + DJ^2)^1/2) / 2 + PE
    Total System Jitter     (TSJ):    0.050ns
    Discrete Jitter          (DJ):    0.373ns
    Phase Error              (PE):    0.611ns

    Location             Delay type                Incr(ns)  Path(ns)    Netlist Resource(s)
  -------------------------------------------------------------------    -------------------
                         (clock clk_out2_clk_wiz_0 rise edge)
                                                      0.000     0.000 r  
    BUFGCTRL_X0Y2        BUFG                         0.000     0.000 r  sysClk_IBUF_BUFG_inst/O
                         net (fo=62, routed)          1.677     1.677    vc/inst/clk_in1
    MMCME2_ADV_X0Y0      MMCME2_ADV (Prop_mmcme2_adv_CLKIN1_CLKOUT1)
                                                      0.000     1.677 r  vc/inst/mmcm_adv_inst/CLKOUT1
                         net (fo=1, routed)           1.760     3.437    vc/inst/clk_out2_clk_wiz_0
    BUFGCTRL_X0Y1        BUFG (Prop_bufg_I_O)         0.101     3.538 r  vc/inst/clkout2_buf/O
                         net (fo=8, routed)           1.758     5.296    hdmi_inst/inst/serial_clk/pix_clkx5
    OLOGIC_X0Y24         OSERDESE2                                    r  hdmi_inst/inst/serial_clk/oserdes_m/CLK
  -------------------------------------------------------------------    -------------------
    OLOGIC_X0Y24         OSERDESE2 (Prop_oserdese2_CLK_OQ)
                                                      0.472     5.768 r  hdmi_inst/inst/serial_clk/oserdes_m/OQ
                         net (fo=1, routed)           0.001     5.769    hdmi_inst/inst/tmdsclk
    N18                  OBUFDS (Prop_obufds_I_O)     1.875     7.644 r  hdmi_inst/inst/OBUFDS_CLK/O
                         net (fo=0)                   0.000     7.644    tmdsClkP
    N18                                                               r  tmdsClkP (OUT)
  -------------------------------------------------------------------    -------------------

Slack:                    inf
  Source:                 hdmi_inst/inst/serial_g/oserdes_m/CLK
                            (rising edge-triggered cell OSERDESE2 clocked by clk_out2_clk_wiz_0  {rise@0.000ns fall@1.347ns period=2.695ns})
  Destination:            tmdsDataN[1]
                            (output port)
  Path Group:             (none)
  Path Type:              Max at Slow Process Corner
  Data Path Delay:        2.339ns  (logic 2.338ns (99.957%)  route 0.001ns (0.043%))
  Logic Levels:           1  (OBUFDS=1)
  Clock Uncertainty:      0.799ns  ((TSJ^2 + DJ^2)^1/2) / 2 + PE
    Total System Jitter     (TSJ):    0.050ns
    Discrete Jitter          (DJ):    0.373ns
    Phase Error              (PE):    0.611ns

    Location             Delay type                Incr(ns)  Path(ns)    Netlist Resource(s)
  -------------------------------------------------------------------    -------------------
                         (clock clk_out2_clk_wiz_0 rise edge)
                                                      0.000     0.000 r  
    BUFGCTRL_X0Y2        BUFG                         0.000     0.000 r  sysClk_IBUF_BUFG_inst/O
                         net (fo=62, routed)          1.677     1.677    vc/inst/clk_in1
    MMCME2_ADV_X0Y0      MMCME2_ADV (Prop_mmcme2_adv_CLKIN1_CLKOUT1)
                                                      0.000     1.677 r  vc/inst/mmcm_adv_inst/CLKOUT1
                         net (fo=1, routed)           1.760     3.437    vc/inst/clk_out2_clk_wiz_0
    BUFGCTRL_X0Y1        BUFG (Prop_bufg_I_O)         0.101     3.538 r  vc/inst/clkout2_buf/O
                         net (fo=8, routed)           1.762     5.300    hdmi_inst/inst/serial_g/pix_clkx5
    OLOGIC_X0Y20         OSERDESE2                                    r  hdmi_inst/inst/serial_g/oserdes_m/CLK
  -------------------------------------------------------------------    -------------------
    OLOGIC_X0Y20         OSERDESE2 (Prop_oserdese2_CLK_OQ)
                                                      0.472     5.772 r  hdmi_inst/inst/serial_g/oserdes_m/OQ
                         net (fo=1, routed)           0.001     5.773    hdmi_inst/inst/TMDSINT_1
    T20                  OBUFDS (Prop_obufds_I_OB)    1.866     7.640 r  hdmi_inst/inst/OBUFDS_G/OB
                         net (fo=0)                   0.000     7.640    tmdsDataN[1]
    U20                                                               r  tmdsDataN[1] (OUT)
  -------------------------------------------------------------------    -------------------

Slack:                    inf
  Source:                 hdmi_inst/inst/serial_g/oserdes_m/CLK
                            (rising edge-triggered cell OSERDESE2 clocked by clk_out2_clk_wiz_0  {rise@0.000ns fall@1.347ns period=2.695ns})
  Destination:            tmdsDataP[1]
                            (output port)
  Path Group:             (none)
  Path Type:              Max at Slow Process Corner
  Data Path Delay:        2.338ns  (logic 2.337ns (99.957%)  route 0.001ns (0.043%))
  Logic Levels:           1  (OBUFDS=1)
  Clock Uncertainty:      0.799ns  ((TSJ^2 + DJ^2)^1/2) / 2 + PE
    Total System Jitter     (TSJ):    0.050ns
    Discrete Jitter          (DJ):    0.373ns
    Phase Error              (PE):    0.611ns

    Location             Delay type                Incr(ns)  Path(ns)    Netlist Resource(s)
  -------------------------------------------------------------------    -------------------
                         (clock clk_out2_clk_wiz_0 rise edge)
                                                      0.000     0.000 r  
    BUFGCTRL_X0Y2        BUFG                         0.000     0.000 r  sysClk_IBUF_BUFG_inst/O
                         net (fo=62, routed)          1.677     1.677    vc/inst/clk_in1
    MMCME2_ADV_X0Y0      MMCME2_ADV (Prop_mmcme2_adv_CLKIN1_CLKOUT1)
                                                      0.000     1.677 r  vc/inst/mmcm_adv_inst/CLKOUT1
                         net (fo=1, routed)           1.760     3.437    vc/inst/clk_out2_clk_wiz_0
    BUFGCTRL_X0Y1        BUFG (Prop_bufg_I_O)         0.101     3.538 r  vc/inst/clkout2_buf/O
                         net (fo=8, routed)           1.762     5.300    hdmi_inst/inst/serial_g/pix_clkx5
    OLOGIC_X0Y20         OSERDESE2                                    r  hdmi_inst/inst/serial_g/oserdes_m/CLK
  -------------------------------------------------------------------    -------------------
    OLOGIC_X0Y20         OSERDESE2 (Prop_oserdese2_CLK_OQ)
                                                      0.472     5.772 r  hdmi_inst/inst/serial_g/oserdes_m/OQ
                         net (fo=1, routed)           0.001     5.773    hdmi_inst/inst/TMDSINT_1
    T20                  OBUFDS (Prop_obufds_I_O)     1.865     7.639 r  hdmi_inst/inst/OBUFDS_G/O
                         net (fo=0)                   0.000     7.639    tmdsDataP[1]
    T20                                                               r  tmdsDataP[1] (OUT)
  -------------------------------------------------------------------    -------------------





Min Delay Paths
--------------------------------------------------------------------------------------
Slack:                    inf
  Source:                 hdmi_inst/inst/serial_g/oserdes_m/CLK
                            (rising edge-triggered cell OSERDESE2 clocked by clk_out2_clk_wiz_0  {rise@0.000ns fall@1.347ns period=2.695ns})
  Destination:            tmdsDataP[1]
                            (output port)
  Path Group:             (none)
  Path Type:              Min at Fast Process Corner
  Data Path Delay:        0.992ns  (logic 0.991ns (99.899%)  route 0.001ns (0.101%))
  Logic Levels:           1  (OBUFDS=1)
  Clock Uncertainty:      0.799ns  ((TSJ^2 + DJ^2)^1/2) / 2 + PE
    Total System Jitter     (TSJ):    0.050ns
    Discrete Jitter          (DJ):    0.373ns
    Phase Error              (PE):    0.611ns

    Location             Delay type                Incr(ns)  Path(ns)    Netlist Resource(s)
  -------------------------------------------------------------------    -------------------
                         (clock clk_out2_clk_wiz_0 rise edge)
                                                      0.000     0.000 r  
    BUFGCTRL_X0Y2        BUFG                         0.000     0.000 r  sysClk_IBUF_BUFG_inst/O
                         net (fo=62, routed)          0.546     0.546    vc/inst/clk_in1
    MMCME2_ADV_X0Y0      MMCME2_ADV (Prop_mmcme2_adv_CLKIN1_CLKOUT1)
                                                      0.000     0.546 r  vc/inst/mmcm_adv_inst/CLKOUT1
                         net (fo=1, routed)           0.482     1.027    vc/inst/clk_out2_clk_wiz_0
    BUFGCTRL_X0Y1        BUFG (Prop_bufg_I_O)         0.026     1.053 r  vc/inst/clkout2_buf/O
                         net (fo=8, routed)           0.576     1.629    hdmi_inst/inst/serial_g/pix_clkx5
    OLOGIC_X0Y20         OSERDESE2                                    r  hdmi_inst/inst/serial_g/oserdes_m/CLK
  -------------------------------------------------------------------    -------------------
    OLOGIC_X0Y20         OSERDESE2 (Prop_oserdese2_CLK_OQ)
                                                      0.177     1.806 r  hdmi_inst/inst/serial_g/oserdes_m/OQ
                         net (fo=1, routed)           0.001     1.807    hdmi_inst/inst/TMDSINT_1
    T20                  OBUFDS (Prop_obufds_I_O)     0.814     2.621 r  hdmi_inst/inst/OBUFDS_G/O
                         net (fo=0)                   0.000     2.621    tmdsDataP[1]
    T20                                                               r  tmdsDataP[1] (OUT)
  -------------------------------------------------------------------    -------------------

Slack:                    inf
  Source:                 hdmi_inst/inst/serial_g/oserdes_m/CLK
                            (rising edge-triggered cell OSERDESE2 clocked by clk_out2_clk_wiz_0  {rise@0.000ns fall@1.347ns period=2.695ns})
  Destination:            tmdsDataN[1]
                            (output port)
  Path Group:             (none)
  Path Type:              Min at Fast Process Corner
  Data Path Delay:        0.993ns  (logic 0.992ns (99.899%)  route 0.001ns (0.101%))
  Logic Levels:           1  (OBUFDS=1)
  Clock Uncertainty:      0.799ns  ((TSJ^2 + DJ^2)^1/2) / 2 + PE
    Total System Jitter     (TSJ):    0.050ns
    Discrete Jitter          (DJ):    0.373ns
    Phase Error              (PE):    0.611ns

    Location             Delay type                Incr(ns)  Path(ns)    Netlist Resource(s)
  -------------------------------------------------------------------    -------------------
                         (clock clk_out2_clk_wiz_0 rise edge)
                                                      0.000     0.000 r  
    BUFGCTRL_X0Y2        BUFG                         0.000     0.000 r  sysClk_IBUF_BUFG_inst/O
                         net (fo=62, routed)          0.546     0.546    vc/inst/clk_in1
    MMCME2_ADV_X0Y0      MMCME2_ADV (Prop_mmcme2_adv_CLKIN1_CLKOUT1)
                                                      0.000     0.546 r  vc/inst/mmcm_adv_inst/CLKOUT1
                         net (fo=1, routed)           0.482     1.027    vc/inst/clk_out2_clk_wiz_0
    BUFGCTRL_X0Y1        BUFG (Prop_bufg_I_O)         0.026     1.053 r  vc/inst/clkout2_buf/O
                         net (fo=8, routed)           0.576     1.629    hdmi_inst/inst/serial_g/pix_clkx5
    OLOGIC_X0Y20         OSERDESE2                                    r  hdmi_inst/inst/serial_g/oserdes_m/CLK
  -------------------------------------------------------------------    -------------------
    OLOGIC_X0Y20         OSERDESE2 (Prop_oserdese2_CLK_OQ)
                                                      0.177     1.806 r  hdmi_inst/inst/serial_g/oserdes_m/OQ
                         net (fo=1, routed)           0.001     1.807    hdmi_inst/inst/TMDSINT_1
    T20                  OBUFDS (Prop_obufds_I_OB)    0.815     2.622 r  hdmi_inst/inst/OBUFDS_G/OB
                         net (fo=0)                   0.000     2.622    tmdsDataN[1]
    U20                                                               r  tmdsDataN[1] (OUT)
  -------------------------------------------------------------------    -------------------

Slack:                    inf
  Source:                 hdmi_inst/inst/serial_clk/oserdes_m/CLK
                            (rising edge-triggered cell OSERDESE2 clocked by clk_out2_clk_wiz_0  {rise@0.000ns fall@1.347ns period=2.695ns})
  Destination:            tmdsClkP
                            (output port)
  Path Group:             (none)
  Path Type:              Min at Fast Process Corner
  Data Path Delay:        1.002ns  (logic 1.001ns (99.900%)  route 0.001ns (0.100%))
  Logic Levels:           1  (OBUFDS=1)
  Clock Uncertainty:      0.799ns  ((TSJ^2 + DJ^2)^1/2) / 2 + PE
    Total System Jitter     (TSJ):    0.050ns
    Discrete Jitter          (DJ):    0.373ns
    Phase Error              (PE):    0.611ns

    Location             Delay type                Incr(ns)  Path(ns)    Netlist Resource(s)
  -------------------------------------------------------------------    -------------------
                         (clock clk_out2_clk_wiz_0 rise edge)
                                                      0.000     0.000 r  
    BUFGCTRL_X0Y2        BUFG                         0.000     0.000 r  sysClk_IBUF_BUFG_inst/O
                         net (fo=62, routed)          0.546     0.546    vc/inst/clk_in1
    MMCME2_ADV_X0Y0      MMCME2_ADV (Prop_mmcme2_adv_CLKIN1_CLKOUT1)
                                                      0.000     0.546 r  vc/inst/mmcm_adv_inst/CLKOUT1
                         net (fo=1, routed)           0.482     1.027    vc/inst/clk_out2_clk_wiz_0
    BUFGCTRL_X0Y1        BUFG (Prop_bufg_I_O)         0.026     1.053 r  vc/inst/clkout2_buf/O
                         net (fo=8, routed)           0.575     1.628    hdmi_inst/inst/serial_clk/pix_clkx5
    OLOGIC_X0Y24         OSERDESE2                                    r  hdmi_inst/inst/serial_clk/oserdes_m/CLK
  -------------------------------------------------------------------    -------------------
    OLOGIC_X0Y24         OSERDESE2 (Prop_oserdese2_CLK_OQ)
                                                      0.177     1.805 r  hdmi_inst/inst/serial_clk/oserdes_m/OQ
                         net (fo=1, routed)           0.001     1.806    hdmi_inst/inst/tmdsclk
    N18                  OBUFDS (Prop_obufds_I_O)     0.824     2.630 r  hdmi_inst/inst/OBUFDS_CLK/O
                         net (fo=0)                   0.000     2.630    tmdsClkP
    N18                                                               r  tmdsClkP (OUT)
  -------------------------------------------------------------------    -------------------

Slack:                    inf
  Source:                 hdmi_inst/inst/serial_b/oserdes_m/CLK
                            (rising edge-triggered cell OSERDESE2 clocked by clk_out2_clk_wiz_0  {rise@0.000ns fall@1.347ns period=2.695ns})
  Destination:            tmdsDataP[0]
                            (output port)
  Path Group:             (none)
  Path Type:              Min at Fast Process Corner
  Data Path Delay:        0.999ns  (logic 0.998ns (99.900%)  route 0.001ns (0.100%))
  Logic Levels:           1  (OBUFDS=1)
  Clock Uncertainty:      0.799ns  ((TSJ^2 + DJ^2)^1/2) / 2 + PE
    Total System Jitter     (TSJ):    0.050ns
    Discrete Jitter          (DJ):    0.373ns
    Phase Error              (PE):    0.611ns

    Location             Delay type                Incr(ns)  Path(ns)    Netlist Resource(s)
  -------------------------------------------------------------------    -------------------
                         (clock clk_out2_clk_wiz_0 rise edge)
                                                      0.000     0.000 r  
    BUFGCTRL_X0Y2        BUFG                         0.000     0.000 r  sysClk_IBUF_BUFG_inst/O
                         net (fo=62, routed)          0.546     0.546    vc/inst/clk_in1
    MMCME2_ADV_X0Y0      MMCME2_ADV (Prop_mmcme2_adv_CLKIN1_CLKOUT1)
                                                      0.000     0.546 r  vc/inst/mmcm_adv_inst/CLKOUT1
                         net (fo=1, routed)           0.482     1.027    vc/inst/clk_out2_clk_wiz_0
    BUFGCTRL_X0Y1        BUFG (Prop_bufg_I_O)         0.026     1.053 r  vc/inst/clkout2_buf/O
                         net (fo=8, routed)           0.578     1.631    hdmi_inst/inst/serial_b/pix_clkx5
    OLOGIC_X0Y18         OSERDESE2                                    r  hdmi_inst/inst/serial_b/oserdes_m/CLK
  -------------------------------------------------------------------    -------------------
    OLOGIC_X0Y18         OSERDESE2 (Prop_oserdese2_CLK_OQ)
                                                      0.177     1.808 r  hdmi_inst/inst/serial_b/oserdes_m/OQ
                         net (fo=1, routed)           0.001     1.809    hdmi_inst/inst/TMDSINT_0
    V20                  OBUFDS (Prop_obufds_I_O)     0.821     2.630 r  hdmi_inst/inst/OBUFDS_B/O
                         net (fo=0)                   0.000     2.630    tmdsDataP[0]
    V20                                                               r  tmdsDataP[0] (OUT)
  -------------------------------------------------------------------    -------------------

Slack:                    inf
  Source:                 hdmi_inst/inst/serial_clk/oserdes_m/CLK
                            (rising edge-triggered cell OSERDESE2 clocked by clk_out2_clk_wiz_0  {rise@0.000ns fall@1.347ns period=2.695ns})
  Destination:            tmdsClkN
                            (output port)
  Path Group:             (none)
  Path Type:              Min at Fast Process Corner
  Data Path Delay:        1.003ns  (logic 1.002ns (99.900%)  route 0.001ns (0.100%))
  Logic Levels:           1  (OBUFDS=1)
  Clock Uncertainty:      0.799ns  ((TSJ^2 + DJ^2)^1/2) / 2 + PE
    Total System Jitter     (TSJ):    0.050ns
    Discrete Jitter          (DJ):    0.373ns
    Phase Error              (PE):    0.611ns

    Location             Delay type                Incr(ns)  Path(ns)    Netlist Resource(s)
  -------------------------------------------------------------------    -------------------
                         (clock clk_out2_clk_wiz_0 rise edge)
                                                      0.000     0.000 r  
    BUFGCTRL_X0Y2        BUFG                         0.000     0.000 r  sysClk_IBUF_BUFG_inst/O
                         net (fo=62, routed)          0.546     0.546    vc/inst/clk_in1
    MMCME2_ADV_X0Y0      MMCME2_ADV (Prop_mmcme2_adv_CLKIN1_CLKOUT1)
                                                      0.000     0.546 r  vc/inst/mmcm_adv_inst/CLKOUT1
                         net (fo=1, routed)           0.482     1.027    vc/inst/clk_out2_clk_wiz_0
    BUFGCTRL_X0Y1        BUFG (Prop_bufg_I_O)         0.026     1.053 r  vc/inst/clkout2_buf/O
                         net (fo=8, routed)           0.575     1.628    hdmi_inst/inst/serial_clk/pix_clkx5
    OLOGIC_X0Y24         OSERDESE2                                    r  hdmi_inst/inst/serial_clk/oserdes_m/CLK
  -------------------------------------------------------------------    -------------------
    OLOGIC_X0Y24         OSERDESE2 (Prop_oserdese2_CLK_OQ)
                                                      0.177     1.805 r  hdmi_inst/inst/serial_clk/oserdes_m/OQ
                         net (fo=1, routed)           0.001     1.806    hdmi_inst/inst/tmdsclk
    N18                  OBUFDS (Prop_obufds_I_OB)    0.825     2.631 r  hdmi_inst/inst/OBUFDS_CLK/OB
                         net (fo=0)                   0.000     2.631    tmdsClkN
    P19                                                               r  tmdsClkN (OUT)
  -------------------------------------------------------------------    -------------------

Slack:                    inf
  Source:                 hdmi_inst/inst/serial_b/oserdes_m/CLK
                            (rising edge-triggered cell OSERDESE2 clocked by clk_out2_clk_wiz_0  {rise@0.000ns fall@1.347ns period=2.695ns})
  Destination:            tmdsDataN[0]
                            (output port)
  Path Group:             (none)
  Path Type:              Min at Fast Process Corner
  Data Path Delay:        1.000ns  (logic 0.999ns (99.900%)  route 0.001ns (0.100%))
  Logic Levels:           1  (OBUFDS=1)
  Clock Uncertainty:      0.799ns  ((TSJ^2 + DJ^2)^1/2) / 2 + PE
    Total System Jitter     (TSJ):    0.050ns
    Discrete Jitter          (DJ):    0.373ns
    Phase Error              (PE):    0.611ns

    Location             Delay type                Incr(ns)  Path(ns)    Netlist Resource(s)
  -------------------------------------------------------------------    -------------------
                         (clock clk_out2_clk_wiz_0 rise edge)
                                                      0.000     0.000 r  
    BUFGCTRL_X0Y2        BUFG                         0.000     0.000 r  sysClk_IBUF_BUFG_inst/O
                         net (fo=62, routed)          0.546     0.546    vc/inst/clk_in1
    MMCME2_ADV_X0Y0      MMCME2_ADV (Prop_mmcme2_adv_CLKIN1_CLKOUT1)
                                                      0.000     0.546 r  vc/inst/mmcm_adv_inst/CLKOUT1
                         net (fo=1, routed)           0.482     1.027    vc/inst/clk_out2_clk_wiz_0
    BUFGCTRL_X0Y1        BUFG (Prop_bufg_I_O)         0.026     1.053 r  vc/inst/clkout2_buf/O
                         net (fo=8, routed)           0.578     1.631    hdmi_inst/inst/serial_b/pix_clkx5
    OLOGIC_X0Y18         OSERDESE2                                    r  hdmi_inst/inst/serial_b/oserdes_m/CLK
  -------------------------------------------------------------------    -------------------
    OLOGIC_X0Y18         OSERDESE2 (Prop_oserdese2_CLK_OQ)
                                                      0.177     1.808 r  hdmi_inst/inst/serial_b/oserdes_m/OQ
                         net (fo=1, routed)           0.001     1.809    hdmi_inst/inst/TMDSINT_0
    V20                  OBUFDS (Prop_obufds_I_OB)    0.822     2.631 r  hdmi_inst/inst/OBUFDS_B/OB
                         net (fo=0)                   0.000     2.631    tmdsDataN[0]
    W20                                                               r  tmdsDataN[0] (OUT)
  -------------------------------------------------------------------    -------------------

Slack:                    inf
  Source:                 hdmi_inst/inst/serial_r/oserdes_m/CLK
                            (rising edge-triggered cell OSERDESE2 clocked by clk_out2_clk_wiz_0  {rise@0.000ns fall@1.347ns period=2.695ns})
  Destination:            tmdsDataP[2]
                            (output port)
  Path Group:             (none)
  Path Type:              Min at Fast Process Corner
  Data Path Delay:        1.004ns  (logic 1.003ns (99.900%)  route 0.001ns (0.100%))
  Logic Levels:           1  (OBUFDS=1)
  Clock Uncertainty:      0.799ns  ((TSJ^2 + DJ^2)^1/2) / 2 + PE
    Total System Jitter     (TSJ):    0.050ns
    Discrete Jitter          (DJ):    0.373ns
    Phase Error              (PE):    0.611ns

    Location             Delay type                Incr(ns)  Path(ns)    Netlist Resource(s)
  -------------------------------------------------------------------    -------------------
                         (clock clk_out2_clk_wiz_0 rise edge)
                                                      0.000     0.000 r  
    BUFGCTRL_X0Y2        BUFG                         0.000     0.000 r  sysClk_IBUF_BUFG_inst/O
                         net (fo=62, routed)          0.546     0.546    vc/inst/clk_in1
    MMCME2_ADV_X0Y0      MMCME2_ADV (Prop_mmcme2_adv_CLKIN1_CLKOUT1)
                                                      0.000     0.546 r  vc/inst/mmcm_adv_inst/CLKOUT1
                         net (fo=1, routed)           0.482     1.027    vc/inst/clk_out2_clk_wiz_0
    BUFGCTRL_X0Y1        BUFG (Prop_bufg_I_O)         0.026     1.053 r  vc/inst/clkout2_buf/O
                         net (fo=8, routed)           0.575     1.628    hdmi_inst/inst/serial_r/pix_clkx5
    OLOGIC_X0Y22         OSERDESE2                                    r  hdmi_inst/inst/serial_r/oserdes_m/CLK
  -------------------------------------------------------------------    -------------------
    OLOGIC_X0Y22         OSERDESE2 (Prop_oserdese2_CLK_OQ)
                                                      0.177     1.805 r  hdmi_inst/inst/serial_r/oserdes_m/OQ
                         net (fo=1, routed)           0.001     1.806    hdmi_inst/inst/TMDSINT_2
    N20                  OBUFDS (Prop_obufds_I_O)     0.826     2.632 r  hdmi_inst/inst/OBUFDS_R/O
                         net (fo=0)                   0.000     2.632    tmdsDataP[2]
    N20                                                               r  tmdsDataP[2] (OUT)
  -------------------------------------------------------------------    -------------------

Slack:                    inf
  Source:                 hdmi_inst/inst/serial_r/oserdes_m/CLK
                            (rising edge-triggered cell OSERDESE2 clocked by clk_out2_clk_wiz_0  {rise@0.000ns fall@1.347ns period=2.695ns})
  Destination:            tmdsDataN[2]
                            (output port)
  Path Group:             (none)
  Path Type:              Min at Fast Process Corner
  Data Path Delay:        1.005ns  (logic 1.004ns (99.900%)  route 0.001ns (0.100%))
  Logic Levels:           1  (OBUFDS=1)
  Clock Uncertainty:      0.799ns  ((TSJ^2 + DJ^2)^1/2) / 2 + PE
    Total System Jitter     (TSJ):    0.050ns
    Discrete Jitter          (DJ):    0.373ns
    Phase Error              (PE):    0.611ns

    Location             Delay type                Incr(ns)  Path(ns)    Netlist Resource(s)
  -------------------------------------------------------------------    -------------------
                         (clock clk_out2_clk_wiz_0 rise edge)
                                                      0.000     0.000 r  
    BUFGCTRL_X0Y2        BUFG                         0.000     0.000 r  sysClk_IBUF_BUFG_inst/O
                         net (fo=62, routed)          0.546     0.546    vc/inst/clk_in1
    MMCME2_ADV_X0Y0      MMCME2_ADV (Prop_mmcme2_adv_CLKIN1_CLKOUT1)
                                                      0.000     0.546 r  vc/inst/mmcm_adv_inst/CLKOUT1
                         net (fo=1, routed)           0.482     1.027    vc/inst/clk_out2_clk_wiz_0
    BUFGCTRL_X0Y1        BUFG (Prop_bufg_I_O)         0.026     1.053 r  vc/inst/clkout2_buf/O
                         net (fo=8, routed)           0.575     1.628    hdmi_inst/inst/serial_r/pix_clkx5
    OLOGIC_X0Y22         OSERDESE2                                    r  hdmi_inst/inst/serial_r/oserdes_m/CLK
  -------------------------------------------------------------------    -------------------
    OLOGIC_X0Y22         OSERDESE2 (Prop_oserdese2_CLK_OQ)
                                                      0.177     1.805 r  hdmi_inst/inst/serial_r/oserdes_m/OQ
                         net (fo=1, routed)           0.001     1.806    hdmi_inst/inst/TMDSINT_2
    N20                  OBUFDS (Prop_obufds_I_OB)    0.827     2.633 r  hdmi_inst/inst/OBUFDS_R/OB
                         net (fo=0)                   0.000     2.633    tmdsDataN[2]
    P20                                                               r  tmdsDataN[2] (OUT)
  -------------------------------------------------------------------    -------------------





--------------------------------------------------------------------------------------
Path Group:  (none)
From Clock:  
  To Clock:  clk_out1_clk_wiz_0

Max Delay           105 Endpoints
Min Delay           105 Endpoints
--------------------------------------------------------------------------------------


Max Delay Paths
--------------------------------------------------------------------------------------
Slack:                    inf
  Source:                 resetn
                            (input port)
  Destination:            hdmi_inst/inst/serial_clk/oserdes_m/RST
                            (rising edge-triggered cell OSERDESE2 clocked by clk_out1_clk_wiz_0  {rise@0.000ns fall@6.737ns period=13.474ns})
  Path Group:             (none)
  Path Type:              Setup (Max at Slow Process Corner)
  Data Path Delay:        9.662ns  (logic 1.629ns (16.858%)  route 8.033ns (83.142%))
  Logic Levels:           2  (IBUF=1 LUT2=1)
  Clock Path Skew:        4.720ns (DCD - SCD + CPR)
    Destination Clock Delay (DCD):    4.720ns
    Source Clock Delay      (SCD):    0.000ns
    Clock Pessimism Removal (CPR):    0.000ns
  Clock Uncertainty:      0.843ns  ((TSJ^2 + DJ^2)^1/2) / 2 + PE
    Total System Jitter     (TSJ):    0.050ns
    Discrete Jitter          (DJ):    0.462ns
    Phase Error              (PE):    0.611ns

    Location             Delay type                Incr(ns)  Path(ns)    Netlist Resource(s)
  -------------------------------------------------------------------    -------------------
    N15                                               0.000     0.000 f  resetn (IN)
                         net (fo=0)                   0.000     0.000    resetn
    N15                  IBUF (Prop_ibuf_I_O)         1.477     1.477 f  resetn_IBUF_inst/O
                         net (fo=86, routed)          4.731     6.208    hdmi_inst/inst/encr/lopt
    SLICE_X43Y2          LUT2 (Prop_lut2_I0_O)        0.152     6.360 r  hdmi_inst/inst/encr/oserdes_m_i_1/O
                         net (fo=50, routed)          3.302     9.662    hdmi_inst/inst/serial_clk/AR[0]
    OLOGIC_X0Y24         OSERDESE2                                    r  hdmi_inst/inst/serial_clk/oserdes_m/RST
  -------------------------------------------------------------------    -------------------

                         (clock clk_out1_clk_wiz_0 rise edge)
                                                      0.000     0.000 r  
    BUFGCTRL_X0Y2        BUFG                         0.000     0.000 r  sysClk_IBUF_BUFG_inst/O
                         net (fo=62, routed)          1.487     1.487    vc/inst/clk_in1
    MMCME2_ADV_X0Y0      MMCME2_ADV (Prop_mmcme2_adv_CLKIN1_CLKOUT0)
                                                      0.000     1.487 r  vc/inst/mmcm_adv_inst/CLKOUT0
                         net (fo=1, routed)           1.599     3.086    vc/inst/clk_out1_clk_wiz_0
    BUFGCTRL_X0Y0        BUFG (Prop_bufg_I_O)         0.091     3.177 r  vc/inst/clkout1_buf/O
                         net (fo=221, routed)         1.543     4.720    hdmi_inst/inst/serial_clk/pix_clk
    OLOGIC_X0Y24         OSERDESE2                                    r  hdmi_inst/inst/serial_clk/oserdes_m/CLKDIV

Slack:                    inf
  Source:                 resetn
                            (input port)
  Destination:            hdmi_inst/inst/serial_clk/oserdes_s/RST
                            (rising edge-triggered cell OSERDESE2 clocked by clk_out1_clk_wiz_0  {rise@0.000ns fall@6.737ns period=13.474ns})
  Path Group:             (none)
  Path Type:              Setup (Max at Slow Process Corner)
  Data Path Delay:        9.523ns  (logic 1.629ns (17.103%)  route 7.895ns (82.897%))
  Logic Levels:           2  (IBUF=1 LUT2=1)
  Clock Path Skew:        4.720ns (DCD - SCD + CPR)
    Destination Clock Delay (DCD):    4.720ns
    Source Clock Delay      (SCD):    0.000ns
    Clock Pessimism Removal (CPR):    0.000ns
  Clock Uncertainty:      0.843ns  ((TSJ^2 + DJ^2)^1/2) / 2 + PE
    Total System Jitter     (TSJ):    0.050ns
    Discrete Jitter          (DJ):    0.462ns
    Phase Error              (PE):    0.611ns

    Location             Delay type                Incr(ns)  Path(ns)    Netlist Resource(s)
  -------------------------------------------------------------------    -------------------
    N15                                               0.000     0.000 f  resetn (IN)
                         net (fo=0)                   0.000     0.000    resetn
    N15                  IBUF (Prop_ibuf_I_O)         1.477     1.477 f  resetn_IBUF_inst/O
                         net (fo=86, routed)          4.731     6.208    hdmi_inst/inst/encr/lopt
    SLICE_X43Y2          LUT2 (Prop_lut2_I0_O)        0.152     6.360 r  hdmi_inst/inst/encr/oserdes_m_i_1/O
                         net (fo=50, routed)          3.163     9.523    hdmi_inst/inst/serial_clk/AR[0]
    OLOGIC_X0Y23         OSERDESE2                                    r  hdmi_inst/inst/serial_clk/oserdes_s/RST
  -------------------------------------------------------------------    -------------------

                         (clock clk_out1_clk_wiz_0 rise edge)
                                                      0.000     0.000 r  
    BUFGCTRL_X0Y2        BUFG                         0.000     0.000 r  sysClk_IBUF_BUFG_inst/O
                         net (fo=62, routed)          1.487     1.487    vc/inst/clk_in1
    MMCME2_ADV_X0Y0      MMCME2_ADV (Prop_mmcme2_adv_CLKIN1_CLKOUT0)
                                                      0.000     1.487 r  vc/inst/mmcm_adv_inst/CLKOUT0
                         net (fo=1, routed)           1.599     3.086    vc/inst/clk_out1_clk_wiz_0
    BUFGCTRL_X0Y0        BUFG (Prop_bufg_I_O)         0.091     3.177 r  vc/inst/clkout1_buf/O
                         net (fo=221, routed)         1.543     4.720    hdmi_inst/inst/serial_clk/pix_clk
    OLOGIC_X0Y23         OSERDESE2                                    r  hdmi_inst/inst/serial_clk/oserdes_s/CLKDIV

Slack:                    inf
  Source:                 resetn
                            (input port)
  Destination:            hdmi_inst/inst/encr/cnt_reg[1]/CLR
                            (recovery check against rising-edge clock clk_out1_clk_wiz_0  {rise@0.000ns fall@6.737ns period=13.474ns})
  Path Group:             (none)
  Path Type:              Recovery (Max at Slow Process Corner)
  Data Path Delay:        9.318ns  (logic 1.629ns (17.479%)  route 7.690ns (82.521%))
  Logic Levels:           2  (IBUF=1 LUT2=1)
  Clock Path Skew:        4.738ns (DCD - SCD + CPR)
    Destination Clock Delay (DCD):    4.738ns
    Source Clock Delay      (SCD):    0.000ns
    Clock Pessimism Removal (CPR):    0.000ns
  Clock Uncertainty:      0.843ns  ((TSJ^2 + DJ^2)^1/2) / 2 + PE
    Total System Jitter     (TSJ):    0.050ns
    Discrete Jitter          (DJ):    0.462ns
    Phase Error              (PE):    0.611ns

    Location             Delay type                Incr(ns)  Path(ns)    Netlist Resource(s)
  -------------------------------------------------------------------    -------------------
    N15                                               0.000     0.000 r  resetn (IN)
                         net (fo=0)                   0.000     0.000    resetn
    N15                  IBUF (Prop_ibuf_I_O)         1.477     1.477 r  resetn_IBUF_inst/O
                         net (fo=86, routed)          4.731     6.208    hdmi_inst/inst/encr/lopt
    SLICE_X43Y2          LUT2 (Prop_lut2_I0_O)        0.152     6.360 f  hdmi_inst/inst/encr/oserdes_m_i_1/O
                         net (fo=50, routed)          2.958     9.318    hdmi_inst/inst/encr/AR[0]
    SLICE_X38Y23         FDCE                                         f  hdmi_inst/inst/encr/cnt_reg[1]/CLR
  -------------------------------------------------------------------    -------------------

                         (clock clk_out1_clk_wiz_0 rise edge)
                                                      0.000     0.000 r  
    BUFGCTRL_X0Y2        BUFG                         0.000     0.000 r  sysClk_IBUF_BUFG_inst/O
                         net (fo=62, routed)          1.487     1.487    vc/inst/clk_in1
    MMCME2_ADV_X0Y0      MMCME2_ADV (Prop_mmcme2_adv_CLKIN1_CLKOUT0)
                                                      0.000     1.487 r  vc/inst/mmcm_adv_inst/CLKOUT0
                         net (fo=1, routed)           1.599     3.086    vc/inst/clk_out1_clk_wiz_0
    BUFGCTRL_X0Y0        BUFG (Prop_bufg_I_O)         0.091     3.177 r  vc/inst/clkout1_buf/O
                         net (fo=221, routed)         1.560     4.738    hdmi_inst/inst/encr/pix_clk
    SLICE_X38Y23         FDCE                                         r  hdmi_inst/inst/encr/cnt_reg[1]/C

Slack:                    inf
  Source:                 resetn
                            (input port)
  Destination:            hdmi_inst/inst/encr/cnt_reg[3]/CLR
                            (recovery check against rising-edge clock clk_out1_clk_wiz_0  {rise@0.000ns fall@6.737ns period=13.474ns})
  Path Group:             (none)
  Path Type:              Recovery (Max at Slow Process Corner)
  Data Path Delay:        9.318ns  (logic 1.629ns (17.479%)  route 7.690ns (82.521%))
  Logic Levels:           2  (IBUF=1 LUT2=1)
  Clock Path Skew:        4.738ns (DCD - SCD + CPR)
    Destination Clock Delay (DCD):    4.738ns
    Source Clock Delay      (SCD):    0.000ns
    Clock Pessimism Removal (CPR):    0.000ns
  Clock Uncertainty:      0.843ns  ((TSJ^2 + DJ^2)^1/2) / 2 + PE
    Total System Jitter     (TSJ):    0.050ns
    Discrete Jitter          (DJ):    0.462ns
    Phase Error              (PE):    0.611ns

    Location             Delay type                Incr(ns)  Path(ns)    Netlist Resource(s)
  -------------------------------------------------------------------    -------------------
    N15                                               0.000     0.000 r  resetn (IN)
                         net (fo=0)                   0.000     0.000    resetn
    N15                  IBUF (Prop_ibuf_I_O)         1.477     1.477 r  resetn_IBUF_inst/O
                         net (fo=86, routed)          4.731     6.208    hdmi_inst/inst/encr/lopt
    SLICE_X43Y2          LUT2 (Prop_lut2_I0_O)        0.152     6.360 f  hdmi_inst/inst/encr/oserdes_m_i_1/O
                         net (fo=50, routed)          2.958     9.318    hdmi_inst/inst/encr/AR[0]
    SLICE_X39Y23         FDCE                                         f  hdmi_inst/inst/encr/cnt_reg[3]/CLR
  -------------------------------------------------------------------    -------------------

                         (clock clk_out1_clk_wiz_0 rise edge)
                                                      0.000     0.000 r  
    BUFGCTRL_X0Y2        BUFG                         0.000     0.000 r  sysClk_IBUF_BUFG_inst/O
                         net (fo=62, routed)          1.487     1.487    vc/inst/clk_in1
    MMCME2_ADV_X0Y0      MMCME2_ADV (Prop_mmcme2_adv_CLKIN1_CLKOUT0)
                                                      0.000     1.487 r  vc/inst/mmcm_adv_inst/CLKOUT0
                         net (fo=1, routed)           1.599     3.086    vc/inst/clk_out1_clk_wiz_0
    BUFGCTRL_X0Y0        BUFG (Prop_bufg_I_O)         0.091     3.177 r  vc/inst/clkout1_buf/O
                         net (fo=221, routed)         1.560     4.738    hdmi_inst/inst/encr/pix_clk
    SLICE_X39Y23         FDCE                                         r  hdmi_inst/inst/encr/cnt_reg[3]/C

Slack:                    inf
  Source:                 resetn
                            (input port)
  Destination:            hdmi_inst/inst/encr/cnt_reg[4]/CLR
                            (recovery check against rising-edge clock clk_out1_clk_wiz_0  {rise@0.000ns fall@6.737ns period=13.474ns})
  Path Group:             (none)
  Path Type:              Recovery (Max at Slow Process Corner)
  Data Path Delay:        9.318ns  (logic 1.629ns (17.479%)  route 7.690ns (82.521%))
  Logic Levels:           2  (IBUF=1 LUT2=1)
  Clock Path Skew:        4.738ns (DCD - SCD + CPR)
    Destination Clock Delay (DCD):    4.738ns
    Source Clock Delay      (SCD):    0.000ns
    Clock Pessimism Removal (CPR):    0.000ns
  Clock Uncertainty:      0.843ns  ((TSJ^2 + DJ^2)^1/2) / 2 + PE
    Total System Jitter     (TSJ):    0.050ns
    Discrete Jitter          (DJ):    0.462ns
    Phase Error              (PE):    0.611ns

    Location             Delay type                Incr(ns)  Path(ns)    Netlist Resource(s)
  -------------------------------------------------------------------    -------------------
    N15                                               0.000     0.000 r  resetn (IN)
                         net (fo=0)                   0.000     0.000    resetn
    N15                  IBUF (Prop_ibuf_I_O)         1.477     1.477 r  resetn_IBUF_inst/O
                         net (fo=86, routed)          4.731     6.208    hdmi_inst/inst/encr/lopt
    SLICE_X43Y2          LUT2 (Prop_lut2_I0_O)        0.152     6.360 f  hdmi_inst/inst/encr/oserdes_m_i_1/O
                         net (fo=50, routed)          2.958     9.318    hdmi_inst/inst/encr/AR[0]
    SLICE_X38Y23         FDCE                                         f  hdmi_inst/inst/encr/cnt_reg[4]/CLR
  -------------------------------------------------------------------    -------------------

                         (clock clk_out1_clk_wiz_0 rise edge)
                                                      0.000     0.000 r  
    BUFGCTRL_X0Y2        BUFG                         0.000     0.000 r  sysClk_IBUF_BUFG_inst/O
                         net (fo=62, routed)          1.487     1.487    vc/inst/clk_in1
    MMCME2_ADV_X0Y0      MMCME2_ADV (Prop_mmcme2_adv_CLKIN1_CLKOUT0)
                                                      0.000     1.487 r  vc/inst/mmcm_adv_inst/CLKOUT0
                         net (fo=1, routed)           1.599     3.086    vc/inst/clk_out1_clk_wiz_0
    BUFGCTRL_X0Y0        BUFG (Prop_bufg_I_O)         0.091     3.177 r  vc/inst/clkout1_buf/O
                         net (fo=221, routed)         1.560     4.738    hdmi_inst/inst/encr/pix_clk
    SLICE_X38Y23         FDCE                                         r  hdmi_inst/inst/encr/cnt_reg[4]/C

Slack:                    inf
  Source:                 resetn
                            (input port)
  Destination:            hdmi_inst/inst/encr/cnt_reg[2]/CLR
                            (recovery check against rising-edge clock clk_out1_clk_wiz_0  {rise@0.000ns fall@6.737ns period=13.474ns})
  Path Group:             (none)
  Path Type:              Recovery (Max at Slow Process Corner)
  Data Path Delay:        9.297ns  (logic 1.629ns (17.519%)  route 7.669ns (82.481%))
  Logic Levels:           2  (IBUF=1 LUT2=1)
  Clock Path Skew:        4.739ns (DCD - SCD + CPR)
    Destination Clock Delay (DCD):    4.739ns
    Source Clock Delay      (SCD):    0.000ns
    Clock Pessimism Removal (CPR):    0.000ns
  Clock Uncertainty:      0.843ns  ((TSJ^2 + DJ^2)^1/2) / 2 + PE
    Total System Jitter     (TSJ):    0.050ns
    Discrete Jitter          (DJ):    0.462ns
    Phase Error              (PE):    0.611ns

    Location             Delay type                Incr(ns)  Path(ns)    Netlist Resource(s)
  -------------------------------------------------------------------    -------------------
    N15                                               0.000     0.000 r  resetn (IN)
                         net (fo=0)                   0.000     0.000    resetn
    N15                  IBUF (Prop_ibuf_I_O)         1.477     1.477 r  resetn_IBUF_inst/O
                         net (fo=86, routed)          4.731     6.208    hdmi_inst/inst/encr/lopt
    SLICE_X43Y2          LUT2 (Prop_lut2_I0_O)        0.152     6.360 f  hdmi_inst/inst/encr/oserdes_m_i_1/O
                         net (fo=50, routed)          2.937     9.297    hdmi_inst/inst/encr/AR[0]
    SLICE_X38Y22         FDCE                                         f  hdmi_inst/inst/encr/cnt_reg[2]/CLR
  -------------------------------------------------------------------    -------------------

                         (clock clk_out1_clk_wiz_0 rise edge)
                                                      0.000     0.000 r  
    BUFGCTRL_X0Y2        BUFG                         0.000     0.000 r  sysClk_IBUF_BUFG_inst/O
                         net (fo=62, routed)          1.487     1.487    vc/inst/clk_in1
    MMCME2_ADV_X0Y0      MMCME2_ADV (Prop_mmcme2_adv_CLKIN1_CLKOUT0)
                                                      0.000     1.487 r  vc/inst/mmcm_adv_inst/CLKOUT0
                         net (fo=1, routed)           1.599     3.086    vc/inst/clk_out1_clk_wiz_0
    BUFGCTRL_X0Y0        BUFG (Prop_bufg_I_O)         0.091     3.177 r  vc/inst/clkout1_buf/O
                         net (fo=221, routed)         1.561     4.739    hdmi_inst/inst/encr/pix_clk
    SLICE_X38Y22         FDCE                                         r  hdmi_inst/inst/encr/cnt_reg[2]/C

Slack:                    inf
  Source:                 resetn
                            (input port)
  Destination:            hdmi_inst/inst/encr/dout_reg[0]/CLR
                            (recovery check against rising-edge clock clk_out1_clk_wiz_0  {rise@0.000ns fall@6.737ns period=13.474ns})
  Path Group:             (none)
  Path Type:              Recovery (Max at Slow Process Corner)
  Data Path Delay:        9.048ns  (logic 1.629ns (18.001%)  route 7.419ns (81.999%))
  Logic Levels:           2  (IBUF=1 LUT2=1)
  Clock Path Skew:        4.740ns (DCD - SCD + CPR)
    Destination Clock Delay (DCD):    4.740ns
    Source Clock Delay      (SCD):    0.000ns
    Clock Pessimism Removal (CPR):    0.000ns
  Clock Uncertainty:      0.843ns  ((TSJ^2 + DJ^2)^1/2) / 2 + PE
    Total System Jitter     (TSJ):    0.050ns
    Discrete Jitter          (DJ):    0.462ns
    Phase Error              (PE):    0.611ns

    Location             Delay type                Incr(ns)  Path(ns)    Netlist Resource(s)
  -------------------------------------------------------------------    -------------------
    N15                                               0.000     0.000 r  resetn (IN)
                         net (fo=0)                   0.000     0.000    resetn
    N15                  IBUF (Prop_ibuf_I_O)         1.477     1.477 r  resetn_IBUF_inst/O
                         net (fo=86, routed)          4.731     6.208    hdmi_inst/inst/encr/lopt
    SLICE_X43Y2          LUT2 (Prop_lut2_I0_O)        0.152     6.360 f  hdmi_inst/inst/encr/oserdes_m_i_1/O
                         net (fo=50, routed)          2.688     9.048    hdmi_inst/inst/encr/AR[0]
    SLICE_X42Y22         FDCE                                         f  hdmi_inst/inst/encr/dout_reg[0]/CLR
  -------------------------------------------------------------------    -------------------

                         (clock clk_out1_clk_wiz_0 rise edge)
                                                      0.000     0.000 r  
    BUFGCTRL_X0Y2        BUFG                         0.000     0.000 r  sysClk_IBUF_BUFG_inst/O
                         net (fo=62, routed)          1.487     1.487    vc/inst/clk_in1
    MMCME2_ADV_X0Y0      MMCME2_ADV (Prop_mmcme2_adv_CLKIN1_CLKOUT0)
                                                      0.000     1.487 r  vc/inst/mmcm_adv_inst/CLKOUT0
                         net (fo=1, routed)           1.599     3.086    vc/inst/clk_out1_clk_wiz_0
    BUFGCTRL_X0Y0        BUFG (Prop_bufg_I_O)         0.091     3.177 r  vc/inst/clkout1_buf/O
                         net (fo=221, routed)         1.562     4.740    hdmi_inst/inst/encr/pix_clk
    SLICE_X42Y22         FDCE                                         r  hdmi_inst/inst/encr/dout_reg[0]/C

Slack:                    inf
  Source:                 resetn
                            (input port)
  Destination:            hdmi_inst/inst/encr/dout_reg[1]/CLR
                            (recovery check against rising-edge clock clk_out1_clk_wiz_0  {rise@0.000ns fall@6.737ns period=13.474ns})
  Path Group:             (none)
  Path Type:              Recovery (Max at Slow Process Corner)
  Data Path Delay:        9.048ns  (logic 1.629ns (18.001%)  route 7.419ns (81.999%))
  Logic Levels:           2  (IBUF=1 LUT2=1)
  Clock Path Skew:        4.740ns (DCD - SCD + CPR)
    Destination Clock Delay (DCD):    4.740ns
    Source Clock Delay      (SCD):    0.000ns
    Clock Pessimism Removal (CPR):    0.000ns
  Clock Uncertainty:      0.843ns  ((TSJ^2 + DJ^2)^1/2) / 2 + PE
    Total System Jitter     (TSJ):    0.050ns
    Discrete Jitter          (DJ):    0.462ns
    Phase Error              (PE):    0.611ns

    Location             Delay type                Incr(ns)  Path(ns)    Netlist Resource(s)
  -------------------------------------------------------------------    -------------------
    N15                                               0.000     0.000 r  resetn (IN)
                         net (fo=0)                   0.000     0.000    resetn
    N15                  IBUF (Prop_ibuf_I_O)         1.477     1.477 r  resetn_IBUF_inst/O
                         net (fo=86, routed)          4.731     6.208    hdmi_inst/inst/encr/lopt
    SLICE_X43Y2          LUT2 (Prop_lut2_I0_O)        0.152     6.360 f  hdmi_inst/inst/encr/oserdes_m_i_1/O
                         net (fo=50, routed)          2.688     9.048    hdmi_inst/inst/encr/AR[0]
    SLICE_X42Y22         FDCE                                         f  hdmi_inst/inst/encr/dout_reg[1]/CLR
  -------------------------------------------------------------------    -------------------

                         (clock clk_out1_clk_wiz_0 rise edge)
                                                      0.000     0.000 r  
    BUFGCTRL_X0Y2        BUFG                         0.000     0.000 r  sysClk_IBUF_BUFG_inst/O
                         net (fo=62, routed)          1.487     1.487    vc/inst/clk_in1
    MMCME2_ADV_X0Y0      MMCME2_ADV (Prop_mmcme2_adv_CLKIN1_CLKOUT0)
                                                      0.000     1.487 r  vc/inst/mmcm_adv_inst/CLKOUT0
                         net (fo=1, routed)           1.599     3.086    vc/inst/clk_out1_clk_wiz_0
    BUFGCTRL_X0Y0        BUFG (Prop_bufg_I_O)         0.091     3.177 r  vc/inst/clkout1_buf/O
                         net (fo=221, routed)         1.562     4.740    hdmi_inst/inst/encr/pix_clk
    SLICE_X42Y22         FDCE                                         r  hdmi_inst/inst/encr/dout_reg[1]/C

Slack:                    inf
  Source:                 resetn
                            (input port)
  Destination:            hdmi_inst/inst/encr/dout_reg[2]/CLR
                            (recovery check against rising-edge clock clk_out1_clk_wiz_0  {rise@0.000ns fall@6.737ns period=13.474ns})
  Path Group:             (none)
  Path Type:              Recovery (Max at Slow Process Corner)
  Data Path Delay:        9.048ns  (logic 1.629ns (18.001%)  route 7.419ns (81.999%))
  Logic Levels:           2  (IBUF=1 LUT2=1)
  Clock Path Skew:        4.740ns (DCD - SCD + CPR)
    Destination Clock Delay (DCD):    4.740ns
    Source Clock Delay      (SCD):    0.000ns
    Clock Pessimism Removal (CPR):    0.000ns
  Clock Uncertainty:      0.843ns  ((TSJ^2 + DJ^2)^1/2) / 2 + PE
    Total System Jitter     (TSJ):    0.050ns
    Discrete Jitter          (DJ):    0.462ns
    Phase Error              (PE):    0.611ns

    Location             Delay type                Incr(ns)  Path(ns)    Netlist Resource(s)
  -------------------------------------------------------------------    -------------------
    N15                                               0.000     0.000 r  resetn (IN)
                         net (fo=0)                   0.000     0.000    resetn
    N15                  IBUF (Prop_ibuf_I_O)         1.477     1.477 r  resetn_IBUF_inst/O
                         net (fo=86, routed)          4.731     6.208    hdmi_inst/inst/encr/lopt
    SLICE_X43Y2          LUT2 (Prop_lut2_I0_O)        0.152     6.360 f  hdmi_inst/inst/encr/oserdes_m_i_1/O
                         net (fo=50, routed)          2.688     9.048    hdmi_inst/inst/encr/AR[0]
    SLICE_X42Y22         FDCE                                         f  hdmi_inst/inst/encr/dout_reg[2]/CLR
  -------------------------------------------------------------------    -------------------

                         (clock clk_out1_clk_wiz_0 rise edge)
                                                      0.000     0.000 r  
    BUFGCTRL_X0Y2        BUFG                         0.000     0.000 r  sysClk_IBUF_BUFG_inst/O
                         net (fo=62, routed)          1.487     1.487    vc/inst/clk_in1
    MMCME2_ADV_X0Y0      MMCME2_ADV (Prop_mmcme2_adv_CLKIN1_CLKOUT0)
                                                      0.000     1.487 r  vc/inst/mmcm_adv_inst/CLKOUT0
                         net (fo=1, routed)           1.599     3.086    vc/inst/clk_out1_clk_wiz_0
    BUFGCTRL_X0Y0        BUFG (Prop_bufg_I_O)         0.091     3.177 r  vc/inst/clkout1_buf/O
                         net (fo=221, routed)         1.562     4.740    hdmi_inst/inst/encr/pix_clk
    SLICE_X42Y22         FDCE                                         r  hdmi_inst/inst/encr/dout_reg[2]/C

Slack:                    inf
  Source:                 resetn
                            (input port)
  Destination:            hdmi_inst/inst/encr/dout_reg[4]/CLR
                            (recovery check against rising-edge clock clk_out1_clk_wiz_0  {rise@0.000ns fall@6.737ns period=13.474ns})
  Path Group:             (none)
  Path Type:              Recovery (Max at Slow Process Corner)
  Data Path Delay:        9.048ns  (logic 1.629ns (18.001%)  route 7.419ns (81.999%))
  Logic Levels:           2  (IBUF=1 LUT2=1)
  Clock Path Skew:        4.740ns (DCD - SCD + CPR)
    Destination Clock Delay (DCD):    4.740ns
    Source Clock Delay      (SCD):    0.000ns
    Clock Pessimism Removal (CPR):    0.000ns
  Clock Uncertainty:      0.843ns  ((TSJ^2 + DJ^2)^1/2) / 2 + PE
    Total System Jitter     (TSJ):    0.050ns
    Discrete Jitter          (DJ):    0.462ns
    Phase Error              (PE):    0.611ns

    Location             Delay type                Incr(ns)  Path(ns)    Netlist Resource(s)
  -------------------------------------------------------------------    -------------------
    N15                                               0.000     0.000 r  resetn (IN)
                         net (fo=0)                   0.000     0.000    resetn
    N15                  IBUF (Prop_ibuf_I_O)         1.477     1.477 r  resetn_IBUF_inst/O
                         net (fo=86, routed)          4.731     6.208    hdmi_inst/inst/encr/lopt
    SLICE_X43Y2          LUT2 (Prop_lut2_I0_O)        0.152     6.360 f  hdmi_inst/inst/encr/oserdes_m_i_1/O
                         net (fo=50, routed)          2.688     9.048    hdmi_inst/inst/encr/AR[0]
    SLICE_X43Y22         FDCE                                         f  hdmi_inst/inst/encr/dout_reg[4]/CLR
  -------------------------------------------------------------------    -------------------

                         (clock clk_out1_clk_wiz_0 rise edge)
                                                      0.000     0.000 r  
    BUFGCTRL_X0Y2        BUFG                         0.000     0.000 r  sysClk_IBUF_BUFG_inst/O
                         net (fo=62, routed)          1.487     1.487    vc/inst/clk_in1
    MMCME2_ADV_X0Y0      MMCME2_ADV (Prop_mmcme2_adv_CLKIN1_CLKOUT0)
                                                      0.000     1.487 r  vc/inst/mmcm_adv_inst/CLKOUT0
                         net (fo=1, routed)           1.599     3.086    vc/inst/clk_out1_clk_wiz_0
    BUFGCTRL_X0Y0        BUFG (Prop_bufg_I_O)         0.091     3.177 r  vc/inst/clkout1_buf/O
                         net (fo=221, routed)         1.562     4.740    hdmi_inst/inst/encr/pix_clk
    SLICE_X43Y22         FDCE                                         r  hdmi_inst/inst/encr/dout_reg[4]/C





Min Delay Paths
--------------------------------------------------------------------------------------
Slack:                    inf
  Source:                 vc/inst/mmcm_adv_inst/LOCKED
                            (internal pin)
  Destination:            hdmi_inst/inst/encb/cnt_reg[2]/CLR
                            (removal check against rising-edge clock clk_out1_clk_wiz_0  {rise@0.000ns fall@6.737ns period=13.474ns})
  Path Group:             (none)
  Path Type:              Removal (Min at Fast Process Corner)
  Data Path Delay:        0.704ns  (logic 0.042ns (5.965%)  route 0.662ns (94.035%))
  Logic Levels:           1  (LUT2=1)
  Clock Uncertainty:      0.843ns  ((TSJ^2 + DJ^2)^1/2) / 2 + PE
    Total System Jitter     (TSJ):    0.050ns
    Discrete Jitter          (DJ):    0.462ns
    Phase Error              (PE):    0.611ns

    Location             Delay type                Incr(ns)  Path(ns)    Netlist Resource(s)
  -------------------------------------------------------------------    -------------------
    MMCME2_ADV_X0Y0      MMCME2_ADV                   0.000     0.000 r  vc/inst/mmcm_adv_inst/LOCKED
                         net (fo=1, routed)           0.344     0.344    hdmi_inst/inst/encr/pix_clk_locked
    SLICE_X43Y2          LUT2 (Prop_lut2_I1_O)        0.042     0.386 f  hdmi_inst/inst/encr/oserdes_m_i_1/O
                         net (fo=50, routed)          0.318     0.704    hdmi_inst/inst/encb/AR[0]
    SLICE_X40Y13         FDCE                                         f  hdmi_inst/inst/encb/cnt_reg[2]/CLR
  -------------------------------------------------------------------    -------------------

                         (clock clk_out1_clk_wiz_0 rise edge)
                                                      0.000     0.000 r  
    BUFGCTRL_X0Y2        BUFG                         0.000     0.000 r  sysClk_IBUF_BUFG_inst/O
                         net (fo=62, routed)          0.812     0.812    vc/inst/clk_in1
    MMCME2_ADV_X0Y0      MMCME2_ADV (Prop_mmcme2_adv_CLKIN1_CLKOUT0)
                                                      0.000     0.812 r  vc/inst/mmcm_adv_inst/CLKOUT0
                         net (fo=1, routed)           0.528     1.340    vc/inst/clk_out1_clk_wiz_0
    BUFGCTRL_X0Y0        BUFG (Prop_bufg_I_O)         0.029     1.369 r  vc/inst/clkout1_buf/O
                         net (fo=221, routed)         0.856     2.225    hdmi_inst/inst/encb/pix_clk
    SLICE_X40Y13         FDCE                                         r  hdmi_inst/inst/encb/cnt_reg[2]/C

Slack:                    inf
  Source:                 vc/inst/mmcm_adv_inst/LOCKED
                            (internal pin)
  Destination:            hdmi_inst/inst/encb/cnt_reg[3]/CLR
                            (removal check against rising-edge clock clk_out1_clk_wiz_0  {rise@0.000ns fall@6.737ns period=13.474ns})
  Path Group:             (none)
  Path Type:              Removal (Min at Fast Process Corner)
  Data Path Delay:        0.824ns  (logic 0.042ns (5.095%)  route 0.782ns (94.905%))
  Logic Levels:           1  (LUT2=1)
  Clock Uncertainty:      0.843ns  ((TSJ^2 + DJ^2)^1/2) / 2 + PE
    Total System Jitter     (TSJ):    0.050ns
    Discrete Jitter          (DJ):    0.462ns
    Phase Error              (PE):    0.611ns

    Location             Delay type                Incr(ns)  Path(ns)    Netlist Resource(s)
  -------------------------------------------------------------------    -------------------
    MMCME2_ADV_X0Y0      MMCME2_ADV                   0.000     0.000 r  vc/inst/mmcm_adv_inst/LOCKED
                         net (fo=1, routed)           0.344     0.344    hdmi_inst/inst/encr/pix_clk_locked
    SLICE_X43Y2          LUT2 (Prop_lut2_I1_O)        0.042     0.386 f  hdmi_inst/inst/encr/oserdes_m_i_1/O
                         net (fo=50, routed)          0.438     0.824    hdmi_inst/inst/encb/AR[0]
    SLICE_X41Y14         FDCE                                         f  hdmi_inst/inst/encb/cnt_reg[3]/CLR
  -------------------------------------------------------------------    -------------------

                         (clock clk_out1_clk_wiz_0 rise edge)
                                                      0.000     0.000 r  
    BUFGCTRL_X0Y2        BUFG                         0.000     0.000 r  sysClk_IBUF_BUFG_inst/O
                         net (fo=62, routed)          0.812     0.812    vc/inst/clk_in1
    MMCME2_ADV_X0Y0      MMCME2_ADV (Prop_mmcme2_adv_CLKIN1_CLKOUT0)
                                                      0.000     0.812 r  vc/inst/mmcm_adv_inst/CLKOUT0
                         net (fo=1, routed)           0.528     1.340    vc/inst/clk_out1_clk_wiz_0
    BUFGCTRL_X0Y0        BUFG (Prop_bufg_I_O)         0.029     1.369 r  vc/inst/clkout1_buf/O
                         net (fo=221, routed)         0.856     2.225    hdmi_inst/inst/encb/pix_clk
    SLICE_X41Y14         FDCE                                         r  hdmi_inst/inst/encb/cnt_reg[3]/C

Slack:                    inf
  Source:                 vc/inst/mmcm_adv_inst/LOCKED
                            (internal pin)
  Destination:            hdmi_inst/inst/encb/cnt_reg[4]/CLR
                            (removal check against rising-edge clock clk_out1_clk_wiz_0  {rise@0.000ns fall@6.737ns period=13.474ns})
  Path Group:             (none)
  Path Type:              Removal (Min at Fast Process Corner)
  Data Path Delay:        0.824ns  (logic 0.042ns (5.095%)  route 0.782ns (94.905%))
  Logic Levels:           1  (LUT2=1)
  Clock Uncertainty:      0.843ns  ((TSJ^2 + DJ^2)^1/2) / 2 + PE
    Total System Jitter     (TSJ):    0.050ns
    Discrete Jitter          (DJ):    0.462ns
    Phase Error              (PE):    0.611ns

    Location             Delay type                Incr(ns)  Path(ns)    Netlist Resource(s)
  -------------------------------------------------------------------    -------------------
    MMCME2_ADV_X0Y0      MMCME2_ADV                   0.000     0.000 r  vc/inst/mmcm_adv_inst/LOCKED
                         net (fo=1, routed)           0.344     0.344    hdmi_inst/inst/encr/pix_clk_locked
    SLICE_X43Y2          LUT2 (Prop_lut2_I1_O)        0.042     0.386 f  hdmi_inst/inst/encr/oserdes_m_i_1/O
                         net (fo=50, routed)          0.438     0.824    hdmi_inst/inst/encb/AR[0]
    SLICE_X41Y14         FDCE                                         f  hdmi_inst/inst/encb/cnt_reg[4]/CLR
  -------------------------------------------------------------------    -------------------

                         (clock clk_out1_clk_wiz_0 rise edge)
                                                      0.000     0.000 r  
    BUFGCTRL_X0Y2        BUFG                         0.000     0.000 r  sysClk_IBUF_BUFG_inst/O
                         net (fo=62, routed)          0.812     0.812    vc/inst/clk_in1
    MMCME2_ADV_X0Y0      MMCME2_ADV (Prop_mmcme2_adv_CLKIN1_CLKOUT0)
                                                      0.000     0.812 r  vc/inst/mmcm_adv_inst/CLKOUT0
                         net (fo=1, routed)           0.528     1.340    vc/inst/clk_out1_clk_wiz_0
    BUFGCTRL_X0Y0        BUFG (Prop_bufg_I_O)         0.029     1.369 r  vc/inst/clkout1_buf/O
                         net (fo=221, routed)         0.856     2.225    hdmi_inst/inst/encb/pix_clk
    SLICE_X41Y14         FDCE                                         r  hdmi_inst/inst/encb/cnt_reg[4]/C

Slack:                    inf
  Source:                 vc/inst/mmcm_adv_inst/LOCKED
                            (internal pin)
  Destination:            hdmi_inst/inst/encb/dout_reg[4]/CLR
                            (removal check against rising-edge clock clk_out1_clk_wiz_0  {rise@0.000ns fall@6.737ns period=13.474ns})
  Path Group:             (none)
  Path Type:              Removal (Min at Fast Process Corner)
  Data Path Delay:        0.857ns  (logic 0.042ns (4.898%)  route 0.815ns (95.102%))
  Logic Levels:           1  (LUT2=1)
  Clock Uncertainty:      0.843ns  ((TSJ^2 + DJ^2)^1/2) / 2 + PE
    Total System Jitter     (TSJ):    0.050ns
    Discrete Jitter          (DJ):    0.462ns
    Phase Error              (PE):    0.611ns

    Location             Delay type                Incr(ns)  Path(ns)    Netlist Resource(s)
  -------------------------------------------------------------------    -------------------
    MMCME2_ADV_X0Y0      MMCME2_ADV                   0.000     0.000 r  vc/inst/mmcm_adv_inst/LOCKED
                         net (fo=1, routed)           0.344     0.344    hdmi_inst/inst/encr/pix_clk_locked
    SLICE_X43Y2          LUT2 (Prop_lut2_I1_O)        0.042     0.386 f  hdmi_inst/inst/encr/oserdes_m_i_1/O
                         net (fo=50, routed)          0.471     0.857    hdmi_inst/inst/encb/AR[0]
    SLICE_X41Y15         FDCE                                         f  hdmi_inst/inst/encb/dout_reg[4]/CLR
  -------------------------------------------------------------------    -------------------

                         (clock clk_out1_clk_wiz_0 rise edge)
                                                      0.000     0.000 r  
    BUFGCTRL_X0Y2        BUFG                         0.000     0.000 r  sysClk_IBUF_BUFG_inst/O
                         net (fo=62, routed)          0.812     0.812    vc/inst/clk_in1
    MMCME2_ADV_X0Y0      MMCME2_ADV (Prop_mmcme2_adv_CLKIN1_CLKOUT0)
                                                      0.000     0.812 r  vc/inst/mmcm_adv_inst/CLKOUT0
                         net (fo=1, routed)           0.528     1.340    vc/inst/clk_out1_clk_wiz_0
    BUFGCTRL_X0Y0        BUFG (Prop_bufg_I_O)         0.029     1.369 r  vc/inst/clkout1_buf/O
                         net (fo=221, routed)         0.855     2.224    hdmi_inst/inst/encb/pix_clk
    SLICE_X41Y15         FDCE                                         r  hdmi_inst/inst/encb/dout_reg[4]/C

Slack:                    inf
  Source:                 vc/inst/mmcm_adv_inst/LOCKED
                            (internal pin)
  Destination:            hdmi_inst/inst/encb/cnt_reg[1]/CLR
                            (removal check against rising-edge clock clk_out1_clk_wiz_0  {rise@0.000ns fall@6.737ns period=13.474ns})
  Path Group:             (none)
  Path Type:              Removal (Min at Fast Process Corner)
  Data Path Delay:        0.862ns  (logic 0.042ns (4.873%)  route 0.820ns (95.127%))
  Logic Levels:           1  (LUT2=1)
  Clock Uncertainty:      0.843ns  ((TSJ^2 + DJ^2)^1/2) / 2 + PE
    Total System Jitter     (TSJ):    0.050ns
    Discrete Jitter          (DJ):    0.462ns
    Phase Error              (PE):    0.611ns

    Location             Delay type                Incr(ns)  Path(ns)    Netlist Resource(s)
  -------------------------------------------------------------------    -------------------
    MMCME2_ADV_X0Y0      MMCME2_ADV                   0.000     0.000 r  vc/inst/mmcm_adv_inst/LOCKED
                         net (fo=1, routed)           0.344     0.344    hdmi_inst/inst/encr/pix_clk_locked
    SLICE_X43Y2          LUT2 (Prop_lut2_I1_O)        0.042     0.386 f  hdmi_inst/inst/encr/oserdes_m_i_1/O
                         net (fo=50, routed)          0.476     0.862    hdmi_inst/inst/encb/AR[0]
    SLICE_X40Y15         FDCE                                         f  hdmi_inst/inst/encb/cnt_reg[1]/CLR
  -------------------------------------------------------------------    -------------------

                         (clock clk_out1_clk_wiz_0 rise edge)
                                                      0.000     0.000 r  
    BUFGCTRL_X0Y2        BUFG                         0.000     0.000 r  sysClk_IBUF_BUFG_inst/O
                         net (fo=62, routed)          0.812     0.812    vc/inst/clk_in1
    MMCME2_ADV_X0Y0      MMCME2_ADV (Prop_mmcme2_adv_CLKIN1_CLKOUT0)
                                                      0.000     0.812 r  vc/inst/mmcm_adv_inst/CLKOUT0
                         net (fo=1, routed)           0.528     1.340    vc/inst/clk_out1_clk_wiz_0
    BUFGCTRL_X0Y0        BUFG (Prop_bufg_I_O)         0.029     1.369 r  vc/inst/clkout1_buf/O
                         net (fo=221, routed)         0.855     2.224    hdmi_inst/inst/encb/pix_clk
    SLICE_X40Y15         FDCE                                         r  hdmi_inst/inst/encb/cnt_reg[1]/C

Slack:                    inf
  Source:                 vc/inst/mmcm_adv_inst/LOCKED
                            (internal pin)
  Destination:            hdmi_inst/inst/encb/dout_reg[0]/CLR
                            (removal check against rising-edge clock clk_out1_clk_wiz_0  {rise@0.000ns fall@6.737ns period=13.474ns})
  Path Group:             (none)
  Path Type:              Removal (Min at Fast Process Corner)
  Data Path Delay:        0.879ns  (logic 0.042ns (4.777%)  route 0.837ns (95.223%))
  Logic Levels:           1  (LUT2=1)
  Clock Uncertainty:      0.843ns  ((TSJ^2 + DJ^2)^1/2) / 2 + PE
    Total System Jitter     (TSJ):    0.050ns
    Discrete Jitter          (DJ):    0.462ns
    Phase Error              (PE):    0.611ns

    Location             Delay type                Incr(ns)  Path(ns)    Netlist Resource(s)
  -------------------------------------------------------------------    -------------------
    MMCME2_ADV_X0Y0      MMCME2_ADV                   0.000     0.000 r  vc/inst/mmcm_adv_inst/LOCKED
                         net (fo=1, routed)           0.344     0.344    hdmi_inst/inst/encr/pix_clk_locked
    SLICE_X43Y2          LUT2 (Prop_lut2_I1_O)        0.042     0.386 f  hdmi_inst/inst/encr/oserdes_m_i_1/O
                         net (fo=50, routed)          0.493     0.879    hdmi_inst/inst/encb/AR[0]
    SLICE_X41Y17         FDCE                                         f  hdmi_inst/inst/encb/dout_reg[0]/CLR
  -------------------------------------------------------------------    -------------------

                         (clock clk_out1_clk_wiz_0 rise edge)
                                                      0.000     0.000 r  
    BUFGCTRL_X0Y2        BUFG                         0.000     0.000 r  sysClk_IBUF_BUFG_inst/O
                         net (fo=62, routed)          0.812     0.812    vc/inst/clk_in1
    MMCME2_ADV_X0Y0      MMCME2_ADV (Prop_mmcme2_adv_CLKIN1_CLKOUT0)
                                                      0.000     0.812 r  vc/inst/mmcm_adv_inst/CLKOUT0
                         net (fo=1, routed)           0.528     1.340    vc/inst/clk_out1_clk_wiz_0
    BUFGCTRL_X0Y0        BUFG (Prop_bufg_I_O)         0.029     1.369 r  vc/inst/clkout1_buf/O
                         net (fo=221, routed)         0.853     2.222    hdmi_inst/inst/encb/pix_clk
    SLICE_X41Y17         FDCE                                         r  hdmi_inst/inst/encb/dout_reg[0]/C

Slack:                    inf
  Source:                 vc/inst/mmcm_adv_inst/LOCKED
                            (internal pin)
  Destination:            hdmi_inst/inst/encb/dout_reg[1]/CLR
                            (removal check against rising-edge clock clk_out1_clk_wiz_0  {rise@0.000ns fall@6.737ns period=13.474ns})
  Path Group:             (none)
  Path Type:              Removal (Min at Fast Process Corner)
  Data Path Delay:        0.879ns  (logic 0.042ns (4.777%)  route 0.837ns (95.223%))
  Logic Levels:           1  (LUT2=1)
  Clock Uncertainty:      0.843ns  ((TSJ^2 + DJ^2)^1/2) / 2 + PE
    Total System Jitter     (TSJ):    0.050ns
    Discrete Jitter          (DJ):    0.462ns
    Phase Error              (PE):    0.611ns

    Location             Delay type                Incr(ns)  Path(ns)    Netlist Resource(s)
  -------------------------------------------------------------------    -------------------
    MMCME2_ADV_X0Y0      MMCME2_ADV                   0.000     0.000 r  vc/inst/mmcm_adv_inst/LOCKED
                         net (fo=1, routed)           0.344     0.344    hdmi_inst/inst/encr/pix_clk_locked
    SLICE_X43Y2          LUT2 (Prop_lut2_I1_O)        0.042     0.386 f  hdmi_inst/inst/encr/oserdes_m_i_1/O
                         net (fo=50, routed)          0.493     0.879    hdmi_inst/inst/encb/AR[0]
    SLICE_X41Y17         FDCE                                         f  hdmi_inst/inst/encb/dout_reg[1]/CLR
  -------------------------------------------------------------------    -------------------

                         (clock clk_out1_clk_wiz_0 rise edge)
                                                      0.000     0.000 r  
    BUFGCTRL_X0Y2        BUFG                         0.000     0.000 r  sysClk_IBUF_BUFG_inst/O
                         net (fo=62, routed)          0.812     0.812    vc/inst/clk_in1
    MMCME2_ADV_X0Y0      MMCME2_ADV (Prop_mmcme2_adv_CLKIN1_CLKOUT0)
                                                      0.000     0.812 r  vc/inst/mmcm_adv_inst/CLKOUT0
                         net (fo=1, routed)           0.528     1.340    vc/inst/clk_out1_clk_wiz_0
    BUFGCTRL_X0Y0        BUFG (Prop_bufg_I_O)         0.029     1.369 r  vc/inst/clkout1_buf/O
                         net (fo=221, routed)         0.853     2.222    hdmi_inst/inst/encb/pix_clk
    SLICE_X41Y17         FDCE                                         r  hdmi_inst/inst/encb/dout_reg[1]/C

Slack:                    inf
  Source:                 vc/inst/mmcm_adv_inst/LOCKED
                            (internal pin)
  Destination:            hdmi_inst/inst/encb/dout_reg[5]/CLR
                            (removal check against rising-edge clock clk_out1_clk_wiz_0  {rise@0.000ns fall@6.737ns period=13.474ns})
  Path Group:             (none)
  Path Type:              Removal (Min at Fast Process Corner)
  Data Path Delay:        0.879ns  (logic 0.042ns (4.777%)  route 0.837ns (95.223%))
  Logic Levels:           1  (LUT2=1)
  Clock Uncertainty:      0.843ns  ((TSJ^2 + DJ^2)^1/2) / 2 + PE
    Total System Jitter     (TSJ):    0.050ns
    Discrete Jitter          (DJ):    0.462ns
    Phase Error              (PE):    0.611ns

    Location             Delay type                Incr(ns)  Path(ns)    Netlist Resource(s)
  -------------------------------------------------------------------    -------------------
    MMCME2_ADV_X0Y0      MMCME2_ADV                   0.000     0.000 r  vc/inst/mmcm_adv_inst/LOCKED
                         net (fo=1, routed)           0.344     0.344    hdmi_inst/inst/encr/pix_clk_locked
    SLICE_X43Y2          LUT2 (Prop_lut2_I1_O)        0.042     0.386 f  hdmi_inst/inst/encr/oserdes_m_i_1/O
                         net (fo=50, routed)          0.493     0.879    hdmi_inst/inst/encb/AR[0]
    SLICE_X41Y17         FDCE                                         f  hdmi_inst/inst/encb/dout_reg[5]/CLR
  -------------------------------------------------------------------    -------------------

                         (clock clk_out1_clk_wiz_0 rise edge)
                                                      0.000     0.000 r  
    BUFGCTRL_X0Y2        BUFG                         0.000     0.000 r  sysClk_IBUF_BUFG_inst/O
                         net (fo=62, routed)          0.812     0.812    vc/inst/clk_in1
    MMCME2_ADV_X0Y0      MMCME2_ADV (Prop_mmcme2_adv_CLKIN1_CLKOUT0)
                                                      0.000     0.812 r  vc/inst/mmcm_adv_inst/CLKOUT0
                         net (fo=1, routed)           0.528     1.340    vc/inst/clk_out1_clk_wiz_0
    BUFGCTRL_X0Y0        BUFG (Prop_bufg_I_O)         0.029     1.369 r  vc/inst/clkout1_buf/O
                         net (fo=221, routed)         0.853     2.222    hdmi_inst/inst/encb/pix_clk
    SLICE_X41Y17         FDCE                                         r  hdmi_inst/inst/encb/dout_reg[5]/C

Slack:                    inf
  Source:                 vc/inst/mmcm_adv_inst/LOCKED
                            (internal pin)
  Destination:            hdmi_inst/inst/encb/dout_reg[2]/CLR
                            (removal check against rising-edge clock clk_out1_clk_wiz_0  {rise@0.000ns fall@6.737ns period=13.474ns})
  Path Group:             (none)
  Path Type:              Removal (Min at Fast Process Corner)
  Data Path Delay:        0.952ns  (logic 0.042ns (4.410%)  route 0.910ns (95.590%))
  Logic Levels:           1  (LUT2=1)
  Clock Uncertainty:      0.843ns  ((TSJ^2 + DJ^2)^1/2) / 2 + PE
    Total System Jitter     (TSJ):    0.050ns
    Discrete Jitter          (DJ):    0.462ns
    Phase Error              (PE):    0.611ns

    Location             Delay type                Incr(ns)  Path(ns)    Netlist Resource(s)
  -------------------------------------------------------------------    -------------------
    MMCME2_ADV_X0Y0      MMCME2_ADV                   0.000     0.000 r  vc/inst/mmcm_adv_inst/LOCKED
                         net (fo=1, routed)           0.344     0.344    hdmi_inst/inst/encr/pix_clk_locked
    SLICE_X43Y2          LUT2 (Prop_lut2_I1_O)        0.042     0.386 f  hdmi_inst/inst/encr/oserdes_m_i_1/O
                         net (fo=50, routed)          0.566     0.952    hdmi_inst/inst/encb/AR[0]
    SLICE_X42Y16         FDCE                                         f  hdmi_inst/inst/encb/dout_reg[2]/CLR
  -------------------------------------------------------------------    -------------------

                         (clock clk_out1_clk_wiz_0 rise edge)
                                                      0.000     0.000 r  
    BUFGCTRL_X0Y2        BUFG                         0.000     0.000 r  sysClk_IBUF_BUFG_inst/O
                         net (fo=62, routed)          0.812     0.812    vc/inst/clk_in1
    MMCME2_ADV_X0Y0      MMCME2_ADV (Prop_mmcme2_adv_CLKIN1_CLKOUT0)
                                                      0.000     0.812 r  vc/inst/mmcm_adv_inst/CLKOUT0
                         net (fo=1, routed)           0.528     1.340    vc/inst/clk_out1_clk_wiz_0
    BUFGCTRL_X0Y0        BUFG (Prop_bufg_I_O)         0.029     1.369 r  vc/inst/clkout1_buf/O
                         net (fo=221, routed)         0.854     2.223    hdmi_inst/inst/encb/pix_clk
    SLICE_X42Y16         FDCE                                         r  hdmi_inst/inst/encb/dout_reg[2]/C

Slack:                    inf
  Source:                 vc/inst/mmcm_adv_inst/LOCKED
                            (internal pin)
  Destination:            hdmi_inst/inst/encb/dout_reg[6]/CLR
                            (removal check against rising-edge clock clk_out1_clk_wiz_0  {rise@0.000ns fall@6.737ns period=13.474ns})
  Path Group:             (none)
  Path Type:              Removal (Min at Fast Process Corner)
  Data Path Delay:        0.952ns  (logic 0.042ns (4.410%)  route 0.910ns (95.590%))
  Logic Levels:           1  (LUT2=1)
  Clock Uncertainty:      0.843ns  ((TSJ^2 + DJ^2)^1/2) / 2 + PE
    Total System Jitter     (TSJ):    0.050ns
    Discrete Jitter          (DJ):    0.462ns
    Phase Error              (PE):    0.611ns

    Location             Delay type                Incr(ns)  Path(ns)    Netlist Resource(s)
  -------------------------------------------------------------------    -------------------
    MMCME2_ADV_X0Y0      MMCME2_ADV                   0.000     0.000 r  vc/inst/mmcm_adv_inst/LOCKED
                         net (fo=1, routed)           0.344     0.344    hdmi_inst/inst/encr/pix_clk_locked
    SLICE_X43Y2          LUT2 (Prop_lut2_I1_O)        0.042     0.386 f  hdmi_inst/inst/encr/oserdes_m_i_1/O
                         net (fo=50, routed)          0.566     0.952    hdmi_inst/inst/encb/AR[0]
    SLICE_X43Y16         FDCE                                         f  hdmi_inst/inst/encb/dout_reg[6]/CLR
  -------------------------------------------------------------------    -------------------

                         (clock clk_out1_clk_wiz_0 rise edge)
                                                      0.000     0.000 r  
    BUFGCTRL_X0Y2        BUFG                         0.000     0.000 r  sysClk_IBUF_BUFG_inst/O
                         net (fo=62, routed)          0.812     0.812    vc/inst/clk_in1
    MMCME2_ADV_X0Y0      MMCME2_ADV (Prop_mmcme2_adv_CLKIN1_CLKOUT0)
                                                      0.000     0.812 r  vc/inst/mmcm_adv_inst/CLKOUT0
                         net (fo=1, routed)           0.528     1.340    vc/inst/clk_out1_clk_wiz_0
    BUFGCTRL_X0Y0        BUFG (Prop_bufg_I_O)         0.029     1.369 r  vc/inst/clkout1_buf/O
                         net (fo=221, routed)         0.854     2.223    hdmi_inst/inst/encb/pix_clk
    SLICE_X43Y16         FDCE                                         r  hdmi_inst/inst/encb/dout_reg[6]/C





--------------------------------------------------------------------------------------
Path Group:  (none)
From Clock:  
  To Clock:  sysClk

Max Delay            64 Endpoints
Min Delay            64 Endpoints
--------------------------------------------------------------------------------------


Max Delay Paths
--------------------------------------------------------------------------------------
Slack:                    inf
  Source:                 btn[0]
                            (input port)
  Destination:            triggerVolt_reg[6]/D
                            (rising edge-triggered cell FDRE clocked by sysClk  {rise@0.000ns fall@10.000ns period=20.000ns})
  Path Group:             (none)
  Path Type:              Setup (Max at Slow Process Corner)
  Data Path Delay:        7.870ns  (logic 2.302ns (29.253%)  route 5.568ns (70.747%))
  Logic Levels:           4  (CARRY4=1 IBUF=1 LUT4=1 LUT6=1)
  Clock Path Skew:        5.006ns (DCD - SCD + CPR)
    Destination Clock Delay (DCD):    5.006ns
    Source Clock Delay      (SCD):    0.000ns
    Clock Pessimism Removal (CPR):    0.000ns
  Clock Uncertainty:      0.025ns  ((TSJ^2 + TIJ^2)^1/2 + DJ) / 2 + PE
    Total System Jitter     (TSJ):    0.050ns
    Total Input Jitter      (TIJ):    0.000ns
    Discrete Jitter          (DJ):    0.000ns
    Phase Error              (PE):    0.000ns

    Location             Delay type                Incr(ns)  Path(ns)    Netlist Resource(s)
  -------------------------------------------------------------------    -------------------
    N16                                               0.000     0.000 r  btn[0] (IN)
                         net (fo=0)                   0.000     0.000    btn[0]
    N16                  IBUF (Prop_ibuf_I_O)         1.474     1.474 r  btn_IBUF[0]_inst/O
                         net (fo=72, routed)          3.022     4.496    btn_IBUF[0]
    SLICE_X33Y11         LUT6 (Prop_lut6_I3_O)        0.124     4.620 r  triggerVolt[10]_i_7/O
                         net (fo=38, routed)          1.613     6.233    triggerVolt[10]_i_7_n_0
    SLICE_X40Y9          LUT4 (Prop_lut4_I1_O)        0.124     6.357 r  triggerVolt[7]_i_8/O
                         net (fo=1, routed)           0.000     6.357    triggerVolt[7]_i_8_n_0
    SLICE_X40Y9          CARRY4 (Prop_carry4_S[1]_O[2])
                                                      0.580     6.937 r  triggerVolt_reg[7]_i_1/O[2]
                         net (fo=2, routed)           0.933     7.870    triggerVolt_reg[7]_i_1_n_5
    SLICE_X41Y6          FDRE                                         r  triggerVolt_reg[6]/D
  -------------------------------------------------------------------    -------------------

                         (clock sysClk rise edge)     0.000     0.000 r  
    U18                                               0.000     0.000 r  sysClk (IN)
                         net (fo=0)                   0.000     0.000    sysClk
    U18                  IBUF (Prop_ibuf_I_O)         1.459     1.459 r  sysClk_IBUF_inst/O
                         net (fo=1, routed)           1.880     3.339    sysClk_IBUF
    BUFGCTRL_X0Y2        BUFG (Prop_bufg_I_O)         0.091     3.430 r  sysClk_IBUF_BUFG_inst/O
                         net (fo=62, routed)          1.576     5.006    sysClk_IBUF_BUFG
    SLICE_X41Y6          FDRE                                         r  triggerVolt_reg[6]/C

Slack:                    inf
  Source:                 resetn
                            (input port)
  Destination:            triggerTime_reg[5]/D
                            (rising edge-triggered cell FDRE clocked by sysClk  {rise@0.000ns fall@10.000ns period=20.000ns})
  Path Group:             (none)
  Path Type:              Setup (Max at Slow Process Corner)
  Data Path Delay:        7.848ns  (logic 2.485ns (31.660%)  route 5.364ns (68.340%))
  Logic Levels:           4  (CARRY4=2 IBUF=1 LUT3=1)
  Clock Path Skew:        4.929ns (DCD - SCD + CPR)
    Destination Clock Delay (DCD):    4.929ns
    Source Clock Delay      (SCD):    0.000ns
    Clock Pessimism Removal (CPR):    0.000ns
  Clock Uncertainty:      0.025ns  ((TSJ^2 + TIJ^2)^1/2 + DJ) / 2 + PE
    Total System Jitter     (TSJ):    0.050ns
    Total Input Jitter      (TIJ):    0.000ns
    Discrete Jitter          (DJ):    0.000ns
    Phase Error              (PE):    0.000ns

    Location             Delay type                Incr(ns)  Path(ns)    Netlist Resource(s)
  -------------------------------------------------------------------    -------------------
    N15                                               0.000     0.000 r  resetn (IN)
                         net (fo=0)                   0.000     0.000    resetn
    N15                  IBUF (Prop_ibuf_I_O)         1.477     1.477 r  resetn_IBUF_inst/O
                         net (fo=86, routed)          3.926     5.403    resetn_IBUF
    SLICE_X35Y10         LUT3 (Prop_lut3_I2_O)        0.124     5.527 r  triggerTime[3]_i_7/O
                         net (fo=1, routed)           0.000     5.527    triggerTime[3]_i_7_n_0
    SLICE_X35Y10         CARRY4 (Prop_carry4_S[1]_CO[3])
                                                      0.550     6.077 r  triggerTime_reg[3]_i_1/CO[3]
                         net (fo=1, routed)           0.000     6.077    triggerTime_reg[3]_i_1_n_0
    SLICE_X35Y11         CARRY4 (Prop_carry4_CI_O[1])
                                                      0.334     6.411 r  triggerTime_reg[7]_i_1/O[1]
                         net (fo=2, routed)           1.438     7.848    triggerTime_reg[7]_i_1_n_6
    SLICE_X35Y8          FDRE                                         r  triggerTime_reg[5]/D
  -------------------------------------------------------------------    -------------------

                         (clock sysClk rise edge)     0.000     0.000 r  
    U18                                               0.000     0.000 r  sysClk (IN)
                         net (fo=0)                   0.000     0.000    sysClk
    U18                  IBUF (Prop_ibuf_I_O)         1.459     1.459 r  sysClk_IBUF_inst/O
                         net (fo=1, routed)           1.880     3.339    sysClk_IBUF
    BUFGCTRL_X0Y2        BUFG (Prop_bufg_I_O)         0.091     3.430 r  sysClk_IBUF_BUFG_inst/O
                         net (fo=62, routed)          1.499     4.929    sysClk_IBUF_BUFG
    SLICE_X35Y8          FDRE                                         r  triggerTime_reg[5]/C

Slack:                    inf
  Source:                 resetn
                            (input port)
  Destination:            triggerTime_reg[3]_replica_3/D
                            (rising edge-triggered cell FDRE clocked by sysClk  {rise@0.000ns fall@10.000ns period=20.000ns})
  Path Group:             (none)
  Path Type:              Setup (Max at Slow Process Corner)
  Data Path Delay:        7.754ns  (logic 2.241ns (28.898%)  route 5.513ns (71.102%))
  Logic Levels:           3  (CARRY4=1 IBUF=1 LUT3=1)
  Clock Path Skew:        5.003ns (DCD - SCD + CPR)
    Destination Clock Delay (DCD):    5.003ns
    Source Clock Delay      (SCD):    0.000ns
    Clock Pessimism Removal (CPR):    0.000ns
  Clock Uncertainty:      0.025ns  ((TSJ^2 + TIJ^2)^1/2 + DJ) / 2 + PE
    Total System Jitter     (TSJ):    0.050ns
    Total Input Jitter      (TIJ):    0.000ns
    Discrete Jitter          (DJ):    0.000ns
    Phase Error              (PE):    0.000ns

    Location             Delay type                Incr(ns)  Path(ns)    Netlist Resource(s)
  -------------------------------------------------------------------    -------------------
    N15                                               0.000     0.000 r  resetn (IN)
                         net (fo=0)                   0.000     0.000    resetn
    N15                  IBUF (Prop_ibuf_I_O)         1.477     1.477 r  resetn_IBUF_inst/O
                         net (fo=86, routed)          3.926     5.403    resetn_IBUF
    SLICE_X35Y10         LUT3 (Prop_lut3_I2_O)        0.124     5.527 r  triggerTime[3]_i_7/O
                         net (fo=1, routed)           0.000     5.527    triggerTime[3]_i_7_n_0
    SLICE_X35Y10         CARRY4 (Prop_carry4_S[1]_O[3])
                                                      0.640     6.167 r  triggerTime_reg[3]_i_1/O[3]
                         net (fo=5, routed)           1.587     7.754    triggerTime_reg[3]_i_1_n_4
    SLICE_X37Y9          FDRE                                         r  triggerTime_reg[3]_replica_3/D
  -------------------------------------------------------------------    -------------------

                         (clock sysClk rise edge)     0.000     0.000 r  
    U18                                               0.000     0.000 r  sysClk (IN)
                         net (fo=0)                   0.000     0.000    sysClk
    U18                  IBUF (Prop_ibuf_I_O)         1.459     1.459 r  sysClk_IBUF_inst/O
                         net (fo=1, routed)           1.880     3.339    sysClk_IBUF
    BUFGCTRL_X0Y2        BUFG (Prop_bufg_I_O)         0.091     3.430 r  sysClk_IBUF_BUFG_inst/O
                         net (fo=62, routed)          1.573     5.003    sysClk_IBUF_BUFG
    SLICE_X37Y9          FDRE                                         r  triggerTime_reg[3]_replica_3/C

Slack:                    inf
  Source:                 btn[0]
                            (input port)
  Destination:            triggerVolt_reg[2]/D
                            (rising edge-triggered cell FDRE clocked by sysClk  {rise@0.000ns fall@10.000ns period=20.000ns})
  Path Group:             (none)
  Path Type:              Setup (Max at Slow Process Corner)
  Data Path Delay:        7.735ns  (logic 2.302ns (29.762%)  route 5.433ns (70.238%))
  Logic Levels:           4  (CARRY4=1 IBUF=1 LUT3=1 LUT6=1)
  Clock Path Skew:        5.006ns (DCD - SCD + CPR)
    Destination Clock Delay (DCD):    5.006ns
    Source Clock Delay      (SCD):    0.000ns
    Clock Pessimism Removal (CPR):    0.000ns
  Clock Uncertainty:      0.025ns  ((TSJ^2 + TIJ^2)^1/2 + DJ) / 2 + PE
    Total System Jitter     (TSJ):    0.050ns
    Total Input Jitter      (TIJ):    0.000ns
    Discrete Jitter          (DJ):    0.000ns
    Phase Error              (PE):    0.000ns

    Location             Delay type                Incr(ns)  Path(ns)    Netlist Resource(s)
  -------------------------------------------------------------------    -------------------
    N16                                               0.000     0.000 r  btn[0] (IN)
                         net (fo=0)                   0.000     0.000    btn[0]
    N16                  IBUF (Prop_ibuf_I_O)         1.474     1.474 r  btn_IBUF[0]_inst/O
                         net (fo=72, routed)          3.022     4.496    btn_IBUF[0]
    SLICE_X33Y11         LUT6 (Prop_lut6_I3_O)        0.124     4.620 r  triggerVolt[10]_i_7/O
                         net (fo=38, routed)          1.368     5.988    triggerVolt[10]_i_7_n_0
    SLICE_X40Y8          LUT3 (Prop_lut3_I0_O)        0.124     6.112 r  triggerVolt[3]_i_7/O
                         net (fo=1, routed)           0.000     6.112    triggerVolt[3]_i_7_n_0
    SLICE_X40Y8          CARRY4 (Prop_carry4_S[1]_O[2])
                                                      0.580     6.692 r  triggerVolt_reg[3]_i_1/O[2]
                         net (fo=1, routed)           1.043     7.735    triggerVolt_reg[3]_i_1_n_5
    SLICE_X40Y6          FDRE                                         r  triggerVolt_reg[2]/D
  -------------------------------------------------------------------    -------------------

                         (clock sysClk rise edge)     0.000     0.000 r  
    U18                                               0.000     0.000 r  sysClk (IN)
                         net (fo=0)                   0.000     0.000    sysClk
    U18                  IBUF (Prop_ibuf_I_O)         1.459     1.459 r  sysClk_IBUF_inst/O
                         net (fo=1, routed)           1.880     3.339    sysClk_IBUF
    BUFGCTRL_X0Y2        BUFG (Prop_bufg_I_O)         0.091     3.430 r  sysClk_IBUF_BUFG_inst/O
                         net (fo=62, routed)          1.576     5.006    sysClk_IBUF_BUFG
    SLICE_X40Y6          FDRE                                         r  triggerVolt_reg[2]/C

Slack:                    inf
  Source:                 btn[0]
                            (input port)
  Destination:            triggerVolt_reg[3]/D
                            (rising edge-triggered cell FDRE clocked by sysClk  {rise@0.000ns fall@10.000ns period=20.000ns})
  Path Group:             (none)
  Path Type:              Setup (Max at Slow Process Corner)
  Data Path Delay:        7.698ns  (logic 2.362ns (30.686%)  route 5.336ns (69.314%))
  Logic Levels:           4  (CARRY4=1 IBUF=1 LUT3=1 LUT6=1)
  Clock Path Skew:        5.005ns (DCD - SCD + CPR)
    Destination Clock Delay (DCD):    5.005ns
    Source Clock Delay      (SCD):    0.000ns
    Clock Pessimism Removal (CPR):    0.000ns
  Clock Uncertainty:      0.025ns  ((TSJ^2 + TIJ^2)^1/2 + DJ) / 2 + PE
    Total System Jitter     (TSJ):    0.050ns
    Total Input Jitter      (TIJ):    0.000ns
    Discrete Jitter          (DJ):    0.000ns
    Phase Error              (PE):    0.000ns

    Location             Delay type                Incr(ns)  Path(ns)    Netlist Resource(s)
  -------------------------------------------------------------------    -------------------
    N16                                               0.000     0.000 r  btn[0] (IN)
                         net (fo=0)                   0.000     0.000    btn[0]
    N16                  IBUF (Prop_ibuf_I_O)         1.474     1.474 r  btn_IBUF[0]_inst/O
                         net (fo=72, routed)          3.022     4.496    btn_IBUF[0]
    SLICE_X33Y11         LUT6 (Prop_lut6_I3_O)        0.124     4.620 r  triggerVolt[10]_i_7/O
                         net (fo=38, routed)          1.368     5.988    triggerVolt[10]_i_7_n_0
    SLICE_X40Y8          LUT3 (Prop_lut3_I0_O)        0.124     6.112 r  triggerVolt[3]_i_7/O
                         net (fo=1, routed)           0.000     6.112    triggerVolt[3]_i_7_n_0
    SLICE_X40Y8          CARRY4 (Prop_carry4_S[1]_O[3])
                                                      0.640     6.752 r  triggerVolt_reg[3]_i_1/O[3]
                         net (fo=2, routed)           0.946     7.698    triggerVolt_reg[3]_i_1_n_4
    SLICE_X41Y7          FDRE                                         r  triggerVolt_reg[3]/D
  -------------------------------------------------------------------    -------------------

                         (clock sysClk rise edge)     0.000     0.000 r  
    U18                                               0.000     0.000 r  sysClk (IN)
                         net (fo=0)                   0.000     0.000    sysClk
    U18                  IBUF (Prop_ibuf_I_O)         1.459     1.459 r  sysClk_IBUF_inst/O
                         net (fo=1, routed)           1.880     3.339    sysClk_IBUF
    BUFGCTRL_X0Y2        BUFG (Prop_bufg_I_O)         0.091     3.430 r  sysClk_IBUF_BUFG_inst/O
                         net (fo=62, routed)          1.575     5.005    sysClk_IBUF_BUFG
    SLICE_X41Y7          FDRE                                         r  triggerVolt_reg[3]/C

Slack:                    inf
  Source:                 resetn
                            (input port)
  Destination:            triggerTime_reg[4]_replica_2/D
                            (rising edge-triggered cell FDRE clocked by sysClk  {rise@0.000ns fall@10.000ns period=20.000ns})
  Path Group:             (none)
  Path Type:              Setup (Max at Slow Process Corner)
  Data Path Delay:        7.663ns  (logic 2.373ns (30.963%)  route 5.290ns (69.037%))
  Logic Levels:           4  (CARRY4=2 IBUF=1 LUT3=1)
  Clock Path Skew:        4.930ns (DCD - SCD + CPR)
    Destination Clock Delay (DCD):    4.930ns
    Source Clock Delay      (SCD):    0.000ns
    Clock Pessimism Removal (CPR):    0.000ns
  Clock Uncertainty:      0.025ns  ((TSJ^2 + TIJ^2)^1/2 + DJ) / 2 + PE
    Total System Jitter     (TSJ):    0.050ns
    Total Input Jitter      (TIJ):    0.000ns
    Discrete Jitter          (DJ):    0.000ns
    Phase Error              (PE):    0.000ns

    Location             Delay type                Incr(ns)  Path(ns)    Netlist Resource(s)
  -------------------------------------------------------------------    -------------------
    N15                                               0.000     0.000 r  resetn (IN)
                         net (fo=0)                   0.000     0.000    resetn
    N15                  IBUF (Prop_ibuf_I_O)         1.477     1.477 r  resetn_IBUF_inst/O
                         net (fo=86, routed)          3.926     5.403    resetn_IBUF
    SLICE_X35Y10         LUT3 (Prop_lut3_I2_O)        0.124     5.527 r  triggerTime[3]_i_7/O
                         net (fo=1, routed)           0.000     5.527    triggerTime[3]_i_7_n_0
    SLICE_X35Y10         CARRY4 (Prop_carry4_S[1]_CO[3])
                                                      0.550     6.077 r  triggerTime_reg[3]_i_1/CO[3]
                         net (fo=1, routed)           0.000     6.077    triggerTime_reg[3]_i_1_n_0
    SLICE_X35Y11         CARRY4 (Prop_carry4_CI_O[0])
                                                      0.222     6.299 r  triggerTime_reg[7]_i_1/O[0]
                         net (fo=4, routed)           1.364     7.663    triggerTime_reg[7]_i_1_n_7
    SLICE_X35Y4          FDRE                                         r  triggerTime_reg[4]_replica_2/D
  -------------------------------------------------------------------    -------------------

                         (clock sysClk rise edge)     0.000     0.000 r  
    U18                                               0.000     0.000 r  sysClk (IN)
                         net (fo=0)                   0.000     0.000    sysClk
    U18                  IBUF (Prop_ibuf_I_O)         1.459     1.459 r  sysClk_IBUF_inst/O
                         net (fo=1, routed)           1.880     3.339    sysClk_IBUF
    BUFGCTRL_X0Y2        BUFG (Prop_bufg_I_O)         0.091     3.430 r  sysClk_IBUF_BUFG_inst/O
                         net (fo=62, routed)          1.500     4.930    sysClk_IBUF_BUFG
    SLICE_X35Y4          FDRE                                         r  triggerTime_reg[4]_replica_2/C

Slack:                    inf
  Source:                 btn[0]
                            (input port)
  Destination:            triggerVolt_reg[5]_replica_1/D
                            (rising edge-triggered cell FDRE clocked by sysClk  {rise@0.000ns fall@10.000ns period=20.000ns})
  Path Group:             (none)
  Path Type:              Setup (Max at Slow Process Corner)
  Data Path Delay:        7.656ns  (logic 2.606ns (34.042%)  route 5.050ns (65.958%))
  Logic Levels:           5  (CARRY4=2 IBUF=1 LUT3=1 LUT6=1)
  Clock Path Skew:        5.005ns (DCD - SCD + CPR)
    Destination Clock Delay (DCD):    5.005ns
    Source Clock Delay      (SCD):    0.000ns
    Clock Pessimism Removal (CPR):    0.000ns
  Clock Uncertainty:      0.025ns  ((TSJ^2 + TIJ^2)^1/2 + DJ) / 2 + PE
    Total System Jitter     (TSJ):    0.050ns
    Total Input Jitter      (TIJ):    0.000ns
    Discrete Jitter          (DJ):    0.000ns
    Phase Error              (PE):    0.000ns

    Location             Delay type                Incr(ns)  Path(ns)    Netlist Resource(s)
  -------------------------------------------------------------------    -------------------
    N16                                               0.000     0.000 r  btn[0] (IN)
                         net (fo=0)                   0.000     0.000    btn[0]
    N16                  IBUF (Prop_ibuf_I_O)         1.474     1.474 r  btn_IBUF[0]_inst/O
                         net (fo=72, routed)          3.022     4.496    btn_IBUF[0]
    SLICE_X33Y11         LUT6 (Prop_lut6_I3_O)        0.124     4.620 r  triggerVolt[10]_i_7/O
                         net (fo=38, routed)          1.368     5.988    triggerVolt[10]_i_7_n_0
    SLICE_X40Y8          LUT3 (Prop_lut3_I0_O)        0.124     6.112 r  triggerVolt[3]_i_7/O
                         net (fo=1, routed)           0.000     6.112    triggerVolt[3]_i_7_n_0
    SLICE_X40Y8          CARRY4 (Prop_carry4_S[1]_CO[3])
                                                      0.550     6.662 r  triggerVolt_reg[3]_i_1/CO[3]
                         net (fo=1, routed)           0.000     6.662    triggerVolt_reg[3]_i_1_n_0
    SLICE_X40Y9          CARRY4 (Prop_carry4_CI_O[1])
                                                      0.334     6.996 r  triggerVolt_reg[7]_i_1/O[1]
                         net (fo=3, routed)           0.660     7.656    triggerVolt_reg[7]_i_1_n_6
    SLICE_X41Y8          FDRE                                         r  triggerVolt_reg[5]_replica_1/D
  -------------------------------------------------------------------    -------------------

                         (clock sysClk rise edge)     0.000     0.000 r  
    U18                                               0.000     0.000 r  sysClk (IN)
                         net (fo=0)                   0.000     0.000    sysClk
    U18                  IBUF (Prop_ibuf_I_O)         1.459     1.459 r  sysClk_IBUF_inst/O
                         net (fo=1, routed)           1.880     3.339    sysClk_IBUF
    BUFGCTRL_X0Y2        BUFG (Prop_bufg_I_O)         0.091     3.430 r  sysClk_IBUF_BUFG_inst/O
                         net (fo=62, routed)          1.575     5.005    sysClk_IBUF_BUFG
    SLICE_X41Y8          FDRE                                         r  triggerVolt_reg[5]_replica_1/C

Slack:                    inf
  Source:                 btn[0]
                            (input port)
  Destination:            triggerVolt_reg[4]/D
                            (rising edge-triggered cell FDRE clocked by sysClk  {rise@0.000ns fall@10.000ns period=20.000ns})
  Path Group:             (none)
  Path Type:              Setup (Max at Slow Process Corner)
  Data Path Delay:        7.592ns  (logic 2.494ns (32.853%)  route 5.098ns (67.147%))
  Logic Levels:           5  (CARRY4=2 IBUF=1 LUT3=1 LUT6=1)
  Clock Path Skew:        5.005ns (DCD - SCD + CPR)
    Destination Clock Delay (DCD):    5.005ns
    Source Clock Delay      (SCD):    0.000ns
    Clock Pessimism Removal (CPR):    0.000ns
  Clock Uncertainty:      0.025ns  ((TSJ^2 + TIJ^2)^1/2 + DJ) / 2 + PE
    Total System Jitter     (TSJ):    0.050ns
    Total Input Jitter      (TIJ):    0.000ns
    Discrete Jitter          (DJ):    0.000ns
    Phase Error              (PE):    0.000ns

    Location             Delay type                Incr(ns)  Path(ns)    Netlist Resource(s)
  -------------------------------------------------------------------    -------------------
    N16                                               0.000     0.000 r  btn[0] (IN)
                         net (fo=0)                   0.000     0.000    btn[0]
    N16                  IBUF (Prop_ibuf_I_O)         1.474     1.474 r  btn_IBUF[0]_inst/O
                         net (fo=72, routed)          3.022     4.496    btn_IBUF[0]
    SLICE_X33Y11         LUT6 (Prop_lut6_I3_O)        0.124     4.620 r  triggerVolt[10]_i_7/O
                         net (fo=38, routed)          1.368     5.988    triggerVolt[10]_i_7_n_0
    SLICE_X40Y8          LUT3 (Prop_lut3_I0_O)        0.124     6.112 r  triggerVolt[3]_i_7/O
                         net (fo=1, routed)           0.000     6.112    triggerVolt[3]_i_7_n_0
    SLICE_X40Y8          CARRY4 (Prop_carry4_S[1]_CO[3])
                                                      0.550     6.662 r  triggerVolt_reg[3]_i_1/CO[3]
                         net (fo=1, routed)           0.000     6.662    triggerVolt_reg[3]_i_1_n_0
    SLICE_X40Y9          CARRY4 (Prop_carry4_CI_O[0])
                                                      0.222     6.884 r  triggerVolt_reg[7]_i_1/O[0]
                         net (fo=1, routed)           0.708     7.592    triggerVolt_reg[7]_i_1_n_7
    SLICE_X40Y7          FDRE                                         r  triggerVolt_reg[4]/D
  -------------------------------------------------------------------    -------------------

                         (clock sysClk rise edge)     0.000     0.000 r  
    U18                                               0.000     0.000 r  sysClk (IN)
                         net (fo=0)                   0.000     0.000    sysClk
    U18                  IBUF (Prop_ibuf_I_O)         1.459     1.459 r  sysClk_IBUF_inst/O
                         net (fo=1, routed)           1.880     3.339    sysClk_IBUF
    BUFGCTRL_X0Y2        BUFG (Prop_bufg_I_O)         0.091     3.430 r  sysClk_IBUF_BUFG_inst/O
                         net (fo=62, routed)          1.575     5.005    sysClk_IBUF_BUFG
    SLICE_X40Y7          FDRE                                         r  triggerVolt_reg[4]/C

Slack:                    inf
  Source:                 resetn
                            (input port)
  Destination:            triggerTime_reg[4]/D
                            (rising edge-triggered cell FDRE clocked by sysClk  {rise@0.000ns fall@10.000ns period=20.000ns})
  Path Group:             (none)
  Path Type:              Setup (Max at Slow Process Corner)
  Data Path Delay:        7.578ns  (logic 2.373ns (31.311%)  route 5.205ns (68.689%))
  Logic Levels:           4  (CARRY4=2 IBUF=1 LUT3=1)
  Clock Path Skew:        4.929ns (DCD - SCD + CPR)
    Destination Clock Delay (DCD):    4.929ns
    Source Clock Delay      (SCD):    0.000ns
    Clock Pessimism Removal (CPR):    0.000ns
  Clock Uncertainty:      0.025ns  ((TSJ^2 + TIJ^2)^1/2 + DJ) / 2 + PE
    Total System Jitter     (TSJ):    0.050ns
    Total Input Jitter      (TIJ):    0.000ns
    Discrete Jitter          (DJ):    0.000ns
    Phase Error              (PE):    0.000ns

    Location             Delay type                Incr(ns)  Path(ns)    Netlist Resource(s)
  -------------------------------------------------------------------    -------------------
    N15                                               0.000     0.000 r  resetn (IN)
                         net (fo=0)                   0.000     0.000    resetn
    N15                  IBUF (Prop_ibuf_I_O)         1.477     1.477 r  resetn_IBUF_inst/O
                         net (fo=86, routed)          3.926     5.403    resetn_IBUF
    SLICE_X35Y10         LUT3 (Prop_lut3_I2_O)        0.124     5.527 r  triggerTime[3]_i_7/O
                         net (fo=1, routed)           0.000     5.527    triggerTime[3]_i_7_n_0
    SLICE_X35Y10         CARRY4 (Prop_carry4_S[1]_CO[3])
                                                      0.550     6.077 r  triggerTime_reg[3]_i_1/CO[3]
                         net (fo=1, routed)           0.000     6.077    triggerTime_reg[3]_i_1_n_0
    SLICE_X35Y11         CARRY4 (Prop_carry4_CI_O[0])
                                                      0.222     6.299 r  triggerTime_reg[7]_i_1/O[0]
                         net (fo=4, routed)           1.279     7.578    triggerTime_reg[7]_i_1_n_7
    SLICE_X34Y8          FDRE                                         r  triggerTime_reg[4]/D
  -------------------------------------------------------------------    -------------------

                         (clock sysClk rise edge)     0.000     0.000 r  
    U18                                               0.000     0.000 r  sysClk (IN)
                         net (fo=0)                   0.000     0.000    sysClk
    U18                  IBUF (Prop_ibuf_I_O)         1.459     1.459 r  sysClk_IBUF_inst/O
                         net (fo=1, routed)           1.880     3.339    sysClk_IBUF
    BUFGCTRL_X0Y2        BUFG (Prop_bufg_I_O)         0.091     3.430 r  sysClk_IBUF_BUFG_inst/O
                         net (fo=62, routed)          1.499     4.929    sysClk_IBUF_BUFG
    SLICE_X34Y8          FDRE                                         r  triggerTime_reg[4]/C

Slack:                    inf
  Source:                 resetn
                            (input port)
  Destination:            triggerTime_reg[3]_replica_1/D
                            (rising edge-triggered cell FDRE clocked by sysClk  {rise@0.000ns fall@10.000ns period=20.000ns})
  Path Group:             (none)
  Path Type:              Setup (Max at Slow Process Corner)
  Data Path Delay:        7.546ns  (logic 2.241ns (29.693%)  route 5.306ns (70.307%))
  Logic Levels:           3  (CARRY4=1 IBUF=1 LUT3=1)
  Clock Path Skew:        4.929ns (DCD - SCD + CPR)
    Destination Clock Delay (DCD):    4.929ns
    Source Clock Delay      (SCD):    0.000ns
    Clock Pessimism Removal (CPR):    0.000ns
  Clock Uncertainty:      0.025ns  ((TSJ^2 + TIJ^2)^1/2 + DJ) / 2 + PE
    Total System Jitter     (TSJ):    0.050ns
    Total Input Jitter      (TIJ):    0.000ns
    Discrete Jitter          (DJ):    0.000ns
    Phase Error              (PE):    0.000ns

    Location             Delay type                Incr(ns)  Path(ns)    Netlist Resource(s)
  -------------------------------------------------------------------    -------------------
    N15                                               0.000     0.000 r  resetn (IN)
                         net (fo=0)                   0.000     0.000    resetn
    N15                  IBUF (Prop_ibuf_I_O)         1.477     1.477 r  resetn_IBUF_inst/O
                         net (fo=86, routed)          3.926     5.403    resetn_IBUF
    SLICE_X35Y10         LUT3 (Prop_lut3_I2_O)        0.124     5.527 r  triggerTime[3]_i_7/O
                         net (fo=1, routed)           0.000     5.527    triggerTime[3]_i_7_n_0
    SLICE_X35Y10         CARRY4 (Prop_carry4_S[1]_O[3])
                                                      0.640     6.167 r  triggerTime_reg[3]_i_1/O[3]
                         net (fo=5, routed)           1.380     7.546    triggerTime_reg[3]_i_1_n_4
    SLICE_X33Y8          FDRE                                         r  triggerTime_reg[3]_replica_1/D
  -------------------------------------------------------------------    -------------------

                         (clock sysClk rise edge)     0.000     0.000 r  
    U18                                               0.000     0.000 r  sysClk (IN)
                         net (fo=0)                   0.000     0.000    sysClk
    U18                  IBUF (Prop_ibuf_I_O)         1.459     1.459 r  sysClk_IBUF_inst/O
                         net (fo=1, routed)           1.880     3.339    sysClk_IBUF
    BUFGCTRL_X0Y2        BUFG (Prop_bufg_I_O)         0.091     3.430 r  sysClk_IBUF_BUFG_inst/O
                         net (fo=62, routed)          1.499     4.929    sysClk_IBUF_BUFG
    SLICE_X33Y8          FDRE                                         r  triggerTime_reg[3]_replica_1/C





Min Delay Paths
--------------------------------------------------------------------------------------
Slack:                    inf
  Source:                 btn[2]
                            (input port)
  Destination:            btnTemp_reg[2]/D
                            (rising edge-triggered cell FDRE clocked by sysClk  {rise@0.000ns fall@10.000ns period=20.000ns})
  Path Group:             (none)
  Path Type:              Hold (Min at Fast Process Corner)
  Data Path Delay:        0.812ns  (logic 0.215ns (26.476%)  route 0.597ns (73.524%))
  Logic Levels:           1  (IBUF=1)
  Clock Path Skew:        2.027ns (DCD - SCD - CPR)
    Destination Clock Delay (DCD):    2.027ns
    Source Clock Delay      (SCD):    0.000ns
    Clock Pessimism Removal (CPR):    -0.000ns

    Location             Delay type                Incr(ns)  Path(ns)    Netlist Resource(s)
  -------------------------------------------------------------------    -------------------
    R17                                               0.000     0.000 r  btn[2] (IN)
                         net (fo=0)                   0.000     0.000    btn[2]
    R17                  IBUF (Prop_ibuf_I_O)         0.215     0.215 r  btn_IBUF[2]_inst/O
                         net (fo=4, routed)           0.597     0.812    btn_IBUF[2]
    SLICE_X33Y11         FDRE                                         r  btnTemp_reg[2]/D
  -------------------------------------------------------------------    -------------------

                         (clock sysClk rise edge)     0.000     0.000 r  
    U18                                               0.000     0.000 r  sysClk (IN)
                         net (fo=0)                   0.000     0.000    sysClk
    U18                  IBUF (Prop_ibuf_I_O)         0.486     0.486 r  sysClk_IBUF_inst/O
                         net (fo=1, routed)           0.683     1.169    sysClk_IBUF
    BUFGCTRL_X0Y2        BUFG (Prop_bufg_I_O)         0.029     1.198 r  sysClk_IBUF_BUFG_inst/O
                         net (fo=62, routed)          0.829     2.027    sysClk_IBUF_BUFG
    SLICE_X33Y11         FDRE                                         r  btnTemp_reg[2]/C

Slack:                    inf
  Source:                 btn[1]
                            (input port)
  Destination:            btnTemp_reg[1]/D
                            (rising edge-triggered cell FDRE clocked by sysClk  {rise@0.000ns fall@10.000ns period=20.000ns})
  Path Group:             (none)
  Path Type:              Hold (Min at Fast Process Corner)
  Data Path Delay:        0.884ns  (logic 0.226ns (25.534%)  route 0.658ns (74.466%))
  Logic Levels:           1  (IBUF=1)
  Clock Path Skew:        2.027ns (DCD - SCD - CPR)
    Destination Clock Delay (DCD):    2.027ns
    Source Clock Delay      (SCD):    0.000ns
    Clock Pessimism Removal (CPR):    -0.000ns

    Location             Delay type                Incr(ns)  Path(ns)    Netlist Resource(s)
  -------------------------------------------------------------------    -------------------
    T17                                               0.000     0.000 r  btn[1] (IN)
                         net (fo=0)                   0.000     0.000    btn[1]
    T17                  IBUF (Prop_ibuf_I_O)         0.226     0.226 r  btn_IBUF[1]_inst/O
                         net (fo=4, routed)           0.658     0.884    btn_IBUF[1]
    SLICE_X33Y11         FDRE                                         r  btnTemp_reg[1]/D
  -------------------------------------------------------------------    -------------------

                         (clock sysClk rise edge)     0.000     0.000 r  
    U18                                               0.000     0.000 r  sysClk (IN)
                         net (fo=0)                   0.000     0.000    sysClk
    U18                  IBUF (Prop_ibuf_I_O)         0.486     0.486 r  sysClk_IBUF_inst/O
                         net (fo=1, routed)           0.683     1.169    sysClk_IBUF
    BUFGCTRL_X0Y2        BUFG (Prop_bufg_I_O)         0.029     1.198 r  sysClk_IBUF_BUFG_inst/O
                         net (fo=62, routed)          0.829     2.027    sysClk_IBUF_BUFG
    SLICE_X33Y11         FDRE                                         r  btnTemp_reg[1]/C

Slack:                    inf
  Source:                 btn[1]
                            (input port)
  Destination:            triggerTimeTemp_reg[1]/D
                            (rising edge-triggered cell FDRE clocked by sysClk  {rise@0.000ns fall@10.000ns period=20.000ns})
  Path Group:             (none)
  Path Type:              Hold (Min at Fast Process Corner)
  Data Path Delay:        1.215ns  (logic 0.382ns (31.416%)  route 0.833ns (68.584%))
  Logic Levels:           4  (CARRY4=1 IBUF=1 LUT3=1 LUT6=1)
  Clock Path Skew:        2.028ns (DCD - SCD - CPR)
    Destination Clock Delay (DCD):    2.028ns
    Source Clock Delay      (SCD):    0.000ns
    Clock Pessimism Removal (CPR):    -0.000ns

    Location             Delay type                Incr(ns)  Path(ns)    Netlist Resource(s)
  -------------------------------------------------------------------    -------------------
    T17                                               0.000     0.000 f  btn[1] (IN)
                         net (fo=0)                   0.000     0.000    btn[1]
    T17                  IBUF (Prop_ibuf_I_O)         0.226     0.226 f  btn_IBUF[1]_inst/O
                         net (fo=4, routed)           0.592     0.818    btn_IBUF[1]
    SLICE_X33Y11         LUT6 (Prop_lut6_I4_O)        0.045     0.863 r  triggerTime[10]_i_7/O
                         net (fo=38, routed)          0.241     1.104    triggerTime[10]_i_7_n_0
    SLICE_X34Y10         LUT3 (Prop_lut3_I0_O)        0.045     1.149 r  triggerTimeTemp[3]_i_7/O
                         net (fo=1, routed)           0.000     1.149    triggerTimeTemp[3]_i_7_n_0
    SLICE_X34Y10         CARRY4 (Prop_carry4_S[1]_O[1])
                                                      0.066     1.215 r  triggerTimeTemp_reg[3]_i_1/O[1]
                         net (fo=1, routed)           0.000     1.215    triggerTimeTemp_reg[3]_i_1_n_6
    SLICE_X34Y10         FDRE                                         r  triggerTimeTemp_reg[1]/D
  -------------------------------------------------------------------    -------------------

                         (clock sysClk rise edge)     0.000     0.000 r  
    U18                                               0.000     0.000 r  sysClk (IN)
                         net (fo=0)                   0.000     0.000    sysClk
    U18                  IBUF (Prop_ibuf_I_O)         0.486     0.486 r  sysClk_IBUF_inst/O
                         net (fo=1, routed)           0.683     1.169    sysClk_IBUF
    BUFGCTRL_X0Y2        BUFG (Prop_bufg_I_O)         0.029     1.198 r  sysClk_IBUF_BUFG_inst/O
                         net (fo=62, routed)          0.830     2.028    sysClk_IBUF_BUFG
    SLICE_X34Y10         FDRE                                         r  triggerTimeTemp_reg[1]/C

Slack:                    inf
  Source:                 btn[1]
                            (input port)
  Destination:            triggerTimeTemp_reg[7]/D
                            (rising edge-triggered cell FDRE clocked by sysClk  {rise@0.000ns fall@10.000ns period=20.000ns})
  Path Group:             (none)
  Path Type:              Hold (Min at Fast Process Corner)
  Data Path Delay:        1.229ns  (logic 0.380ns (30.888%)  route 0.850ns (69.112%))
  Logic Levels:           4  (CARRY4=1 IBUF=1 LUT4=1 LUT6=1)
  Clock Path Skew:        2.028ns (DCD - SCD - CPR)
    Destination Clock Delay (DCD):    2.028ns
    Source Clock Delay      (SCD):    0.000ns
    Clock Pessimism Removal (CPR):    -0.000ns

    Location             Delay type                Incr(ns)  Path(ns)    Netlist Resource(s)
  -------------------------------------------------------------------    -------------------
    T17                                               0.000     0.000 f  btn[1] (IN)
                         net (fo=0)                   0.000     0.000    btn[1]
    T17                  IBUF (Prop_ibuf_I_O)         0.226     0.226 f  btn_IBUF[1]_inst/O
                         net (fo=4, routed)           0.592     0.818    btn_IBUF[1]
    SLICE_X33Y11         LUT6 (Prop_lut6_I4_O)        0.045     0.863 r  triggerTime[10]_i_7/O
                         net (fo=38, routed)          0.258     1.120    triggerTime[10]_i_7_n_0
    SLICE_X34Y11         LUT4 (Prop_lut4_I1_O)        0.045     1.165 r  triggerTimeTemp[7]_i_6/O
                         net (fo=1, routed)           0.000     1.165    triggerTimeTemp[7]_i_6_n_0
    SLICE_X34Y11         CARRY4 (Prop_carry4_S[3]_O[3])
                                                      0.064     1.229 r  triggerTimeTemp_reg[7]_i_1/O[3]
                         net (fo=1, routed)           0.000     1.229    triggerTimeTemp_reg[7]_i_1_n_4
    SLICE_X34Y11         FDRE                                         r  triggerTimeTemp_reg[7]/D
  -------------------------------------------------------------------    -------------------

                         (clock sysClk rise edge)     0.000     0.000 r  
    U18                                               0.000     0.000 r  sysClk (IN)
                         net (fo=0)                   0.000     0.000    sysClk
    U18                  IBUF (Prop_ibuf_I_O)         0.486     0.486 r  sysClk_IBUF_inst/O
                         net (fo=1, routed)           0.683     1.169    sysClk_IBUF
    BUFGCTRL_X0Y2        BUFG (Prop_bufg_I_O)         0.029     1.198 r  sysClk_IBUF_BUFG_inst/O
                         net (fo=62, routed)          0.830     2.028    sysClk_IBUF_BUFG
    SLICE_X34Y11         FDRE                                         r  triggerTimeTemp_reg[7]/C

Slack:                    inf
  Source:                 btn[1]
                            (input port)
  Destination:            btnTemp_reg[0]/CE
                            (rising edge-triggered cell FDRE clocked by sysClk  {rise@0.000ns fall@10.000ns period=20.000ns})
  Path Group:             (none)
  Path Type:              Hold (Min at Fast Process Corner)
  Data Path Delay:        1.247ns  (logic 0.316ns (25.317%)  route 0.931ns (74.683%))
  Logic Levels:           3  (IBUF=1 LUT2=1 LUT6=1)
  Clock Path Skew:        2.027ns (DCD - SCD - CPR)
    Destination Clock Delay (DCD):    2.027ns
    Source Clock Delay      (SCD):    0.000ns
    Clock Pessimism Removal (CPR):    -0.000ns

    Location             Delay type                Incr(ns)  Path(ns)    Netlist Resource(s)
  -------------------------------------------------------------------    -------------------
    T17                                               0.000     0.000 r  btn[1] (IN)
                         net (fo=0)                   0.000     0.000    btn[1]
    T17                  IBUF (Prop_ibuf_I_O)         0.226     0.226 r  btn_IBUF[1]_inst/O
                         net (fo=4, routed)           0.593     0.819    btn_IBUF[1]
    SLICE_X33Y11         LUT6 (Prop_lut6_I0_O)        0.045     0.864 f  btnTemp[2]_i_2/O
                         net (fo=1, routed)           0.222     1.086    btnTemp[2]_i_2_n_0
    SLICE_X33Y11         LUT2 (Prop_lut2_I1_O)        0.045     1.131 r  btnTemp[2]_i_1/O
                         net (fo=3, routed)           0.116     1.247    btnTemp
    SLICE_X33Y11         FDRE                                         r  btnTemp_reg[0]/CE
  -------------------------------------------------------------------    -------------------

                         (clock sysClk rise edge)     0.000     0.000 r  
    U18                                               0.000     0.000 r  sysClk (IN)
                         net (fo=0)                   0.000     0.000    sysClk
    U18                  IBUF (Prop_ibuf_I_O)         0.486     0.486 r  sysClk_IBUF_inst/O
                         net (fo=1, routed)           0.683     1.169    sysClk_IBUF
    BUFGCTRL_X0Y2        BUFG (Prop_bufg_I_O)         0.029     1.198 r  sysClk_IBUF_BUFG_inst/O
                         net (fo=62, routed)          0.829     2.027    sysClk_IBUF_BUFG
    SLICE_X33Y11         FDRE                                         r  btnTemp_reg[0]/C

Slack:                    inf
  Source:                 btn[1]
                            (input port)
  Destination:            btnTemp_reg[1]/CE
                            (rising edge-triggered cell FDRE clocked by sysClk  {rise@0.000ns fall@10.000ns period=20.000ns})
  Path Group:             (none)
  Path Type:              Hold (Min at Fast Process Corner)
  Data Path Delay:        1.247ns  (logic 0.316ns (25.317%)  route 0.931ns (74.683%))
  Logic Levels:           3  (IBUF=1 LUT2=1 LUT6=1)
  Clock Path Skew:        2.027ns (DCD - SCD - CPR)
    Destination Clock Delay (DCD):    2.027ns
    Source Clock Delay      (SCD):    0.000ns
    Clock Pessimism Removal (CPR):    -0.000ns

    Location             Delay type                Incr(ns)  Path(ns)    Netlist Resource(s)
  -------------------------------------------------------------------    -------------------
    T17                                               0.000     0.000 r  btn[1] (IN)
                         net (fo=0)                   0.000     0.000    btn[1]
    T17                  IBUF (Prop_ibuf_I_O)         0.226     0.226 r  btn_IBUF[1]_inst/O
                         net (fo=4, routed)           0.593     0.819    btn_IBUF[1]
    SLICE_X33Y11         LUT6 (Prop_lut6_I0_O)        0.045     0.864 f  btnTemp[2]_i_2/O
                         net (fo=1, routed)           0.222     1.086    btnTemp[2]_i_2_n_0
    SLICE_X33Y11         LUT2 (Prop_lut2_I1_O)        0.045     1.131 r  btnTemp[2]_i_1/O
                         net (fo=3, routed)           0.116     1.247    btnTemp
    SLICE_X33Y11         FDRE                                         r  btnTemp_reg[1]/CE
  -------------------------------------------------------------------    -------------------

                         (clock sysClk rise edge)     0.000     0.000 r  
    U18                                               0.000     0.000 r  sysClk (IN)
                         net (fo=0)                   0.000     0.000    sysClk
    U18                  IBUF (Prop_ibuf_I_O)         0.486     0.486 r  sysClk_IBUF_inst/O
                         net (fo=1, routed)           0.683     1.169    sysClk_IBUF
    BUFGCTRL_X0Y2        BUFG (Prop_bufg_I_O)         0.029     1.198 r  sysClk_IBUF_BUFG_inst/O
                         net (fo=62, routed)          0.829     2.027    sysClk_IBUF_BUFG
    SLICE_X33Y11         FDRE                                         r  btnTemp_reg[1]/C

Slack:                    inf
  Source:                 btn[1]
                            (input port)
  Destination:            btnTemp_reg[2]/CE
                            (rising edge-triggered cell FDRE clocked by sysClk  {rise@0.000ns fall@10.000ns period=20.000ns})
  Path Group:             (none)
  Path Type:              Hold (Min at Fast Process Corner)
  Data Path Delay:        1.247ns  (logic 0.316ns (25.317%)  route 0.931ns (74.683%))
  Logic Levels:           3  (IBUF=1 LUT2=1 LUT6=1)
  Clock Path Skew:        2.027ns (DCD - SCD - CPR)
    Destination Clock Delay (DCD):    2.027ns
    Source Clock Delay      (SCD):    0.000ns
    Clock Pessimism Removal (CPR):    -0.000ns

    Location             Delay type                Incr(ns)  Path(ns)    Netlist Resource(s)
  -------------------------------------------------------------------    -------------------
    T17                                               0.000     0.000 r  btn[1] (IN)
                         net (fo=0)                   0.000     0.000    btn[1]
    T17                  IBUF (Prop_ibuf_I_O)         0.226     0.226 r  btn_IBUF[1]_inst/O
                         net (fo=4, routed)           0.593     0.819    btn_IBUF[1]
    SLICE_X33Y11         LUT6 (Prop_lut6_I0_O)        0.045     0.864 f  btnTemp[2]_i_2/O
                         net (fo=1, routed)           0.222     1.086    btnTemp[2]_i_2_n_0
    SLICE_X33Y11         LUT2 (Prop_lut2_I1_O)        0.045     1.131 r  btnTemp[2]_i_1/O
                         net (fo=3, routed)           0.116     1.247    btnTemp
    SLICE_X33Y11         FDRE                                         r  btnTemp_reg[2]/CE
  -------------------------------------------------------------------    -------------------

                         (clock sysClk rise edge)     0.000     0.000 r  
    U18                                               0.000     0.000 r  sysClk (IN)
                         net (fo=0)                   0.000     0.000    sysClk
    U18                  IBUF (Prop_ibuf_I_O)         0.486     0.486 r  sysClk_IBUF_inst/O
                         net (fo=1, routed)           0.683     1.169    sysClk_IBUF
    BUFGCTRL_X0Y2        BUFG (Prop_bufg_I_O)         0.029     1.198 r  sysClk_IBUF_BUFG_inst/O
                         net (fo=62, routed)          0.829     2.027    sysClk_IBUF_BUFG
    SLICE_X33Y11         FDRE                                         r  btnTemp_reg[2]/C

Slack:                    inf
  Source:                 btn[0]
                            (input port)
  Destination:            triggerVoltTemp_reg[5]/D
                            (rising edge-triggered cell FDRE clocked by sysClk  {rise@0.000ns fall@10.000ns period=20.000ns})
  Path Group:             (none)
  Path Type:              Hold (Min at Fast Process Corner)
  Data Path Delay:        1.252ns  (logic 0.353ns (28.196%)  route 0.899ns (71.804%))
  Logic Levels:           3  (CARRY4=1 IBUF=1 LUT4=1)
  Clock Path Skew:        2.055ns (DCD - SCD - CPR)
    Destination Clock Delay (DCD):    2.055ns
    Source Clock Delay      (SCD):    0.000ns
    Clock Pessimism Removal (CPR):    -0.000ns

    Location             Delay type                Incr(ns)  Path(ns)    Netlist Resource(s)
  -------------------------------------------------------------------    -------------------
    N16                                               0.000     0.000 r  btn[0] (IN)
                         net (fo=0)                   0.000     0.000    btn[0]
    N16                  IBUF (Prop_ibuf_I_O)         0.242     0.242 r  btn_IBUF[0]_inst/O
                         net (fo=72, routed)          0.899     1.141    btn_IBUF[0]
    SLICE_X38Y11         LUT4 (Prop_lut4_I2_O)        0.045     1.186 r  triggerVoltTemp[7]_i_8/O
                         net (fo=1, routed)           0.000     1.186    triggerVoltTemp[7]_i_8_n_0
    SLICE_X38Y11         CARRY4 (Prop_carry4_S[1]_O[1])
                                                      0.066     1.252 r  triggerVoltTemp_reg[7]_i_1/O[1]
                         net (fo=1, routed)           0.000     1.252    triggerVoltTemp_reg[7]_i_1_n_6
    SLICE_X38Y11         FDRE                                         r  triggerVoltTemp_reg[5]/D
  -------------------------------------------------------------------    -------------------

                         (clock sysClk rise edge)     0.000     0.000 r  
    U18                                               0.000     0.000 r  sysClk (IN)
                         net (fo=0)                   0.000     0.000    sysClk
    U18                  IBUF (Prop_ibuf_I_O)         0.486     0.486 r  sysClk_IBUF_inst/O
                         net (fo=1, routed)           0.683     1.169    sysClk_IBUF
    BUFGCTRL_X0Y2        BUFG (Prop_bufg_I_O)         0.029     1.198 r  sysClk_IBUF_BUFG_inst/O
                         net (fo=62, routed)          0.857     2.055    sysClk_IBUF_BUFG
    SLICE_X38Y11         FDRE                                         r  triggerVoltTemp_reg[5]/C

Slack:                    inf
  Source:                 btn[1]
                            (input port)
  Destination:            triggerTimeTemp_reg[2]/D
                            (rising edge-triggered cell FDRE clocked by sysClk  {rise@0.000ns fall@10.000ns period=20.000ns})
  Path Group:             (none)
  Path Type:              Hold (Min at Fast Process Corner)
  Data Path Delay:        1.262ns  (logic 0.429ns (33.970%)  route 0.833ns (66.030%))
  Logic Levels:           4  (CARRY4=1 IBUF=1 LUT2=1 LUT6=1)
  Clock Path Skew:        2.028ns (DCD - SCD - CPR)
    Destination Clock Delay (DCD):    2.028ns
    Source Clock Delay      (SCD):    0.000ns
    Clock Pessimism Removal (CPR):    -0.000ns

    Location             Delay type                Incr(ns)  Path(ns)    Netlist Resource(s)
  -------------------------------------------------------------------    -------------------
    T17                                               0.000     0.000 r  btn[1] (IN)
                         net (fo=0)                   0.000     0.000    btn[1]
    T17                  IBUF (Prop_ibuf_I_O)         0.226     0.226 r  btn_IBUF[1]_inst/O
                         net (fo=4, routed)           0.592     0.818    btn_IBUF[1]
    SLICE_X33Y11         LUT6 (Prop_lut6_I4_O)        0.045     0.863 f  triggerTime[10]_i_7/O
                         net (fo=38, routed)          0.241     1.104    triggerTime[10]_i_7_n_0
    SLICE_X34Y10         LUT2 (Prop_lut2_I1_O)        0.047     1.151 r  triggerTimeTemp[3]_i_4/O
                         net (fo=1, routed)           0.000     1.151    triggerTimeTemp[3]_i_4_n_0
    SLICE_X34Y10         CARRY4 (Prop_carry4_DI[1]_O[2])
                                                      0.111     1.262 r  triggerTimeTemp_reg[3]_i_1/O[2]
                         net (fo=1, routed)           0.000     1.262    triggerTimeTemp_reg[3]_i_1_n_5
    SLICE_X34Y10         FDRE                                         r  triggerTimeTemp_reg[2]/D
  -------------------------------------------------------------------    -------------------

                         (clock sysClk rise edge)     0.000     0.000 r  
    U18                                               0.000     0.000 r  sysClk (IN)
                         net (fo=0)                   0.000     0.000    sysClk
    U18                  IBUF (Prop_ibuf_I_O)         0.486     0.486 r  sysClk_IBUF_inst/O
                         net (fo=1, routed)           0.683     1.169    sysClk_IBUF
    BUFGCTRL_X0Y2        BUFG (Prop_bufg_I_O)         0.029     1.198 r  sysClk_IBUF_BUFG_inst/O
                         net (fo=62, routed)          0.830     2.028    sysClk_IBUF_BUFG
    SLICE_X34Y10         FDRE                                         r  triggerTimeTemp_reg[2]/C

Slack:                    inf
  Source:                 btn[1]
                            (input port)
  Destination:            triggerTimeTemp_reg[6]/D
                            (rising edge-triggered cell FDRE clocked by sysClk  {rise@0.000ns fall@10.000ns period=20.000ns})
  Path Group:             (none)
  Path Type:              Hold (Min at Fast Process Corner)
  Data Path Delay:        1.270ns  (logic 0.381ns (29.970%)  route 0.890ns (70.030%))
  Logic Levels:           4  (CARRY4=1 IBUF=1 LUT4=1 LUT6=1)
  Clock Path Skew:        2.028ns (DCD - SCD - CPR)
    Destination Clock Delay (DCD):    2.028ns
    Source Clock Delay      (SCD):    0.000ns
    Clock Pessimism Removal (CPR):    -0.000ns

    Location             Delay type                Incr(ns)  Path(ns)    Netlist Resource(s)
  -------------------------------------------------------------------    -------------------
    T17                                               0.000     0.000 f  btn[1] (IN)
                         net (fo=0)                   0.000     0.000    btn[1]
    T17                  IBUF (Prop_ibuf_I_O)         0.226     0.226 f  btn_IBUF[1]_inst/O
                         net (fo=4, routed)           0.592     0.818    btn_IBUF[1]
    SLICE_X33Y11         LUT6 (Prop_lut6_I4_O)        0.045     0.863 r  triggerTime[10]_i_7/O
                         net (fo=38, routed)          0.298     1.160    triggerTime[10]_i_7_n_0
    SLICE_X34Y11         LUT4 (Prop_lut4_I1_O)        0.045     1.205 r  triggerTimeTemp[7]_i_7/O
                         net (fo=1, routed)           0.000     1.205    triggerTimeTemp[7]_i_7_n_0
    SLICE_X34Y11         CARRY4 (Prop_carry4_S[2]_O[2])
                                                      0.065     1.270 r  triggerTimeTemp_reg[7]_i_1/O[2]
                         net (fo=1, routed)           0.000     1.270    triggerTimeTemp_reg[7]_i_1_n_5
    SLICE_X34Y11         FDRE                                         r  triggerTimeTemp_reg[6]/D
  -------------------------------------------------------------------    -------------------

                         (clock sysClk rise edge)     0.000     0.000 r  
    U18                                               0.000     0.000 r  sysClk (IN)
                         net (fo=0)                   0.000     0.000    sysClk
    U18                  IBUF (Prop_ibuf_I_O)         0.486     0.486 r  sysClk_IBUF_inst/O
                         net (fo=1, routed)           0.683     1.169    sysClk_IBUF
    BUFGCTRL_X0Y2        BUFG (Prop_bufg_I_O)         0.029     1.198 r  sysClk_IBUF_BUFG_inst/O
                         net (fo=62, routed)          0.830     2.028    sysClk_IBUF_BUFG
    SLICE_X34Y11         FDRE                                         r  triggerTimeTemp_reg[6]/C





