Copyright 1986-2022 Xilinx, Inc. All Rights Reserved. Copyright 2022-2023 Advanced Micro Devices, Inc. All Rights Reserved.
------------------------------------------------------------------------------------------------------------------------------------------------------------------------------------------------------------------------------
| Tool Version : Vivado v.2023.1 (win64) Build 3865809 Sun May  7 15:05:29 MDT 2023
| Date         : Mon Nov  3 12:57:41 2025
| Host         : DESKTOP-BLLF4DN running 64-bit major release  (build 9200)
| Command      : report_timing_summary -max_paths 10 -report_unconstrained -file scopeToHdmi_timing_summary_routed.rpt -pb scopeToHdmi_timing_summary_routed.pb -rpx scopeToHdmi_timing_summary_routed.rpx -warn_on_violation
| Design       : scopeToHdmi
| Device       : 7z010-clg400
| Speed File   : -1  PRODUCTION 1.12 2019-11-22
| Design State : Routed
------------------------------------------------------------------------------------------------------------------------------------------------------------------------------------------------------------------------------

Timing Summary Report

------------------------------------------------------------------------------------------------
| Timer Settings
| --------------
------------------------------------------------------------------------------------------------

  Enable Multi Corner Analysis               :  Yes
  Enable Pessimism Removal                   :  Yes
  Pessimism Removal Resolution               :  Nearest Common Node
  Enable Input Delay Default Clock           :  No
  Enable Preset / Clear Arcs                 :  No
  Disable Flight Delays                      :  No
  Ignore I/O Paths                           :  No
  Timing Early Launch at Borrowing Latches   :  No
  Borrow Time for Max Delay Exceptions       :  Yes
  Merge Timing Exceptions                    :  Yes

  Corner  Analyze    Analyze    
  Name    Max Paths  Min Paths  
  ------  ---------  ---------  
  Slow    Yes        Yes        
  Fast    Yes        Yes        


------------------------------------------------------------------------------------------------
| Report Methodology
| ------------------
------------------------------------------------------------------------------------------------

Rule       Severity          Description                                                Violations  
---------  ----------------  ---------------------------------------------------------  ----------  
TIMING-4   Critical Warning  Invalid primary clock redefinition on a clock tree         1           
TIMING-6   Critical Warning  No common primary clock between related clocks             1           
TIMING-7   Critical Warning  No common node between related clocks                      1           
TIMING-27  Critical Warning  Invalid primary clock on hierarchical pin                  1           
TIMING-51  Critical Warning  No common phase between related clocks from parallel CMBs  1           
LUTAR-1    Warning           LUT drives async reset alert                               1           
TIMING-16  Warning           Large setup violation                                      6           
TIMING-18  Warning           Missing input or output delay                              4           

Note: This report is based on the most recent report_methodology run and may not be up-to-date. Run report_methodology on the current design for the latest report.



check_timing report

Table of Contents
-----------------
1. checking no_clock (0)
2. checking constant_clock (0)
3. checking pulse_width_clock (0)
4. checking unconstrained_internal_endpoints (0)
5. checking no_input_delay (4)
6. checking no_output_delay (4)
7. checking multiple_clock (0)
8. checking generated_clocks (0)
9. checking loops (0)
10. checking partial_input_delay (0)
11. checking partial_output_delay (0)
12. checking latch_loops (0)

1. checking no_clock (0)
------------------------
 There are 0 register/latch pins with no clock.


2. checking constant_clock (0)
------------------------------
 There are 0 register/latch pins with constant_clock.


3. checking pulse_width_clock (0)
---------------------------------
 There are 0 register/latch pins which need pulse_width check


4. checking unconstrained_internal_endpoints (0)
------------------------------------------------
 There are 0 pins that are not constrained for maximum delay.

 There are 0 pins that are not constrained for maximum delay due to constant clock.


5. checking no_input_delay (4)
------------------------------
 There are 4 input ports with no input delay specified. (HIGH)

 There are 0 input ports with no input delay but user has a false path constraint.


6. checking no_output_delay (4)
-------------------------------
 There are 4 ports with no output delay specified. (HIGH)

 There are 0 ports with no output delay but user has a false path constraint

 There are 0 ports with no output delay but with a timing clock defined on it or propagating through it


7. checking multiple_clock (0)
------------------------------
 There are 0 register/latch pins with multiple clocks.


8. checking generated_clocks (0)
--------------------------------
 There are 0 generated clocks that are not connected to a clock source.


9. checking loops (0)
---------------------
 There are 0 combinational loops in the design.


10. checking partial_input_delay (0)
------------------------------------
 There are 0 input ports with partial input delay specified.


11. checking partial_output_delay (0)
-------------------------------------
 There are 0 ports with partial output delay specified.


12. checking latch_loops (0)
----------------------------
 There are 0 combinational latch loops in the design through latch input



------------------------------------------------------------------------------------------------
| Design Timing Summary
| ---------------------
------------------------------------------------------------------------------------------------

    WNS(ns)      TNS(ns)  TNS Failing Endpoints  TNS Total Endpoints      WHS(ns)      THS(ns)  THS Failing Endpoints  THS Total Endpoints     WPWS(ns)     TPWS(ns)  TPWS Failing Endpoints  TPWS Total Endpoints  
    -------      -------  ---------------------  -------------------      -------      -------  ---------------------  -------------------     --------     --------  ----------------------  --------------------  
    -10.004      -58.111                      6                  373        0.143        0.000                      0                  373        0.540        0.000                       0                   313  


Timing constraints are not met.


------------------------------------------------------------------------------------------------
| Clock Summary
| -------------
------------------------------------------------------------------------------------------------

Clock                 Waveform(ns)         Period(ns)      Frequency(MHz)
-----                 ------------         ----------      --------------
sysClk                {0.000 10.000}       20.000          50.000          
vc/inst/clk_in1       {0.000 10.000}       20.000          50.000          
  clk_out1_clk_wiz_0  {0.000 6.737}        13.474          74.219          
  clk_out2_clk_wiz_0  {0.000 1.347}        2.695           371.094         
  clkfbout_clk_wiz_0  {0.000 40.000}       80.000          12.500          


------------------------------------------------------------------------------------------------
| Intra Clock Table
| -----------------
------------------------------------------------------------------------------------------------

Clock                     WNS(ns)      TNS(ns)  TNS Failing Endpoints  TNS Total Endpoints      WHS(ns)      THS(ns)  THS Failing Endpoints  THS Total Endpoints     WPWS(ns)     TPWS(ns)  TPWS Failing Endpoints  TPWS Total Endpoints  
-----                     -------      -------  ---------------------  -------------------      -------      -------  ---------------------  -------------------     --------     --------  ----------------------  --------------------  
sysClk                     13.388        0.000                      0                   75        0.288        0.000                      0                   75        9.500        0.000                       0                    76  
vc/inst/clk_in1                                                                                                                                                         7.000        0.000                       0                     1  
  clk_out1_clk_wiz_0        4.137        0.000                      0                  298        0.143        0.000                      0                  298        5.757        0.000                       0                   223  
  clk_out2_clk_wiz_0                                                                                                                                                    0.540        0.000                       0                    10  
  clkfbout_clk_wiz_0                                                                                                                                                   20.000        0.000                       0                     3  


------------------------------------------------------------------------------------------------
| Inter Clock Table
| -----------------
------------------------------------------------------------------------------------------------

From Clock          To Clock                WNS(ns)      TNS(ns)  TNS Failing Endpoints  TNS Total Endpoints      WHS(ns)      THS(ns)  THS Failing Endpoints  THS Total Endpoints  
----------          --------                -------      -------  ---------------------  -------------------      -------      -------  ---------------------  -------------------  
sysClk              clk_out1_clk_wiz_0      -10.004      -58.111                      6                    6        0.619        0.000                      0                    6  


------------------------------------------------------------------------------------------------
| Other Path Groups Table
| -----------------------
------------------------------------------------------------------------------------------------

Path Group    From Clock    To Clock          WNS(ns)      TNS(ns)  TNS Failing Endpoints  TNS Total Endpoints      WHS(ns)      THS(ns)  THS Failing Endpoints  THS Total Endpoints  
----------    ----------    --------          -------      -------  ---------------------  -------------------      -------      -------  ---------------------  -------------------  


------------------------------------------------------------------------------------------------
| User Ignored Path Table
| -----------------------
------------------------------------------------------------------------------------------------

Path Group    From Clock    To Clock    
----------    ----------    --------    


------------------------------------------------------------------------------------------------
| Unconstrained Path Table
| ------------------------
------------------------------------------------------------------------------------------------

Path Group          From Clock          To Clock          
----------          ----------          --------          
(none)              clk_out2_clk_wiz_0                      
(none)              clkfbout_clk_wiz_0                      
(none)                                  clk_out1_clk_wiz_0  
(none)                                  sysClk              


------------------------------------------------------------------------------------------------
| Timing Details
| --------------
------------------------------------------------------------------------------------------------


---------------------------------------------------------------------------------------------------
From Clock:  sysClk
  To Clock:  sysClk

Setup :            0  Failing Endpoints,  Worst Slack       13.388ns,  Total Violation        0.000ns
Hold  :            0  Failing Endpoints,  Worst Slack        0.288ns,  Total Violation        0.000ns
PW    :            0  Failing Endpoints,  Worst Slack        9.500ns,  Total Violation        0.000ns
---------------------------------------------------------------------------------------------------


Max Delay Paths
--------------------------------------------------------------------------------------
Slack (MET) :             13.388ns  (required time - arrival time)
  Source:                 btnTemp_reg[1]/C
                            (rising edge-triggered cell FDRE clocked by sysClk  {rise@0.000ns fall@10.000ns period=20.000ns})
  Destination:            triggerVolt_reg[6]/D
                            (rising edge-triggered cell FDRE clocked by sysClk  {rise@0.000ns fall@10.000ns period=20.000ns})
  Path Group:             sysClk
  Path Type:              Setup (Max at Slow Process Corner)
  Requirement:            20.000ns  (sysClk rise@20.000ns - sysClk rise@0.000ns)
  Data Path Delay:        6.298ns  (logic 1.381ns (21.928%)  route 4.917ns (78.072%))
  Logic Levels:           4  (CARRY4=2 LUT4=1 LUT6=1)
  Clock Path Skew:        -0.031ns (DCD - SCD + CPR)
    Destination Clock Delay (DCD):    4.997ns = ( 24.997 - 20.000 ) 
    Source Clock Delay      (SCD):    5.457ns
    Clock Pessimism Removal (CPR):    0.429ns
  Clock Uncertainty:      0.035ns  ((TSJ^2 + TIJ^2)^1/2 + DJ) / 2 + PE
    Total System Jitter     (TSJ):    0.071ns
    Total Input Jitter      (TIJ):    0.000ns
    Discrete Jitter          (DJ):    0.000ns
    Phase Error              (PE):    0.000ns

    Location             Delay type                Incr(ns)  Path(ns)    Netlist Resource(s)
  -------------------------------------------------------------------    -------------------
                         (clock sysClk rise edge)     0.000     0.000 r  
    U18                                               0.000     0.000 r  sysClk (IN)
                         net (fo=0)                   0.000     0.000    sysClk
    U18                  IBUF (Prop_ibuf_I_O)         1.530     1.530 r  sysClk_IBUF_inst/O
                         net (fo=1, routed)           2.076     3.606    sysClk_IBUF
    BUFGCTRL_X0Y2        BUFG (Prop_bufg_I_O)         0.101     3.707 r  sysClk_IBUF_BUFG_inst/O
                         net (fo=76, routed)          1.750     5.457    sysClk_IBUF_BUFG
    SLICE_X38Y39         FDRE                                         r  btnTemp_reg[1]/C
  -------------------------------------------------------------------    -------------------
    SLICE_X38Y39         FDRE (Prop_fdre_C_Q)         0.518     5.975 f  btnTemp_reg[1]/Q
                         net (fo=3, routed)           0.901     6.876    btnTemp_reg_n_0_[1]
    SLICE_X38Y39         LUT6 (Prop_lut6_I2_O)        0.124     7.000 r  triggerVolt[10]_i_7/O
                         net (fo=38, routed)          2.291     9.292    triggerVolt[10]_i_7_n_0
    SLICE_X34Y31         LUT4 (Prop_lut4_I1_O)        0.124     9.416 r  triggerVolt[3]_i_5/O
                         net (fo=1, routed)           0.000     9.416    triggerVolt[3]_i_5_n_0
    SLICE_X34Y31         CARRY4 (Prop_carry4_S[3]_CO[3])
                                                      0.376     9.792 r  triggerVolt_reg[3]_i_1/CO[3]
                         net (fo=1, routed)           0.000     9.792    triggerVolt_reg[3]_i_1_n_0
    SLICE_X34Y32         CARRY4 (Prop_carry4_CI_O[2])
                                                      0.239    10.031 r  triggerVolt_reg[7]_i_1/O[2]
                         net (fo=3, routed)           1.724    11.755    triggerVolt_reg[7]_i_1_n_5
    SLICE_X38Y32         FDRE                                         r  triggerVolt_reg[6]/D
  -------------------------------------------------------------------    -------------------

                         (clock sysClk rise edge)    20.000    20.000 r  
    U18                                               0.000    20.000 r  sysClk (IN)
                         net (fo=0)                   0.000    20.000    sysClk
    U18                  IBUF (Prop_ibuf_I_O)         1.459    21.459 r  sysClk_IBUF_inst/O
                         net (fo=1, routed)           1.880    23.339    sysClk_IBUF
    BUFGCTRL_X0Y2        BUFG (Prop_bufg_I_O)         0.091    23.430 r  sysClk_IBUF_BUFG_inst/O
                         net (fo=76, routed)          1.567    24.997    sysClk_IBUF_BUFG
    SLICE_X38Y32         FDRE                                         r  triggerVolt_reg[6]/C
                         clock pessimism              0.429    25.426    
                         clock uncertainty           -0.035    25.391    
    SLICE_X38Y32         FDRE (Setup_fdre_C_D)       -0.248    25.143    triggerVolt_reg[6]
  -------------------------------------------------------------------
                         required time                         25.143    
                         arrival time                         -11.755    
  -------------------------------------------------------------------
                         slack                                 13.388    

Slack (MET) :             13.819ns  (required time - arrival time)
  Source:                 btnTemp_reg[1]/C
                            (rising edge-triggered cell FDRE clocked by sysClk  {rise@0.000ns fall@10.000ns period=20.000ns})
  Destination:            triggerVolt_reg[5]_replica/D
                            (rising edge-triggered cell FDRE clocked by sysClk  {rise@0.000ns fall@10.000ns period=20.000ns})
  Path Group:             sysClk
  Path Type:              Setup (Max at Slow Process Corner)
  Requirement:            20.000ns  (sysClk rise@20.000ns - sysClk rise@0.000ns)
  Data Path Delay:        5.871ns  (logic 1.465ns (24.952%)  route 4.406ns (75.048%))
  Logic Levels:           4  (CARRY4=2 LUT4=1 LUT6=1)
  Clock Path Skew:        -0.031ns (DCD - SCD + CPR)
    Destination Clock Delay (DCD):    4.997ns = ( 24.997 - 20.000 ) 
    Source Clock Delay      (SCD):    5.457ns
    Clock Pessimism Removal (CPR):    0.429ns
  Clock Uncertainty:      0.035ns  ((TSJ^2 + TIJ^2)^1/2 + DJ) / 2 + PE
    Total System Jitter     (TSJ):    0.071ns
    Total Input Jitter      (TIJ):    0.000ns
    Discrete Jitter          (DJ):    0.000ns
    Phase Error              (PE):    0.000ns

    Location             Delay type                Incr(ns)  Path(ns)    Netlist Resource(s)
  -------------------------------------------------------------------    -------------------
                         (clock sysClk rise edge)     0.000     0.000 r  
    U18                                               0.000     0.000 r  sysClk (IN)
                         net (fo=0)                   0.000     0.000    sysClk
    U18                  IBUF (Prop_ibuf_I_O)         1.530     1.530 r  sysClk_IBUF_inst/O
                         net (fo=1, routed)           2.076     3.606    sysClk_IBUF
    BUFGCTRL_X0Y2        BUFG (Prop_bufg_I_O)         0.101     3.707 r  sysClk_IBUF_BUFG_inst/O
                         net (fo=76, routed)          1.750     5.457    sysClk_IBUF_BUFG
    SLICE_X38Y39         FDRE                                         r  btnTemp_reg[1]/C
  -------------------------------------------------------------------    -------------------
    SLICE_X38Y39         FDRE (Prop_fdre_C_Q)         0.518     5.975 f  btnTemp_reg[1]/Q
                         net (fo=3, routed)           0.901     6.876    btnTemp_reg_n_0_[1]
    SLICE_X38Y39         LUT6 (Prop_lut6_I2_O)        0.124     7.000 r  triggerVolt[10]_i_7/O
                         net (fo=38, routed)          2.291     9.292    triggerVolt[10]_i_7_n_0
    SLICE_X34Y31         LUT4 (Prop_lut4_I1_O)        0.124     9.416 r  triggerVolt[3]_i_5/O
                         net (fo=1, routed)           0.000     9.416    triggerVolt[3]_i_5_n_0
    SLICE_X34Y31         CARRY4 (Prop_carry4_S[3]_CO[3])
                                                      0.376     9.792 r  triggerVolt_reg[3]_i_1/CO[3]
                         net (fo=1, routed)           0.000     9.792    triggerVolt_reg[3]_i_1_n_0
    SLICE_X34Y32         CARRY4 (Prop_carry4_CI_O[1])
                                                      0.323    10.115 r  triggerVolt_reg[7]_i_1/O[1]
                         net (fo=5, routed)           1.214    11.328    triggerVolt_reg[7]_i_1_n_6
    SLICE_X39Y32         FDRE                                         r  triggerVolt_reg[5]_replica/D
  -------------------------------------------------------------------    -------------------

                         (clock sysClk rise edge)    20.000    20.000 r  
    U18                                               0.000    20.000 r  sysClk (IN)
                         net (fo=0)                   0.000    20.000    sysClk
    U18                  IBUF (Prop_ibuf_I_O)         1.459    21.459 r  sysClk_IBUF_inst/O
                         net (fo=1, routed)           1.880    23.339    sysClk_IBUF
    BUFGCTRL_X0Y2        BUFG (Prop_bufg_I_O)         0.091    23.430 r  sysClk_IBUF_BUFG_inst/O
                         net (fo=76, routed)          1.567    24.997    sysClk_IBUF_BUFG
    SLICE_X39Y32         FDRE                                         r  triggerVolt_reg[5]_replica/C
                         clock pessimism              0.429    25.426    
                         clock uncertainty           -0.035    25.391    
    SLICE_X39Y32         FDRE (Setup_fdre_C_D)       -0.243    25.148    triggerVolt_reg[5]_replica
  -------------------------------------------------------------------
                         required time                         25.148    
                         arrival time                         -11.328    
  -------------------------------------------------------------------
                         slack                                 13.819    

Slack (MET) :             13.831ns  (required time - arrival time)
  Source:                 btnTemp_reg[1]/C
                            (rising edge-triggered cell FDRE clocked by sysClk  {rise@0.000ns fall@10.000ns period=20.000ns})
  Destination:            triggerTime_reg[4]_replica_3/D
                            (rising edge-triggered cell FDRE clocked by sysClk  {rise@0.000ns fall@10.000ns period=20.000ns})
  Path Group:             sysClk
  Path Type:              Setup (Max at Slow Process Corner)
  Requirement:            20.000ns  (sysClk rise@20.000ns - sysClk rise@0.000ns)
  Data Path Delay:        5.831ns  (logic 1.538ns (26.376%)  route 4.293ns (73.624%))
  Logic Levels:           4  (CARRY4=2 LUT3=1 LUT6=1)
  Clock Path Skew:        -0.070ns (DCD - SCD + CPR)
    Destination Clock Delay (DCD):    4.995ns = ( 24.995 - 20.000 ) 
    Source Clock Delay      (SCD):    5.457ns
    Clock Pessimism Removal (CPR):    0.392ns
  Clock Uncertainty:      0.035ns  ((TSJ^2 + TIJ^2)^1/2 + DJ) / 2 + PE
    Total System Jitter     (TSJ):    0.071ns
    Total Input Jitter      (TIJ):    0.000ns
    Discrete Jitter          (DJ):    0.000ns
    Phase Error              (PE):    0.000ns

    Location             Delay type                Incr(ns)  Path(ns)    Netlist Resource(s)
  -------------------------------------------------------------------    -------------------
                         (clock sysClk rise edge)     0.000     0.000 r  
    U18                                               0.000     0.000 r  sysClk (IN)
                         net (fo=0)                   0.000     0.000    sysClk
    U18                  IBUF (Prop_ibuf_I_O)         1.530     1.530 r  sysClk_IBUF_inst/O
                         net (fo=1, routed)           2.076     3.606    sysClk_IBUF
    BUFGCTRL_X0Y2        BUFG (Prop_bufg_I_O)         0.101     3.707 r  sysClk_IBUF_BUFG_inst/O
                         net (fo=76, routed)          1.750     5.457    sysClk_IBUF_BUFG
    SLICE_X38Y39         FDRE                                         r  btnTemp_reg[1]/C
  -------------------------------------------------------------------    -------------------
    SLICE_X38Y39         FDRE (Prop_fdre_C_Q)         0.518     5.975 r  btnTemp_reg[1]/Q
                         net (fo=3, routed)           0.882     6.857    btnTemp_reg_n_0_[1]
    SLICE_X38Y39         LUT6 (Prop_lut6_I1_O)        0.124     6.981 r  triggerTime[10]_i_7/O
                         net (fo=38, routed)          1.967     8.948    triggerTime[10]_i_7_n_0
    SLICE_X36Y27         LUT3 (Prop_lut3_I0_O)        0.124     9.072 r  triggerTime[3]_i_7/O
                         net (fo=1, routed)           0.000     9.072    triggerTime[3]_i_7_n_0
    SLICE_X36Y27         CARRY4 (Prop_carry4_S[1]_CO[3])
                                                      0.550     9.622 r  triggerTime_reg[3]_i_1/CO[3]
                         net (fo=1, routed)           0.000     9.622    triggerTime_reg[3]_i_1_n_0
    SLICE_X36Y28         CARRY4 (Prop_carry4_CI_O[0])
                                                      0.222     9.844 r  triggerTime_reg[7]_i_1/O[0]
                         net (fo=5, routed)           1.444    11.288    triggerTime_reg[7]_i_1_n_7
    SLICE_X43Y29         FDRE                                         r  triggerTime_reg[4]_replica_3/D
  -------------------------------------------------------------------    -------------------

                         (clock sysClk rise edge)    20.000    20.000 r  
    U18                                               0.000    20.000 r  sysClk (IN)
                         net (fo=0)                   0.000    20.000    sysClk
    U18                  IBUF (Prop_ibuf_I_O)         1.459    21.459 r  sysClk_IBUF_inst/O
                         net (fo=1, routed)           1.880    23.339    sysClk_IBUF
    BUFGCTRL_X0Y2        BUFG (Prop_bufg_I_O)         0.091    23.430 r  sysClk_IBUF_BUFG_inst/O
                         net (fo=76, routed)          1.565    24.995    sysClk_IBUF_BUFG
    SLICE_X43Y29         FDRE                                         r  triggerTime_reg[4]_replica_3/C
                         clock pessimism              0.392    25.387    
                         clock uncertainty           -0.035    25.352    
    SLICE_X43Y29         FDRE (Setup_fdre_C_D)       -0.233    25.119    triggerTime_reg[4]_replica_3
  -------------------------------------------------------------------
                         required time                         25.119    
                         arrival time                         -11.288    
  -------------------------------------------------------------------
                         slack                                 13.831    

Slack (MET) :             13.962ns  (required time - arrival time)
  Source:                 btnTemp_reg[1]/C
                            (rising edge-triggered cell FDRE clocked by sysClk  {rise@0.000ns fall@10.000ns period=20.000ns})
  Destination:            triggerVolt_reg[5]_replica_3/D
                            (rising edge-triggered cell FDRE clocked by sysClk  {rise@0.000ns fall@10.000ns period=20.000ns})
  Path Group:             sysClk
  Path Type:              Setup (Max at Slow Process Corner)
  Requirement:            20.000ns  (sysClk rise@20.000ns - sysClk rise@0.000ns)
  Data Path Delay:        5.730ns  (logic 1.465ns (25.566%)  route 4.265ns (74.434%))
  Logic Levels:           4  (CARRY4=2 LUT4=1 LUT6=1)
  Clock Path Skew:        -0.029ns (DCD - SCD + CPR)
    Destination Clock Delay (DCD):    4.999ns = ( 24.999 - 20.000 ) 
    Source Clock Delay      (SCD):    5.457ns
    Clock Pessimism Removal (CPR):    0.429ns
  Clock Uncertainty:      0.035ns  ((TSJ^2 + TIJ^2)^1/2 + DJ) / 2 + PE
    Total System Jitter     (TSJ):    0.071ns
    Total Input Jitter      (TIJ):    0.000ns
    Discrete Jitter          (DJ):    0.000ns
    Phase Error              (PE):    0.000ns

    Location             Delay type                Incr(ns)  Path(ns)    Netlist Resource(s)
  -------------------------------------------------------------------    -------------------
                         (clock sysClk rise edge)     0.000     0.000 r  
    U18                                               0.000     0.000 r  sysClk (IN)
                         net (fo=0)                   0.000     0.000    sysClk
    U18                  IBUF (Prop_ibuf_I_O)         1.530     1.530 r  sysClk_IBUF_inst/O
                         net (fo=1, routed)           2.076     3.606    sysClk_IBUF
    BUFGCTRL_X0Y2        BUFG (Prop_bufg_I_O)         0.101     3.707 r  sysClk_IBUF_BUFG_inst/O
                         net (fo=76, routed)          1.750     5.457    sysClk_IBUF_BUFG
    SLICE_X38Y39         FDRE                                         r  btnTemp_reg[1]/C
  -------------------------------------------------------------------    -------------------
    SLICE_X38Y39         FDRE (Prop_fdre_C_Q)         0.518     5.975 f  btnTemp_reg[1]/Q
                         net (fo=3, routed)           0.901     6.876    btnTemp_reg_n_0_[1]
    SLICE_X38Y39         LUT6 (Prop_lut6_I2_O)        0.124     7.000 r  triggerVolt[10]_i_7/O
                         net (fo=38, routed)          2.291     9.292    triggerVolt[10]_i_7_n_0
    SLICE_X34Y31         LUT4 (Prop_lut4_I1_O)        0.124     9.416 r  triggerVolt[3]_i_5/O
                         net (fo=1, routed)           0.000     9.416    triggerVolt[3]_i_5_n_0
    SLICE_X34Y31         CARRY4 (Prop_carry4_S[3]_CO[3])
                                                      0.376     9.792 r  triggerVolt_reg[3]_i_1/CO[3]
                         net (fo=1, routed)           0.000     9.792    triggerVolt_reg[3]_i_1_n_0
    SLICE_X34Y32         CARRY4 (Prop_carry4_CI_O[1])
                                                      0.323    10.115 r  triggerVolt_reg[7]_i_1/O[1]
                         net (fo=5, routed)           1.073    11.187    triggerVolt_reg[7]_i_1_n_6
    SLICE_X39Y34         FDRE                                         r  triggerVolt_reg[5]_replica_3/D
  -------------------------------------------------------------------    -------------------

                         (clock sysClk rise edge)    20.000    20.000 r  
    U18                                               0.000    20.000 r  sysClk (IN)
                         net (fo=0)                   0.000    20.000    sysClk
    U18                  IBUF (Prop_ibuf_I_O)         1.459    21.459 r  sysClk_IBUF_inst/O
                         net (fo=1, routed)           1.880    23.339    sysClk_IBUF
    BUFGCTRL_X0Y2        BUFG (Prop_bufg_I_O)         0.091    23.430 r  sysClk_IBUF_BUFG_inst/O
                         net (fo=76, routed)          1.569    24.999    sysClk_IBUF_BUFG
    SLICE_X39Y34         FDRE                                         r  triggerVolt_reg[5]_replica_3/C
                         clock pessimism              0.429    25.428    
                         clock uncertainty           -0.035    25.393    
    SLICE_X39Y34         FDRE (Setup_fdre_C_D)       -0.243    25.150    triggerVolt_reg[5]_replica_3
  -------------------------------------------------------------------
                         required time                         25.150    
                         arrival time                         -11.187    
  -------------------------------------------------------------------
                         slack                                 13.962    

Slack (MET) :             13.995ns  (required time - arrival time)
  Source:                 btnTemp_reg[1]/C
                            (rising edge-triggered cell FDRE clocked by sysClk  {rise@0.000ns fall@10.000ns period=20.000ns})
  Destination:            triggerVolt_reg[4]_replica_1/D
                            (rising edge-triggered cell FDRE clocked by sysClk  {rise@0.000ns fall@10.000ns period=20.000ns})
  Path Group:             sysClk
  Path Type:              Setup (Max at Slow Process Corner)
  Requirement:            20.000ns  (sysClk rise@20.000ns - sysClk rise@0.000ns)
  Data Path Delay:        5.712ns  (logic 1.361ns (23.827%)  route 4.351ns (76.173%))
  Logic Levels:           4  (CARRY4=2 LUT4=1 LUT6=1)
  Clock Path Skew:        -0.029ns (DCD - SCD + CPR)
    Destination Clock Delay (DCD):    4.999ns = ( 24.999 - 20.000 ) 
    Source Clock Delay      (SCD):    5.457ns
    Clock Pessimism Removal (CPR):    0.429ns
  Clock Uncertainty:      0.035ns  ((TSJ^2 + TIJ^2)^1/2 + DJ) / 2 + PE
    Total System Jitter     (TSJ):    0.071ns
    Total Input Jitter      (TIJ):    0.000ns
    Discrete Jitter          (DJ):    0.000ns
    Phase Error              (PE):    0.000ns

    Location             Delay type                Incr(ns)  Path(ns)    Netlist Resource(s)
  -------------------------------------------------------------------    -------------------
                         (clock sysClk rise edge)     0.000     0.000 r  
    U18                                               0.000     0.000 r  sysClk (IN)
                         net (fo=0)                   0.000     0.000    sysClk
    U18                  IBUF (Prop_ibuf_I_O)         1.530     1.530 r  sysClk_IBUF_inst/O
                         net (fo=1, routed)           2.076     3.606    sysClk_IBUF
    BUFGCTRL_X0Y2        BUFG (Prop_bufg_I_O)         0.101     3.707 r  sysClk_IBUF_BUFG_inst/O
                         net (fo=76, routed)          1.750     5.457    sysClk_IBUF_BUFG
    SLICE_X38Y39         FDRE                                         r  btnTemp_reg[1]/C
  -------------------------------------------------------------------    -------------------
    SLICE_X38Y39         FDRE (Prop_fdre_C_Q)         0.518     5.975 f  btnTemp_reg[1]/Q
                         net (fo=3, routed)           0.901     6.876    btnTemp_reg_n_0_[1]
    SLICE_X38Y39         LUT6 (Prop_lut6_I2_O)        0.124     7.000 r  triggerVolt[10]_i_7/O
                         net (fo=38, routed)          2.291     9.292    triggerVolt[10]_i_7_n_0
    SLICE_X34Y31         LUT4 (Prop_lut4_I1_O)        0.124     9.416 r  triggerVolt[3]_i_5/O
                         net (fo=1, routed)           0.000     9.416    triggerVolt[3]_i_5_n_0
    SLICE_X34Y31         CARRY4 (Prop_carry4_S[3]_CO[3])
                                                      0.376     9.792 r  triggerVolt_reg[3]_i_1/CO[3]
                         net (fo=1, routed)           0.000     9.792    triggerVolt_reg[3]_i_1_n_0
    SLICE_X34Y32         CARRY4 (Prop_carry4_CI_O[0])
                                                      0.219    10.011 r  triggerVolt_reg[7]_i_1/O[0]
                         net (fo=3, routed)           1.158    11.169    triggerVolt_reg[7]_i_1_n_7
    SLICE_X37Y34         FDRE                                         r  triggerVolt_reg[4]_replica_1/D
  -------------------------------------------------------------------    -------------------

                         (clock sysClk rise edge)    20.000    20.000 r  
    U18                                               0.000    20.000 r  sysClk (IN)
                         net (fo=0)                   0.000    20.000    sysClk
    U18                  IBUF (Prop_ibuf_I_O)         1.459    21.459 r  sysClk_IBUF_inst/O
                         net (fo=1, routed)           1.880    23.339    sysClk_IBUF
    BUFGCTRL_X0Y2        BUFG (Prop_bufg_I_O)         0.091    23.430 r  sysClk_IBUF_BUFG_inst/O
                         net (fo=76, routed)          1.569    24.999    sysClk_IBUF_BUFG
    SLICE_X37Y34         FDRE                                         r  triggerVolt_reg[4]_replica_1/C
                         clock pessimism              0.429    25.428    
                         clock uncertainty           -0.035    25.393    
    SLICE_X37Y34         FDRE (Setup_fdre_C_D)       -0.229    25.164    triggerVolt_reg[4]_replica_1
  -------------------------------------------------------------------
                         required time                         25.164    
                         arrival time                         -11.169    
  -------------------------------------------------------------------
                         slack                                 13.995    

Slack (MET) :             14.017ns  (required time - arrival time)
  Source:                 btnTemp_reg[1]/C
                            (rising edge-triggered cell FDRE clocked by sysClk  {rise@0.000ns fall@10.000ns period=20.000ns})
  Destination:            triggerTime_reg[4]_replica_1/D
                            (rising edge-triggered cell FDRE clocked by sysClk  {rise@0.000ns fall@10.000ns period=20.000ns})
  Path Group:             sysClk
  Path Type:              Setup (Max at Slow Process Corner)
  Requirement:            20.000ns  (sysClk rise@20.000ns - sysClk rise@0.000ns)
  Data Path Delay:        5.642ns  (logic 1.538ns (27.261%)  route 4.104ns (72.739%))
  Logic Levels:           4  (CARRY4=2 LUT3=1 LUT6=1)
  Clock Path Skew:        -0.070ns (DCD - SCD + CPR)
    Destination Clock Delay (DCD):    4.995ns = ( 24.995 - 20.000 ) 
    Source Clock Delay      (SCD):    5.457ns
    Clock Pessimism Removal (CPR):    0.392ns
  Clock Uncertainty:      0.035ns  ((TSJ^2 + TIJ^2)^1/2 + DJ) / 2 + PE
    Total System Jitter     (TSJ):    0.071ns
    Total Input Jitter      (TIJ):    0.000ns
    Discrete Jitter          (DJ):    0.000ns
    Phase Error              (PE):    0.000ns

    Location             Delay type                Incr(ns)  Path(ns)    Netlist Resource(s)
  -------------------------------------------------------------------    -------------------
                         (clock sysClk rise edge)     0.000     0.000 r  
    U18                                               0.000     0.000 r  sysClk (IN)
                         net (fo=0)                   0.000     0.000    sysClk
    U18                  IBUF (Prop_ibuf_I_O)         1.530     1.530 r  sysClk_IBUF_inst/O
                         net (fo=1, routed)           2.076     3.606    sysClk_IBUF
    BUFGCTRL_X0Y2        BUFG (Prop_bufg_I_O)         0.101     3.707 r  sysClk_IBUF_BUFG_inst/O
                         net (fo=76, routed)          1.750     5.457    sysClk_IBUF_BUFG
    SLICE_X38Y39         FDRE                                         r  btnTemp_reg[1]/C
  -------------------------------------------------------------------    -------------------
    SLICE_X38Y39         FDRE (Prop_fdre_C_Q)         0.518     5.975 r  btnTemp_reg[1]/Q
                         net (fo=3, routed)           0.882     6.857    btnTemp_reg_n_0_[1]
    SLICE_X38Y39         LUT6 (Prop_lut6_I1_O)        0.124     6.981 r  triggerTime[10]_i_7/O
                         net (fo=38, routed)          1.967     8.948    triggerTime[10]_i_7_n_0
    SLICE_X36Y27         LUT3 (Prop_lut3_I0_O)        0.124     9.072 r  triggerTime[3]_i_7/O
                         net (fo=1, routed)           0.000     9.072    triggerTime[3]_i_7_n_0
    SLICE_X36Y27         CARRY4 (Prop_carry4_S[1]_CO[3])
                                                      0.550     9.622 r  triggerTime_reg[3]_i_1/CO[3]
                         net (fo=1, routed)           0.000     9.622    triggerTime_reg[3]_i_1_n_0
    SLICE_X36Y28         CARRY4 (Prop_carry4_CI_O[0])
                                                      0.222     9.844 r  triggerTime_reg[7]_i_1/O[0]
                         net (fo=5, routed)           1.255    11.099    triggerTime_reg[7]_i_1_n_7
    SLICE_X43Y29         FDRE                                         r  triggerTime_reg[4]_replica_1/D
  -------------------------------------------------------------------    -------------------

                         (clock sysClk rise edge)    20.000    20.000 r  
    U18                                               0.000    20.000 r  sysClk (IN)
                         net (fo=0)                   0.000    20.000    sysClk
    U18                  IBUF (Prop_ibuf_I_O)         1.459    21.459 r  sysClk_IBUF_inst/O
                         net (fo=1, routed)           1.880    23.339    sysClk_IBUF
    BUFGCTRL_X0Y2        BUFG (Prop_bufg_I_O)         0.091    23.430 r  sysClk_IBUF_BUFG_inst/O
                         net (fo=76, routed)          1.565    24.995    sysClk_IBUF_BUFG
    SLICE_X43Y29         FDRE                                         r  triggerTime_reg[4]_replica_1/C
                         clock pessimism              0.392    25.387    
                         clock uncertainty           -0.035    25.352    
    SLICE_X43Y29         FDRE (Setup_fdre_C_D)       -0.236    25.116    triggerTime_reg[4]_replica_1
  -------------------------------------------------------------------
                         required time                         25.116    
                         arrival time                         -11.099    
  -------------------------------------------------------------------
                         slack                                 14.017    

Slack (MET) :             14.075ns  (required time - arrival time)
  Source:                 btnTemp_reg[1]/C
                            (rising edge-triggered cell FDRE clocked by sysClk  {rise@0.000ns fall@10.000ns period=20.000ns})
  Destination:            triggerVolt_reg[6]_replica_1/D
                            (rising edge-triggered cell FDRE clocked by sysClk  {rise@0.000ns fall@10.000ns period=20.000ns})
  Path Group:             sysClk
  Path Type:              Setup (Max at Slow Process Corner)
  Requirement:            20.000ns  (sysClk rise@20.000ns - sysClk rise@0.000ns)
  Data Path Delay:        5.514ns  (logic 1.381ns (25.044%)  route 4.133ns (74.956%))
  Logic Levels:           4  (CARRY4=2 LUT4=1 LUT6=1)
  Clock Path Skew:        -0.140ns (DCD - SCD + CPR)
    Destination Clock Delay (DCD):    4.925ns = ( 24.925 - 20.000 ) 
    Source Clock Delay      (SCD):    5.457ns
    Clock Pessimism Removal (CPR):    0.392ns
  Clock Uncertainty:      0.035ns  ((TSJ^2 + TIJ^2)^1/2 + DJ) / 2 + PE
    Total System Jitter     (TSJ):    0.071ns
    Total Input Jitter      (TIJ):    0.000ns
    Discrete Jitter          (DJ):    0.000ns
    Phase Error              (PE):    0.000ns

    Location             Delay type                Incr(ns)  Path(ns)    Netlist Resource(s)
  -------------------------------------------------------------------    -------------------
                         (clock sysClk rise edge)     0.000     0.000 r  
    U18                                               0.000     0.000 r  sysClk (IN)
                         net (fo=0)                   0.000     0.000    sysClk
    U18                  IBUF (Prop_ibuf_I_O)         1.530     1.530 r  sysClk_IBUF_inst/O
                         net (fo=1, routed)           2.076     3.606    sysClk_IBUF
    BUFGCTRL_X0Y2        BUFG (Prop_bufg_I_O)         0.101     3.707 r  sysClk_IBUF_BUFG_inst/O
                         net (fo=76, routed)          1.750     5.457    sysClk_IBUF_BUFG
    SLICE_X38Y39         FDRE                                         r  btnTemp_reg[1]/C
  -------------------------------------------------------------------    -------------------
    SLICE_X38Y39         FDRE (Prop_fdre_C_Q)         0.518     5.975 f  btnTemp_reg[1]/Q
                         net (fo=3, routed)           0.901     6.876    btnTemp_reg_n_0_[1]
    SLICE_X38Y39         LUT6 (Prop_lut6_I2_O)        0.124     7.000 r  triggerVolt[10]_i_7/O
                         net (fo=38, routed)          2.291     9.292    triggerVolt[10]_i_7_n_0
    SLICE_X34Y31         LUT4 (Prop_lut4_I1_O)        0.124     9.416 r  triggerVolt[3]_i_5/O
                         net (fo=1, routed)           0.000     9.416    triggerVolt[3]_i_5_n_0
    SLICE_X34Y31         CARRY4 (Prop_carry4_S[3]_CO[3])
                                                      0.376     9.792 r  triggerVolt_reg[3]_i_1/CO[3]
                         net (fo=1, routed)           0.000     9.792    triggerVolt_reg[3]_i_1_n_0
    SLICE_X34Y32         CARRY4 (Prop_carry4_CI_O[2])
                                                      0.239    10.031 r  triggerVolt_reg[7]_i_1/O[2]
                         net (fo=3, routed)           0.941    10.971    triggerVolt_reg[7]_i_1_n_5
    SLICE_X35Y36         FDRE                                         r  triggerVolt_reg[6]_replica_1/D
  -------------------------------------------------------------------    -------------------

                         (clock sysClk rise edge)    20.000    20.000 r  
    U18                                               0.000    20.000 r  sysClk (IN)
                         net (fo=0)                   0.000    20.000    sysClk
    U18                  IBUF (Prop_ibuf_I_O)         1.459    21.459 r  sysClk_IBUF_inst/O
                         net (fo=1, routed)           1.880    23.339    sysClk_IBUF
    BUFGCTRL_X0Y2        BUFG (Prop_bufg_I_O)         0.091    23.430 r  sysClk_IBUF_BUFG_inst/O
                         net (fo=76, routed)          1.495    24.925    sysClk_IBUF_BUFG
    SLICE_X35Y36         FDRE                                         r  triggerVolt_reg[6]_replica_1/C
                         clock pessimism              0.392    25.317    
                         clock uncertainty           -0.035    25.282    
    SLICE_X35Y36         FDRE (Setup_fdre_C_D)       -0.235    25.047    triggerVolt_reg[6]_replica_1
  -------------------------------------------------------------------
                         required time                         25.047    
                         arrival time                         -10.971    
  -------------------------------------------------------------------
                         slack                                 14.075    

Slack (MET) :             14.099ns  (required time - arrival time)
  Source:                 btnTemp_reg[1]/C
                            (rising edge-triggered cell FDRE clocked by sysClk  {rise@0.000ns fall@10.000ns period=20.000ns})
  Destination:            triggerVolt_reg[5]/D
                            (rising edge-triggered cell FDRE clocked by sysClk  {rise@0.000ns fall@10.000ns period=20.000ns})
  Path Group:             sysClk
  Path Type:              Setup (Max at Slow Process Corner)
  Requirement:            20.000ns  (sysClk rise@20.000ns - sysClk rise@0.000ns)
  Data Path Delay:        5.480ns  (logic 1.465ns (26.734%)  route 4.015ns (73.266%))
  Logic Levels:           4  (CARRY4=2 LUT4=1 LUT6=1)
  Clock Path Skew:        -0.143ns (DCD - SCD + CPR)
    Destination Clock Delay (DCD):    4.922ns = ( 24.922 - 20.000 ) 
    Source Clock Delay      (SCD):    5.457ns
    Clock Pessimism Removal (CPR):    0.392ns
  Clock Uncertainty:      0.035ns  ((TSJ^2 + TIJ^2)^1/2 + DJ) / 2 + PE
    Total System Jitter     (TSJ):    0.071ns
    Total Input Jitter      (TIJ):    0.000ns
    Discrete Jitter          (DJ):    0.000ns
    Phase Error              (PE):    0.000ns

    Location             Delay type                Incr(ns)  Path(ns)    Netlist Resource(s)
  -------------------------------------------------------------------    -------------------
                         (clock sysClk rise edge)     0.000     0.000 r  
    U18                                               0.000     0.000 r  sysClk (IN)
                         net (fo=0)                   0.000     0.000    sysClk
    U18                  IBUF (Prop_ibuf_I_O)         1.530     1.530 r  sysClk_IBUF_inst/O
                         net (fo=1, routed)           2.076     3.606    sysClk_IBUF
    BUFGCTRL_X0Y2        BUFG (Prop_bufg_I_O)         0.101     3.707 r  sysClk_IBUF_BUFG_inst/O
                         net (fo=76, routed)          1.750     5.457    sysClk_IBUF_BUFG
    SLICE_X38Y39         FDRE                                         r  btnTemp_reg[1]/C
  -------------------------------------------------------------------    -------------------
    SLICE_X38Y39         FDRE (Prop_fdre_C_Q)         0.518     5.975 f  btnTemp_reg[1]/Q
                         net (fo=3, routed)           0.901     6.876    btnTemp_reg_n_0_[1]
    SLICE_X38Y39         LUT6 (Prop_lut6_I2_O)        0.124     7.000 r  triggerVolt[10]_i_7/O
                         net (fo=38, routed)          2.291     9.292    triggerVolt[10]_i_7_n_0
    SLICE_X34Y31         LUT4 (Prop_lut4_I1_O)        0.124     9.416 r  triggerVolt[3]_i_5/O
                         net (fo=1, routed)           0.000     9.416    triggerVolt[3]_i_5_n_0
    SLICE_X34Y31         CARRY4 (Prop_carry4_S[3]_CO[3])
                                                      0.376     9.792 r  triggerVolt_reg[3]_i_1/CO[3]
                         net (fo=1, routed)           0.000     9.792    triggerVolt_reg[3]_i_1_n_0
    SLICE_X34Y32         CARRY4 (Prop_carry4_CI_O[1])
                                                      0.323    10.115 r  triggerVolt_reg[7]_i_1/O[1]
                         net (fo=5, routed)           0.822    10.937    triggerVolt_reg[7]_i_1_n_6
    SLICE_X33Y32         FDRE                                         r  triggerVolt_reg[5]/D
  -------------------------------------------------------------------    -------------------

                         (clock sysClk rise edge)    20.000    20.000 r  
    U18                                               0.000    20.000 r  sysClk (IN)
                         net (fo=0)                   0.000    20.000    sysClk
    U18                  IBUF (Prop_ibuf_I_O)         1.459    21.459 r  sysClk_IBUF_inst/O
                         net (fo=1, routed)           1.880    23.339    sysClk_IBUF
    BUFGCTRL_X0Y2        BUFG (Prop_bufg_I_O)         0.091    23.430 r  sysClk_IBUF_BUFG_inst/O
                         net (fo=76, routed)          1.492    24.922    sysClk_IBUF_BUFG
    SLICE_X33Y32         FDRE                                         r  triggerVolt_reg[5]/C
                         clock pessimism              0.392    25.314    
                         clock uncertainty           -0.035    25.279    
    SLICE_X33Y32         FDRE (Setup_fdre_C_D)       -0.243    25.036    triggerVolt_reg[5]
  -------------------------------------------------------------------
                         required time                         25.036    
                         arrival time                         -10.937    
  -------------------------------------------------------------------
                         slack                                 14.099    

Slack (MET) :             14.132ns  (required time - arrival time)
  Source:                 btnTemp_reg[1]/C
                            (rising edge-triggered cell FDRE clocked by sysClk  {rise@0.000ns fall@10.000ns period=20.000ns})
  Destination:            triggerVolt_reg[4]_replica/D
                            (rising edge-triggered cell FDRE clocked by sysClk  {rise@0.000ns fall@10.000ns period=20.000ns})
  Path Group:             sysClk
  Path Type:              Setup (Max at Slow Process Corner)
  Requirement:            20.000ns  (sysClk rise@20.000ns - sysClk rise@0.000ns)
  Data Path Delay:        5.566ns  (logic 1.361ns (24.453%)  route 4.205ns (75.547%))
  Logic Levels:           4  (CARRY4=2 LUT4=1 LUT6=1)
  Clock Path Skew:        -0.029ns (DCD - SCD + CPR)
    Destination Clock Delay (DCD):    4.999ns = ( 24.999 - 20.000 ) 
    Source Clock Delay      (SCD):    5.457ns
    Clock Pessimism Removal (CPR):    0.429ns
  Clock Uncertainty:      0.035ns  ((TSJ^2 + TIJ^2)^1/2 + DJ) / 2 + PE
    Total System Jitter     (TSJ):    0.071ns
    Total Input Jitter      (TIJ):    0.000ns
    Discrete Jitter          (DJ):    0.000ns
    Phase Error              (PE):    0.000ns

    Location             Delay type                Incr(ns)  Path(ns)    Netlist Resource(s)
  -------------------------------------------------------------------    -------------------
                         (clock sysClk rise edge)     0.000     0.000 r  
    U18                                               0.000     0.000 r  sysClk (IN)
                         net (fo=0)                   0.000     0.000    sysClk
    U18                  IBUF (Prop_ibuf_I_O)         1.530     1.530 r  sysClk_IBUF_inst/O
                         net (fo=1, routed)           2.076     3.606    sysClk_IBUF
    BUFGCTRL_X0Y2        BUFG (Prop_bufg_I_O)         0.101     3.707 r  sysClk_IBUF_BUFG_inst/O
                         net (fo=76, routed)          1.750     5.457    sysClk_IBUF_BUFG
    SLICE_X38Y39         FDRE                                         r  btnTemp_reg[1]/C
  -------------------------------------------------------------------    -------------------
    SLICE_X38Y39         FDRE (Prop_fdre_C_Q)         0.518     5.975 f  btnTemp_reg[1]/Q
                         net (fo=3, routed)           0.901     6.876    btnTemp_reg_n_0_[1]
    SLICE_X38Y39         LUT6 (Prop_lut6_I2_O)        0.124     7.000 r  triggerVolt[10]_i_7/O
                         net (fo=38, routed)          2.291     9.292    triggerVolt[10]_i_7_n_0
    SLICE_X34Y31         LUT4 (Prop_lut4_I1_O)        0.124     9.416 r  triggerVolt[3]_i_5/O
                         net (fo=1, routed)           0.000     9.416    triggerVolt[3]_i_5_n_0
    SLICE_X34Y31         CARRY4 (Prop_carry4_S[3]_CO[3])
                                                      0.376     9.792 r  triggerVolt_reg[3]_i_1/CO[3]
                         net (fo=1, routed)           0.000     9.792    triggerVolt_reg[3]_i_1_n_0
    SLICE_X34Y32         CARRY4 (Prop_carry4_CI_O[0])
                                                      0.219    10.011 r  triggerVolt_reg[7]_i_1/O[0]
                         net (fo=3, routed)           1.012    11.023    triggerVolt_reg[7]_i_1_n_7
    SLICE_X39Y34         FDRE                                         r  triggerVolt_reg[4]_replica/D
  -------------------------------------------------------------------    -------------------

                         (clock sysClk rise edge)    20.000    20.000 r  
    U18                                               0.000    20.000 r  sysClk (IN)
                         net (fo=0)                   0.000    20.000    sysClk
    U18                  IBUF (Prop_ibuf_I_O)         1.459    21.459 r  sysClk_IBUF_inst/O
                         net (fo=1, routed)           1.880    23.339    sysClk_IBUF
    BUFGCTRL_X0Y2        BUFG (Prop_bufg_I_O)         0.091    23.430 r  sysClk_IBUF_BUFG_inst/O
                         net (fo=76, routed)          1.569    24.999    sysClk_IBUF_BUFG
    SLICE_X39Y34         FDRE                                         r  triggerVolt_reg[4]_replica/C
                         clock pessimism              0.429    25.428    
                         clock uncertainty           -0.035    25.393    
    SLICE_X39Y34         FDRE (Setup_fdre_C_D)       -0.238    25.155    triggerVolt_reg[4]_replica
  -------------------------------------------------------------------
                         required time                         25.155    
                         arrival time                         -11.023    
  -------------------------------------------------------------------
                         slack                                 14.132    

Slack (MET) :             14.196ns  (required time - arrival time)
  Source:                 btnTemp_reg[1]/C
                            (rising edge-triggered cell FDRE clocked by sysClk  {rise@0.000ns fall@10.000ns period=20.000ns})
  Destination:            triggerTime_reg[4]_replica/D
                            (rising edge-triggered cell FDRE clocked by sysClk  {rise@0.000ns fall@10.000ns period=20.000ns})
  Path Group:             sysClk
  Path Type:              Setup (Max at Slow Process Corner)
  Requirement:            20.000ns  (sysClk rise@20.000ns - sysClk rise@0.000ns)
  Data Path Delay:        5.499ns  (logic 1.538ns (27.970%)  route 3.961ns (72.030%))
  Logic Levels:           4  (CARRY4=2 LUT3=1 LUT6=1)
  Clock Path Skew:        -0.034ns (DCD - SCD + CPR)
    Destination Clock Delay (DCD):    4.994ns = ( 24.994 - 20.000 ) 
    Source Clock Delay      (SCD):    5.457ns
    Clock Pessimism Removal (CPR):    0.429ns
  Clock Uncertainty:      0.035ns  ((TSJ^2 + TIJ^2)^1/2 + DJ) / 2 + PE
    Total System Jitter     (TSJ):    0.071ns
    Total Input Jitter      (TIJ):    0.000ns
    Discrete Jitter          (DJ):    0.000ns
    Phase Error              (PE):    0.000ns

    Location             Delay type                Incr(ns)  Path(ns)    Netlist Resource(s)
  -------------------------------------------------------------------    -------------------
                         (clock sysClk rise edge)     0.000     0.000 r  
    U18                                               0.000     0.000 r  sysClk (IN)
                         net (fo=0)                   0.000     0.000    sysClk
    U18                  IBUF (Prop_ibuf_I_O)         1.530     1.530 r  sysClk_IBUF_inst/O
                         net (fo=1, routed)           2.076     3.606    sysClk_IBUF
    BUFGCTRL_X0Y2        BUFG (Prop_bufg_I_O)         0.101     3.707 r  sysClk_IBUF_BUFG_inst/O
                         net (fo=76, routed)          1.750     5.457    sysClk_IBUF_BUFG
    SLICE_X38Y39         FDRE                                         r  btnTemp_reg[1]/C
  -------------------------------------------------------------------    -------------------
    SLICE_X38Y39         FDRE (Prop_fdre_C_Q)         0.518     5.975 r  btnTemp_reg[1]/Q
                         net (fo=3, routed)           0.882     6.857    btnTemp_reg_n_0_[1]
    SLICE_X38Y39         LUT6 (Prop_lut6_I1_O)        0.124     6.981 r  triggerTime[10]_i_7/O
                         net (fo=38, routed)          1.967     8.948    triggerTime[10]_i_7_n_0
    SLICE_X36Y27         LUT3 (Prop_lut3_I0_O)        0.124     9.072 r  triggerTime[3]_i_7/O
                         net (fo=1, routed)           0.000     9.072    triggerTime[3]_i_7_n_0
    SLICE_X36Y27         CARRY4 (Prop_carry4_S[1]_CO[3])
                                                      0.550     9.622 r  triggerTime_reg[3]_i_1/CO[3]
                         net (fo=1, routed)           0.000     9.622    triggerTime_reg[3]_i_1_n_0
    SLICE_X36Y28         CARRY4 (Prop_carry4_CI_O[0])
                                                      0.222     9.844 r  triggerTime_reg[7]_i_1/O[0]
                         net (fo=5, routed)           1.111    10.956    triggerTime_reg[7]_i_1_n_7
    SLICE_X39Y29         FDRE                                         r  triggerTime_reg[4]_replica/D
  -------------------------------------------------------------------    -------------------

                         (clock sysClk rise edge)    20.000    20.000 r  
    U18                                               0.000    20.000 r  sysClk (IN)
                         net (fo=0)                   0.000    20.000    sysClk
    U18                  IBUF (Prop_ibuf_I_O)         1.459    21.459 r  sysClk_IBUF_inst/O
                         net (fo=1, routed)           1.880    23.339    sysClk_IBUF
    BUFGCTRL_X0Y2        BUFG (Prop_bufg_I_O)         0.091    23.430 r  sysClk_IBUF_BUFG_inst/O
                         net (fo=76, routed)          1.564    24.994    sysClk_IBUF_BUFG
    SLICE_X39Y29         FDRE                                         r  triggerTime_reg[4]_replica/C
                         clock pessimism              0.429    25.423    
                         clock uncertainty           -0.035    25.388    
    SLICE_X39Y29         FDRE (Setup_fdre_C_D)       -0.236    25.152    triggerTime_reg[4]_replica
  -------------------------------------------------------------------
                         required time                         25.152    
                         arrival time                         -10.956    
  -------------------------------------------------------------------
                         slack                                 14.196    





Min Delay Paths
--------------------------------------------------------------------------------------
Slack (MET) :             0.288ns  (arrival time - required time)
  Source:                 triggerTimeTemp_reg[10]/C
                            (rising edge-triggered cell FDRE clocked by sysClk  {rise@0.000ns fall@10.000ns period=20.000ns})
  Destination:            triggerTime_reg[10]/D
                            (rising edge-triggered cell FDRE clocked by sysClk  {rise@0.000ns fall@10.000ns period=20.000ns})
  Path Group:             sysClk
  Path Type:              Hold (Min at Fast Process Corner)
  Requirement:            0.000ns  (sysClk rise@0.000ns - sysClk rise@0.000ns)
  Data Path Delay:        0.424ns  (logic 0.252ns (59.418%)  route 0.172ns (40.582%))
  Logic Levels:           2  (CARRY4=1 LUT4=1)
  Clock Path Skew:        0.031ns (DCD - SCD - CPR)
    Destination Clock Delay (DCD):    2.046ns
    Source Clock Delay      (SCD):    1.534ns
    Clock Pessimism Removal (CPR):    0.481ns

    Location             Delay type                Incr(ns)  Path(ns)    Netlist Resource(s)
  -------------------------------------------------------------------    -------------------
                         (clock sysClk rise edge)     0.000     0.000 r  
    U18                                               0.000     0.000 r  sysClk (IN)
                         net (fo=0)                   0.000     0.000    sysClk
    U18                  IBUF (Prop_ibuf_I_O)         0.297     0.297 r  sysClk_IBUF_inst/O
                         net (fo=1, routed)           0.627     0.925    sysClk_IBUF
    BUFGCTRL_X0Y2        BUFG (Prop_bufg_I_O)         0.026     0.951 r  sysClk_IBUF_BUFG_inst/O
                         net (fo=76, routed)          0.584     1.534    sysClk_IBUF_BUFG
    SLICE_X41Y30         FDRE                                         r  triggerTimeTemp_reg[10]/C
  -------------------------------------------------------------------    -------------------
    SLICE_X41Y30         FDRE (Prop_fdre_C_Q)         0.141     1.675 r  triggerTimeTemp_reg[10]/Q
                         net (fo=2, routed)           0.172     1.847    triggerTimeTemp_reg[10]
    SLICE_X36Y29         LUT4 (Prop_lut4_I3_O)        0.045     1.892 r  triggerTime[10]_i_4/O
                         net (fo=1, routed)           0.000     1.892    triggerTime[10]_i_4_n_0
    SLICE_X36Y29         CARRY4 (Prop_carry4_S[2]_O[2])
                                                      0.066     1.958 r  triggerTime_reg[10]_i_1/O[2]
                         net (fo=1, routed)           0.000     1.958    triggerTime_reg[10]_i_1_n_5
    SLICE_X36Y29         FDRE                                         r  triggerTime_reg[10]/D
  -------------------------------------------------------------------    -------------------

                         (clock sysClk rise edge)     0.000     0.000 r  
    U18                                               0.000     0.000 r  sysClk (IN)
                         net (fo=0)                   0.000     0.000    sysClk
    U18                  IBUF (Prop_ibuf_I_O)         0.486     0.486 r  sysClk_IBUF_inst/O
                         net (fo=1, routed)           0.683     1.169    sysClk_IBUF
    BUFGCTRL_X0Y2        BUFG (Prop_bufg_I_O)         0.029     1.198 r  sysClk_IBUF_BUFG_inst/O
                         net (fo=76, routed)          0.848     2.046    sysClk_IBUF_BUFG
    SLICE_X36Y29         FDRE                                         r  triggerTime_reg[10]/C
                         clock pessimism             -0.481     1.565    
    SLICE_X36Y29         FDRE (Hold_fdre_C_D)         0.105     1.670    triggerTime_reg[10]
  -------------------------------------------------------------------
                         required time                         -1.670    
                         arrival time                           1.958    
  -------------------------------------------------------------------
                         slack                                  0.288    

Slack (MET) :             0.314ns  (arrival time - required time)
  Source:                 triggerTimeTemp_reg[3]/C
                            (rising edge-triggered cell FDRE clocked by sysClk  {rise@0.000ns fall@10.000ns period=20.000ns})
  Destination:            triggerTimeTemp_reg[3]/D
                            (rising edge-triggered cell FDRE clocked by sysClk  {rise@0.000ns fall@10.000ns period=20.000ns})
  Path Group:             sysClk
  Path Type:              Hold (Min at Fast Process Corner)
  Requirement:            0.000ns  (sysClk rise@0.000ns - sysClk rise@0.000ns)
  Data Path Delay:        0.419ns  (logic 0.249ns (59.393%)  route 0.170ns (40.607%))
  Logic Levels:           2  (CARRY4=1 LUT4=1)
  Clock Path Skew:        0.000ns (DCD - SCD - CPR)
    Destination Clock Delay (DCD):    2.047ns
    Source Clock Delay      (SCD):    1.532ns
    Clock Pessimism Removal (CPR):    0.515ns

    Location             Delay type                Incr(ns)  Path(ns)    Netlist Resource(s)
  -------------------------------------------------------------------    -------------------
                         (clock sysClk rise edge)     0.000     0.000 r  
    U18                                               0.000     0.000 r  sysClk (IN)
                         net (fo=0)                   0.000     0.000    sysClk
    U18                  IBUF (Prop_ibuf_I_O)         0.297     0.297 r  sysClk_IBUF_inst/O
                         net (fo=1, routed)           0.627     0.925    sysClk_IBUF
    BUFGCTRL_X0Y2        BUFG (Prop_bufg_I_O)         0.026     0.951 r  sysClk_IBUF_BUFG_inst/O
                         net (fo=76, routed)          0.582     1.532    sysClk_IBUF_BUFG
    SLICE_X41Y28         FDRE                                         r  triggerTimeTemp_reg[3]/C
  -------------------------------------------------------------------    -------------------
    SLICE_X41Y28         FDRE (Prop_fdre_C_Q)         0.141     1.673 r  triggerTimeTemp_reg[3]/Q
                         net (fo=2, routed)           0.170     1.843    triggerTimeTemp_reg[3]
    SLICE_X41Y28         LUT4 (Prop_lut4_I2_O)        0.045     1.888 r  triggerTimeTemp[3]_i_5/O
                         net (fo=1, routed)           0.000     1.888    triggerTimeTemp[3]_i_5_n_0
    SLICE_X41Y28         CARRY4 (Prop_carry4_S[3]_O[3])
                                                      0.063     1.951 r  triggerTimeTemp_reg[3]_i_1/O[3]
                         net (fo=1, routed)           0.000     1.951    triggerTimeTemp_reg[3]_i_1_n_4
    SLICE_X41Y28         FDRE                                         r  triggerTimeTemp_reg[3]/D
  -------------------------------------------------------------------    -------------------

                         (clock sysClk rise edge)     0.000     0.000 r  
    U18                                               0.000     0.000 r  sysClk (IN)
                         net (fo=0)                   0.000     0.000    sysClk
    U18                  IBUF (Prop_ibuf_I_O)         0.486     0.486 r  sysClk_IBUF_inst/O
                         net (fo=1, routed)           0.683     1.169    sysClk_IBUF
    BUFGCTRL_X0Y2        BUFG (Prop_bufg_I_O)         0.029     1.198 r  sysClk_IBUF_BUFG_inst/O
                         net (fo=76, routed)          0.849     2.047    sysClk_IBUF_BUFG
    SLICE_X41Y28         FDRE                                         r  triggerTimeTemp_reg[3]/C
                         clock pessimism             -0.515     1.532    
    SLICE_X41Y28         FDRE (Hold_fdre_C_D)         0.105     1.637    triggerTimeTemp_reg[3]
  -------------------------------------------------------------------
                         required time                         -1.637    
                         arrival time                           1.951    
  -------------------------------------------------------------------
                         slack                                  0.314    

Slack (MET) :             0.314ns  (arrival time - required time)
  Source:                 triggerTimeTemp_reg[7]/C
                            (rising edge-triggered cell FDRE clocked by sysClk  {rise@0.000ns fall@10.000ns period=20.000ns})
  Destination:            triggerTimeTemp_reg[7]/D
                            (rising edge-triggered cell FDRE clocked by sysClk  {rise@0.000ns fall@10.000ns period=20.000ns})
  Path Group:             sysClk
  Path Type:              Hold (Min at Fast Process Corner)
  Requirement:            0.000ns  (sysClk rise@0.000ns - sysClk rise@0.000ns)
  Data Path Delay:        0.419ns  (logic 0.249ns (59.384%)  route 0.170ns (40.616%))
  Logic Levels:           2  (CARRY4=1 LUT4=1)
  Clock Path Skew:        0.000ns (DCD - SCD - CPR)
    Destination Clock Delay (DCD):    2.048ns
    Source Clock Delay      (SCD):    1.533ns
    Clock Pessimism Removal (CPR):    0.515ns

    Location             Delay type                Incr(ns)  Path(ns)    Netlist Resource(s)
  -------------------------------------------------------------------    -------------------
                         (clock sysClk rise edge)     0.000     0.000 r  
    U18                                               0.000     0.000 r  sysClk (IN)
                         net (fo=0)                   0.000     0.000    sysClk
    U18                  IBUF (Prop_ibuf_I_O)         0.297     0.297 r  sysClk_IBUF_inst/O
                         net (fo=1, routed)           0.627     0.925    sysClk_IBUF
    BUFGCTRL_X0Y2        BUFG (Prop_bufg_I_O)         0.026     0.951 r  sysClk_IBUF_BUFG_inst/O
                         net (fo=76, routed)          0.583     1.533    sysClk_IBUF_BUFG
    SLICE_X41Y29         FDRE                                         r  triggerTimeTemp_reg[7]/C
  -------------------------------------------------------------------    -------------------
    SLICE_X41Y29         FDRE (Prop_fdre_C_Q)         0.141     1.674 r  triggerTimeTemp_reg[7]/Q
                         net (fo=2, routed)           0.170     1.844    triggerTimeTemp_reg[7]
    SLICE_X41Y29         LUT4 (Prop_lut4_I3_O)        0.045     1.889 r  triggerTimeTemp[7]_i_6/O
                         net (fo=1, routed)           0.000     1.889    triggerTimeTemp[7]_i_6_n_0
    SLICE_X41Y29         CARRY4 (Prop_carry4_S[3]_O[3])
                                                      0.063     1.952 r  triggerTimeTemp_reg[7]_i_1/O[3]
                         net (fo=1, routed)           0.000     1.952    triggerTimeTemp_reg[7]_i_1_n_4
    SLICE_X41Y29         FDRE                                         r  triggerTimeTemp_reg[7]/D
  -------------------------------------------------------------------    -------------------

                         (clock sysClk rise edge)     0.000     0.000 r  
    U18                                               0.000     0.000 r  sysClk (IN)
                         net (fo=0)                   0.000     0.000    sysClk
    U18                  IBUF (Prop_ibuf_I_O)         0.486     0.486 r  sysClk_IBUF_inst/O
                         net (fo=1, routed)           0.683     1.169    sysClk_IBUF
    BUFGCTRL_X0Y2        BUFG (Prop_bufg_I_O)         0.029     1.198 r  sysClk_IBUF_BUFG_inst/O
                         net (fo=76, routed)          0.850     2.048    sysClk_IBUF_BUFG
    SLICE_X41Y29         FDRE                                         r  triggerTimeTemp_reg[7]/C
                         clock pessimism             -0.515     1.533    
    SLICE_X41Y29         FDRE (Hold_fdre_C_D)         0.105     1.638    triggerTimeTemp_reg[7]
  -------------------------------------------------------------------
                         required time                         -1.638    
                         arrival time                           1.952    
  -------------------------------------------------------------------
                         slack                                  0.314    

Slack (MET) :             0.317ns  (arrival time - required time)
  Source:                 triggerVoltTemp_reg[7]/C
                            (rising edge-triggered cell FDRE clocked by sysClk  {rise@0.000ns fall@10.000ns period=20.000ns})
  Destination:            triggerVoltTemp_reg[7]/D
                            (rising edge-triggered cell FDRE clocked by sysClk  {rise@0.000ns fall@10.000ns period=20.000ns})
  Path Group:             sysClk
  Path Type:              Hold (Min at Fast Process Corner)
  Requirement:            0.000ns  (sysClk rise@0.000ns - sysClk rise@0.000ns)
  Data Path Delay:        0.422ns  (logic 0.249ns (58.987%)  route 0.173ns (41.013%))
  Logic Levels:           2  (CARRY4=1 LUT4=1)
  Clock Path Skew:        0.000ns (DCD - SCD - CPR)
    Destination Clock Delay (DCD):    2.051ns
    Source Clock Delay      (SCD):    1.536ns
    Clock Pessimism Removal (CPR):    0.515ns

    Location             Delay type                Incr(ns)  Path(ns)    Netlist Resource(s)
  -------------------------------------------------------------------    -------------------
                         (clock sysClk rise edge)     0.000     0.000 r  
    U18                                               0.000     0.000 r  sysClk (IN)
                         net (fo=0)                   0.000     0.000    sysClk
    U18                  IBUF (Prop_ibuf_I_O)         0.297     0.297 r  sysClk_IBUF_inst/O
                         net (fo=1, routed)           0.627     0.925    sysClk_IBUF
    BUFGCTRL_X0Y2        BUFG (Prop_bufg_I_O)         0.026     0.951 r  sysClk_IBUF_BUFG_inst/O
                         net (fo=76, routed)          0.586     1.536    sysClk_IBUF_BUFG
    SLICE_X40Y32         FDRE                                         r  triggerVoltTemp_reg[7]/C
  -------------------------------------------------------------------    -------------------
    SLICE_X40Y32         FDRE (Prop_fdre_C_Q)         0.141     1.677 r  triggerVoltTemp_reg[7]/Q
                         net (fo=2, routed)           0.173     1.850    triggerVoltTemp_reg[7]
    SLICE_X40Y32         LUT4 (Prop_lut4_I3_O)        0.045     1.895 r  triggerVoltTemp[7]_i_6/O
                         net (fo=1, routed)           0.000     1.895    triggerVoltTemp[7]_i_6_n_0
    SLICE_X40Y32         CARRY4 (Prop_carry4_S[3]_O[3])
                                                      0.063     1.958 r  triggerVoltTemp_reg[7]_i_1/O[3]
                         net (fo=1, routed)           0.000     1.958    triggerVoltTemp_reg[7]_i_1_n_4
    SLICE_X40Y32         FDRE                                         r  triggerVoltTemp_reg[7]/D
  -------------------------------------------------------------------    -------------------

                         (clock sysClk rise edge)     0.000     0.000 r  
    U18                                               0.000     0.000 r  sysClk (IN)
                         net (fo=0)                   0.000     0.000    sysClk
    U18                  IBUF (Prop_ibuf_I_O)         0.486     0.486 r  sysClk_IBUF_inst/O
                         net (fo=1, routed)           0.683     1.169    sysClk_IBUF
    BUFGCTRL_X0Y2        BUFG (Prop_bufg_I_O)         0.029     1.198 r  sysClk_IBUF_BUFG_inst/O
                         net (fo=76, routed)          0.853     2.051    sysClk_IBUF_BUFG
    SLICE_X40Y32         FDRE                                         r  triggerVoltTemp_reg[7]/C
                         clock pessimism             -0.515     1.536    
    SLICE_X40Y32         FDRE (Hold_fdre_C_D)         0.105     1.641    triggerVoltTemp_reg[7]
  -------------------------------------------------------------------
                         required time                         -1.641    
                         arrival time                           1.958    
  -------------------------------------------------------------------
                         slack                                  0.317    

Slack (MET) :             0.317ns  (arrival time - required time)
  Source:                 triggerVoltTemp_reg[3]/C
                            (rising edge-triggered cell FDRE clocked by sysClk  {rise@0.000ns fall@10.000ns period=20.000ns})
  Destination:            triggerVoltTemp_reg[3]/D
                            (rising edge-triggered cell FDRE clocked by sysClk  {rise@0.000ns fall@10.000ns period=20.000ns})
  Path Group:             sysClk
  Path Type:              Hold (Min at Fast Process Corner)
  Requirement:            0.000ns  (sysClk rise@0.000ns - sysClk rise@0.000ns)
  Data Path Delay:        0.422ns  (logic 0.249ns (58.987%)  route 0.173ns (41.013%))
  Logic Levels:           2  (CARRY4=1 LUT4=1)
  Clock Path Skew:        0.000ns (DCD - SCD - CPR)
    Destination Clock Delay (DCD):    2.050ns
    Source Clock Delay      (SCD):    1.535ns
    Clock Pessimism Removal (CPR):    0.515ns

    Location             Delay type                Incr(ns)  Path(ns)    Netlist Resource(s)
  -------------------------------------------------------------------    -------------------
                         (clock sysClk rise edge)     0.000     0.000 r  
    U18                                               0.000     0.000 r  sysClk (IN)
                         net (fo=0)                   0.000     0.000    sysClk
    U18                  IBUF (Prop_ibuf_I_O)         0.297     0.297 r  sysClk_IBUF_inst/O
                         net (fo=1, routed)           0.627     0.925    sysClk_IBUF
    BUFGCTRL_X0Y2        BUFG (Prop_bufg_I_O)         0.026     0.951 r  sysClk_IBUF_BUFG_inst/O
                         net (fo=76, routed)          0.585     1.535    sysClk_IBUF_BUFG
    SLICE_X40Y31         FDRE                                         r  triggerVoltTemp_reg[3]/C
  -------------------------------------------------------------------    -------------------
    SLICE_X40Y31         FDRE (Prop_fdre_C_Q)         0.141     1.676 r  triggerVoltTemp_reg[3]/Q
                         net (fo=2, routed)           0.173     1.849    triggerVoltTemp_reg[3]
    SLICE_X40Y31         LUT4 (Prop_lut4_I2_O)        0.045     1.894 r  triggerVoltTemp[3]_i_5/O
                         net (fo=1, routed)           0.000     1.894    triggerVoltTemp[3]_i_5_n_0
    SLICE_X40Y31         CARRY4 (Prop_carry4_S[3]_O[3])
                                                      0.063     1.957 r  triggerVoltTemp_reg[3]_i_1/O[3]
                         net (fo=1, routed)           0.000     1.957    triggerVoltTemp_reg[3]_i_1_n_4
    SLICE_X40Y31         FDRE                                         r  triggerVoltTemp_reg[3]/D
  -------------------------------------------------------------------    -------------------

                         (clock sysClk rise edge)     0.000     0.000 r  
    U18                                               0.000     0.000 r  sysClk (IN)
                         net (fo=0)                   0.000     0.000    sysClk
    U18                  IBUF (Prop_ibuf_I_O)         0.486     0.486 r  sysClk_IBUF_inst/O
                         net (fo=1, routed)           0.683     1.169    sysClk_IBUF
    BUFGCTRL_X0Y2        BUFG (Prop_bufg_I_O)         0.029     1.198 r  sysClk_IBUF_BUFG_inst/O
                         net (fo=76, routed)          0.852     2.050    sysClk_IBUF_BUFG
    SLICE_X40Y31         FDRE                                         r  triggerVoltTemp_reg[3]/C
                         clock pessimism             -0.515     1.535    
    SLICE_X40Y31         FDRE (Hold_fdre_C_D)         0.105     1.640    triggerVoltTemp_reg[3]
  -------------------------------------------------------------------
                         required time                         -1.640    
                         arrival time                           1.957    
  -------------------------------------------------------------------
                         slack                                  0.317    

Slack (MET) :             0.319ns  (arrival time - required time)
  Source:                 triggerTimeTemp_reg[8]/C
                            (rising edge-triggered cell FDRE clocked by sysClk  {rise@0.000ns fall@10.000ns period=20.000ns})
  Destination:            triggerTimeTemp_reg[8]/D
                            (rising edge-triggered cell FDRE clocked by sysClk  {rise@0.000ns fall@10.000ns period=20.000ns})
  Path Group:             sysClk
  Path Type:              Hold (Min at Fast Process Corner)
  Requirement:            0.000ns  (sysClk rise@0.000ns - sysClk rise@0.000ns)
  Data Path Delay:        0.424ns  (logic 0.256ns (60.343%)  route 0.168ns (39.657%))
  Logic Levels:           2  (CARRY4=1 LUT4=1)
  Clock Path Skew:        0.000ns (DCD - SCD - CPR)
    Destination Clock Delay (DCD):    2.049ns
    Source Clock Delay      (SCD):    1.534ns
    Clock Pessimism Removal (CPR):    0.515ns

    Location             Delay type                Incr(ns)  Path(ns)    Netlist Resource(s)
  -------------------------------------------------------------------    -------------------
                         (clock sysClk rise edge)     0.000     0.000 r  
    U18                                               0.000     0.000 r  sysClk (IN)
                         net (fo=0)                   0.000     0.000    sysClk
    U18                  IBUF (Prop_ibuf_I_O)         0.297     0.297 r  sysClk_IBUF_inst/O
                         net (fo=1, routed)           0.627     0.925    sysClk_IBUF
    BUFGCTRL_X0Y2        BUFG (Prop_bufg_I_O)         0.026     0.951 r  sysClk_IBUF_BUFG_inst/O
                         net (fo=76, routed)          0.584     1.534    sysClk_IBUF_BUFG
    SLICE_X41Y30         FDRE                                         r  triggerTimeTemp_reg[8]/C
  -------------------------------------------------------------------    -------------------
    SLICE_X41Y30         FDRE (Prop_fdre_C_Q)         0.141     1.675 r  triggerTimeTemp_reg[8]/Q
                         net (fo=2, routed)           0.168     1.843    triggerTimeTemp_reg[8]
    SLICE_X41Y30         LUT4 (Prop_lut4_I3_O)        0.045     1.888 r  triggerTimeTemp[10]_i_6/O
                         net (fo=1, routed)           0.000     1.888    triggerTimeTemp[10]_i_6_n_0
    SLICE_X41Y30         CARRY4 (Prop_carry4_S[0]_O[0])
                                                      0.070     1.958 r  triggerTimeTemp_reg[10]_i_1/O[0]
                         net (fo=1, routed)           0.000     1.958    triggerTimeTemp_reg[10]_i_1_n_7
    SLICE_X41Y30         FDRE                                         r  triggerTimeTemp_reg[8]/D
  -------------------------------------------------------------------    -------------------

                         (clock sysClk rise edge)     0.000     0.000 r  
    U18                                               0.000     0.000 r  sysClk (IN)
                         net (fo=0)                   0.000     0.000    sysClk
    U18                  IBUF (Prop_ibuf_I_O)         0.486     0.486 r  sysClk_IBUF_inst/O
                         net (fo=1, routed)           0.683     1.169    sysClk_IBUF
    BUFGCTRL_X0Y2        BUFG (Prop_bufg_I_O)         0.029     1.198 r  sysClk_IBUF_BUFG_inst/O
                         net (fo=76, routed)          0.851     2.049    sysClk_IBUF_BUFG
    SLICE_X41Y30         FDRE                                         r  triggerTimeTemp_reg[8]/C
                         clock pessimism             -0.515     1.534    
    SLICE_X41Y30         FDRE (Hold_fdre_C_D)         0.105     1.639    triggerTimeTemp_reg[8]
  -------------------------------------------------------------------
                         required time                         -1.639    
                         arrival time                           1.958    
  -------------------------------------------------------------------
                         slack                                  0.319    

Slack (MET) :             0.319ns  (arrival time - required time)
  Source:                 triggerTimeTemp_reg[4]/C
                            (rising edge-triggered cell FDRE clocked by sysClk  {rise@0.000ns fall@10.000ns period=20.000ns})
  Destination:            triggerTimeTemp_reg[4]/D
                            (rising edge-triggered cell FDRE clocked by sysClk  {rise@0.000ns fall@10.000ns period=20.000ns})
  Path Group:             sysClk
  Path Type:              Hold (Min at Fast Process Corner)
  Requirement:            0.000ns  (sysClk rise@0.000ns - sysClk rise@0.000ns)
  Data Path Delay:        0.424ns  (logic 0.256ns (60.343%)  route 0.168ns (39.657%))
  Logic Levels:           2  (CARRY4=1 LUT4=1)
  Clock Path Skew:        0.000ns (DCD - SCD - CPR)
    Destination Clock Delay (DCD):    2.048ns
    Source Clock Delay      (SCD):    1.533ns
    Clock Pessimism Removal (CPR):    0.515ns

    Location             Delay type                Incr(ns)  Path(ns)    Netlist Resource(s)
  -------------------------------------------------------------------    -------------------
                         (clock sysClk rise edge)     0.000     0.000 r  
    U18                                               0.000     0.000 r  sysClk (IN)
                         net (fo=0)                   0.000     0.000    sysClk
    U18                  IBUF (Prop_ibuf_I_O)         0.297     0.297 r  sysClk_IBUF_inst/O
                         net (fo=1, routed)           0.627     0.925    sysClk_IBUF
    BUFGCTRL_X0Y2        BUFG (Prop_bufg_I_O)         0.026     0.951 r  sysClk_IBUF_BUFG_inst/O
                         net (fo=76, routed)          0.583     1.533    sysClk_IBUF_BUFG
    SLICE_X41Y29         FDRE                                         r  triggerTimeTemp_reg[4]/C
  -------------------------------------------------------------------    -------------------
    SLICE_X41Y29         FDRE (Prop_fdre_C_Q)         0.141     1.674 r  triggerTimeTemp_reg[4]/Q
                         net (fo=2, routed)           0.168     1.842    triggerTimeTemp_reg[4]
    SLICE_X41Y29         LUT4 (Prop_lut4_I3_O)        0.045     1.887 r  triggerTimeTemp[7]_i_9/O
                         net (fo=1, routed)           0.000     1.887    triggerTimeTemp[7]_i_9_n_0
    SLICE_X41Y29         CARRY4 (Prop_carry4_S[0]_O[0])
                                                      0.070     1.957 r  triggerTimeTemp_reg[7]_i_1/O[0]
                         net (fo=1, routed)           0.000     1.957    triggerTimeTemp_reg[7]_i_1_n_7
    SLICE_X41Y29         FDRE                                         r  triggerTimeTemp_reg[4]/D
  -------------------------------------------------------------------    -------------------

                         (clock sysClk rise edge)     0.000     0.000 r  
    U18                                               0.000     0.000 r  sysClk (IN)
                         net (fo=0)                   0.000     0.000    sysClk
    U18                  IBUF (Prop_ibuf_I_O)         0.486     0.486 r  sysClk_IBUF_inst/O
                         net (fo=1, routed)           0.683     1.169    sysClk_IBUF
    BUFGCTRL_X0Y2        BUFG (Prop_bufg_I_O)         0.029     1.198 r  sysClk_IBUF_BUFG_inst/O
                         net (fo=76, routed)          0.850     2.048    sysClk_IBUF_BUFG
    SLICE_X41Y29         FDRE                                         r  triggerTimeTemp_reg[4]/C
                         clock pessimism             -0.515     1.533    
    SLICE_X41Y29         FDRE (Hold_fdre_C_D)         0.105     1.638    triggerTimeTemp_reg[4]
  -------------------------------------------------------------------
                         required time                         -1.638    
                         arrival time                           1.957    
  -------------------------------------------------------------------
                         slack                                  0.319    

Slack (MET) :             0.319ns  (arrival time - required time)
  Source:                 triggerTimeTemp_reg[0]/C
                            (rising edge-triggered cell FDRE clocked by sysClk  {rise@0.000ns fall@10.000ns period=20.000ns})
  Destination:            triggerTimeTemp_reg[0]/D
                            (rising edge-triggered cell FDRE clocked by sysClk  {rise@0.000ns fall@10.000ns period=20.000ns})
  Path Group:             sysClk
  Path Type:              Hold (Min at Fast Process Corner)
  Requirement:            0.000ns  (sysClk rise@0.000ns - sysClk rise@0.000ns)
  Data Path Delay:        0.424ns  (logic 0.256ns (60.343%)  route 0.168ns (39.657%))
  Logic Levels:           2  (CARRY4=1 LUT2=1)
  Clock Path Skew:        0.000ns (DCD - SCD - CPR)
    Destination Clock Delay (DCD):    2.047ns
    Source Clock Delay      (SCD):    1.532ns
    Clock Pessimism Removal (CPR):    0.515ns

    Location             Delay type                Incr(ns)  Path(ns)    Netlist Resource(s)
  -------------------------------------------------------------------    -------------------
                         (clock sysClk rise edge)     0.000     0.000 r  
    U18                                               0.000     0.000 r  sysClk (IN)
                         net (fo=0)                   0.000     0.000    sysClk
    U18                  IBUF (Prop_ibuf_I_O)         0.297     0.297 r  sysClk_IBUF_inst/O
                         net (fo=1, routed)           0.627     0.925    sysClk_IBUF
    BUFGCTRL_X0Y2        BUFG (Prop_bufg_I_O)         0.026     0.951 r  sysClk_IBUF_BUFG_inst/O
                         net (fo=76, routed)          0.582     1.532    sysClk_IBUF_BUFG
    SLICE_X41Y28         FDRE                                         r  triggerTimeTemp_reg[0]/C
  -------------------------------------------------------------------    -------------------
    SLICE_X41Y28         FDRE (Prop_fdre_C_Q)         0.141     1.673 r  triggerTimeTemp_reg[0]/Q
                         net (fo=2, routed)           0.168     1.841    triggerTimeTemp_reg[0]
    SLICE_X41Y28         LUT2 (Prop_lut2_I1_O)        0.045     1.886 r  triggerTimeTemp[3]_i_8/O
                         net (fo=1, routed)           0.000     1.886    triggerTimeTemp[3]_i_8_n_0
    SLICE_X41Y28         CARRY4 (Prop_carry4_S[0]_O[0])
                                                      0.070     1.956 r  triggerTimeTemp_reg[3]_i_1/O[0]
                         net (fo=1, routed)           0.000     1.956    triggerTimeTemp_reg[3]_i_1_n_7
    SLICE_X41Y28         FDRE                                         r  triggerTimeTemp_reg[0]/D
  -------------------------------------------------------------------    -------------------

                         (clock sysClk rise edge)     0.000     0.000 r  
    U18                                               0.000     0.000 r  sysClk (IN)
                         net (fo=0)                   0.000     0.000    sysClk
    U18                  IBUF (Prop_ibuf_I_O)         0.486     0.486 r  sysClk_IBUF_inst/O
                         net (fo=1, routed)           0.683     1.169    sysClk_IBUF
    BUFGCTRL_X0Y2        BUFG (Prop_bufg_I_O)         0.029     1.198 r  sysClk_IBUF_BUFG_inst/O
                         net (fo=76, routed)          0.849     2.047    sysClk_IBUF_BUFG
    SLICE_X41Y28         FDRE                                         r  triggerTimeTemp_reg[0]/C
                         clock pessimism             -0.515     1.532    
    SLICE_X41Y28         FDRE (Hold_fdre_C_D)         0.105     1.637    triggerTimeTemp_reg[0]
  -------------------------------------------------------------------
                         required time                         -1.637    
                         arrival time                           1.956    
  -------------------------------------------------------------------
                         slack                                  0.319    

Slack (MET) :             0.336ns  (arrival time - required time)
  Source:                 triggerVoltTemp_reg[4]/C
                            (rising edge-triggered cell FDRE clocked by sysClk  {rise@0.000ns fall@10.000ns period=20.000ns})
  Destination:            triggerVoltTemp_reg[4]/D
                            (rising edge-triggered cell FDRE clocked by sysClk  {rise@0.000ns fall@10.000ns period=20.000ns})
  Path Group:             sysClk
  Path Type:              Hold (Min at Fast Process Corner)
  Requirement:            0.000ns  (sysClk rise@0.000ns - sysClk rise@0.000ns)
  Data Path Delay:        0.441ns  (logic 0.256ns (58.077%)  route 0.185ns (41.923%))
  Logic Levels:           2  (CARRY4=1 LUT4=1)
  Clock Path Skew:        0.000ns (DCD - SCD - CPR)
    Destination Clock Delay (DCD):    2.051ns
    Source Clock Delay      (SCD):    1.536ns
    Clock Pessimism Removal (CPR):    0.515ns

    Location             Delay type                Incr(ns)  Path(ns)    Netlist Resource(s)
  -------------------------------------------------------------------    -------------------
                         (clock sysClk rise edge)     0.000     0.000 r  
    U18                                               0.000     0.000 r  sysClk (IN)
                         net (fo=0)                   0.000     0.000    sysClk
    U18                  IBUF (Prop_ibuf_I_O)         0.297     0.297 r  sysClk_IBUF_inst/O
                         net (fo=1, routed)           0.627     0.925    sysClk_IBUF
    BUFGCTRL_X0Y2        BUFG (Prop_bufg_I_O)         0.026     0.951 r  sysClk_IBUF_BUFG_inst/O
                         net (fo=76, routed)          0.586     1.536    sysClk_IBUF_BUFG
    SLICE_X40Y32         FDRE                                         r  triggerVoltTemp_reg[4]/C
  -------------------------------------------------------------------    -------------------
    SLICE_X40Y32         FDRE (Prop_fdre_C_Q)         0.141     1.677 r  triggerVoltTemp_reg[4]/Q
                         net (fo=2, routed)           0.185     1.862    triggerVoltTemp_reg[4]
    SLICE_X40Y32         LUT4 (Prop_lut4_I3_O)        0.045     1.907 r  triggerVoltTemp[7]_i_9/O
                         net (fo=1, routed)           0.000     1.907    triggerVoltTemp[7]_i_9_n_0
    SLICE_X40Y32         CARRY4 (Prop_carry4_S[0]_O[0])
                                                      0.070     1.977 r  triggerVoltTemp_reg[7]_i_1/O[0]
                         net (fo=1, routed)           0.000     1.977    triggerVoltTemp_reg[7]_i_1_n_7
    SLICE_X40Y32         FDRE                                         r  triggerVoltTemp_reg[4]/D
  -------------------------------------------------------------------    -------------------

                         (clock sysClk rise edge)     0.000     0.000 r  
    U18                                               0.000     0.000 r  sysClk (IN)
                         net (fo=0)                   0.000     0.000    sysClk
    U18                  IBUF (Prop_ibuf_I_O)         0.486     0.486 r  sysClk_IBUF_inst/O
                         net (fo=1, routed)           0.683     1.169    sysClk_IBUF
    BUFGCTRL_X0Y2        BUFG (Prop_bufg_I_O)         0.029     1.198 r  sysClk_IBUF_BUFG_inst/O
                         net (fo=76, routed)          0.853     2.051    sysClk_IBUF_BUFG
    SLICE_X40Y32         FDRE                                         r  triggerVoltTemp_reg[4]/C
                         clock pessimism             -0.515     1.536    
    SLICE_X40Y32         FDRE (Hold_fdre_C_D)         0.105     1.641    triggerVoltTemp_reg[4]
  -------------------------------------------------------------------
                         required time                         -1.641    
                         arrival time                           1.977    
  -------------------------------------------------------------------
                         slack                                  0.336    

Slack (MET) :             0.336ns  (arrival time - required time)
  Source:                 triggerVoltTemp_reg[0]/C
                            (rising edge-triggered cell FDRE clocked by sysClk  {rise@0.000ns fall@10.000ns period=20.000ns})
  Destination:            triggerVoltTemp_reg[0]/D
                            (rising edge-triggered cell FDRE clocked by sysClk  {rise@0.000ns fall@10.000ns period=20.000ns})
  Path Group:             sysClk
  Path Type:              Hold (Min at Fast Process Corner)
  Requirement:            0.000ns  (sysClk rise@0.000ns - sysClk rise@0.000ns)
  Data Path Delay:        0.441ns  (logic 0.256ns (58.077%)  route 0.185ns (41.923%))
  Logic Levels:           2  (CARRY4=1 LUT2=1)
  Clock Path Skew:        0.000ns (DCD - SCD - CPR)
    Destination Clock Delay (DCD):    2.050ns
    Source Clock Delay      (SCD):    1.535ns
    Clock Pessimism Removal (CPR):    0.515ns

    Location             Delay type                Incr(ns)  Path(ns)    Netlist Resource(s)
  -------------------------------------------------------------------    -------------------
                         (clock sysClk rise edge)     0.000     0.000 r  
    U18                                               0.000     0.000 r  sysClk (IN)
                         net (fo=0)                   0.000     0.000    sysClk
    U18                  IBUF (Prop_ibuf_I_O)         0.297     0.297 r  sysClk_IBUF_inst/O
                         net (fo=1, routed)           0.627     0.925    sysClk_IBUF
    BUFGCTRL_X0Y2        BUFG (Prop_bufg_I_O)         0.026     0.951 r  sysClk_IBUF_BUFG_inst/O
                         net (fo=76, routed)          0.585     1.535    sysClk_IBUF_BUFG
    SLICE_X40Y31         FDRE                                         r  triggerVoltTemp_reg[0]/C
  -------------------------------------------------------------------    -------------------
    SLICE_X40Y31         FDRE (Prop_fdre_C_Q)         0.141     1.676 r  triggerVoltTemp_reg[0]/Q
                         net (fo=2, routed)           0.185     1.861    triggerVoltTemp_reg[0]
    SLICE_X40Y31         LUT2 (Prop_lut2_I1_O)        0.045     1.906 r  triggerVoltTemp[3]_i_8/O
                         net (fo=1, routed)           0.000     1.906    triggerVoltTemp[3]_i_8_n_0
    SLICE_X40Y31         CARRY4 (Prop_carry4_S[0]_O[0])
                                                      0.070     1.976 r  triggerVoltTemp_reg[3]_i_1/O[0]
                         net (fo=1, routed)           0.000     1.976    triggerVoltTemp_reg[3]_i_1_n_7
    SLICE_X40Y31         FDRE                                         r  triggerVoltTemp_reg[0]/D
  -------------------------------------------------------------------    -------------------

                         (clock sysClk rise edge)     0.000     0.000 r  
    U18                                               0.000     0.000 r  sysClk (IN)
                         net (fo=0)                   0.000     0.000    sysClk
    U18                  IBUF (Prop_ibuf_I_O)         0.486     0.486 r  sysClk_IBUF_inst/O
                         net (fo=1, routed)           0.683     1.169    sysClk_IBUF
    BUFGCTRL_X0Y2        BUFG (Prop_bufg_I_O)         0.029     1.198 r  sysClk_IBUF_BUFG_inst/O
                         net (fo=76, routed)          0.852     2.050    sysClk_IBUF_BUFG
    SLICE_X40Y31         FDRE                                         r  triggerVoltTemp_reg[0]/C
                         clock pessimism             -0.515     1.535    
    SLICE_X40Y31         FDRE (Hold_fdre_C_D)         0.105     1.640    triggerVoltTemp_reg[0]
  -------------------------------------------------------------------
                         required time                         -1.640    
                         arrival time                           1.976    
  -------------------------------------------------------------------
                         slack                                  0.336    





Pulse Width Checks
--------------------------------------------------------------------------------------
Clock Name:         sysClk
Waveform(ns):       { 0.000 10.000 }
Period(ns):         20.000
Sources:            { sysClk }

Check Type        Corner  Lib Pin  Reference Pin  Required(ns)  Actual(ns)  Slack(ns)  Location       Pin
Min Period        n/a     BUFG/I   n/a            2.155         20.000      17.845     BUFGCTRL_X0Y2  sysClk_IBUF_BUFG_inst/I
Min Period        n/a     FDRE/C   n/a            1.000         20.000      19.000     SLICE_X38Y39   btnTemp_reg[0]/C
Min Period        n/a     FDRE/C   n/a            1.000         20.000      19.000     SLICE_X38Y39   btnTemp_reg[1]/C
Min Period        n/a     FDRE/C   n/a            1.000         20.000      19.000     SLICE_X38Y39   btnTemp_reg[2]/C
Min Period        n/a     FDRE/C   n/a            1.000         20.000      19.000     SLICE_X41Y28   triggerTimeTemp_reg[0]/C
Min Period        n/a     FDRE/C   n/a            1.000         20.000      19.000     SLICE_X41Y30   triggerTimeTemp_reg[10]/C
Min Period        n/a     FDRE/C   n/a            1.000         20.000      19.000     SLICE_X41Y28   triggerTimeTemp_reg[1]/C
Min Period        n/a     FDRE/C   n/a            1.000         20.000      19.000     SLICE_X41Y28   triggerTimeTemp_reg[2]/C
Min Period        n/a     FDRE/C   n/a            1.000         20.000      19.000     SLICE_X41Y28   triggerTimeTemp_reg[3]/C
Min Period        n/a     FDRE/C   n/a            1.000         20.000      19.000     SLICE_X41Y29   triggerTimeTemp_reg[4]/C
Low Pulse Width   Slow    FDRE/C   n/a            0.500         10.000      9.500      SLICE_X38Y39   btnTemp_reg[0]/C
Low Pulse Width   Fast    FDRE/C   n/a            0.500         10.000      9.500      SLICE_X38Y39   btnTemp_reg[0]/C
Low Pulse Width   Slow    FDRE/C   n/a            0.500         10.000      9.500      SLICE_X38Y39   btnTemp_reg[1]/C
Low Pulse Width   Fast    FDRE/C   n/a            0.500         10.000      9.500      SLICE_X38Y39   btnTemp_reg[1]/C
Low Pulse Width   Slow    FDRE/C   n/a            0.500         10.000      9.500      SLICE_X38Y39   btnTemp_reg[2]/C
Low Pulse Width   Fast    FDRE/C   n/a            0.500         10.000      9.500      SLICE_X38Y39   btnTemp_reg[2]/C
Low Pulse Width   Slow    FDRE/C   n/a            0.500         10.000      9.500      SLICE_X41Y28   triggerTimeTemp_reg[0]/C
Low Pulse Width   Fast    FDRE/C   n/a            0.500         10.000      9.500      SLICE_X41Y28   triggerTimeTemp_reg[0]/C
Low Pulse Width   Slow    FDRE/C   n/a            0.500         10.000      9.500      SLICE_X41Y30   triggerTimeTemp_reg[10]/C
Low Pulse Width   Fast    FDRE/C   n/a            0.500         10.000      9.500      SLICE_X41Y30   triggerTimeTemp_reg[10]/C
High Pulse Width  Slow    FDRE/C   n/a            0.500         10.000      9.500      SLICE_X38Y39   btnTemp_reg[0]/C
High Pulse Width  Fast    FDRE/C   n/a            0.500         10.000      9.500      SLICE_X38Y39   btnTemp_reg[0]/C
High Pulse Width  Slow    FDRE/C   n/a            0.500         10.000      9.500      SLICE_X38Y39   btnTemp_reg[1]/C
High Pulse Width  Fast    FDRE/C   n/a            0.500         10.000      9.500      SLICE_X38Y39   btnTemp_reg[1]/C
High Pulse Width  Slow    FDRE/C   n/a            0.500         10.000      9.500      SLICE_X38Y39   btnTemp_reg[2]/C
High Pulse Width  Fast    FDRE/C   n/a            0.500         10.000      9.500      SLICE_X38Y39   btnTemp_reg[2]/C
High Pulse Width  Slow    FDRE/C   n/a            0.500         10.000      9.500      SLICE_X41Y28   triggerTimeTemp_reg[0]/C
High Pulse Width  Fast    FDRE/C   n/a            0.500         10.000      9.500      SLICE_X41Y28   triggerTimeTemp_reg[0]/C
High Pulse Width  Slow    FDRE/C   n/a            0.500         10.000      9.500      SLICE_X41Y30   triggerTimeTemp_reg[10]/C
High Pulse Width  Fast    FDRE/C   n/a            0.500         10.000      9.500      SLICE_X41Y30   triggerTimeTemp_reg[10]/C



---------------------------------------------------------------------------------------------------
From Clock:  vc/inst/clk_in1
  To Clock:  vc/inst/clk_in1

Setup :           NA  Failing Endpoints,  Worst Slack           NA  ,  Total Violation           NA
Hold  :           NA  Failing Endpoints,  Worst Slack           NA  ,  Total Violation           NA
PW    :            0  Failing Endpoints,  Worst Slack        7.000ns,  Total Violation        0.000ns
---------------------------------------------------------------------------------------------------


Pulse Width Checks
--------------------------------------------------------------------------------------
Clock Name:         vc/inst/clk_in1
Waveform(ns):       { 0.000 10.000 }
Period(ns):         20.000
Sources:            { vc/inst/clk_in1 }

Check Type        Corner  Lib Pin            Reference Pin  Required(ns)  Actual(ns)  Slack(ns)  Location         Pin
Min Period        n/a     MMCME2_ADV/CLKIN1  n/a            1.249         20.000      18.751     MMCME2_ADV_X0Y0  vc/inst/mmcm_adv_inst/CLKIN1
Max Period        n/a     MMCME2_ADV/CLKIN1  n/a            100.000       20.000      80.000     MMCME2_ADV_X0Y0  vc/inst/mmcm_adv_inst/CLKIN1
Low Pulse Width   Slow    MMCME2_ADV/CLKIN1  n/a            3.000         10.000      7.000      MMCME2_ADV_X0Y0  vc/inst/mmcm_adv_inst/CLKIN1
Low Pulse Width   Fast    MMCME2_ADV/CLKIN1  n/a            3.000         10.000      7.000      MMCME2_ADV_X0Y0  vc/inst/mmcm_adv_inst/CLKIN1
High Pulse Width  Slow    MMCME2_ADV/CLKIN1  n/a            3.000         10.000      7.000      MMCME2_ADV_X0Y0  vc/inst/mmcm_adv_inst/CLKIN1
High Pulse Width  Fast    MMCME2_ADV/CLKIN1  n/a            3.000         10.000      7.000      MMCME2_ADV_X0Y0  vc/inst/mmcm_adv_inst/CLKIN1



---------------------------------------------------------------------------------------------------
From Clock:  clk_out1_clk_wiz_0
  To Clock:  clk_out1_clk_wiz_0

Setup :            0  Failing Endpoints,  Worst Slack        4.137ns,  Total Violation        0.000ns
Hold  :            0  Failing Endpoints,  Worst Slack        0.143ns,  Total Violation        0.000ns
PW    :            0  Failing Endpoints,  Worst Slack        5.757ns,  Total Violation        0.000ns
---------------------------------------------------------------------------------------------------


Max Delay Paths
--------------------------------------------------------------------------------------
Slack (MET) :             4.137ns  (required time - arrival time)
  Source:                 vsg/pixelHorz_reg[9]/C
                            (rising edge-triggered cell FDRE clocked by clk_out1_clk_wiz_0  {rise@0.000ns fall@6.737ns period=13.474ns})
  Destination:            sf/blue_reg[7]/D
                            (rising edge-triggered cell FDRE clocked by clk_out1_clk_wiz_0  {rise@0.000ns fall@6.737ns period=13.474ns})
  Path Group:             clk_out1_clk_wiz_0
  Path Type:              Setup (Max at Slow Process Corner)
  Requirement:            13.474ns  (clk_out1_clk_wiz_0 rise@13.474ns - clk_out1_clk_wiz_0 rise@0.000ns)
  Data Path Delay:        9.059ns  (logic 1.747ns (19.284%)  route 7.312ns (80.716%))
  Logic Levels:           7  (LUT4=1 LUT5=1 LUT6=5)
  Clock Path Skew:        -0.075ns (DCD - SCD + CPR)
    Destination Clock Delay (DCD):    1.489ns = ( 14.963 - 13.474 ) 
    Source Clock Delay      (SCD):    1.669ns
    Clock Pessimism Removal (CPR):    0.105ns
  Clock Uncertainty:      0.234ns  ((TSJ^2 + DJ^2)^1/2) / 2 + PE
    Total System Jitter     (TSJ):    0.071ns
    Discrete Jitter          (DJ):    0.462ns
    Phase Error              (PE):    0.000ns

    Location             Delay type                Incr(ns)  Path(ns)    Netlist Resource(s)
  -------------------------------------------------------------------    -------------------
                         (clock clk_out1_clk_wiz_0 rise edge)
                                                      0.000     0.000 r  
    BUFGCTRL_X0Y2        BUFG                         0.000     0.000 r  sysClk_IBUF_BUFG_inst/O
                         net (fo=76, routed)          1.677     1.677    vc/inst/clk_in1
    MMCME2_ADV_X0Y0      MMCME2_ADV (Prop_mmcme2_adv_CLKIN1_CLKOUT0)
                                                     -3.538    -1.861 r  vc/inst/mmcm_adv_inst/CLKOUT0
                         net (fo=1, routed)           1.760    -0.101    vc/inst/clk_out1_clk_wiz_0
    BUFGCTRL_X0Y0        BUFG (Prop_bufg_I_O)         0.101     0.000 r  vc/inst/clkout1_buf/O
                         net (fo=221, routed)         1.669     1.669    vsg/CLK
    SLICE_X30Y36         FDRE                                         r  vsg/pixelHorz_reg[9]/C
  -------------------------------------------------------------------    -------------------
    SLICE_X30Y36         FDRE (Prop_fdre_C_Q)         0.478     2.147 r  vsg/pixelHorz_reg[9]/Q
                         net (fo=40, routed)          1.849     3.996    vsg/pixelHorz_reg[10]_0[9]
    SLICE_X33Y30         LUT4 (Prop_lut4_I1_O)        0.323     4.319 f  vsg/red[7]_i_83/O
                         net (fo=4, routed)           0.737     5.056    vsg/red[7]_i_83_n_0
    SLICE_X35Y33         LUT6 (Prop_lut6_I2_O)        0.326     5.382 r  vsg/red[7]_i_101/O
                         net (fo=1, routed)           0.819     6.201    vsg/red[7]_i_101_n_0
    SLICE_X32Y30         LUT6 (Prop_lut6_I3_O)        0.124     6.325 r  vsg/red[7]_i_51/O
                         net (fo=1, routed)           0.945     7.271    vsg/red[7]_i_51_n_0
    SLICE_X30Y31         LUT6 (Prop_lut6_I4_O)        0.124     7.395 r  vsg/red[7]_i_28/O
                         net (fo=1, routed)           0.794     8.189    vsg/red[7]_i_28_n_0
    SLICE_X33Y32         LUT6 (Prop_lut6_I1_O)        0.124     8.313 r  vsg/red[7]_i_7/O
                         net (fo=3, routed)           1.324     9.637    vsg/sf/grid
    SLICE_X35Y30         LUT5 (Prop_lut5_I3_O)        0.124     9.761 r  vsg/blue[6]_i_1_comp/O
                         net (fo=1, routed)           0.844    10.604    vsg/pixelVert_reg[6]_1[0]_repN
    SLICE_X35Y30         LUT6 (Prop_lut6_I1_O)        0.124    10.728 r  vsg/blue[7]_i_1_comp_1/O
                         net (fo=1, routed)           0.000    10.728    sf/blue_reg[7]_1[1]
    SLICE_X35Y30         FDRE                                         r  sf/blue_reg[7]/D
  -------------------------------------------------------------------    -------------------

                         (clock clk_out1_clk_wiz_0 rise edge)
                                                     13.474    13.474 r  
    BUFGCTRL_X0Y2        BUFG                         0.000    13.474 r  sysClk_IBUF_BUFG_inst/O
                         net (fo=76, routed)          1.487    14.961    vc/inst/clk_in1
    MMCME2_ADV_X0Y0      MMCME2_ADV (Prop_mmcme2_adv_CLKIN1_CLKOUT0)
                                                     -3.177    11.784 r  vc/inst/mmcm_adv_inst/CLKOUT0
                         net (fo=1, routed)           1.599    13.383    vc/inst/clk_out1_clk_wiz_0
    BUFGCTRL_X0Y0        BUFG (Prop_bufg_I_O)         0.091    13.474 r  vc/inst/clkout1_buf/O
                         net (fo=221, routed)         1.489    14.963    sf/CLK
    SLICE_X35Y30         FDRE                                         r  sf/blue_reg[7]/C
                         clock pessimism              0.105    15.068    
                         clock uncertainty           -0.234    14.834    
    SLICE_X35Y30         FDRE (Setup_fdre_C_D)        0.031    14.865    sf/blue_reg[7]
  -------------------------------------------------------------------
                         required time                         14.865    
                         arrival time                         -10.728    
  -------------------------------------------------------------------
                         slack                                  4.137    

Slack (MET) :             5.361ns  (required time - arrival time)
  Source:                 vsg/pixelHorz_reg[9]/C
                            (rising edge-triggered cell FDRE clocked by clk_out1_clk_wiz_0  {rise@0.000ns fall@6.737ns period=13.474ns})
  Destination:            sf/green_reg[7]/D
                            (rising edge-triggered cell FDRE clocked by clk_out1_clk_wiz_0  {rise@0.000ns fall@6.737ns period=13.474ns})
  Path Group:             clk_out1_clk_wiz_0
  Path Type:              Setup (Max at Slow Process Corner)
  Requirement:            13.474ns  (clk_out1_clk_wiz_0 rise@13.474ns - clk_out1_clk_wiz_0 rise@0.000ns)
  Data Path Delay:        7.885ns  (logic 1.623ns (20.584%)  route 6.262ns (79.416%))
  Logic Levels:           6  (LUT4=1 LUT5=1 LUT6=4)
  Clock Path Skew:        -0.075ns (DCD - SCD + CPR)
    Destination Clock Delay (DCD):    1.489ns = ( 14.963 - 13.474 ) 
    Source Clock Delay      (SCD):    1.669ns
    Clock Pessimism Removal (CPR):    0.105ns
  Clock Uncertainty:      0.234ns  ((TSJ^2 + DJ^2)^1/2) / 2 + PE
    Total System Jitter     (TSJ):    0.071ns
    Discrete Jitter          (DJ):    0.462ns
    Phase Error              (PE):    0.000ns

    Location             Delay type                Incr(ns)  Path(ns)    Netlist Resource(s)
  -------------------------------------------------------------------    -------------------
                         (clock clk_out1_clk_wiz_0 rise edge)
                                                      0.000     0.000 r  
    BUFGCTRL_X0Y2        BUFG                         0.000     0.000 r  sysClk_IBUF_BUFG_inst/O
                         net (fo=76, routed)          1.677     1.677    vc/inst/clk_in1
    MMCME2_ADV_X0Y0      MMCME2_ADV (Prop_mmcme2_adv_CLKIN1_CLKOUT0)
                                                     -3.538    -1.861 r  vc/inst/mmcm_adv_inst/CLKOUT0
                         net (fo=1, routed)           1.760    -0.101    vc/inst/clk_out1_clk_wiz_0
    BUFGCTRL_X0Y0        BUFG (Prop_bufg_I_O)         0.101     0.000 r  vc/inst/clkout1_buf/O
                         net (fo=221, routed)         1.669     1.669    vsg/CLK
    SLICE_X30Y36         FDRE                                         r  vsg/pixelHorz_reg[9]/C
  -------------------------------------------------------------------    -------------------
    SLICE_X30Y36         FDRE (Prop_fdre_C_Q)         0.478     2.147 r  vsg/pixelHorz_reg[9]/Q
                         net (fo=40, routed)          1.849     3.996    vsg/pixelHorz_reg[10]_0[9]
    SLICE_X33Y30         LUT4 (Prop_lut4_I1_O)        0.323     4.319 f  vsg/red[7]_i_83/O
                         net (fo=4, routed)           0.737     5.056    vsg/red[7]_i_83_n_0
    SLICE_X35Y33         LUT6 (Prop_lut6_I2_O)        0.326     5.382 r  vsg/red[7]_i_101/O
                         net (fo=1, routed)           0.819     6.201    vsg/red[7]_i_101_n_0
    SLICE_X32Y30         LUT6 (Prop_lut6_I3_O)        0.124     6.325 r  vsg/red[7]_i_51/O
                         net (fo=1, routed)           0.945     7.271    vsg/red[7]_i_51_n_0
    SLICE_X30Y31         LUT6 (Prop_lut6_I4_O)        0.124     7.395 r  vsg/red[7]_i_28/O
                         net (fo=1, routed)           0.794     8.189    vsg/red[7]_i_28_n_0
    SLICE_X33Y32         LUT6 (Prop_lut6_I1_O)        0.124     8.313 r  vsg/red[7]_i_7/O
                         net (fo=3, routed)           1.117     9.430    vsg/sf/grid
    SLICE_X34Y30         LUT5 (Prop_lut5_I0_O)        0.124     9.554 r  vsg/green[7]_i_1/O
                         net (fo=1, routed)           0.000     9.554    sf/green_reg[7]_0
    SLICE_X34Y30         FDRE                                         r  sf/green_reg[7]/D
  -------------------------------------------------------------------    -------------------

                         (clock clk_out1_clk_wiz_0 rise edge)
                                                     13.474    13.474 r  
    BUFGCTRL_X0Y2        BUFG                         0.000    13.474 r  sysClk_IBUF_BUFG_inst/O
                         net (fo=76, routed)          1.487    14.961    vc/inst/clk_in1
    MMCME2_ADV_X0Y0      MMCME2_ADV (Prop_mmcme2_adv_CLKIN1_CLKOUT0)
                                                     -3.177    11.784 r  vc/inst/mmcm_adv_inst/CLKOUT0
                         net (fo=1, routed)           1.599    13.383    vc/inst/clk_out1_clk_wiz_0
    BUFGCTRL_X0Y0        BUFG (Prop_bufg_I_O)         0.091    13.474 r  vc/inst/clkout1_buf/O
                         net (fo=221, routed)         1.489    14.963    sf/CLK
    SLICE_X34Y30         FDRE                                         r  sf/green_reg[7]/C
                         clock pessimism              0.105    15.068    
                         clock uncertainty           -0.234    14.834    
    SLICE_X34Y30         FDRE (Setup_fdre_C_D)        0.081    14.915    sf/green_reg[7]
  -------------------------------------------------------------------
                         required time                         14.915    
                         arrival time                          -9.554    
  -------------------------------------------------------------------
                         slack                                  5.361    

Slack (MET) :             5.673ns  (required time - arrival time)
  Source:                 vsg/pixelVert_reg[4]/C
                            (rising edge-triggered cell FDRE clocked by clk_out1_clk_wiz_0  {rise@0.000ns fall@6.737ns period=13.474ns})
  Destination:            sf/green_reg[6]/D
                            (rising edge-triggered cell FDRE clocked by clk_out1_clk_wiz_0  {rise@0.000ns fall@6.737ns period=13.474ns})
  Path Group:             clk_out1_clk_wiz_0
  Path Type:              Setup (Max at Slow Process Corner)
  Requirement:            13.474ns  (clk_out1_clk_wiz_0 rise@13.474ns - clk_out1_clk_wiz_0 rise@0.000ns)
  Data Path Delay:        7.643ns  (logic 1.207ns (15.793%)  route 6.436ns (84.207%))
  Logic Levels:           5  (LUT4=1 LUT5=1 LUT6=3)
  Clock Path Skew:        -0.042ns (DCD - SCD + CPR)
    Destination Clock Delay (DCD):    1.489ns = ( 14.963 - 13.474 ) 
    Source Clock Delay      (SCD):    1.670ns
    Clock Pessimism Removal (CPR):    0.139ns
  Clock Uncertainty:      0.234ns  ((TSJ^2 + DJ^2)^1/2) / 2 + PE
    Total System Jitter     (TSJ):    0.071ns
    Discrete Jitter          (DJ):    0.462ns
    Phase Error              (PE):    0.000ns

    Location             Delay type                Incr(ns)  Path(ns)    Netlist Resource(s)
  -------------------------------------------------------------------    -------------------
                         (clock clk_out1_clk_wiz_0 rise edge)
                                                      0.000     0.000 r  
    BUFGCTRL_X0Y2        BUFG                         0.000     0.000 r  sysClk_IBUF_BUFG_inst/O
                         net (fo=76, routed)          1.677     1.677    vc/inst/clk_in1
    MMCME2_ADV_X0Y0      MMCME2_ADV (Prop_mmcme2_adv_CLKIN1_CLKOUT0)
                                                     -3.538    -1.861 r  vc/inst/mmcm_adv_inst/CLKOUT0
                         net (fo=1, routed)           1.760    -0.101    vc/inst/clk_out1_clk_wiz_0
    BUFGCTRL_X0Y0        BUFG (Prop_bufg_I_O)         0.101     0.000 r  vc/inst/clkout1_buf/O
                         net (fo=221, routed)         1.670     1.670    vsg/CLK
    SLICE_X35Y37         FDRE                                         r  vsg/pixelVert_reg[4]/C
  -------------------------------------------------------------------    -------------------
    SLICE_X35Y37         FDRE (Prop_fdre_C_Q)         0.419     2.089 r  vsg/pixelVert_reg[4]/Q
                         net (fo=36, routed)          2.475     4.564    vsg/pixelVert_reg[10]_0[4]
    SLICE_X39Y34         LUT5 (Prop_lut5_I3_O)        0.299     4.863 f  vsg/red[7]_i_33/O
                         net (fo=1, routed)           0.944     5.806    vsg/red[7]_i_33_n_0
    SLICE_X35Y36         LUT6 (Prop_lut6_I5_O)        0.124     5.930 r  vsg/red[7]_i_12/O
                         net (fo=1, routed)           1.166     7.096    vsg/red[7]_i_12_n_0
    SLICE_X39Y34         LUT6 (Prop_lut6_I1_O)        0.124     7.220 r  vsg/red[7]_i_3/O
                         net (fo=4, routed)           1.565     8.785    vsg/red[7]_i_3_n_0
    SLICE_X34Y30         LUT6 (Prop_lut6_I1_O)        0.124     8.909 r  vsg/blue[6]_i_1_comp_1/O
                         net (fo=3, routed)           0.286     9.196    vsg/pixelVert_reg[6]_1[0]
    SLICE_X34Y30         LUT4 (Prop_lut4_I0_O)        0.117     9.313 r  vsg/green[6]_i_1/O
                         net (fo=1, routed)           0.000     9.313    sf/green_reg[6]_0
    SLICE_X34Y30         FDRE                                         r  sf/green_reg[6]/D
  -------------------------------------------------------------------    -------------------

                         (clock clk_out1_clk_wiz_0 rise edge)
                                                     13.474    13.474 r  
    BUFGCTRL_X0Y2        BUFG                         0.000    13.474 r  sysClk_IBUF_BUFG_inst/O
                         net (fo=76, routed)          1.487    14.961    vc/inst/clk_in1
    MMCME2_ADV_X0Y0      MMCME2_ADV (Prop_mmcme2_adv_CLKIN1_CLKOUT0)
                                                     -3.177    11.784 r  vc/inst/mmcm_adv_inst/CLKOUT0
                         net (fo=1, routed)           1.599    13.383    vc/inst/clk_out1_clk_wiz_0
    BUFGCTRL_X0Y0        BUFG (Prop_bufg_I_O)         0.091    13.474 r  vc/inst/clkout1_buf/O
                         net (fo=221, routed)         1.489    14.963    sf/CLK
    SLICE_X34Y30         FDRE                                         r  sf/green_reg[6]/C
                         clock pessimism              0.139    15.102    
                         clock uncertainty           -0.234    14.868    
    SLICE_X34Y30         FDRE (Setup_fdre_C_D)        0.118    14.986    sf/green_reg[6]
  -------------------------------------------------------------------
                         required time                         14.986    
                         arrival time                          -9.313    
  -------------------------------------------------------------------
                         slack                                  5.673    

Slack (MET) :             5.797ns  (required time - arrival time)
  Source:                 vsg/pixelHorz_reg[9]/C
                            (rising edge-triggered cell FDRE clocked by clk_out1_clk_wiz_0  {rise@0.000ns fall@6.737ns period=13.474ns})
  Destination:            sf/red_reg[7]/D
                            (rising edge-triggered cell FDRE clocked by clk_out1_clk_wiz_0  {rise@0.000ns fall@6.737ns period=13.474ns})
  Path Group:             clk_out1_clk_wiz_0
  Path Type:              Setup (Max at Slow Process Corner)
  Requirement:            13.474ns  (clk_out1_clk_wiz_0 rise@13.474ns - clk_out1_clk_wiz_0 rise@0.000ns)
  Data Path Delay:        7.402ns  (logic 1.623ns (21.926%)  route 5.779ns (78.074%))
  Logic Levels:           6  (LUT4=1 LUT6=5)
  Clock Path Skew:        -0.072ns (DCD - SCD + CPR)
    Destination Clock Delay (DCD):    1.492ns = ( 14.966 - 13.474 ) 
    Source Clock Delay      (SCD):    1.669ns
    Clock Pessimism Removal (CPR):    0.105ns
  Clock Uncertainty:      0.234ns  ((TSJ^2 + DJ^2)^1/2) / 2 + PE
    Total System Jitter     (TSJ):    0.071ns
    Discrete Jitter          (DJ):    0.462ns
    Phase Error              (PE):    0.000ns

    Location             Delay type                Incr(ns)  Path(ns)    Netlist Resource(s)
  -------------------------------------------------------------------    -------------------
                         (clock clk_out1_clk_wiz_0 rise edge)
                                                      0.000     0.000 r  
    BUFGCTRL_X0Y2        BUFG                         0.000     0.000 r  sysClk_IBUF_BUFG_inst/O
                         net (fo=76, routed)          1.677     1.677    vc/inst/clk_in1
    MMCME2_ADV_X0Y0      MMCME2_ADV (Prop_mmcme2_adv_CLKIN1_CLKOUT0)
                                                     -3.538    -1.861 r  vc/inst/mmcm_adv_inst/CLKOUT0
                         net (fo=1, routed)           1.760    -0.101    vc/inst/clk_out1_clk_wiz_0
    BUFGCTRL_X0Y0        BUFG (Prop_bufg_I_O)         0.101     0.000 r  vc/inst/clkout1_buf/O
                         net (fo=221, routed)         1.669     1.669    vsg/CLK
    SLICE_X30Y36         FDRE                                         r  vsg/pixelHorz_reg[9]/C
  -------------------------------------------------------------------    -------------------
    SLICE_X30Y36         FDRE (Prop_fdre_C_Q)         0.478     2.147 r  vsg/pixelHorz_reg[9]/Q
                         net (fo=40, routed)          1.849     3.996    vsg/pixelHorz_reg[10]_0[9]
    SLICE_X33Y30         LUT4 (Prop_lut4_I1_O)        0.323     4.319 f  vsg/red[7]_i_83/O
                         net (fo=4, routed)           0.737     5.056    vsg/red[7]_i_83_n_0
    SLICE_X35Y33         LUT6 (Prop_lut6_I2_O)        0.326     5.382 r  vsg/red[7]_i_101/O
                         net (fo=1, routed)           0.819     6.201    vsg/red[7]_i_101_n_0
    SLICE_X32Y30         LUT6 (Prop_lut6_I3_O)        0.124     6.325 r  vsg/red[7]_i_51/O
                         net (fo=1, routed)           0.945     7.271    vsg/red[7]_i_51_n_0
    SLICE_X30Y31         LUT6 (Prop_lut6_I4_O)        0.124     7.395 r  vsg/red[7]_i_28/O
                         net (fo=1, routed)           0.794     8.189    vsg/red[7]_i_28_n_0
    SLICE_X33Y32         LUT6 (Prop_lut6_I1_O)        0.124     8.313 r  vsg/red[7]_i_7/O
                         net (fo=3, routed)           0.634     8.947    vsg/sf/grid
    SLICE_X35Y32         LUT6 (Prop_lut6_I5_O)        0.124     9.071 r  vsg/red[7]_i_1/O
                         net (fo=1, routed)           0.000     9.071    sf/D[1]
    SLICE_X35Y32         FDRE                                         r  sf/red_reg[7]/D
  -------------------------------------------------------------------    -------------------

                         (clock clk_out1_clk_wiz_0 rise edge)
                                                     13.474    13.474 r  
    BUFGCTRL_X0Y2        BUFG                         0.000    13.474 r  sysClk_IBUF_BUFG_inst/O
                         net (fo=76, routed)          1.487    14.961    vc/inst/clk_in1
    MMCME2_ADV_X0Y0      MMCME2_ADV (Prop_mmcme2_adv_CLKIN1_CLKOUT0)
                                                     -3.177    11.784 r  vc/inst/mmcm_adv_inst/CLKOUT0
                         net (fo=1, routed)           1.599    13.383    vc/inst/clk_out1_clk_wiz_0
    BUFGCTRL_X0Y0        BUFG (Prop_bufg_I_O)         0.091    13.474 r  vc/inst/clkout1_buf/O
                         net (fo=221, routed)         1.492    14.966    sf/CLK
    SLICE_X35Y32         FDRE                                         r  sf/red_reg[7]/C
                         clock pessimism              0.105    15.071    
                         clock uncertainty           -0.234    14.837    
    SLICE_X35Y32         FDRE (Setup_fdre_C_D)        0.031    14.868    sf/red_reg[7]
  -------------------------------------------------------------------
                         required time                         14.868    
                         arrival time                          -9.071    
  -------------------------------------------------------------------
                         slack                                  5.797    

Slack (MET) :             6.035ns  (required time - arrival time)
  Source:                 vsg/pixelVert_reg[4]/C
                            (rising edge-triggered cell FDRE clocked by clk_out1_clk_wiz_0  {rise@0.000ns fall@6.737ns period=13.474ns})
  Destination:            sf/blue_reg[6]/D
                            (rising edge-triggered cell FDRE clocked by clk_out1_clk_wiz_0  {rise@0.000ns fall@6.737ns period=13.474ns})
  Path Group:             clk_out1_clk_wiz_0
  Path Type:              Setup (Max at Slow Process Corner)
  Requirement:            13.474ns  (clk_out1_clk_wiz_0 rise@13.474ns - clk_out1_clk_wiz_0 rise@0.000ns)
  Data Path Delay:        7.239ns  (logic 1.090ns (15.057%)  route 6.149ns (84.943%))
  Logic Levels:           4  (LUT5=1 LUT6=3)
  Clock Path Skew:        -0.042ns (DCD - SCD + CPR)
    Destination Clock Delay (DCD):    1.489ns = ( 14.963 - 13.474 ) 
    Source Clock Delay      (SCD):    1.670ns
    Clock Pessimism Removal (CPR):    0.139ns
  Clock Uncertainty:      0.234ns  ((TSJ^2 + DJ^2)^1/2) / 2 + PE
    Total System Jitter     (TSJ):    0.071ns
    Discrete Jitter          (DJ):    0.462ns
    Phase Error              (PE):    0.000ns

    Location             Delay type                Incr(ns)  Path(ns)    Netlist Resource(s)
  -------------------------------------------------------------------    -------------------
                         (clock clk_out1_clk_wiz_0 rise edge)
                                                      0.000     0.000 r  
    BUFGCTRL_X0Y2        BUFG                         0.000     0.000 r  sysClk_IBUF_BUFG_inst/O
                         net (fo=76, routed)          1.677     1.677    vc/inst/clk_in1
    MMCME2_ADV_X0Y0      MMCME2_ADV (Prop_mmcme2_adv_CLKIN1_CLKOUT0)
                                                     -3.538    -1.861 r  vc/inst/mmcm_adv_inst/CLKOUT0
                         net (fo=1, routed)           1.760    -0.101    vc/inst/clk_out1_clk_wiz_0
    BUFGCTRL_X0Y0        BUFG (Prop_bufg_I_O)         0.101     0.000 r  vc/inst/clkout1_buf/O
                         net (fo=221, routed)         1.670     1.670    vsg/CLK
    SLICE_X35Y37         FDRE                                         r  vsg/pixelVert_reg[4]/C
  -------------------------------------------------------------------    -------------------
    SLICE_X35Y37         FDRE (Prop_fdre_C_Q)         0.419     2.089 r  vsg/pixelVert_reg[4]/Q
                         net (fo=36, routed)          2.475     4.564    vsg/pixelVert_reg[10]_0[4]
    SLICE_X39Y34         LUT5 (Prop_lut5_I3_O)        0.299     4.863 f  vsg/red[7]_i_33/O
                         net (fo=1, routed)           0.944     5.806    vsg/red[7]_i_33_n_0
    SLICE_X35Y36         LUT6 (Prop_lut6_I5_O)        0.124     5.930 r  vsg/red[7]_i_12/O
                         net (fo=1, routed)           1.166     7.096    vsg/red[7]_i_12_n_0
    SLICE_X39Y34         LUT6 (Prop_lut6_I1_O)        0.124     7.220 r  vsg/red[7]_i_3/O
                         net (fo=4, routed)           1.565     8.785    vsg/red[7]_i_3_n_0
    SLICE_X34Y30         LUT6 (Prop_lut6_I1_O)        0.124     8.909 r  vsg/blue[6]_i_1_comp_1/O
                         net (fo=3, routed)           0.000     8.909    sf/blue_reg[7]_1[0]
    SLICE_X34Y30         FDRE                                         r  sf/blue_reg[6]/D
  -------------------------------------------------------------------    -------------------

                         (clock clk_out1_clk_wiz_0 rise edge)
                                                     13.474    13.474 r  
    BUFGCTRL_X0Y2        BUFG                         0.000    13.474 r  sysClk_IBUF_BUFG_inst/O
                         net (fo=76, routed)          1.487    14.961    vc/inst/clk_in1
    MMCME2_ADV_X0Y0      MMCME2_ADV (Prop_mmcme2_adv_CLKIN1_CLKOUT0)
                                                     -3.177    11.784 r  vc/inst/mmcm_adv_inst/CLKOUT0
                         net (fo=1, routed)           1.599    13.383    vc/inst/clk_out1_clk_wiz_0
    BUFGCTRL_X0Y0        BUFG (Prop_bufg_I_O)         0.091    13.474 r  vc/inst/clkout1_buf/O
                         net (fo=221, routed)         1.489    14.963    sf/CLK
    SLICE_X34Y30         FDRE                                         r  sf/blue_reg[6]/C
                         clock pessimism              0.139    15.102    
                         clock uncertainty           -0.234    14.868    
    SLICE_X34Y30         FDRE (Setup_fdre_C_D)        0.077    14.945    sf/blue_reg[6]
  -------------------------------------------------------------------
                         required time                         14.945    
                         arrival time                          -8.909    
  -------------------------------------------------------------------
                         slack                                  6.035    

Slack (MET) :             6.574ns  (required time - arrival time)
  Source:                 vsg/pixelHorz_reg[7]/C
                            (rising edge-triggered cell FDRE clocked by clk_out1_clk_wiz_0  {rise@0.000ns fall@6.737ns period=13.474ns})
  Destination:            sf/red_reg[6]/D
                            (rising edge-triggered cell FDRE clocked by clk_out1_clk_wiz_0  {rise@0.000ns fall@6.737ns period=13.474ns})
  Path Group:             clk_out1_clk_wiz_0
  Path Type:              Setup (Max at Slow Process Corner)
  Requirement:            13.474ns  (clk_out1_clk_wiz_0 rise@13.474ns - clk_out1_clk_wiz_0 rise@0.000ns)
  Data Path Delay:        6.628ns  (logic 1.262ns (19.040%)  route 5.366ns (80.960%))
  Logic Levels:           6  (LUT2=1 LUT4=2 LUT6=3)
  Clock Path Skew:        -0.069ns (DCD - SCD + CPR)
    Destination Clock Delay (DCD):    1.495ns = ( 14.969 - 13.474 ) 
    Source Clock Delay      (SCD):    1.669ns
    Clock Pessimism Removal (CPR):    0.105ns
  Clock Uncertainty:      0.234ns  ((TSJ^2 + DJ^2)^1/2) / 2 + PE
    Total System Jitter     (TSJ):    0.071ns
    Discrete Jitter          (DJ):    0.462ns
    Phase Error              (PE):    0.000ns

    Location             Delay type                Incr(ns)  Path(ns)    Netlist Resource(s)
  -------------------------------------------------------------------    -------------------
                         (clock clk_out1_clk_wiz_0 rise edge)
                                                      0.000     0.000 r  
    BUFGCTRL_X0Y2        BUFG                         0.000     0.000 r  sysClk_IBUF_BUFG_inst/O
                         net (fo=76, routed)          1.677     1.677    vc/inst/clk_in1
    MMCME2_ADV_X0Y0      MMCME2_ADV (Prop_mmcme2_adv_CLKIN1_CLKOUT0)
                                                     -3.538    -1.861 r  vc/inst/mmcm_adv_inst/CLKOUT0
                         net (fo=1, routed)           1.760    -0.101    vc/inst/clk_out1_clk_wiz_0
    BUFGCTRL_X0Y0        BUFG (Prop_bufg_I_O)         0.101     0.000 r  vc/inst/clkout1_buf/O
                         net (fo=221, routed)         1.669     1.669    vsg/CLK
    SLICE_X30Y36         FDRE                                         r  vsg/pixelHorz_reg[7]/C
  -------------------------------------------------------------------    -------------------
    SLICE_X30Y36         FDRE (Prop_fdre_C_Q)         0.518     2.187 r  vsg/pixelHorz_reg[7]/Q
                         net (fo=30, routed)          1.616     3.803    vsg/pixelHorz_reg[10]_0[7]
    SLICE_X33Y33         LUT2 (Prop_lut2_I0_O)        0.124     3.927 r  vsg/red[7]_i_58/O
                         net (fo=8, routed)           0.574     4.501    vsg/red[7]_i_58_n_0
    SLICE_X33Y35         LUT6 (Prop_lut6_I5_O)        0.124     4.625 r  vsg/blue[6]_i_13/O
                         net (fo=1, routed)           0.881     5.505    vsg/blue[6]_i_13_n_0
    SLICE_X37Y34         LUT4 (Prop_lut4_I3_O)        0.124     5.629 r  vsg/blue[6]_i_8_comp_1/O
                         net (fo=1, routed)           1.170     6.799    vsg/blue[6]_i_8_n_0
    SLICE_X35Y34         LUT6 (Prop_lut6_I3_O)        0.124     6.923 f  vsg/blue[6]_i_5_comp/O
                         net (fo=3, routed)           0.652     7.575    vsg/blue[6]_i_5_n_0
    SLICE_X35Y34         LUT6 (Prop_lut6_I1_O)        0.124     7.699 r  vsg/red[7]_i_4_comp/O
                         net (fo=2, routed)           0.474     8.173    vsg/red[7]_i_4_n_0
    SLICE_X35Y35         LUT4 (Prop_lut4_I3_O)        0.124     8.297 r  vsg/red[6]_i_1/O
                         net (fo=1, routed)           0.000     8.297    sf/D[0]
    SLICE_X35Y35         FDRE                                         r  sf/red_reg[6]/D
  -------------------------------------------------------------------    -------------------

                         (clock clk_out1_clk_wiz_0 rise edge)
                                                     13.474    13.474 r  
    BUFGCTRL_X0Y2        BUFG                         0.000    13.474 r  sysClk_IBUF_BUFG_inst/O
                         net (fo=76, routed)          1.487    14.961    vc/inst/clk_in1
    MMCME2_ADV_X0Y0      MMCME2_ADV (Prop_mmcme2_adv_CLKIN1_CLKOUT0)
                                                     -3.177    11.784 r  vc/inst/mmcm_adv_inst/CLKOUT0
                         net (fo=1, routed)           1.599    13.383    vc/inst/clk_out1_clk_wiz_0
    BUFGCTRL_X0Y0        BUFG (Prop_bufg_I_O)         0.091    13.474 r  vc/inst/clkout1_buf/O
                         net (fo=221, routed)         1.495    14.969    sf/CLK
    SLICE_X35Y35         FDRE                                         r  sf/red_reg[6]/C
                         clock pessimism              0.105    15.074    
                         clock uncertainty           -0.234    14.840    
    SLICE_X35Y35         FDRE (Setup_fdre_C_D)        0.031    14.871    sf/red_reg[6]
  -------------------------------------------------------------------
                         required time                         14.871    
                         arrival time                          -8.297    
  -------------------------------------------------------------------
                         slack                                  6.574    

Slack (MET) :             7.592ns  (required time - arrival time)
  Source:                 vsg/h_cnt_reg[1]/C
                            (rising edge-triggered cell FDRE clocked by clk_out1_clk_wiz_0  {rise@0.000ns fall@6.737ns period=13.474ns})
  Destination:            vsg/v_cnt_reg[6]/R
                            (rising edge-triggered cell FDRE clocked by clk_out1_clk_wiz_0  {rise@0.000ns fall@6.737ns period=13.474ns})
  Path Group:             clk_out1_clk_wiz_0
  Path Type:              Setup (Max at Slow Process Corner)
  Requirement:            13.474ns  (clk_out1_clk_wiz_0 rise@13.474ns - clk_out1_clk_wiz_0 rise@0.000ns)
  Data Path Delay:        5.055ns  (logic 1.244ns (24.608%)  route 3.811ns (75.392%))
  Logic Levels:           4  (LUT2=1 LUT4=1 LUT5=2)
  Clock Path Skew:        -0.069ns (DCD - SCD + CPR)
    Destination Clock Delay (DCD):    1.497ns = ( 14.971 - 13.474 ) 
    Source Clock Delay      (SCD):    1.671ns
    Clock Pessimism Removal (CPR):    0.105ns
  Clock Uncertainty:      0.234ns  ((TSJ^2 + DJ^2)^1/2) / 2 + PE
    Total System Jitter     (TSJ):    0.071ns
    Discrete Jitter          (DJ):    0.462ns
    Phase Error              (PE):    0.000ns

    Location             Delay type                Incr(ns)  Path(ns)    Netlist Resource(s)
  -------------------------------------------------------------------    -------------------
                         (clock clk_out1_clk_wiz_0 rise edge)
                                                      0.000     0.000 r  
    BUFGCTRL_X0Y2        BUFG                         0.000     0.000 r  sysClk_IBUF_BUFG_inst/O
                         net (fo=76, routed)          1.677     1.677    vc/inst/clk_in1
    MMCME2_ADV_X0Y0      MMCME2_ADV (Prop_mmcme2_adv_CLKIN1_CLKOUT0)
                                                     -3.538    -1.861 r  vc/inst/mmcm_adv_inst/CLKOUT0
                         net (fo=1, routed)           1.760    -0.101    vc/inst/clk_out1_clk_wiz_0
    BUFGCTRL_X0Y0        BUFG (Prop_bufg_I_O)         0.101     0.000 r  vc/inst/clkout1_buf/O
                         net (fo=221, routed)         1.671     1.671    vsg/CLK
    SLICE_X28Y38         FDRE                                         r  vsg/h_cnt_reg[1]/C
  -------------------------------------------------------------------    -------------------
    SLICE_X28Y38         FDRE (Prop_fdre_C_Q)         0.518     2.189 f  vsg/h_cnt_reg[1]/Q
                         net (fo=14, routed)          0.881     3.070    vsg/h_cnt_reg[1]
    SLICE_X28Y37         LUT4 (Prop_lut4_I3_O)        0.150     3.220 f  vsg/v_cnt[10]_i_6/O
                         net (fo=2, routed)           0.871     4.091    vsg/v_cnt[10]_i_6_n_0
    SLICE_X29Y37         LUT5 (Prop_lut5_I4_O)        0.328     4.419 r  vsg/v_cnt[10]_i_2/O
                         net (fo=15, routed)          0.995     5.414    vsg/eqOp3_in
    SLICE_X35Y37         LUT5 (Prop_lut5_I0_O)        0.124     5.538 r  vsg/v_cnt[10]_i_4/O
                         net (fo=2, routed)           0.542     6.081    vsg/v_cnt[10]_i_4_n_0
    SLICE_X33Y38         LUT2 (Prop_lut2_I0_O)        0.124     6.205 r  vsg/v_cnt[10]_i_1/O
                         net (fo=11, routed)          0.522     6.726    vsg/v_cnt[10]_i_1_n_0
    SLICE_X34Y38         FDRE                                         r  vsg/v_cnt_reg[6]/R
  -------------------------------------------------------------------    -------------------

                         (clock clk_out1_clk_wiz_0 rise edge)
                                                     13.474    13.474 r  
    BUFGCTRL_X0Y2        BUFG                         0.000    13.474 r  sysClk_IBUF_BUFG_inst/O
                         net (fo=76, routed)          1.487    14.961    vc/inst/clk_in1
    MMCME2_ADV_X0Y0      MMCME2_ADV (Prop_mmcme2_adv_CLKIN1_CLKOUT0)
                                                     -3.177    11.784 r  vc/inst/mmcm_adv_inst/CLKOUT0
                         net (fo=1, routed)           1.599    13.383    vc/inst/clk_out1_clk_wiz_0
    BUFGCTRL_X0Y0        BUFG (Prop_bufg_I_O)         0.091    13.474 r  vc/inst/clkout1_buf/O
                         net (fo=221, routed)         1.497    14.971    vsg/CLK
    SLICE_X34Y38         FDRE                                         r  vsg/v_cnt_reg[6]/C
                         clock pessimism              0.105    15.076    
                         clock uncertainty           -0.234    14.842    
    SLICE_X34Y38         FDRE (Setup_fdre_C_R)       -0.524    14.318    vsg/v_cnt_reg[6]
  -------------------------------------------------------------------
                         required time                         14.318    
                         arrival time                          -6.726    
  -------------------------------------------------------------------
                         slack                                  7.592    

Slack (MET) :             7.592ns  (required time - arrival time)
  Source:                 vsg/h_cnt_reg[1]/C
                            (rising edge-triggered cell FDRE clocked by clk_out1_clk_wiz_0  {rise@0.000ns fall@6.737ns period=13.474ns})
  Destination:            vsg/v_cnt_reg[7]/R
                            (rising edge-triggered cell FDRE clocked by clk_out1_clk_wiz_0  {rise@0.000ns fall@6.737ns period=13.474ns})
  Path Group:             clk_out1_clk_wiz_0
  Path Type:              Setup (Max at Slow Process Corner)
  Requirement:            13.474ns  (clk_out1_clk_wiz_0 rise@13.474ns - clk_out1_clk_wiz_0 rise@0.000ns)
  Data Path Delay:        5.055ns  (logic 1.244ns (24.608%)  route 3.811ns (75.392%))
  Logic Levels:           4  (LUT2=1 LUT4=1 LUT5=2)
  Clock Path Skew:        -0.069ns (DCD - SCD + CPR)
    Destination Clock Delay (DCD):    1.497ns = ( 14.971 - 13.474 ) 
    Source Clock Delay      (SCD):    1.671ns
    Clock Pessimism Removal (CPR):    0.105ns
  Clock Uncertainty:      0.234ns  ((TSJ^2 + DJ^2)^1/2) / 2 + PE
    Total System Jitter     (TSJ):    0.071ns
    Discrete Jitter          (DJ):    0.462ns
    Phase Error              (PE):    0.000ns

    Location             Delay type                Incr(ns)  Path(ns)    Netlist Resource(s)
  -------------------------------------------------------------------    -------------------
                         (clock clk_out1_clk_wiz_0 rise edge)
                                                      0.000     0.000 r  
    BUFGCTRL_X0Y2        BUFG                         0.000     0.000 r  sysClk_IBUF_BUFG_inst/O
                         net (fo=76, routed)          1.677     1.677    vc/inst/clk_in1
    MMCME2_ADV_X0Y0      MMCME2_ADV (Prop_mmcme2_adv_CLKIN1_CLKOUT0)
                                                     -3.538    -1.861 r  vc/inst/mmcm_adv_inst/CLKOUT0
                         net (fo=1, routed)           1.760    -0.101    vc/inst/clk_out1_clk_wiz_0
    BUFGCTRL_X0Y0        BUFG (Prop_bufg_I_O)         0.101     0.000 r  vc/inst/clkout1_buf/O
                         net (fo=221, routed)         1.671     1.671    vsg/CLK
    SLICE_X28Y38         FDRE                                         r  vsg/h_cnt_reg[1]/C
  -------------------------------------------------------------------    -------------------
    SLICE_X28Y38         FDRE (Prop_fdre_C_Q)         0.518     2.189 f  vsg/h_cnt_reg[1]/Q
                         net (fo=14, routed)          0.881     3.070    vsg/h_cnt_reg[1]
    SLICE_X28Y37         LUT4 (Prop_lut4_I3_O)        0.150     3.220 f  vsg/v_cnt[10]_i_6/O
                         net (fo=2, routed)           0.871     4.091    vsg/v_cnt[10]_i_6_n_0
    SLICE_X29Y37         LUT5 (Prop_lut5_I4_O)        0.328     4.419 r  vsg/v_cnt[10]_i_2/O
                         net (fo=15, routed)          0.995     5.414    vsg/eqOp3_in
    SLICE_X35Y37         LUT5 (Prop_lut5_I0_O)        0.124     5.538 r  vsg/v_cnt[10]_i_4/O
                         net (fo=2, routed)           0.542     6.081    vsg/v_cnt[10]_i_4_n_0
    SLICE_X33Y38         LUT2 (Prop_lut2_I0_O)        0.124     6.205 r  vsg/v_cnt[10]_i_1/O
                         net (fo=11, routed)          0.522     6.726    vsg/v_cnt[10]_i_1_n_0
    SLICE_X34Y38         FDRE                                         r  vsg/v_cnt_reg[7]/R
  -------------------------------------------------------------------    -------------------

                         (clock clk_out1_clk_wiz_0 rise edge)
                                                     13.474    13.474 r  
    BUFGCTRL_X0Y2        BUFG                         0.000    13.474 r  sysClk_IBUF_BUFG_inst/O
                         net (fo=76, routed)          1.487    14.961    vc/inst/clk_in1
    MMCME2_ADV_X0Y0      MMCME2_ADV (Prop_mmcme2_adv_CLKIN1_CLKOUT0)
                                                     -3.177    11.784 r  vc/inst/mmcm_adv_inst/CLKOUT0
                         net (fo=1, routed)           1.599    13.383    vc/inst/clk_out1_clk_wiz_0
    BUFGCTRL_X0Y0        BUFG (Prop_bufg_I_O)         0.091    13.474 r  vc/inst/clkout1_buf/O
                         net (fo=221, routed)         1.497    14.971    vsg/CLK
    SLICE_X34Y38         FDRE                                         r  vsg/v_cnt_reg[7]/C
                         clock pessimism              0.105    15.076    
                         clock uncertainty           -0.234    14.842    
    SLICE_X34Y38         FDRE (Setup_fdre_C_R)       -0.524    14.318    vsg/v_cnt_reg[7]
  -------------------------------------------------------------------
                         required time                         14.318    
                         arrival time                          -6.726    
  -------------------------------------------------------------------
                         slack                                  7.592    

Slack (MET) :             7.592ns  (required time - arrival time)
  Source:                 vsg/h_cnt_reg[1]/C
                            (rising edge-triggered cell FDRE clocked by clk_out1_clk_wiz_0  {rise@0.000ns fall@6.737ns period=13.474ns})
  Destination:            vsg/v_cnt_reg[9]/R
                            (rising edge-triggered cell FDRE clocked by clk_out1_clk_wiz_0  {rise@0.000ns fall@6.737ns period=13.474ns})
  Path Group:             clk_out1_clk_wiz_0
  Path Type:              Setup (Max at Slow Process Corner)
  Requirement:            13.474ns  (clk_out1_clk_wiz_0 rise@13.474ns - clk_out1_clk_wiz_0 rise@0.000ns)
  Data Path Delay:        5.055ns  (logic 1.244ns (24.608%)  route 3.811ns (75.392%))
  Logic Levels:           4  (LUT2=1 LUT4=1 LUT5=2)
  Clock Path Skew:        -0.069ns (DCD - SCD + CPR)
    Destination Clock Delay (DCD):    1.497ns = ( 14.971 - 13.474 ) 
    Source Clock Delay      (SCD):    1.671ns
    Clock Pessimism Removal (CPR):    0.105ns
  Clock Uncertainty:      0.234ns  ((TSJ^2 + DJ^2)^1/2) / 2 + PE
    Total System Jitter     (TSJ):    0.071ns
    Discrete Jitter          (DJ):    0.462ns
    Phase Error              (PE):    0.000ns

    Location             Delay type                Incr(ns)  Path(ns)    Netlist Resource(s)
  -------------------------------------------------------------------    -------------------
                         (clock clk_out1_clk_wiz_0 rise edge)
                                                      0.000     0.000 r  
    BUFGCTRL_X0Y2        BUFG                         0.000     0.000 r  sysClk_IBUF_BUFG_inst/O
                         net (fo=76, routed)          1.677     1.677    vc/inst/clk_in1
    MMCME2_ADV_X0Y0      MMCME2_ADV (Prop_mmcme2_adv_CLKIN1_CLKOUT0)
                                                     -3.538    -1.861 r  vc/inst/mmcm_adv_inst/CLKOUT0
                         net (fo=1, routed)           1.760    -0.101    vc/inst/clk_out1_clk_wiz_0
    BUFGCTRL_X0Y0        BUFG (Prop_bufg_I_O)         0.101     0.000 r  vc/inst/clkout1_buf/O
                         net (fo=221, routed)         1.671     1.671    vsg/CLK
    SLICE_X28Y38         FDRE                                         r  vsg/h_cnt_reg[1]/C
  -------------------------------------------------------------------    -------------------
    SLICE_X28Y38         FDRE (Prop_fdre_C_Q)         0.518     2.189 f  vsg/h_cnt_reg[1]/Q
                         net (fo=14, routed)          0.881     3.070    vsg/h_cnt_reg[1]
    SLICE_X28Y37         LUT4 (Prop_lut4_I3_O)        0.150     3.220 f  vsg/v_cnt[10]_i_6/O
                         net (fo=2, routed)           0.871     4.091    vsg/v_cnt[10]_i_6_n_0
    SLICE_X29Y37         LUT5 (Prop_lut5_I4_O)        0.328     4.419 r  vsg/v_cnt[10]_i_2/O
                         net (fo=15, routed)          0.995     5.414    vsg/eqOp3_in
    SLICE_X35Y37         LUT5 (Prop_lut5_I0_O)        0.124     5.538 r  vsg/v_cnt[10]_i_4/O
                         net (fo=2, routed)           0.542     6.081    vsg/v_cnt[10]_i_4_n_0
    SLICE_X33Y38         LUT2 (Prop_lut2_I0_O)        0.124     6.205 r  vsg/v_cnt[10]_i_1/O
                         net (fo=11, routed)          0.522     6.726    vsg/v_cnt[10]_i_1_n_0
    SLICE_X34Y38         FDRE                                         r  vsg/v_cnt_reg[9]/R
  -------------------------------------------------------------------    -------------------

                         (clock clk_out1_clk_wiz_0 rise edge)
                                                     13.474    13.474 r  
    BUFGCTRL_X0Y2        BUFG                         0.000    13.474 r  sysClk_IBUF_BUFG_inst/O
                         net (fo=76, routed)          1.487    14.961    vc/inst/clk_in1
    MMCME2_ADV_X0Y0      MMCME2_ADV (Prop_mmcme2_adv_CLKIN1_CLKOUT0)
                                                     -3.177    11.784 r  vc/inst/mmcm_adv_inst/CLKOUT0
                         net (fo=1, routed)           1.599    13.383    vc/inst/clk_out1_clk_wiz_0
    BUFGCTRL_X0Y0        BUFG (Prop_bufg_I_O)         0.091    13.474 r  vc/inst/clkout1_buf/O
                         net (fo=221, routed)         1.497    14.971    vsg/CLK
    SLICE_X34Y38         FDRE                                         r  vsg/v_cnt_reg[9]/C
                         clock pessimism              0.105    15.076    
                         clock uncertainty           -0.234    14.842    
    SLICE_X34Y38         FDRE (Setup_fdre_C_R)       -0.524    14.318    vsg/v_cnt_reg[9]
  -------------------------------------------------------------------
                         required time                         14.318    
                         arrival time                          -6.726    
  -------------------------------------------------------------------
                         slack                                  7.592    

Slack (MET) :             7.645ns  (required time - arrival time)
  Source:                 hdmi_inst/inst/encr/n0q_m_reg[3]/C
                            (rising edge-triggered cell FDRE clocked by clk_out1_clk_wiz_0  {rise@0.000ns fall@6.737ns period=13.474ns})
  Destination:            hdmi_inst/inst/encr/dout_reg[0]/D
                            (rising edge-triggered cell FDCE clocked by clk_out1_clk_wiz_0  {rise@0.000ns fall@6.737ns period=13.474ns})
  Path Group:             clk_out1_clk_wiz_0
  Path Type:              Setup (Max at Slow Process Corner)
  Requirement:            13.474ns  (clk_out1_clk_wiz_0 rise@13.474ns - clk_out1_clk_wiz_0 rise@0.000ns)
  Data Path Delay:        5.557ns  (logic 1.244ns (22.387%)  route 4.313ns (77.613%))
  Logic Levels:           4  (LUT3=2 LUT5=1 LUT6=1)
  Clock Path Skew:        -0.067ns (DCD - SCD + CPR)
    Destination Clock Delay (DCD):    1.562ns = ( 15.036 - 13.474 ) 
    Source Clock Delay      (SCD):    1.734ns
    Clock Pessimism Removal (CPR):    0.105ns
  Clock Uncertainty:      0.234ns  ((TSJ^2 + DJ^2)^1/2) / 2 + PE
    Total System Jitter     (TSJ):    0.071ns
    Discrete Jitter          (DJ):    0.462ns
    Phase Error              (PE):    0.000ns

    Location             Delay type                Incr(ns)  Path(ns)    Netlist Resource(s)
  -------------------------------------------------------------------    -------------------
                         (clock clk_out1_clk_wiz_0 rise edge)
                                                      0.000     0.000 r  
    BUFGCTRL_X0Y2        BUFG                         0.000     0.000 r  sysClk_IBUF_BUFG_inst/O
                         net (fo=76, routed)          1.677     1.677    vc/inst/clk_in1
    MMCME2_ADV_X0Y0      MMCME2_ADV (Prop_mmcme2_adv_CLKIN1_CLKOUT0)
                                                     -3.538    -1.861 r  vc/inst/mmcm_adv_inst/CLKOUT0
                         net (fo=1, routed)           1.760    -0.101    vc/inst/clk_out1_clk_wiz_0
    BUFGCTRL_X0Y0        BUFG (Prop_bufg_I_O)         0.101     0.000 r  vc/inst/clkout1_buf/O
                         net (fo=221, routed)         1.734     1.734    hdmi_inst/inst/encr/pix_clk
    SLICE_X38Y26         FDRE                                         r  hdmi_inst/inst/encr/n0q_m_reg[3]/C
  -------------------------------------------------------------------    -------------------
    SLICE_X38Y26         FDRE (Prop_fdre_C_Q)         0.518     2.252 r  hdmi_inst/inst/encr/n0q_m_reg[3]/Q
                         net (fo=10, routed)          1.510     3.762    hdmi_inst/inst/encr/n0q_m_reg_n_0_[3]
    SLICE_X39Y22         LUT6 (Prop_lut6_I3_O)        0.124     3.886 r  hdmi_inst/inst/encr/cnt[4]_i_14__1/O
                         net (fo=1, routed)           0.433     4.319    hdmi_inst/inst/encr/cnt[4]_i_14__1_n_0
    SLICE_X39Y22         LUT5 (Prop_lut5_I0_O)        0.124     4.443 r  hdmi_inst/inst/encr/cnt[4]_i_5__0/O
                         net (fo=5, routed)           1.362     5.805    hdmi_inst/inst/encr/cnt[4]_i_5__0_n_0
    SLICE_X41Y21         LUT3 (Prop_lut3_I1_O)        0.152     5.957 r  hdmi_inst/inst/encr/dout[9]_i_2__1/O
                         net (fo=9, routed)           1.008     6.965    hdmi_inst/inst/encr/q_m_reg_reg[8]_0
    SLICE_X43Y22         LUT3 (Prop_lut3_I1_O)        0.326     7.291 r  hdmi_inst/inst/encr/dout[0]_i_1__1/O
                         net (fo=1, routed)           0.000     7.291    hdmi_inst/inst/encr/dout[0]_i_1__1_n_0
    SLICE_X43Y22         FDCE                                         r  hdmi_inst/inst/encr/dout_reg[0]/D
  -------------------------------------------------------------------    -------------------

                         (clock clk_out1_clk_wiz_0 rise edge)
                                                     13.474    13.474 r  
    BUFGCTRL_X0Y2        BUFG                         0.000    13.474 r  sysClk_IBUF_BUFG_inst/O
                         net (fo=76, routed)          1.487    14.961    vc/inst/clk_in1
    MMCME2_ADV_X0Y0      MMCME2_ADV (Prop_mmcme2_adv_CLKIN1_CLKOUT0)
                                                     -3.177    11.784 r  vc/inst/mmcm_adv_inst/CLKOUT0
                         net (fo=1, routed)           1.599    13.383    vc/inst/clk_out1_clk_wiz_0
    BUFGCTRL_X0Y0        BUFG (Prop_bufg_I_O)         0.091    13.474 r  vc/inst/clkout1_buf/O
                         net (fo=221, routed)         1.562    15.036    hdmi_inst/inst/encr/pix_clk
    SLICE_X43Y22         FDCE                                         r  hdmi_inst/inst/encr/dout_reg[0]/C
                         clock pessimism              0.105    15.141    
                         clock uncertainty           -0.234    14.907    
    SLICE_X43Y22         FDCE (Setup_fdce_C_D)        0.029    14.936    hdmi_inst/inst/encr/dout_reg[0]
  -------------------------------------------------------------------
                         required time                         14.936    
                         arrival time                          -7.291    
  -------------------------------------------------------------------
                         slack                                  7.645    





Min Delay Paths
--------------------------------------------------------------------------------------
Slack (MET) :             0.143ns  (arrival time - required time)
  Source:                 hdmi_inst/inst/encb/q_m_reg_reg[4]/C
                            (rising edge-triggered cell FDRE clocked by clk_out1_clk_wiz_0  {rise@0.000ns fall@6.737ns period=13.474ns})
  Destination:            hdmi_inst/inst/encb/dout_reg[4]/D
                            (rising edge-triggered cell FDCE clocked by clk_out1_clk_wiz_0  {rise@0.000ns fall@6.737ns period=13.474ns})
  Path Group:             clk_out1_clk_wiz_0
  Path Type:              Hold (Min at Fast Process Corner)
  Requirement:            0.000ns  (clk_out1_clk_wiz_0 rise@0.000ns - clk_out1_clk_wiz_0 rise@0.000ns)
  Data Path Delay:        0.277ns  (logic 0.186ns (67.123%)  route 0.091ns (32.877%))
  Logic Levels:           1  (LUT6=1)
  Clock Path Skew:        0.013ns (DCD - SCD - CPR)
    Destination Clock Delay (DCD):    0.853ns
    Source Clock Delay      (SCD):    0.586ns
    Clock Pessimism Removal (CPR):    0.254ns

    Location             Delay type                Incr(ns)  Path(ns)    Netlist Resource(s)
  -------------------------------------------------------------------    -------------------
                         (clock clk_out1_clk_wiz_0 rise edge)
                                                      0.000     0.000 r  
    BUFGCTRL_X0Y2        BUFG                         0.000     0.000 r  sysClk_IBUF_BUFG_inst/O
                         net (fo=76, routed)          0.546     0.546    vc/inst/clk_in1
    MMCME2_ADV_X0Y0      MMCME2_ADV (Prop_mmcme2_adv_CLKIN1_CLKOUT0)
                                                     -1.053    -0.508 r  vc/inst/mmcm_adv_inst/CLKOUT0
                         net (fo=1, routed)           0.482    -0.026    vc/inst/clk_out1_clk_wiz_0
    BUFGCTRL_X0Y0        BUFG (Prop_bufg_I_O)         0.026     0.000 r  vc/inst/clkout1_buf/O
                         net (fo=221, routed)         0.586     0.586    hdmi_inst/inst/encb/pix_clk
    SLICE_X39Y15         FDRE                                         r  hdmi_inst/inst/encb/q_m_reg_reg[4]/C
  -------------------------------------------------------------------    -------------------
    SLICE_X39Y15         FDRE (Prop_fdre_C_Q)         0.141     0.727 r  hdmi_inst/inst/encb/q_m_reg_reg[4]/Q
                         net (fo=1, routed)           0.091     0.818    hdmi_inst/inst/encb/q_m_reg_reg_n_0_[4]
    SLICE_X38Y15         LUT6 (Prop_lut6_I2_O)        0.045     0.863 r  hdmi_inst/inst/encb/dout[4]_i_1/O
                         net (fo=1, routed)           0.000     0.863    hdmi_inst/inst/encb/dout[4]_i_1_n_0
    SLICE_X38Y15         FDCE                                         r  hdmi_inst/inst/encb/dout_reg[4]/D
  -------------------------------------------------------------------    -------------------

                         (clock clk_out1_clk_wiz_0 rise edge)
                                                      0.000     0.000 r  
    BUFGCTRL_X0Y2        BUFG                         0.000     0.000 r  sysClk_IBUF_BUFG_inst/O
                         net (fo=76, routed)          0.812     0.812    vc/inst/clk_in1
    MMCME2_ADV_X0Y0      MMCME2_ADV (Prop_mmcme2_adv_CLKIN1_CLKOUT0)
                                                     -1.369    -0.557 r  vc/inst/mmcm_adv_inst/CLKOUT0
                         net (fo=1, routed)           0.528    -0.029    vc/inst/clk_out1_clk_wiz_0
    BUFGCTRL_X0Y0        BUFG (Prop_bufg_I_O)         0.029    -0.000 r  vc/inst/clkout1_buf/O
                         net (fo=221, routed)         0.853     0.853    hdmi_inst/inst/encb/pix_clk
    SLICE_X38Y15         FDCE                                         r  hdmi_inst/inst/encb/dout_reg[4]/C
                         clock pessimism             -0.254     0.599    
    SLICE_X38Y15         FDCE (Hold_fdce_C_D)         0.121     0.720    hdmi_inst/inst/encb/dout_reg[4]
  -------------------------------------------------------------------
                         required time                         -0.720    
                         arrival time                           0.863    
  -------------------------------------------------------------------
                         slack                                  0.143    

Slack (MET) :             0.156ns  (arrival time - required time)
  Source:                 hdmi_inst/inst/encg/q_m_reg_reg[4]/C
                            (rising edge-triggered cell FDRE clocked by clk_out1_clk_wiz_0  {rise@0.000ns fall@6.737ns period=13.474ns})
  Destination:            hdmi_inst/inst/encg/dout_reg[4]/D
                            (rising edge-triggered cell FDCE clocked by clk_out1_clk_wiz_0  {rise@0.000ns fall@6.737ns period=13.474ns})
  Path Group:             clk_out1_clk_wiz_0
  Path Type:              Hold (Min at Fast Process Corner)
  Requirement:            0.000ns  (clk_out1_clk_wiz_0 rise@0.000ns - clk_out1_clk_wiz_0 rise@0.000ns)
  Data Path Delay:        0.260ns  (logic 0.209ns (80.352%)  route 0.051ns (19.648%))
  Logic Levels:           1  (LUT4=1)
  Clock Path Skew:        0.013ns (DCD - SCD - CPR)
    Destination Clock Delay (DCD):    0.850ns
    Source Clock Delay      (SCD):    0.583ns
    Clock Pessimism Removal (CPR):    0.254ns

    Location             Delay type                Incr(ns)  Path(ns)    Netlist Resource(s)
  -------------------------------------------------------------------    -------------------
                         (clock clk_out1_clk_wiz_0 rise edge)
                                                      0.000     0.000 r  
    BUFGCTRL_X0Y2        BUFG                         0.000     0.000 r  sysClk_IBUF_BUFG_inst/O
                         net (fo=76, routed)          0.546     0.546    vc/inst/clk_in1
    MMCME2_ADV_X0Y0      MMCME2_ADV (Prop_mmcme2_adv_CLKIN1_CLKOUT0)
                                                     -1.053    -0.508 r  vc/inst/mmcm_adv_inst/CLKOUT0
                         net (fo=1, routed)           0.482    -0.026    vc/inst/clk_out1_clk_wiz_0
    BUFGCTRL_X0Y0        BUFG (Prop_bufg_I_O)         0.026     0.000 r  vc/inst/clkout1_buf/O
                         net (fo=221, routed)         0.583     0.583    hdmi_inst/inst/encg/pix_clk
    SLICE_X42Y20         FDRE                                         r  hdmi_inst/inst/encg/q_m_reg_reg[4]/C
  -------------------------------------------------------------------    -------------------
    SLICE_X42Y20         FDRE (Prop_fdre_C_Q)         0.164     0.747 r  hdmi_inst/inst/encg/q_m_reg_reg[4]/Q
                         net (fo=1, routed)           0.051     0.798    hdmi_inst/inst/encg/q_m_reg_reg_n_0_[4]
    SLICE_X43Y20         LUT4 (Prop_lut4_I2_O)        0.045     0.843 r  hdmi_inst/inst/encg/dout[4]_i_1__0/O
                         net (fo=1, routed)           0.000     0.843    hdmi_inst/inst/encg/dout[4]_i_1__0_n_0
    SLICE_X43Y20         FDCE                                         r  hdmi_inst/inst/encg/dout_reg[4]/D
  -------------------------------------------------------------------    -------------------

                         (clock clk_out1_clk_wiz_0 rise edge)
                                                      0.000     0.000 r  
    BUFGCTRL_X0Y2        BUFG                         0.000     0.000 r  sysClk_IBUF_BUFG_inst/O
                         net (fo=76, routed)          0.812     0.812    vc/inst/clk_in1
    MMCME2_ADV_X0Y0      MMCME2_ADV (Prop_mmcme2_adv_CLKIN1_CLKOUT0)
                                                     -1.369    -0.557 r  vc/inst/mmcm_adv_inst/CLKOUT0
                         net (fo=1, routed)           0.528    -0.029    vc/inst/clk_out1_clk_wiz_0
    BUFGCTRL_X0Y0        BUFG (Prop_bufg_I_O)         0.029    -0.000 r  vc/inst/clkout1_buf/O
                         net (fo=221, routed)         0.850     0.850    hdmi_inst/inst/encg/pix_clk
    SLICE_X43Y20         FDCE                                         r  hdmi_inst/inst/encg/dout_reg[4]/C
                         clock pessimism             -0.254     0.596    
    SLICE_X43Y20         FDCE (Hold_fdce_C_D)         0.091     0.687    hdmi_inst/inst/encg/dout_reg[4]
  -------------------------------------------------------------------
                         required time                         -0.687    
                         arrival time                           0.843    
  -------------------------------------------------------------------
                         slack                                  0.156    

Slack (MET) :             0.166ns  (arrival time - required time)
  Source:                 hdmi_inst/inst/encg/q_m_reg_reg[7]/C
                            (rising edge-triggered cell FDRE clocked by clk_out1_clk_wiz_0  {rise@0.000ns fall@6.737ns period=13.474ns})
  Destination:            hdmi_inst/inst/encg/dout_reg[7]/D
                            (rising edge-triggered cell FDCE clocked by clk_out1_clk_wiz_0  {rise@0.000ns fall@6.737ns period=13.474ns})
  Path Group:             clk_out1_clk_wiz_0
  Path Type:              Hold (Min at Fast Process Corner)
  Requirement:            0.000ns  (clk_out1_clk_wiz_0 rise@0.000ns - clk_out1_clk_wiz_0 rise@0.000ns)
  Data Path Delay:        0.271ns  (logic 0.186ns (68.652%)  route 0.085ns (31.348%))
  Logic Levels:           1  (LUT5=1)
  Clock Path Skew:        0.013ns (DCD - SCD - CPR)
    Destination Clock Delay (DCD):    0.850ns
    Source Clock Delay      (SCD):    0.583ns
    Clock Pessimism Removal (CPR):    0.254ns

    Location             Delay type                Incr(ns)  Path(ns)    Netlist Resource(s)
  -------------------------------------------------------------------    -------------------
                         (clock clk_out1_clk_wiz_0 rise edge)
                                                      0.000     0.000 r  
    BUFGCTRL_X0Y2        BUFG                         0.000     0.000 r  sysClk_IBUF_BUFG_inst/O
                         net (fo=76, routed)          0.546     0.546    vc/inst/clk_in1
    MMCME2_ADV_X0Y0      MMCME2_ADV (Prop_mmcme2_adv_CLKIN1_CLKOUT0)
                                                     -1.053    -0.508 r  vc/inst/mmcm_adv_inst/CLKOUT0
                         net (fo=1, routed)           0.482    -0.026    vc/inst/clk_out1_clk_wiz_0
    BUFGCTRL_X0Y0        BUFG (Prop_bufg_I_O)         0.026     0.000 r  vc/inst/clkout1_buf/O
                         net (fo=221, routed)         0.583     0.583    hdmi_inst/inst/encg/pix_clk
    SLICE_X40Y20         FDRE                                         r  hdmi_inst/inst/encg/q_m_reg_reg[7]/C
  -------------------------------------------------------------------    -------------------
    SLICE_X40Y20         FDRE (Prop_fdre_C_Q)         0.141     0.724 r  hdmi_inst/inst/encg/q_m_reg_reg[7]/Q
                         net (fo=1, routed)           0.085     0.809    hdmi_inst/inst/encg/q_m_reg_reg_n_0_[7]
    SLICE_X41Y20         LUT5 (Prop_lut5_I2_O)        0.045     0.854 r  hdmi_inst/inst/encg/dout[7]_i_1__0/O
                         net (fo=1, routed)           0.000     0.854    hdmi_inst/inst/encg/dout[7]_i_1__0_n_0
    SLICE_X41Y20         FDCE                                         r  hdmi_inst/inst/encg/dout_reg[7]/D
  -------------------------------------------------------------------    -------------------

                         (clock clk_out1_clk_wiz_0 rise edge)
                                                      0.000     0.000 r  
    BUFGCTRL_X0Y2        BUFG                         0.000     0.000 r  sysClk_IBUF_BUFG_inst/O
                         net (fo=76, routed)          0.812     0.812    vc/inst/clk_in1
    MMCME2_ADV_X0Y0      MMCME2_ADV (Prop_mmcme2_adv_CLKIN1_CLKOUT0)
                                                     -1.369    -0.557 r  vc/inst/mmcm_adv_inst/CLKOUT0
                         net (fo=1, routed)           0.528    -0.029    vc/inst/clk_out1_clk_wiz_0
    BUFGCTRL_X0Y0        BUFG (Prop_bufg_I_O)         0.029    -0.000 r  vc/inst/clkout1_buf/O
                         net (fo=221, routed)         0.850     0.850    hdmi_inst/inst/encg/pix_clk
    SLICE_X41Y20         FDCE                                         r  hdmi_inst/inst/encg/dout_reg[7]/C
                         clock pessimism             -0.254     0.596    
    SLICE_X41Y20         FDCE (Hold_fdce_C_D)         0.092     0.688    hdmi_inst/inst/encg/dout_reg[7]
  -------------------------------------------------------------------
                         required time                         -0.688    
                         arrival time                           0.854    
  -------------------------------------------------------------------
                         slack                                  0.166    

Slack (MET) :             0.177ns  (arrival time - required time)
  Source:                 vsg/v_cnt_reg[9]/C
                            (rising edge-triggered cell FDRE clocked by clk_out1_clk_wiz_0  {rise@0.000ns fall@6.737ns period=13.474ns})
  Destination:            vsg/v_cnt_reg[10]/D
                            (rising edge-triggered cell FDRE clocked by clk_out1_clk_wiz_0  {rise@0.000ns fall@6.737ns period=13.474ns})
  Path Group:             clk_out1_clk_wiz_0
  Path Type:              Hold (Min at Fast Process Corner)
  Requirement:            0.000ns  (clk_out1_clk_wiz_0 rise@0.000ns - clk_out1_clk_wiz_0 rise@0.000ns)
  Data Path Delay:        0.282ns  (logic 0.209ns (74.024%)  route 0.073ns (25.976%))
  Logic Levels:           1  (LUT3=1)
  Clock Path Skew:        0.013ns (DCD - SCD - CPR)
    Destination Clock Delay (DCD):    0.830ns
    Source Clock Delay      (SCD):    0.561ns
    Clock Pessimism Removal (CPR):    0.256ns

    Location             Delay type                Incr(ns)  Path(ns)    Netlist Resource(s)
  -------------------------------------------------------------------    -------------------
                         (clock clk_out1_clk_wiz_0 rise edge)
                                                      0.000     0.000 r  
    BUFGCTRL_X0Y2        BUFG                         0.000     0.000 r  sysClk_IBUF_BUFG_inst/O
                         net (fo=76, routed)          0.546     0.546    vc/inst/clk_in1
    MMCME2_ADV_X0Y0      MMCME2_ADV (Prop_mmcme2_adv_CLKIN1_CLKOUT0)
                                                     -1.053    -0.508 r  vc/inst/mmcm_adv_inst/CLKOUT0
                         net (fo=1, routed)           0.482    -0.026    vc/inst/clk_out1_clk_wiz_0
    BUFGCTRL_X0Y0        BUFG (Prop_bufg_I_O)         0.026     0.000 r  vc/inst/clkout1_buf/O
                         net (fo=221, routed)         0.561     0.561    vsg/CLK
    SLICE_X34Y38         FDRE                                         r  vsg/v_cnt_reg[9]/C
  -------------------------------------------------------------------    -------------------
    SLICE_X34Y38         FDRE (Prop_fdre_C_Q)         0.164     0.725 r  vsg/v_cnt_reg[9]/Q
                         net (fo=8, routed)           0.073     0.798    vsg/v_cnt_reg[9]
    SLICE_X35Y38         LUT3 (Prop_lut3_I1_O)        0.045     0.843 r  vsg/v_cnt[10]_i_3/O
                         net (fo=1, routed)           0.000     0.843    vsg/plusOp[10]
    SLICE_X35Y38         FDRE                                         r  vsg/v_cnt_reg[10]/D
  -------------------------------------------------------------------    -------------------

                         (clock clk_out1_clk_wiz_0 rise edge)
                                                      0.000     0.000 r  
    BUFGCTRL_X0Y2        BUFG                         0.000     0.000 r  sysClk_IBUF_BUFG_inst/O
                         net (fo=76, routed)          0.812     0.812    vc/inst/clk_in1
    MMCME2_ADV_X0Y0      MMCME2_ADV (Prop_mmcme2_adv_CLKIN1_CLKOUT0)
                                                     -1.369    -0.557 r  vc/inst/mmcm_adv_inst/CLKOUT0
                         net (fo=1, routed)           0.528    -0.029    vc/inst/clk_out1_clk_wiz_0
    BUFGCTRL_X0Y0        BUFG (Prop_bufg_I_O)         0.029    -0.000 r  vc/inst/clkout1_buf/O
                         net (fo=221, routed)         0.830     0.830    vsg/CLK
    SLICE_X35Y38         FDRE                                         r  vsg/v_cnt_reg[10]/C
                         clock pessimism             -0.256     0.574    
    SLICE_X35Y38         FDRE (Hold_fdre_C_D)         0.092     0.666    vsg/v_cnt_reg[10]
  -------------------------------------------------------------------
                         required time                         -0.666    
                         arrival time                           0.843    
  -------------------------------------------------------------------
                         slack                                  0.177    

Slack (MET) :             0.178ns  (arrival time - required time)
  Source:                 vsg/v_cnt_reg[0]/C
                            (rising edge-triggered cell FDRE clocked by clk_out1_clk_wiz_0  {rise@0.000ns fall@6.737ns period=13.474ns})
  Destination:            vsg/v_cnt_reg[6]/D
                            (rising edge-triggered cell FDRE clocked by clk_out1_clk_wiz_0  {rise@0.000ns fall@6.737ns period=13.474ns})
  Path Group:             clk_out1_clk_wiz_0
  Path Type:              Hold (Min at Fast Process Corner)
  Requirement:            0.000ns  (clk_out1_clk_wiz_0 rise@0.000ns - clk_out1_clk_wiz_0 rise@0.000ns)
  Data Path Delay:        0.312ns  (logic 0.186ns (59.564%)  route 0.126ns (40.436%))
  Logic Levels:           1  (LUT6=1)
  Clock Path Skew:        0.013ns (DCD - SCD - CPR)
    Destination Clock Delay (DCD):    0.830ns
    Source Clock Delay      (SCD):    0.561ns
    Clock Pessimism Removal (CPR):    0.256ns

    Location             Delay type                Incr(ns)  Path(ns)    Netlist Resource(s)
  -------------------------------------------------------------------    -------------------
                         (clock clk_out1_clk_wiz_0 rise edge)
                                                      0.000     0.000 r  
    BUFGCTRL_X0Y2        BUFG                         0.000     0.000 r  sysClk_IBUF_BUFG_inst/O
                         net (fo=76, routed)          0.546     0.546    vc/inst/clk_in1
    MMCME2_ADV_X0Y0      MMCME2_ADV (Prop_mmcme2_adv_CLKIN1_CLKOUT0)
                                                     -1.053    -0.508 r  vc/inst/mmcm_adv_inst/CLKOUT0
                         net (fo=1, routed)           0.482    -0.026    vc/inst/clk_out1_clk_wiz_0
    BUFGCTRL_X0Y0        BUFG (Prop_bufg_I_O)         0.026     0.000 r  vc/inst/clkout1_buf/O
                         net (fo=221, routed)         0.561     0.561    vsg/CLK
    SLICE_X35Y38         FDRE                                         r  vsg/v_cnt_reg[0]/C
  -------------------------------------------------------------------    -------------------
    SLICE_X35Y38         FDRE (Prop_fdre_C_Q)         0.141     0.702 r  vsg/v_cnt_reg[0]/Q
                         net (fo=18, routed)          0.126     0.828    vsg/v_cnt_reg[0]
    SLICE_X34Y38         LUT6 (Prop_lut6_I2_O)        0.045     0.873 r  vsg/v_cnt[6]_i_1/O
                         net (fo=1, routed)           0.000     0.873    vsg/v_cnt[6]_i_1_n_0
    SLICE_X34Y38         FDRE                                         r  vsg/v_cnt_reg[6]/D
  -------------------------------------------------------------------    -------------------

                         (clock clk_out1_clk_wiz_0 rise edge)
                                                      0.000     0.000 r  
    BUFGCTRL_X0Y2        BUFG                         0.000     0.000 r  sysClk_IBUF_BUFG_inst/O
                         net (fo=76, routed)          0.812     0.812    vc/inst/clk_in1
    MMCME2_ADV_X0Y0      MMCME2_ADV (Prop_mmcme2_adv_CLKIN1_CLKOUT0)
                                                     -1.369    -0.557 r  vc/inst/mmcm_adv_inst/CLKOUT0
                         net (fo=1, routed)           0.528    -0.029    vc/inst/clk_out1_clk_wiz_0
    BUFGCTRL_X0Y0        BUFG (Prop_bufg_I_O)         0.029    -0.000 r  vc/inst/clkout1_buf/O
                         net (fo=221, routed)         0.830     0.830    vsg/CLK
    SLICE_X34Y38         FDRE                                         r  vsg/v_cnt_reg[6]/C
                         clock pessimism             -0.256     0.574    
    SLICE_X34Y38         FDRE (Hold_fdre_C_D)         0.121     0.695    vsg/v_cnt_reg[6]
  -------------------------------------------------------------------
                         required time                         -0.695    
                         arrival time                           0.873    
  -------------------------------------------------------------------
                         slack                                  0.178    

Slack (MET) :             0.188ns  (arrival time - required time)
  Source:                 vsg/v_cnt_reg[5]/C
                            (rising edge-triggered cell FDRE clocked by clk_out1_clk_wiz_0  {rise@0.000ns fall@6.737ns period=13.474ns})
  Destination:            vsg/pixelVert_reg[6]/D
                            (rising edge-triggered cell FDRE clocked by clk_out1_clk_wiz_0  {rise@0.000ns fall@6.737ns period=13.474ns})
  Path Group:             clk_out1_clk_wiz_0
  Path Type:              Hold (Min at Fast Process Corner)
  Requirement:            0.000ns  (clk_out1_clk_wiz_0 rise@0.000ns - clk_out1_clk_wiz_0 rise@0.000ns)
  Data Path Delay:        0.345ns  (logic 0.186ns (53.883%)  route 0.159ns (46.117%))
  Logic Levels:           1  (LUT6=1)
  Clock Path Skew:        0.036ns (DCD - SCD - CPR)
    Destination Clock Delay (DCD):    0.828ns
    Source Clock Delay      (SCD):    0.559ns
    Clock Pessimism Removal (CPR):    0.233ns

    Location             Delay type                Incr(ns)  Path(ns)    Netlist Resource(s)
  -------------------------------------------------------------------    -------------------
                         (clock clk_out1_clk_wiz_0 rise edge)
                                                      0.000     0.000 r  
    BUFGCTRL_X0Y2        BUFG                         0.000     0.000 r  sysClk_IBUF_BUFG_inst/O
                         net (fo=76, routed)          0.546     0.546    vc/inst/clk_in1
    MMCME2_ADV_X0Y0      MMCME2_ADV (Prop_mmcme2_adv_CLKIN1_CLKOUT0)
                                                     -1.053    -0.508 r  vc/inst/mmcm_adv_inst/CLKOUT0
                         net (fo=1, routed)           0.482    -0.026    vc/inst/clk_out1_clk_wiz_0
    BUFGCTRL_X0Y0        BUFG (Prop_bufg_I_O)         0.026     0.000 r  vc/inst/clkout1_buf/O
                         net (fo=221, routed)         0.559     0.559    vsg/CLK
    SLICE_X33Y36         FDRE                                         r  vsg/v_cnt_reg[5]/C
  -------------------------------------------------------------------    -------------------
    SLICE_X33Y36         FDRE (Prop_fdre_C_Q)         0.141     0.700 r  vsg/v_cnt_reg[5]/Q
                         net (fo=12, routed)          0.159     0.859    vsg/v_cnt_reg[5]
    SLICE_X34Y37         LUT6 (Prop_lut6_I5_O)        0.045     0.904 r  vsg/pixelVert[6]_i_1/O
                         net (fo=1, routed)           0.000     0.904    vsg/pixelVert[6]_i_1_n_0
    SLICE_X34Y37         FDRE                                         r  vsg/pixelVert_reg[6]/D
  -------------------------------------------------------------------    -------------------

                         (clock clk_out1_clk_wiz_0 rise edge)
                                                      0.000     0.000 r  
    BUFGCTRL_X0Y2        BUFG                         0.000     0.000 r  sysClk_IBUF_BUFG_inst/O
                         net (fo=76, routed)          0.812     0.812    vc/inst/clk_in1
    MMCME2_ADV_X0Y0      MMCME2_ADV (Prop_mmcme2_adv_CLKIN1_CLKOUT0)
                                                     -1.369    -0.557 r  vc/inst/mmcm_adv_inst/CLKOUT0
                         net (fo=1, routed)           0.528    -0.029    vc/inst/clk_out1_clk_wiz_0
    BUFGCTRL_X0Y0        BUFG (Prop_bufg_I_O)         0.029    -0.000 r  vc/inst/clkout1_buf/O
                         net (fo=221, routed)         0.828     0.828    vsg/CLK
    SLICE_X34Y37         FDRE                                         r  vsg/pixelVert_reg[6]/C
                         clock pessimism             -0.233     0.595    
    SLICE_X34Y37         FDRE (Hold_fdre_C_D)         0.121     0.716    vsg/pixelVert_reg[6]
  -------------------------------------------------------------------
                         required time                         -0.716    
                         arrival time                           0.904    
  -------------------------------------------------------------------
                         slack                                  0.188    

Slack (MET) :             0.190ns  (arrival time - required time)
  Source:                 hdmi_inst/inst/encr/n1d_reg[0]/C
                            (rising edge-triggered cell FDRE clocked by clk_out1_clk_wiz_0  {rise@0.000ns fall@6.737ns period=13.474ns})
  Destination:            hdmi_inst/inst/encr/q_m_reg_reg[1]/D
                            (rising edge-triggered cell FDRE clocked by clk_out1_clk_wiz_0  {rise@0.000ns fall@6.737ns period=13.474ns})
  Path Group:             clk_out1_clk_wiz_0
  Path Type:              Hold (Min at Fast Process Corner)
  Requirement:            0.000ns  (clk_out1_clk_wiz_0 rise@0.000ns - clk_out1_clk_wiz_0 rise@0.000ns)
  Data Path Delay:        0.295ns  (logic 0.186ns (63.075%)  route 0.109ns (36.925%))
  Logic Levels:           1  (LUT6=1)
  Clock Path Skew:        0.013ns (DCD - SCD - CPR)
    Destination Clock Delay (DCD):    0.848ns
    Source Clock Delay      (SCD):    0.582ns
    Clock Pessimism Removal (CPR):    0.253ns

    Location             Delay type                Incr(ns)  Path(ns)    Netlist Resource(s)
  -------------------------------------------------------------------    -------------------
                         (clock clk_out1_clk_wiz_0 rise edge)
                                                      0.000     0.000 r  
    BUFGCTRL_X0Y2        BUFG                         0.000     0.000 r  sysClk_IBUF_BUFG_inst/O
                         net (fo=76, routed)          0.546     0.546    vc/inst/clk_in1
    MMCME2_ADV_X0Y0      MMCME2_ADV (Prop_mmcme2_adv_CLKIN1_CLKOUT0)
                                                     -1.053    -0.508 r  vc/inst/mmcm_adv_inst/CLKOUT0
                         net (fo=1, routed)           0.482    -0.026    vc/inst/clk_out1_clk_wiz_0
    BUFGCTRL_X0Y0        BUFG (Prop_bufg_I_O)         0.026     0.000 r  vc/inst/clkout1_buf/O
                         net (fo=221, routed)         0.582     0.582    hdmi_inst/inst/encr/pix_clk
    SLICE_X40Y27         FDRE                                         r  hdmi_inst/inst/encr/n1d_reg[0]/C
  -------------------------------------------------------------------    -------------------
    SLICE_X40Y27         FDRE (Prop_fdre_C_Q)         0.141     0.723 r  hdmi_inst/inst/encr/n1d_reg[0]/Q
                         net (fo=4, routed)           0.109     0.831    hdmi_inst/inst/encr/n1d[0]
    SLICE_X41Y27         LUT6 (Prop_lut6_I1_O)        0.045     0.876 r  hdmi_inst/inst/encr/q_m_reg[1]_i_1__1/O
                         net (fo=1, routed)           0.000     0.876    hdmi_inst/inst/encr/q_m_1
    SLICE_X41Y27         FDRE                                         r  hdmi_inst/inst/encr/q_m_reg_reg[1]/D
  -------------------------------------------------------------------    -------------------

                         (clock clk_out1_clk_wiz_0 rise edge)
                                                      0.000     0.000 r  
    BUFGCTRL_X0Y2        BUFG                         0.000     0.000 r  sysClk_IBUF_BUFG_inst/O
                         net (fo=76, routed)          0.812     0.812    vc/inst/clk_in1
    MMCME2_ADV_X0Y0      MMCME2_ADV (Prop_mmcme2_adv_CLKIN1_CLKOUT0)
                                                     -1.369    -0.557 r  vc/inst/mmcm_adv_inst/CLKOUT0
                         net (fo=1, routed)           0.528    -0.029    vc/inst/clk_out1_clk_wiz_0
    BUFGCTRL_X0Y0        BUFG (Prop_bufg_I_O)         0.029    -0.000 r  vc/inst/clkout1_buf/O
                         net (fo=221, routed)         0.848     0.848    hdmi_inst/inst/encr/pix_clk
    SLICE_X41Y27         FDRE                                         r  hdmi_inst/inst/encr/q_m_reg_reg[1]/C
                         clock pessimism             -0.253     0.595    
    SLICE_X41Y27         FDRE (Hold_fdre_C_D)         0.092     0.687    hdmi_inst/inst/encr/q_m_reg_reg[1]
  -------------------------------------------------------------------
                         required time                         -0.687    
                         arrival time                           0.876    
  -------------------------------------------------------------------
                         slack                                  0.190    

Slack (MET) :             0.192ns  (arrival time - required time)
  Source:                 hdmi_inst/inst/encb/n1d_reg[0]/C
                            (rising edge-triggered cell FDRE clocked by clk_out1_clk_wiz_0  {rise@0.000ns fall@6.737ns period=13.474ns})
  Destination:            hdmi_inst/inst/encb/q_m_reg_reg[1]/D
                            (rising edge-triggered cell FDRE clocked by clk_out1_clk_wiz_0  {rise@0.000ns fall@6.737ns period=13.474ns})
  Path Group:             clk_out1_clk_wiz_0
  Path Type:              Hold (Min at Fast Process Corner)
  Requirement:            0.000ns  (clk_out1_clk_wiz_0 rise@0.000ns - clk_out1_clk_wiz_0 rise@0.000ns)
  Data Path Delay:        0.297ns  (logic 0.186ns (62.624%)  route 0.111ns (37.376%))
  Logic Levels:           1  (LUT6=1)
  Clock Path Skew:        0.013ns (DCD - SCD - CPR)
    Destination Clock Delay (DCD):    0.854ns
    Source Clock Delay      (SCD):    0.587ns
    Clock Pessimism Removal (CPR):    0.254ns

    Location             Delay type                Incr(ns)  Path(ns)    Netlist Resource(s)
  -------------------------------------------------------------------    -------------------
                         (clock clk_out1_clk_wiz_0 rise edge)
                                                      0.000     0.000 r  
    BUFGCTRL_X0Y2        BUFG                         0.000     0.000 r  sysClk_IBUF_BUFG_inst/O
                         net (fo=76, routed)          0.546     0.546    vc/inst/clk_in1
    MMCME2_ADV_X0Y0      MMCME2_ADV (Prop_mmcme2_adv_CLKIN1_CLKOUT0)
                                                     -1.053    -0.508 r  vc/inst/mmcm_adv_inst/CLKOUT0
                         net (fo=1, routed)           0.482    -0.026    vc/inst/clk_out1_clk_wiz_0
    BUFGCTRL_X0Y0        BUFG (Prop_bufg_I_O)         0.026     0.000 r  vc/inst/clkout1_buf/O
                         net (fo=221, routed)         0.587     0.587    hdmi_inst/inst/encb/pix_clk
    SLICE_X40Y16         FDRE                                         r  hdmi_inst/inst/encb/n1d_reg[0]/C
  -------------------------------------------------------------------    -------------------
    SLICE_X40Y16         FDRE (Prop_fdre_C_Q)         0.141     0.728 r  hdmi_inst/inst/encb/n1d_reg[0]/Q
                         net (fo=4, routed)           0.111     0.839    hdmi_inst/inst/encb/n1d[0]
    SLICE_X41Y16         LUT6 (Prop_lut6_I1_O)        0.045     0.884 r  hdmi_inst/inst/encb/q_m_reg[1]_i_1/O
                         net (fo=1, routed)           0.000     0.884    hdmi_inst/inst/encb/q_m_1
    SLICE_X41Y16         FDRE                                         r  hdmi_inst/inst/encb/q_m_reg_reg[1]/D
  -------------------------------------------------------------------    -------------------

                         (clock clk_out1_clk_wiz_0 rise edge)
                                                      0.000     0.000 r  
    BUFGCTRL_X0Y2        BUFG                         0.000     0.000 r  sysClk_IBUF_BUFG_inst/O
                         net (fo=76, routed)          0.812     0.812    vc/inst/clk_in1
    MMCME2_ADV_X0Y0      MMCME2_ADV (Prop_mmcme2_adv_CLKIN1_CLKOUT0)
                                                     -1.369    -0.557 r  vc/inst/mmcm_adv_inst/CLKOUT0
                         net (fo=1, routed)           0.528    -0.029    vc/inst/clk_out1_clk_wiz_0
    BUFGCTRL_X0Y0        BUFG (Prop_bufg_I_O)         0.029    -0.000 r  vc/inst/clkout1_buf/O
                         net (fo=221, routed)         0.854     0.854    hdmi_inst/inst/encb/pix_clk
    SLICE_X41Y16         FDRE                                         r  hdmi_inst/inst/encb/q_m_reg_reg[1]/C
                         clock pessimism             -0.254     0.600    
    SLICE_X41Y16         FDRE (Hold_fdre_C_D)         0.092     0.692    hdmi_inst/inst/encb/q_m_reg_reg[1]
  -------------------------------------------------------------------
                         required time                         -0.692    
                         arrival time                           0.884    
  -------------------------------------------------------------------
                         slack                                  0.192    

Slack (MET) :             0.198ns  (arrival time - required time)
  Source:                 vsg/h_cnt_reg[4]/C
                            (rising edge-triggered cell FDRE clocked by clk_out1_clk_wiz_0  {rise@0.000ns fall@6.737ns period=13.474ns})
  Destination:            vsg/h_cnt_reg[5]/D
                            (rising edge-triggered cell FDRE clocked by clk_out1_clk_wiz_0  {rise@0.000ns fall@6.737ns period=13.474ns})
  Path Group:             clk_out1_clk_wiz_0
  Path Type:              Hold (Min at Fast Process Corner)
  Requirement:            0.000ns  (clk_out1_clk_wiz_0 rise@0.000ns - clk_out1_clk_wiz_0 rise@0.000ns)
  Data Path Delay:        0.319ns  (logic 0.246ns (77.156%)  route 0.073ns (22.844%))
  Logic Levels:           1  (LUT6=1)
  Clock Path Skew:        0.000ns (DCD - SCD - CPR)
    Destination Clock Delay (DCD):    0.829ns
    Source Clock Delay      (SCD):    0.561ns
    Clock Pessimism Removal (CPR):    0.268ns

    Location             Delay type                Incr(ns)  Path(ns)    Netlist Resource(s)
  -------------------------------------------------------------------    -------------------
                         (clock clk_out1_clk_wiz_0 rise edge)
                                                      0.000     0.000 r  
    BUFGCTRL_X0Y2        BUFG                         0.000     0.000 r  sysClk_IBUF_BUFG_inst/O
                         net (fo=76, routed)          0.546     0.546    vc/inst/clk_in1
    MMCME2_ADV_X0Y0      MMCME2_ADV (Prop_mmcme2_adv_CLKIN1_CLKOUT0)
                                                     -1.053    -0.508 r  vc/inst/mmcm_adv_inst/CLKOUT0
                         net (fo=1, routed)           0.482    -0.026    vc/inst/clk_out1_clk_wiz_0
    BUFGCTRL_X0Y0        BUFG (Prop_bufg_I_O)         0.026     0.000 r  vc/inst/clkout1_buf/O
                         net (fo=221, routed)         0.561     0.561    vsg/CLK
    SLICE_X28Y38         FDRE                                         r  vsg/h_cnt_reg[4]/C
  -------------------------------------------------------------------    -------------------
    SLICE_X28Y38         FDRE (Prop_fdre_C_Q)         0.148     0.709 r  vsg/h_cnt_reg[4]/Q
                         net (fo=10, routed)          0.073     0.781    vsg/h_cnt_reg[4]
    SLICE_X28Y38         LUT6 (Prop_lut6_I1_O)        0.098     0.879 r  vsg/h_cnt[5]_i_1/O
                         net (fo=1, routed)           0.000     0.879    vsg/h_cnt[5]_i_1_n_0
    SLICE_X28Y38         FDRE                                         r  vsg/h_cnt_reg[5]/D
  -------------------------------------------------------------------    -------------------

                         (clock clk_out1_clk_wiz_0 rise edge)
                                                      0.000     0.000 r  
    BUFGCTRL_X0Y2        BUFG                         0.000     0.000 r  sysClk_IBUF_BUFG_inst/O
                         net (fo=76, routed)          0.812     0.812    vc/inst/clk_in1
    MMCME2_ADV_X0Y0      MMCME2_ADV (Prop_mmcme2_adv_CLKIN1_CLKOUT0)
                                                     -1.369    -0.557 r  vc/inst/mmcm_adv_inst/CLKOUT0
                         net (fo=1, routed)           0.528    -0.029    vc/inst/clk_out1_clk_wiz_0
    BUFGCTRL_X0Y0        BUFG (Prop_bufg_I_O)         0.029    -0.000 r  vc/inst/clkout1_buf/O
                         net (fo=221, routed)         0.829     0.829    vsg/CLK
    SLICE_X28Y38         FDRE                                         r  vsg/h_cnt_reg[5]/C
                         clock pessimism             -0.268     0.561    
    SLICE_X28Y38         FDRE (Hold_fdre_C_D)         0.121     0.682    vsg/h_cnt_reg[5]
  -------------------------------------------------------------------
                         required time                         -0.682    
                         arrival time                           0.879    
  -------------------------------------------------------------------
                         slack                                  0.198    

Slack (MET) :             0.205ns  (arrival time - required time)
  Source:                 hdmi_inst/inst/encb/vdin_q_reg[3]/C
                            (rising edge-triggered cell FDRE clocked by clk_out1_clk_wiz_0  {rise@0.000ns fall@6.737ns period=13.474ns})
  Destination:            hdmi_inst/inst/encb/q_m_reg_reg[5]/D
                            (rising edge-triggered cell FDRE clocked by clk_out1_clk_wiz_0  {rise@0.000ns fall@6.737ns period=13.474ns})
  Path Group:             clk_out1_clk_wiz_0
  Path Type:              Hold (Min at Fast Process Corner)
  Requirement:            0.000ns  (clk_out1_clk_wiz_0 rise@0.000ns - clk_out1_clk_wiz_0 rise@0.000ns)
  Data Path Delay:        0.333ns  (logic 0.186ns (55.852%)  route 0.147ns (44.148%))
  Logic Levels:           1  (LUT5=1)
  Clock Path Skew:        0.036ns (DCD - SCD - CPR)
    Destination Clock Delay (DCD):    0.855ns
    Source Clock Delay      (SCD):    0.586ns
    Clock Pessimism Removal (CPR):    0.233ns

    Location             Delay type                Incr(ns)  Path(ns)    Netlist Resource(s)
  -------------------------------------------------------------------    -------------------
                         (clock clk_out1_clk_wiz_0 rise edge)
                                                      0.000     0.000 r  
    BUFGCTRL_X0Y2        BUFG                         0.000     0.000 r  sysClk_IBUF_BUFG_inst/O
                         net (fo=76, routed)          0.546     0.546    vc/inst/clk_in1
    MMCME2_ADV_X0Y0      MMCME2_ADV (Prop_mmcme2_adv_CLKIN1_CLKOUT0)
                                                     -1.053    -0.508 r  vc/inst/mmcm_adv_inst/CLKOUT0
                         net (fo=1, routed)           0.482    -0.026    vc/inst/clk_out1_clk_wiz_0
    BUFGCTRL_X0Y0        BUFG (Prop_bufg_I_O)         0.026     0.000 r  vc/inst/clkout1_buf/O
                         net (fo=221, routed)         0.586     0.586    hdmi_inst/inst/encb/pix_clk
    SLICE_X39Y15         FDRE                                         r  hdmi_inst/inst/encb/vdin_q_reg[3]/C
  -------------------------------------------------------------------    -------------------
    SLICE_X39Y15         FDRE (Prop_fdre_C_Q)         0.141     0.727 r  hdmi_inst/inst/encb/vdin_q_reg[3]/Q
                         net (fo=11, routed)          0.147     0.874    hdmi_inst/inst/encb/p_0_in3_in
    SLICE_X41Y15         LUT5 (Prop_lut5_I3_O)        0.045     0.919 r  hdmi_inst/inst/encb/q_m_reg[5]_i_1/O
                         net (fo=1, routed)           0.000     0.919    hdmi_inst/inst/encb/q_m_reg[5]_i_1_n_0
    SLICE_X41Y15         FDRE                                         r  hdmi_inst/inst/encb/q_m_reg_reg[5]/D
  -------------------------------------------------------------------    -------------------

                         (clock clk_out1_clk_wiz_0 rise edge)
                                                      0.000     0.000 r  
    BUFGCTRL_X0Y2        BUFG                         0.000     0.000 r  sysClk_IBUF_BUFG_inst/O
                         net (fo=76, routed)          0.812     0.812    vc/inst/clk_in1
    MMCME2_ADV_X0Y0      MMCME2_ADV (Prop_mmcme2_adv_CLKIN1_CLKOUT0)
                                                     -1.369    -0.557 r  vc/inst/mmcm_adv_inst/CLKOUT0
                         net (fo=1, routed)           0.528    -0.029    vc/inst/clk_out1_clk_wiz_0
    BUFGCTRL_X0Y0        BUFG (Prop_bufg_I_O)         0.029    -0.000 r  vc/inst/clkout1_buf/O
                         net (fo=221, routed)         0.855     0.855    hdmi_inst/inst/encb/pix_clk
    SLICE_X41Y15         FDRE                                         r  hdmi_inst/inst/encb/q_m_reg_reg[5]/C
                         clock pessimism             -0.233     0.622    
    SLICE_X41Y15         FDRE (Hold_fdre_C_D)         0.092     0.714    hdmi_inst/inst/encb/q_m_reg_reg[5]
  -------------------------------------------------------------------
                         required time                         -0.714    
                         arrival time                           0.919    
  -------------------------------------------------------------------
                         slack                                  0.205    





Pulse Width Checks
--------------------------------------------------------------------------------------
Clock Name:         clk_out1_clk_wiz_0
Waveform(ns):       { 0.000 6.737 }
Period(ns):         13.474
Sources:            { vc/inst/mmcm_adv_inst/CLKOUT0 }

Check Type        Corner  Lib Pin             Reference Pin  Required(ns)  Actual(ns)  Slack(ns)  Location         Pin
Min Period        n/a     BUFG/I              n/a            2.155         13.474      11.318     BUFGCTRL_X0Y0    vc/inst/clkout1_buf/I
Min Period        n/a     OSERDESE2/CLKDIV    n/a            1.667         13.474      11.807     OLOGIC_X0Y18     hdmi_inst/inst/serial_b/oserdes_m/CLKDIV
Min Period        n/a     OSERDESE2/CLKDIV    n/a            1.667         13.474      11.807     OLOGIC_X0Y17     hdmi_inst/inst/serial_b/oserdes_s/CLKDIV
Min Period        n/a     OSERDESE2/CLKDIV    n/a            1.667         13.474      11.807     OLOGIC_X0Y24     hdmi_inst/inst/serial_clk/oserdes_m/CLKDIV
Min Period        n/a     OSERDESE2/CLKDIV    n/a            1.667         13.474      11.807     OLOGIC_X0Y23     hdmi_inst/inst/serial_clk/oserdes_s/CLKDIV
Min Period        n/a     OSERDESE2/CLKDIV    n/a            1.667         13.474      11.807     OLOGIC_X0Y20     hdmi_inst/inst/serial_g/oserdes_m/CLKDIV
Min Period        n/a     OSERDESE2/CLKDIV    n/a            1.667         13.474      11.807     OLOGIC_X0Y19     hdmi_inst/inst/serial_g/oserdes_s/CLKDIV
Min Period        n/a     OSERDESE2/CLKDIV    n/a            1.667         13.474      11.807     OLOGIC_X0Y22     hdmi_inst/inst/serial_r/oserdes_m/CLKDIV
Min Period        n/a     OSERDESE2/CLKDIV    n/a            1.667         13.474      11.807     OLOGIC_X0Y21     hdmi_inst/inst/serial_r/oserdes_s/CLKDIV
Min Period        n/a     MMCME2_ADV/CLKOUT0  n/a            1.249         13.474      12.225     MMCME2_ADV_X0Y0  vc/inst/mmcm_adv_inst/CLKOUT0
Max Period        n/a     MMCME2_ADV/CLKOUT0  n/a            213.360       13.474      199.886    MMCME2_ADV_X0Y0  vc/inst/mmcm_adv_inst/CLKOUT0
Low Pulse Width   Slow    SRL16E/CLK          n/a            0.980         6.737       5.757      SLICE_X42Y21     hdmi_inst/inst/encg/c0_q_reg_srl2/CLK
Low Pulse Width   Fast    SRL16E/CLK          n/a            0.980         6.737       5.757      SLICE_X42Y21     hdmi_inst/inst/encg/c0_q_reg_srl2/CLK
Low Pulse Width   Slow    SRL16E/CLK          n/a            0.980         6.737       5.757      SLICE_X38Y27     hdmi_inst/inst/srldly_0/srl[16].srl16_i/CLK
Low Pulse Width   Fast    SRL16E/CLK          n/a            0.980         6.737       5.757      SLICE_X38Y27     hdmi_inst/inst/srldly_0/srl[16].srl16_i/CLK
Low Pulse Width   Slow    SRL16E/CLK          n/a            0.980         6.737       5.757      SLICE_X38Y27     hdmi_inst/inst/srldly_0/srl[17].srl16_i/CLK
Low Pulse Width   Fast    SRL16E/CLK          n/a            0.980         6.737       5.757      SLICE_X38Y27     hdmi_inst/inst/srldly_0/srl[17].srl16_i/CLK
Low Pulse Width   Slow    SRL16E/CLK          n/a            0.980         6.737       5.757      SLICE_X38Y27     hdmi_inst/inst/srldly_0/srl[18].srl16_i/CLK
Low Pulse Width   Fast    SRL16E/CLK          n/a            0.980         6.737       5.757      SLICE_X38Y27     hdmi_inst/inst/srldly_0/srl[18].srl16_i/CLK
Low Pulse Width   Slow    SRL16E/CLK          n/a            0.980         6.737       5.757      SLICE_X38Y27     hdmi_inst/inst/srldly_0/srl[19].srl16_i/CLK
Low Pulse Width   Fast    SRL16E/CLK          n/a            0.980         6.737       5.757      SLICE_X38Y27     hdmi_inst/inst/srldly_0/srl[19].srl16_i/CLK
High Pulse Width  Slow    SRL16E/CLK          n/a            0.980         6.737       5.757      SLICE_X42Y21     hdmi_inst/inst/encg/c0_q_reg_srl2/CLK
High Pulse Width  Fast    SRL16E/CLK          n/a            0.980         6.737       5.757      SLICE_X42Y21     hdmi_inst/inst/encg/c0_q_reg_srl2/CLK
High Pulse Width  Slow    SRL16E/CLK          n/a            0.980         6.737       5.757      SLICE_X38Y27     hdmi_inst/inst/srldly_0/srl[16].srl16_i/CLK
High Pulse Width  Fast    SRL16E/CLK          n/a            0.980         6.737       5.757      SLICE_X38Y27     hdmi_inst/inst/srldly_0/srl[16].srl16_i/CLK
High Pulse Width  Slow    SRL16E/CLK          n/a            0.980         6.737       5.757      SLICE_X38Y27     hdmi_inst/inst/srldly_0/srl[17].srl16_i/CLK
High Pulse Width  Fast    SRL16E/CLK          n/a            0.980         6.737       5.757      SLICE_X38Y27     hdmi_inst/inst/srldly_0/srl[17].srl16_i/CLK
High Pulse Width  Slow    SRL16E/CLK          n/a            0.980         6.737       5.757      SLICE_X38Y27     hdmi_inst/inst/srldly_0/srl[18].srl16_i/CLK
High Pulse Width  Fast    SRL16E/CLK          n/a            0.980         6.737       5.757      SLICE_X38Y27     hdmi_inst/inst/srldly_0/srl[18].srl16_i/CLK
High Pulse Width  Slow    SRL16E/CLK          n/a            0.980         6.737       5.757      SLICE_X38Y27     hdmi_inst/inst/srldly_0/srl[19].srl16_i/CLK
High Pulse Width  Fast    SRL16E/CLK          n/a            0.980         6.737       5.757      SLICE_X38Y27     hdmi_inst/inst/srldly_0/srl[19].srl16_i/CLK



---------------------------------------------------------------------------------------------------
From Clock:  clk_out2_clk_wiz_0
  To Clock:  clk_out2_clk_wiz_0

Setup :           NA  Failing Endpoints,  Worst Slack           NA  ,  Total Violation           NA
Hold  :           NA  Failing Endpoints,  Worst Slack           NA  ,  Total Violation           NA
PW    :            0  Failing Endpoints,  Worst Slack        0.540ns,  Total Violation        0.000ns
---------------------------------------------------------------------------------------------------


Pulse Width Checks
--------------------------------------------------------------------------------------
Clock Name:         clk_out2_clk_wiz_0
Waveform(ns):       { 0.000 1.347 }
Period(ns):         2.695
Sources:            { vc/inst/mmcm_adv_inst/CLKOUT1 }

Check Type  Corner  Lib Pin             Reference Pin  Required(ns)  Actual(ns)  Slack(ns)  Location         Pin
Min Period  n/a     BUFG/I              n/a            2.155         2.695       0.540      BUFGCTRL_X0Y1    vc/inst/clkout2_buf/I
Min Period  n/a     OSERDESE2/CLK       n/a            1.667         2.695       1.028      OLOGIC_X0Y18     hdmi_inst/inst/serial_b/oserdes_m/CLK
Min Period  n/a     OSERDESE2/CLK       n/a            1.667         2.695       1.028      OLOGIC_X0Y17     hdmi_inst/inst/serial_b/oserdes_s/CLK
Min Period  n/a     OSERDESE2/CLK       n/a            1.667         2.695       1.028      OLOGIC_X0Y24     hdmi_inst/inst/serial_clk/oserdes_m/CLK
Min Period  n/a     OSERDESE2/CLK       n/a            1.667         2.695       1.028      OLOGIC_X0Y23     hdmi_inst/inst/serial_clk/oserdes_s/CLK
Min Period  n/a     OSERDESE2/CLK       n/a            1.667         2.695       1.028      OLOGIC_X0Y20     hdmi_inst/inst/serial_g/oserdes_m/CLK
Min Period  n/a     OSERDESE2/CLK       n/a            1.667         2.695       1.028      OLOGIC_X0Y19     hdmi_inst/inst/serial_g/oserdes_s/CLK
Min Period  n/a     OSERDESE2/CLK       n/a            1.667         2.695       1.028      OLOGIC_X0Y22     hdmi_inst/inst/serial_r/oserdes_m/CLK
Min Period  n/a     OSERDESE2/CLK       n/a            1.667         2.695       1.028      OLOGIC_X0Y21     hdmi_inst/inst/serial_r/oserdes_s/CLK
Min Period  n/a     MMCME2_ADV/CLKOUT1  n/a            1.249         2.695       1.446      MMCME2_ADV_X0Y0  vc/inst/mmcm_adv_inst/CLKOUT1
Max Period  n/a     MMCME2_ADV/CLKOUT1  n/a            213.360       2.695       210.665    MMCME2_ADV_X0Y0  vc/inst/mmcm_adv_inst/CLKOUT1



---------------------------------------------------------------------------------------------------
From Clock:  clkfbout_clk_wiz_0
  To Clock:  clkfbout_clk_wiz_0

Setup :           NA  Failing Endpoints,  Worst Slack           NA  ,  Total Violation           NA
Hold  :           NA  Failing Endpoints,  Worst Slack           NA  ,  Total Violation           NA
PW    :            0  Failing Endpoints,  Worst Slack       20.000ns,  Total Violation        0.000ns
---------------------------------------------------------------------------------------------------


Pulse Width Checks
--------------------------------------------------------------------------------------
Clock Name:         clkfbout_clk_wiz_0
Waveform(ns):       { 0.000 40.000 }
Period(ns):         80.000
Sources:            { vc/inst/mmcm_adv_inst/CLKFBOUT }

Check Type  Corner  Lib Pin              Reference Pin  Required(ns)  Actual(ns)  Slack(ns)  Location         Pin
Min Period  n/a     BUFG/I               n/a            2.155         80.000      77.845     BUFGCTRL_X0Y3    vc/inst/clkf_buf/I
Min Period  n/a     MMCME2_ADV/CLKFBOUT  n/a            1.249         80.000      78.751     MMCME2_ADV_X0Y0  vc/inst/mmcm_adv_inst/CLKFBOUT
Min Period  n/a     MMCME2_ADV/CLKFBIN   n/a            1.249         80.000      78.751     MMCME2_ADV_X0Y0  vc/inst/mmcm_adv_inst/CLKFBIN
Max Period  n/a     MMCME2_ADV/CLKFBIN   n/a            100.000       80.000      20.000     MMCME2_ADV_X0Y0  vc/inst/mmcm_adv_inst/CLKFBIN
Max Period  n/a     MMCME2_ADV/CLKFBOUT  n/a            213.360       80.000      133.360    MMCME2_ADV_X0Y0  vc/inst/mmcm_adv_inst/CLKFBOUT



---------------------------------------------------------------------------------------------------
From Clock:  sysClk
  To Clock:  clk_out1_clk_wiz_0

Setup :            6  Failing Endpoints,  Worst Slack      -10.004ns,  Total Violation      -58.111ns
Hold  :            0  Failing Endpoints,  Worst Slack        0.619ns,  Total Violation        0.000ns
---------------------------------------------------------------------------------------------------


Max Delay Paths
--------------------------------------------------------------------------------------
Slack (VIOLATED) :        -10.004ns  (required time - arrival time)
  Source:                 triggerVolt_reg[4]_replica_1/C
                            (rising edge-triggered cell FDRE clocked by sysClk  {rise@0.000ns fall@10.000ns period=20.000ns})
  Destination:            sf/red_reg[6]/D
                            (rising edge-triggered cell FDRE clocked by clk_out1_clk_wiz_0  {rise@0.000ns fall@6.737ns period=13.474ns})
  Path Group:             clk_out1_clk_wiz_0
  Path Type:              Setup (Max at Slow Process Corner)
  Requirement:            0.211ns  (clk_out1_clk_wiz_0 rise@660.211ns - sysClk rise@660.000ns)
  Data Path Delay:        5.444ns  (logic 1.960ns (36.002%)  route 3.484ns (63.998%))
  Logic Levels:           7  (CARRY4=1 LUT4=1 LUT5=1 LUT6=4)
  Clock Path Skew:        -3.957ns (DCD - SCD + CPR)
    Destination Clock Delay (DCD):    1.495ns = ( 661.706 - 660.211 ) 
    Source Clock Delay      (SCD):    5.452ns = ( 665.452 - 660.000 ) 
    Clock Pessimism Removal (CPR):    0.000ns
  Clock Uncertainty:      0.845ns  ((TSJ^2 + DJ^2)^1/2) / 2 + PE
    Total System Jitter     (TSJ):    0.071ns
    Discrete Jitter          (DJ):    0.462ns
    Phase Error              (PE):    0.611ns
  Clock Domain Crossing:  Inter clock paths are considered valid unless explicitly excluded by timing constraints such as set_clock_groups or set_false_path.

    Location             Delay type                Incr(ns)  Path(ns)    Netlist Resource(s)
  -------------------------------------------------------------------    -------------------
                         (clock sysClk rise edge)   660.000   660.000 r  
    U18                                               0.000   660.000 r  sysClk (IN)
                         net (fo=0)                   0.000   660.000    sysClk
    U18                  IBUF (Prop_ibuf_I_O)         1.530   661.530 r  sysClk_IBUF_inst/O
                         net (fo=1, routed)           2.076   663.606    sysClk_IBUF
    BUFGCTRL_X0Y2        BUFG (Prop_bufg_I_O)         0.101   663.707 r  sysClk_IBUF_BUFG_inst/O
                         net (fo=76, routed)          1.745   665.452    sysClk_IBUF_BUFG
    SLICE_X37Y34         FDRE                                         r  triggerVolt_reg[4]_replica_1/C
  -------------------------------------------------------------------    -------------------
    SLICE_X37Y34         FDRE (Prop_fdre_C_Q)         0.456   665.908 r  triggerVolt_reg[4]_replica_1/Q
                         net (fo=25, routed)          0.944   666.852    sf/triggerVolt[4]_repN_1_alias
    SLICE_X39Y33         LUT6 (Prop_lut6_I0_O)        0.124   666.976 r  sf/i__carry__0_i_10__0_comp/O
                         net (fo=7, routed)           0.599   667.575    vsg/p_1_out_inferred__5/i__carry__1
    SLICE_X38Y36         LUT5 (Prop_lut5_I2_O)        0.124   667.699 r  vsg/i__carry__1_i_5__2/O
                         net (fo=1, routed)           0.000   667.699    sf/blue[6]_i_10[1]
    SLICE_X38Y36         CARRY4 (Prop_carry4_S[1]_CO[2])
                                                      0.574   668.273 r  sf/p_1_out_inferred__5/i__carry__1/CO[2]
                         net (fo=1, routed)           0.523   668.796    vsg/blue[6]_i_5_3[0]
    SLICE_X35Y36         LUT6 (Prop_lut6_I4_O)        0.310   669.106 f  vsg/blue[6]_i_10/O
                         net (fo=1, routed)           0.293   669.398    vsg/blue[6]_i_10_n_0
    SLICE_X35Y34         LUT6 (Prop_lut6_I2_O)        0.124   669.522 f  vsg/blue[6]_i_5_comp/O
                         net (fo=3, routed)           0.652   670.174    vsg/blue[6]_i_5_n_0
    SLICE_X35Y34         LUT6 (Prop_lut6_I1_O)        0.124   670.298 r  vsg/red[7]_i_4_comp/O
                         net (fo=2, routed)           0.474   670.772    vsg/red[7]_i_4_n_0
    SLICE_X35Y35         LUT4 (Prop_lut4_I3_O)        0.124   670.896 r  vsg/red[6]_i_1/O
                         net (fo=1, routed)           0.000   670.896    sf/D[0]
    SLICE_X35Y35         FDRE                                         r  sf/red_reg[6]/D
  -------------------------------------------------------------------    -------------------

                         (clock clk_out1_clk_wiz_0 rise edge)
                                                    660.211   660.211 r  
    BUFGCTRL_X0Y2        BUFG                         0.000   660.211 r  sysClk_IBUF_BUFG_inst/O
                         net (fo=76, routed)          1.487   661.698    vc/inst/clk_in1
    MMCME2_ADV_X0Y0      MMCME2_ADV (Prop_mmcme2_adv_CLKIN1_CLKOUT0)
                                                     -3.177   658.521 r  vc/inst/mmcm_adv_inst/CLKOUT0
                         net (fo=1, routed)           1.599   660.120    vc/inst/clk_out1_clk_wiz_0
    BUFGCTRL_X0Y0        BUFG (Prop_bufg_I_O)         0.091   660.211 r  vc/inst/clkout1_buf/O
                         net (fo=221, routed)         1.495   661.706    sf/CLK
    SLICE_X35Y35         FDRE                                         r  sf/red_reg[6]/C
                         clock pessimism              0.000   661.706    
                         clock uncertainty           -0.845   660.861    
    SLICE_X35Y35         FDRE (Setup_fdre_C_D)        0.031   660.892    sf/red_reg[6]
  -------------------------------------------------------------------
                         required time                        660.892    
                         arrival time                        -670.896    
  -------------------------------------------------------------------
                         slack                                -10.004    

Slack (VIOLATED) :        -9.992ns  (required time - arrival time)
  Source:                 triggerVolt_reg[4]_replica_1/C
                            (rising edge-triggered cell FDRE clocked by sysClk  {rise@0.000ns fall@10.000ns period=20.000ns})
  Destination:            sf/red_reg[7]/D
                            (rising edge-triggered cell FDRE clocked by clk_out1_clk_wiz_0  {rise@0.000ns fall@6.737ns period=13.474ns})
  Path Group:             clk_out1_clk_wiz_0
  Path Type:              Setup (Max at Slow Process Corner)
  Requirement:            0.211ns  (clk_out1_clk_wiz_0 rise@660.211ns - sysClk rise@660.000ns)
  Data Path Delay:        5.429ns  (logic 1.960ns (36.100%)  route 3.469ns (63.900%))
  Logic Levels:           7  (CARRY4=1 LUT5=1 LUT6=5)
  Clock Path Skew:        -3.960ns (DCD - SCD + CPR)
    Destination Clock Delay (DCD):    1.492ns = ( 661.703 - 660.211 ) 
    Source Clock Delay      (SCD):    5.452ns = ( 665.452 - 660.000 ) 
    Clock Pessimism Removal (CPR):    0.000ns
  Clock Uncertainty:      0.845ns  ((TSJ^2 + DJ^2)^1/2) / 2 + PE
    Total System Jitter     (TSJ):    0.071ns
    Discrete Jitter          (DJ):    0.462ns
    Phase Error              (PE):    0.611ns
  Clock Domain Crossing:  Inter clock paths are considered valid unless explicitly excluded by timing constraints such as set_clock_groups or set_false_path.

    Location             Delay type                Incr(ns)  Path(ns)    Netlist Resource(s)
  -------------------------------------------------------------------    -------------------
                         (clock sysClk rise edge)   660.000   660.000 r  
    U18                                               0.000   660.000 r  sysClk (IN)
                         net (fo=0)                   0.000   660.000    sysClk
    U18                  IBUF (Prop_ibuf_I_O)         1.530   661.530 r  sysClk_IBUF_inst/O
                         net (fo=1, routed)           2.076   663.606    sysClk_IBUF
    BUFGCTRL_X0Y2        BUFG (Prop_bufg_I_O)         0.101   663.707 r  sysClk_IBUF_BUFG_inst/O
                         net (fo=76, routed)          1.745   665.452    sysClk_IBUF_BUFG
    SLICE_X37Y34         FDRE                                         r  triggerVolt_reg[4]_replica_1/C
  -------------------------------------------------------------------    -------------------
    SLICE_X37Y34         FDRE (Prop_fdre_C_Q)         0.456   665.908 r  triggerVolt_reg[4]_replica_1/Q
                         net (fo=25, routed)          0.944   666.852    sf/triggerVolt[4]_repN_1_alias
    SLICE_X39Y33         LUT6 (Prop_lut6_I0_O)        0.124   666.976 r  sf/i__carry__0_i_10__0_comp/O
                         net (fo=7, routed)           0.599   667.575    vsg/p_1_out_inferred__5/i__carry__1
    SLICE_X38Y36         LUT5 (Prop_lut5_I2_O)        0.124   667.699 r  vsg/i__carry__1_i_5__2/O
                         net (fo=1, routed)           0.000   667.699    sf/blue[6]_i_10[1]
    SLICE_X38Y36         CARRY4 (Prop_carry4_S[1]_CO[2])
                                                      0.574   668.273 r  sf/p_1_out_inferred__5/i__carry__1/CO[2]
                         net (fo=1, routed)           0.523   668.796    vsg/blue[6]_i_5_3[0]
    SLICE_X35Y36         LUT6 (Prop_lut6_I4_O)        0.310   669.106 f  vsg/blue[6]_i_10/O
                         net (fo=1, routed)           0.293   669.398    vsg/blue[6]_i_10_n_0
    SLICE_X35Y34         LUT6 (Prop_lut6_I2_O)        0.124   669.522 f  vsg/blue[6]_i_5_comp/O
                         net (fo=3, routed)           0.652   670.174    vsg/blue[6]_i_5_n_0
    SLICE_X35Y34         LUT6 (Prop_lut6_I1_O)        0.124   670.298 r  vsg/red[7]_i_4_comp/O
                         net (fo=2, routed)           0.459   670.758    vsg/red[7]_i_4_n_0
    SLICE_X35Y32         LUT6 (Prop_lut6_I2_O)        0.124   670.882 r  vsg/red[7]_i_1/O
                         net (fo=1, routed)           0.000   670.882    sf/D[1]
    SLICE_X35Y32         FDRE                                         r  sf/red_reg[7]/D
  -------------------------------------------------------------------    -------------------

                         (clock clk_out1_clk_wiz_0 rise edge)
                                                    660.211   660.211 r  
    BUFGCTRL_X0Y2        BUFG                         0.000   660.211 r  sysClk_IBUF_BUFG_inst/O
                         net (fo=76, routed)          1.487   661.698    vc/inst/clk_in1
    MMCME2_ADV_X0Y0      MMCME2_ADV (Prop_mmcme2_adv_CLKIN1_CLKOUT0)
                                                     -3.177   658.521 r  vc/inst/mmcm_adv_inst/CLKOUT0
                         net (fo=1, routed)           1.599   660.120    vc/inst/clk_out1_clk_wiz_0
    BUFGCTRL_X0Y0        BUFG (Prop_bufg_I_O)         0.091   660.211 r  vc/inst/clkout1_buf/O
                         net (fo=221, routed)         1.492   661.703    sf/CLK
    SLICE_X35Y32         FDRE                                         r  sf/red_reg[7]/C
                         clock pessimism              0.000   661.703    
                         clock uncertainty           -0.845   660.858    
    SLICE_X35Y32         FDRE (Setup_fdre_C_D)        0.031   660.889    sf/red_reg[7]
  -------------------------------------------------------------------
                         required time                        660.889    
                         arrival time                        -670.881    
  -------------------------------------------------------------------
                         slack                                 -9.992    

Slack (VIOLATED) :        -9.733ns  (required time - arrival time)
  Source:                 triggerVolt_reg[4]_replica_1/C
                            (rising edge-triggered cell FDRE clocked by sysClk  {rise@0.000ns fall@10.000ns period=20.000ns})
  Destination:            sf/green_reg[7]/D
                            (rising edge-triggered cell FDRE clocked by clk_out1_clk_wiz_0  {rise@0.000ns fall@6.737ns period=13.474ns})
  Path Group:             clk_out1_clk_wiz_0
  Path Type:              Setup (Max at Slow Process Corner)
  Requirement:            0.211ns  (clk_out1_clk_wiz_0 rise@660.211ns - sysClk rise@660.000ns)
  Data Path Delay:        5.217ns  (logic 1.960ns (37.567%)  route 3.257ns (62.433%))
  Logic Levels:           7  (CARRY4=1 LUT5=2 LUT6=4)
  Clock Path Skew:        -3.963ns (DCD - SCD + CPR)
    Destination Clock Delay (DCD):    1.489ns = ( 661.700 - 660.211 ) 
    Source Clock Delay      (SCD):    5.452ns = ( 665.452 - 660.000 ) 
    Clock Pessimism Removal (CPR):    0.000ns
  Clock Uncertainty:      0.845ns  ((TSJ^2 + DJ^2)^1/2) / 2 + PE
    Total System Jitter     (TSJ):    0.071ns
    Discrete Jitter          (DJ):    0.462ns
    Phase Error              (PE):    0.611ns
  Clock Domain Crossing:  Inter clock paths are considered valid unless explicitly excluded by timing constraints such as set_clock_groups or set_false_path.

    Location             Delay type                Incr(ns)  Path(ns)    Netlist Resource(s)
  -------------------------------------------------------------------    -------------------
                         (clock sysClk rise edge)   660.000   660.000 r  
    U18                                               0.000   660.000 r  sysClk (IN)
                         net (fo=0)                   0.000   660.000    sysClk
    U18                  IBUF (Prop_ibuf_I_O)         1.530   661.530 r  sysClk_IBUF_inst/O
                         net (fo=1, routed)           2.076   663.606    sysClk_IBUF
    BUFGCTRL_X0Y2        BUFG (Prop_bufg_I_O)         0.101   663.707 r  sysClk_IBUF_BUFG_inst/O
                         net (fo=76, routed)          1.745   665.452    sysClk_IBUF_BUFG
    SLICE_X37Y34         FDRE                                         r  triggerVolt_reg[4]_replica_1/C
  -------------------------------------------------------------------    -------------------
    SLICE_X37Y34         FDRE (Prop_fdre_C_Q)         0.456   665.908 r  triggerVolt_reg[4]_replica_1/Q
                         net (fo=25, routed)          0.944   666.852    sf/triggerVolt[4]_repN_1_alias
    SLICE_X39Y33         LUT6 (Prop_lut6_I0_O)        0.124   666.976 r  sf/i__carry__0_i_10__0_comp/O
                         net (fo=7, routed)           0.599   667.575    vsg/p_1_out_inferred__5/i__carry__1
    SLICE_X38Y36         LUT5 (Prop_lut5_I2_O)        0.124   667.699 r  vsg/i__carry__1_i_5__2/O
                         net (fo=1, routed)           0.000   667.699    sf/blue[6]_i_10[1]
    SLICE_X38Y36         CARRY4 (Prop_carry4_S[1]_CO[2])
                                                      0.574   668.273 f  sf/p_1_out_inferred__5/i__carry__1/CO[2]
                         net (fo=1, routed)           0.523   668.796    vsg/blue[6]_i_5_3[0]
    SLICE_X35Y36         LUT6 (Prop_lut6_I4_O)        0.310   669.106 r  vsg/blue[6]_i_10/O
                         net (fo=1, routed)           0.293   669.398    vsg/blue[6]_i_10_n_0
    SLICE_X35Y34         LUT6 (Prop_lut6_I2_O)        0.124   669.522 r  vsg/blue[6]_i_5_comp/O
                         net (fo=3, routed)           0.613   670.135    vsg/blue[6]_i_5_n_0
    SLICE_X34Y30         LUT6 (Prop_lut6_I2_O)        0.124   670.259 r  vsg/blue[6]_i_1_comp_1/O
                         net (fo=3, routed)           0.286   670.546    vsg/pixelVert_reg[6]_1[0]
    SLICE_X34Y30         LUT5 (Prop_lut5_I4_O)        0.124   670.670 r  vsg/green[7]_i_1/O
                         net (fo=1, routed)           0.000   670.670    sf/green_reg[7]_0
    SLICE_X34Y30         FDRE                                         r  sf/green_reg[7]/D
  -------------------------------------------------------------------    -------------------

                         (clock clk_out1_clk_wiz_0 rise edge)
                                                    660.211   660.211 r  
    BUFGCTRL_X0Y2        BUFG                         0.000   660.211 r  sysClk_IBUF_BUFG_inst/O
                         net (fo=76, routed)          1.487   661.698    vc/inst/clk_in1
    MMCME2_ADV_X0Y0      MMCME2_ADV (Prop_mmcme2_adv_CLKIN1_CLKOUT0)
                                                     -3.177   658.521 r  vc/inst/mmcm_adv_inst/CLKOUT0
                         net (fo=1, routed)           1.599   660.120    vc/inst/clk_out1_clk_wiz_0
    BUFGCTRL_X0Y0        BUFG (Prop_bufg_I_O)         0.091   660.211 r  vc/inst/clkout1_buf/O
                         net (fo=221, routed)         1.489   661.700    sf/CLK
    SLICE_X34Y30         FDRE                                         r  sf/green_reg[7]/C
                         clock pessimism              0.000   661.700    
                         clock uncertainty           -0.845   660.855    
    SLICE_X34Y30         FDRE (Setup_fdre_C_D)        0.081   660.936    sf/green_reg[7]
  -------------------------------------------------------------------
                         required time                        660.936    
                         arrival time                        -670.669    
  -------------------------------------------------------------------
                         slack                                 -9.733    

Slack (VIOLATED) :        -9.689ns  (required time - arrival time)
  Source:                 triggerVolt_reg[4]_replica_1/C
                            (rising edge-triggered cell FDRE clocked by sysClk  {rise@0.000ns fall@10.000ns period=20.000ns})
  Destination:            sf/green_reg[6]/D
                            (rising edge-triggered cell FDRE clocked by clk_out1_clk_wiz_0  {rise@0.000ns fall@6.737ns period=13.474ns})
  Path Group:             clk_out1_clk_wiz_0
  Path Type:              Setup (Max at Slow Process Corner)
  Requirement:            0.211ns  (clk_out1_clk_wiz_0 rise@660.211ns - sysClk rise@660.000ns)
  Data Path Delay:        5.210ns  (logic 1.953ns (37.483%)  route 3.257ns (62.517%))
  Logic Levels:           7  (CARRY4=1 LUT4=1 LUT5=1 LUT6=4)
  Clock Path Skew:        -3.963ns (DCD - SCD + CPR)
    Destination Clock Delay (DCD):    1.489ns = ( 661.700 - 660.211 ) 
    Source Clock Delay      (SCD):    5.452ns = ( 665.452 - 660.000 ) 
    Clock Pessimism Removal (CPR):    0.000ns
  Clock Uncertainty:      0.845ns  ((TSJ^2 + DJ^2)^1/2) / 2 + PE
    Total System Jitter     (TSJ):    0.071ns
    Discrete Jitter          (DJ):    0.462ns
    Phase Error              (PE):    0.611ns
  Clock Domain Crossing:  Inter clock paths are considered valid unless explicitly excluded by timing constraints such as set_clock_groups or set_false_path.

    Location             Delay type                Incr(ns)  Path(ns)    Netlist Resource(s)
  -------------------------------------------------------------------    -------------------
                         (clock sysClk rise edge)   660.000   660.000 r  
    U18                                               0.000   660.000 r  sysClk (IN)
                         net (fo=0)                   0.000   660.000    sysClk
    U18                  IBUF (Prop_ibuf_I_O)         1.530   661.530 r  sysClk_IBUF_inst/O
                         net (fo=1, routed)           2.076   663.606    sysClk_IBUF
    BUFGCTRL_X0Y2        BUFG (Prop_bufg_I_O)         0.101   663.707 r  sysClk_IBUF_BUFG_inst/O
                         net (fo=76, routed)          1.745   665.452    sysClk_IBUF_BUFG
    SLICE_X37Y34         FDRE                                         r  triggerVolt_reg[4]_replica_1/C
  -------------------------------------------------------------------    -------------------
    SLICE_X37Y34         FDRE (Prop_fdre_C_Q)         0.456   665.908 r  triggerVolt_reg[4]_replica_1/Q
                         net (fo=25, routed)          0.944   666.852    sf/triggerVolt[4]_repN_1_alias
    SLICE_X39Y33         LUT6 (Prop_lut6_I0_O)        0.124   666.976 r  sf/i__carry__0_i_10__0_comp/O
                         net (fo=7, routed)           0.599   667.575    vsg/p_1_out_inferred__5/i__carry__1
    SLICE_X38Y36         LUT5 (Prop_lut5_I2_O)        0.124   667.699 r  vsg/i__carry__1_i_5__2/O
                         net (fo=1, routed)           0.000   667.699    sf/blue[6]_i_10[1]
    SLICE_X38Y36         CARRY4 (Prop_carry4_S[1]_CO[2])
                                                      0.574   668.273 f  sf/p_1_out_inferred__5/i__carry__1/CO[2]
                         net (fo=1, routed)           0.523   668.796    vsg/blue[6]_i_5_3[0]
    SLICE_X35Y36         LUT6 (Prop_lut6_I4_O)        0.310   669.106 r  vsg/blue[6]_i_10/O
                         net (fo=1, routed)           0.293   669.398    vsg/blue[6]_i_10_n_0
    SLICE_X35Y34         LUT6 (Prop_lut6_I2_O)        0.124   669.522 r  vsg/blue[6]_i_5_comp/O
                         net (fo=3, routed)           0.613   670.135    vsg/blue[6]_i_5_n_0
    SLICE_X34Y30         LUT6 (Prop_lut6_I2_O)        0.124   670.259 r  vsg/blue[6]_i_1_comp_1/O
                         net (fo=3, routed)           0.286   670.546    vsg/pixelVert_reg[6]_1[0]
    SLICE_X34Y30         LUT4 (Prop_lut4_I0_O)        0.117   670.663 r  vsg/green[6]_i_1/O
                         net (fo=1, routed)           0.000   670.663    sf/green_reg[6]_0
    SLICE_X34Y30         FDRE                                         r  sf/green_reg[6]/D
  -------------------------------------------------------------------    -------------------

                         (clock clk_out1_clk_wiz_0 rise edge)
                                                    660.211   660.211 r  
    BUFGCTRL_X0Y2        BUFG                         0.000   660.211 r  sysClk_IBUF_BUFG_inst/O
                         net (fo=76, routed)          1.487   661.698    vc/inst/clk_in1
    MMCME2_ADV_X0Y0      MMCME2_ADV (Prop_mmcme2_adv_CLKIN1_CLKOUT0)
                                                     -3.177   658.521 r  vc/inst/mmcm_adv_inst/CLKOUT0
                         net (fo=1, routed)           1.599   660.120    vc/inst/clk_out1_clk_wiz_0
    BUFGCTRL_X0Y0        BUFG (Prop_bufg_I_O)         0.091   660.211 r  vc/inst/clkout1_buf/O
                         net (fo=221, routed)         1.489   661.700    sf/CLK
    SLICE_X34Y30         FDRE                                         r  sf/green_reg[6]/C
                         clock pessimism              0.000   661.700    
                         clock uncertainty           -0.845   660.855    
    SLICE_X34Y30         FDRE (Setup_fdre_C_D)        0.118   660.973    sf/green_reg[6]
  -------------------------------------------------------------------
                         required time                        660.973    
                         arrival time                        -670.663    
  -------------------------------------------------------------------
                         slack                                 -9.689    

Slack (VIOLATED) :        -9.365ns  (required time - arrival time)
  Source:                 triggerVolt_reg[4]_replica_1/C
                            (rising edge-triggered cell FDRE clocked by sysClk  {rise@0.000ns fall@10.000ns period=20.000ns})
  Destination:            sf/blue_reg[7]/D
                            (rising edge-triggered cell FDRE clocked by clk_out1_clk_wiz_0  {rise@0.000ns fall@6.737ns period=13.474ns})
  Path Group:             clk_out1_clk_wiz_0
  Path Type:              Setup (Max at Slow Process Corner)
  Requirement:            0.211ns  (clk_out1_clk_wiz_0 rise@660.211ns - sysClk rise@660.000ns)
  Data Path Delay:        4.799ns  (logic 1.836ns (38.258%)  route 2.963ns (61.742%))
  Logic Levels:           6  (CARRY4=1 LUT5=1 LUT6=4)
  Clock Path Skew:        -3.963ns (DCD - SCD + CPR)
    Destination Clock Delay (DCD):    1.489ns = ( 661.700 - 660.211 ) 
    Source Clock Delay      (SCD):    5.452ns = ( 665.452 - 660.000 ) 
    Clock Pessimism Removal (CPR):    0.000ns
  Clock Uncertainty:      0.845ns  ((TSJ^2 + DJ^2)^1/2) / 2 + PE
    Total System Jitter     (TSJ):    0.071ns
    Discrete Jitter          (DJ):    0.462ns
    Phase Error              (PE):    0.611ns
  Clock Domain Crossing:  Inter clock paths are considered valid unless explicitly excluded by timing constraints such as set_clock_groups or set_false_path.

    Location             Delay type                Incr(ns)  Path(ns)    Netlist Resource(s)
  -------------------------------------------------------------------    -------------------
                         (clock sysClk rise edge)   660.000   660.000 r  
    U18                                               0.000   660.000 r  sysClk (IN)
                         net (fo=0)                   0.000   660.000    sysClk
    U18                  IBUF (Prop_ibuf_I_O)         1.530   661.530 r  sysClk_IBUF_inst/O
                         net (fo=1, routed)           2.076   663.606    sysClk_IBUF
    BUFGCTRL_X0Y2        BUFG (Prop_bufg_I_O)         0.101   663.707 r  sysClk_IBUF_BUFG_inst/O
                         net (fo=76, routed)          1.745   665.452    sysClk_IBUF_BUFG
    SLICE_X37Y34         FDRE                                         r  triggerVolt_reg[4]_replica_1/C
  -------------------------------------------------------------------    -------------------
    SLICE_X37Y34         FDRE (Prop_fdre_C_Q)         0.456   665.908 r  triggerVolt_reg[4]_replica_1/Q
                         net (fo=25, routed)          0.944   666.852    sf/triggerVolt[4]_repN_1_alias
    SLICE_X39Y33         LUT6 (Prop_lut6_I0_O)        0.124   666.976 r  sf/i__carry__0_i_10__0_comp/O
                         net (fo=7, routed)           0.599   667.575    vsg/p_1_out_inferred__5/i__carry__1
    SLICE_X38Y36         LUT5 (Prop_lut5_I2_O)        0.124   667.699 r  vsg/i__carry__1_i_5__2/O
                         net (fo=1, routed)           0.000   667.699    sf/blue[6]_i_10[1]
    SLICE_X38Y36         CARRY4 (Prop_carry4_S[1]_CO[2])
                                                      0.574   668.273 f  sf/p_1_out_inferred__5/i__carry__1/CO[2]
                         net (fo=1, routed)           0.523   668.796    vsg/blue[6]_i_5_3[0]
    SLICE_X35Y36         LUT6 (Prop_lut6_I4_O)        0.310   669.106 r  vsg/blue[6]_i_10/O
                         net (fo=1, routed)           0.293   669.398    vsg/blue[6]_i_10_n_0
    SLICE_X35Y34         LUT6 (Prop_lut6_I2_O)        0.124   669.522 r  vsg/blue[6]_i_5_comp/O
                         net (fo=3, routed)           0.605   670.127    vsg/blue[6]_i_5_n_0
    SLICE_X35Y30         LUT6 (Prop_lut6_I2_O)        0.124   670.251 r  vsg/blue[7]_i_1_comp_1/O
                         net (fo=1, routed)           0.000   670.251    sf/blue_reg[7]_1[1]
    SLICE_X35Y30         FDRE                                         r  sf/blue_reg[7]/D
  -------------------------------------------------------------------    -------------------

                         (clock clk_out1_clk_wiz_0 rise edge)
                                                    660.211   660.211 r  
    BUFGCTRL_X0Y2        BUFG                         0.000   660.211 r  sysClk_IBUF_BUFG_inst/O
                         net (fo=76, routed)          1.487   661.698    vc/inst/clk_in1
    MMCME2_ADV_X0Y0      MMCME2_ADV (Prop_mmcme2_adv_CLKIN1_CLKOUT0)
                                                     -3.177   658.521 r  vc/inst/mmcm_adv_inst/CLKOUT0
                         net (fo=1, routed)           1.599   660.120    vc/inst/clk_out1_clk_wiz_0
    BUFGCTRL_X0Y0        BUFG (Prop_bufg_I_O)         0.091   660.211 r  vc/inst/clkout1_buf/O
                         net (fo=221, routed)         1.489   661.700    sf/CLK
    SLICE_X35Y30         FDRE                                         r  sf/blue_reg[7]/C
                         clock pessimism              0.000   661.700    
                         clock uncertainty           -0.845   660.855    
    SLICE_X35Y30         FDRE (Setup_fdre_C_D)        0.031   660.886    sf/blue_reg[7]
  -------------------------------------------------------------------
                         required time                        660.886    
                         arrival time                        -670.251    
  -------------------------------------------------------------------
                         slack                                 -9.365    

Slack (VIOLATED) :        -9.327ns  (required time - arrival time)
  Source:                 triggerVolt_reg[4]_replica_1/C
                            (rising edge-triggered cell FDRE clocked by sysClk  {rise@0.000ns fall@10.000ns period=20.000ns})
  Destination:            sf/blue_reg[6]/D
                            (rising edge-triggered cell FDRE clocked by clk_out1_clk_wiz_0  {rise@0.000ns fall@6.737ns period=13.474ns})
  Path Group:             clk_out1_clk_wiz_0
  Path Type:              Setup (Max at Slow Process Corner)
  Requirement:            0.211ns  (clk_out1_clk_wiz_0 rise@660.211ns - sysClk rise@660.000ns)
  Data Path Delay:        4.807ns  (logic 1.836ns (38.194%)  route 2.971ns (61.806%))
  Logic Levels:           6  (CARRY4=1 LUT5=1 LUT6=4)
  Clock Path Skew:        -3.963ns (DCD - SCD + CPR)
    Destination Clock Delay (DCD):    1.489ns = ( 661.700 - 660.211 ) 
    Source Clock Delay      (SCD):    5.452ns = ( 665.452 - 660.000 ) 
    Clock Pessimism Removal (CPR):    0.000ns
  Clock Uncertainty:      0.845ns  ((TSJ^2 + DJ^2)^1/2) / 2 + PE
    Total System Jitter     (TSJ):    0.071ns
    Discrete Jitter          (DJ):    0.462ns
    Phase Error              (PE):    0.611ns
  Clock Domain Crossing:  Inter clock paths are considered valid unless explicitly excluded by timing constraints such as set_clock_groups or set_false_path.

    Location             Delay type                Incr(ns)  Path(ns)    Netlist Resource(s)
  -------------------------------------------------------------------    -------------------
                         (clock sysClk rise edge)   660.000   660.000 r  
    U18                                               0.000   660.000 r  sysClk (IN)
                         net (fo=0)                   0.000   660.000    sysClk
    U18                  IBUF (Prop_ibuf_I_O)         1.530   661.530 r  sysClk_IBUF_inst/O
                         net (fo=1, routed)           2.076   663.606    sysClk_IBUF
    BUFGCTRL_X0Y2        BUFG (Prop_bufg_I_O)         0.101   663.707 r  sysClk_IBUF_BUFG_inst/O
                         net (fo=76, routed)          1.745   665.452    sysClk_IBUF_BUFG
    SLICE_X37Y34         FDRE                                         r  triggerVolt_reg[4]_replica_1/C
  -------------------------------------------------------------------    -------------------
    SLICE_X37Y34         FDRE (Prop_fdre_C_Q)         0.456   665.908 r  triggerVolt_reg[4]_replica_1/Q
                         net (fo=25, routed)          0.944   666.852    sf/triggerVolt[4]_repN_1_alias
    SLICE_X39Y33         LUT6 (Prop_lut6_I0_O)        0.124   666.976 r  sf/i__carry__0_i_10__0_comp/O
                         net (fo=7, routed)           0.599   667.575    vsg/p_1_out_inferred__5/i__carry__1
    SLICE_X38Y36         LUT5 (Prop_lut5_I2_O)        0.124   667.699 r  vsg/i__carry__1_i_5__2/O
                         net (fo=1, routed)           0.000   667.699    sf/blue[6]_i_10[1]
    SLICE_X38Y36         CARRY4 (Prop_carry4_S[1]_CO[2])
                                                      0.574   668.273 f  sf/p_1_out_inferred__5/i__carry__1/CO[2]
                         net (fo=1, routed)           0.523   668.796    vsg/blue[6]_i_5_3[0]
    SLICE_X35Y36         LUT6 (Prop_lut6_I4_O)        0.310   669.106 r  vsg/blue[6]_i_10/O
                         net (fo=1, routed)           0.293   669.398    vsg/blue[6]_i_10_n_0
    SLICE_X35Y34         LUT6 (Prop_lut6_I2_O)        0.124   669.522 r  vsg/blue[6]_i_5_comp/O
                         net (fo=3, routed)           0.613   670.135    vsg/blue[6]_i_5_n_0
    SLICE_X34Y30         LUT6 (Prop_lut6_I2_O)        0.124   670.259 r  vsg/blue[6]_i_1_comp_1/O
                         net (fo=3, routed)           0.000   670.259    sf/blue_reg[7]_1[0]
    SLICE_X34Y30         FDRE                                         r  sf/blue_reg[6]/D
  -------------------------------------------------------------------    -------------------

                         (clock clk_out1_clk_wiz_0 rise edge)
                                                    660.211   660.211 r  
    BUFGCTRL_X0Y2        BUFG                         0.000   660.211 r  sysClk_IBUF_BUFG_inst/O
                         net (fo=76, routed)          1.487   661.698    vc/inst/clk_in1
    MMCME2_ADV_X0Y0      MMCME2_ADV (Prop_mmcme2_adv_CLKIN1_CLKOUT0)
                                                     -3.177   658.521 r  vc/inst/mmcm_adv_inst/CLKOUT0
                         net (fo=1, routed)           1.599   660.120    vc/inst/clk_out1_clk_wiz_0
    BUFGCTRL_X0Y0        BUFG (Prop_bufg_I_O)         0.091   660.211 r  vc/inst/clkout1_buf/O
                         net (fo=221, routed)         1.489   661.700    sf/CLK
    SLICE_X34Y30         FDRE                                         r  sf/blue_reg[6]/C
                         clock pessimism              0.000   661.700    
                         clock uncertainty           -0.845   660.855    
    SLICE_X34Y30         FDRE (Setup_fdre_C_D)        0.077   660.932    sf/blue_reg[6]
  -------------------------------------------------------------------
                         required time                        660.932    
                         arrival time                        -670.259    
  -------------------------------------------------------------------
                         slack                                 -9.327    





Min Delay Paths
--------------------------------------------------------------------------------------
Slack (MET) :             0.619ns  (arrival time - required time)
  Source:                 triggerVolt_reg[6]_replica/C
                            (rising edge-triggered cell FDRE clocked by sysClk  {rise@0.000ns fall@10.000ns period=20.000ns})
  Destination:            sf/red_reg[7]/D
                            (rising edge-triggered cell FDRE clocked by clk_out1_clk_wiz_0  {rise@0.000ns fall@6.737ns period=13.474ns})
  Path Group:             clk_out1_clk_wiz_0
  Path Type:              Hold (Min at Fast Process Corner)
  Requirement:            0.000ns  (clk_out1_clk_wiz_0 rise@0.000ns - sysClk rise@0.000ns)
  Data Path Delay:        0.870ns  (logic 0.346ns (39.764%)  route 0.524ns (60.236%))
  Logic Levels:           3  (CARRY4=1 LUT6=2)
  Clock Path Skew:        -0.685ns (DCD - SCD - CPR)
    Destination Clock Delay (DCD):    0.824ns
    Source Clock Delay      (SCD):    1.509ns
    Clock Pessimism Removal (CPR):    -0.000ns
  Clock Uncertainty:      0.845ns  ((TSJ^2 + DJ^2)^1/2) / 2 + PE
    Total System Jitter     (TSJ):    0.071ns
    Discrete Jitter          (DJ):    0.462ns
    Phase Error              (PE):    0.611ns
  Clock Domain Crossing:  Inter clock paths are considered valid unless explicitly excluded by timing constraints such as set_clock_groups or set_false_path.

    Location             Delay type                Incr(ns)  Path(ns)    Netlist Resource(s)
  -------------------------------------------------------------------    -------------------
                         (clock sysClk rise edge)     0.000     0.000 r  
    U18                                               0.000     0.000 r  sysClk (IN)
                         net (fo=0)                   0.000     0.000    sysClk
    U18                  IBUF (Prop_ibuf_I_O)         0.297     0.297 r  sysClk_IBUF_inst/O
                         net (fo=1, routed)           0.627     0.925    sysClk_IBUF
    BUFGCTRL_X0Y2        BUFG (Prop_bufg_I_O)         0.026     0.951 r  sysClk_IBUF_BUFG_inst/O
                         net (fo=76, routed)          0.559     1.509    sysClk_IBUF_BUFG
    SLICE_X35Y34         FDRE                                         r  triggerVolt_reg[6]_replica/C
  -------------------------------------------------------------------    -------------------
    SLICE_X35Y34         FDRE (Prop_fdre_C_Q)         0.141     1.650 r  triggerVolt_reg[6]_replica/Q
                         net (fo=2, routed)           0.173     1.823    vsg/triggerVolt[6]_repN_alias
    SLICE_X35Y31         LUT6 (Prop_lut6_I0_O)        0.045     1.868 r  vsg/red[7]_i_24/O
                         net (fo=1, routed)           0.000     1.868    vsg/red[7]_i_24_n_0
    SLICE_X35Y31         CARRY4 (Prop_carry4_S[2]_CO[3])
                                                      0.115     1.983 f  vsg/red_reg[7]_i_6/CO[3]
                         net (fo=4, routed)           0.352     2.334    vsg/eqOp
    SLICE_X35Y32         LUT6 (Prop_lut6_I4_O)        0.045     2.379 r  vsg/red[7]_i_1/O
                         net (fo=1, routed)           0.000     2.379    sf/D[1]
    SLICE_X35Y32         FDRE                                         r  sf/red_reg[7]/D
  -------------------------------------------------------------------    -------------------

                         (clock clk_out1_clk_wiz_0 rise edge)
                                                      0.000     0.000 r  
    BUFGCTRL_X0Y2        BUFG                         0.000     0.000 r  sysClk_IBUF_BUFG_inst/O
                         net (fo=76, routed)          0.812     0.812    vc/inst/clk_in1
    MMCME2_ADV_X0Y0      MMCME2_ADV (Prop_mmcme2_adv_CLKIN1_CLKOUT0)
                                                     -1.369    -0.557 r  vc/inst/mmcm_adv_inst/CLKOUT0
                         net (fo=1, routed)           0.528    -0.029    vc/inst/clk_out1_clk_wiz_0
    BUFGCTRL_X0Y0        BUFG (Prop_bufg_I_O)         0.029    -0.000 r  vc/inst/clkout1_buf/O
                         net (fo=221, routed)         0.824     0.824    sf/CLK
    SLICE_X35Y32         FDRE                                         r  sf/red_reg[7]/C
                         clock pessimism              0.000     0.824    
                         clock uncertainty            0.845     1.669    
    SLICE_X35Y32         FDRE (Hold_fdre_C_D)         0.092     1.761    sf/red_reg[7]
  -------------------------------------------------------------------
                         required time                         -1.761    
                         arrival time                           2.379    
  -------------------------------------------------------------------
                         slack                                  0.619    

Slack (MET) :             0.644ns  (arrival time - required time)
  Source:                 triggerVolt_reg[6]_replica/C
                            (rising edge-triggered cell FDRE clocked by sysClk  {rise@0.000ns fall@10.000ns period=20.000ns})
  Destination:            sf/green_reg[6]/D
                            (rising edge-triggered cell FDRE clocked by clk_out1_clk_wiz_0  {rise@0.000ns fall@6.737ns period=13.474ns})
  Path Group:             clk_out1_clk_wiz_0
  Path Type:              Hold (Min at Fast Process Corner)
  Requirement:            0.000ns  (clk_out1_clk_wiz_0 rise@0.000ns - sysClk rise@0.000ns)
  Data Path Delay:        0.932ns  (logic 0.345ns (37.012%)  route 0.587ns (62.988%))
  Logic Levels:           3  (CARRY4=1 LUT4=1 LUT6=1)
  Clock Path Skew:        -0.687ns (DCD - SCD - CPR)
    Destination Clock Delay (DCD):    0.822ns
    Source Clock Delay      (SCD):    1.509ns
    Clock Pessimism Removal (CPR):    -0.000ns
  Clock Uncertainty:      0.845ns  ((TSJ^2 + DJ^2)^1/2) / 2 + PE
    Total System Jitter     (TSJ):    0.071ns
    Discrete Jitter          (DJ):    0.462ns
    Phase Error              (PE):    0.611ns
  Clock Domain Crossing:  Inter clock paths are considered valid unless explicitly excluded by timing constraints such as set_clock_groups or set_false_path.

    Location             Delay type                Incr(ns)  Path(ns)    Netlist Resource(s)
  -------------------------------------------------------------------    -------------------
                         (clock sysClk rise edge)     0.000     0.000 r  
    U18                                               0.000     0.000 r  sysClk (IN)
                         net (fo=0)                   0.000     0.000    sysClk
    U18                  IBUF (Prop_ibuf_I_O)         0.297     0.297 r  sysClk_IBUF_inst/O
                         net (fo=1, routed)           0.627     0.925    sysClk_IBUF
    BUFGCTRL_X0Y2        BUFG (Prop_bufg_I_O)         0.026     0.951 r  sysClk_IBUF_BUFG_inst/O
                         net (fo=76, routed)          0.559     1.509    sysClk_IBUF_BUFG
    SLICE_X35Y34         FDRE                                         r  triggerVolt_reg[6]_replica/C
  -------------------------------------------------------------------    -------------------
    SLICE_X35Y34         FDRE (Prop_fdre_C_Q)         0.141     1.650 r  triggerVolt_reg[6]_replica/Q
                         net (fo=2, routed)           0.173     1.823    vsg/triggerVolt[6]_repN_alias
    SLICE_X35Y31         LUT6 (Prop_lut6_I0_O)        0.045     1.868 r  vsg/red[7]_i_24/O
                         net (fo=1, routed)           0.000     1.868    vsg/red[7]_i_24_n_0
    SLICE_X35Y31         CARRY4 (Prop_carry4_S[2]_CO[3])
                                                      0.115     1.983 r  vsg/red_reg[7]_i_6/CO[3]
                         net (fo=4, routed)           0.415     2.397    vsg/eqOp
    SLICE_X34Y30         LUT4 (Prop_lut4_I3_O)        0.044     2.441 r  vsg/green[6]_i_1/O
                         net (fo=1, routed)           0.000     2.441    sf/green_reg[6]_0
    SLICE_X34Y30         FDRE                                         r  sf/green_reg[6]/D
  -------------------------------------------------------------------    -------------------

                         (clock clk_out1_clk_wiz_0 rise edge)
                                                      0.000     0.000 r  
    BUFGCTRL_X0Y2        BUFG                         0.000     0.000 r  sysClk_IBUF_BUFG_inst/O
                         net (fo=76, routed)          0.812     0.812    vc/inst/clk_in1
    MMCME2_ADV_X0Y0      MMCME2_ADV (Prop_mmcme2_adv_CLKIN1_CLKOUT0)
                                                     -1.369    -0.557 r  vc/inst/mmcm_adv_inst/CLKOUT0
                         net (fo=1, routed)           0.528    -0.029    vc/inst/clk_out1_clk_wiz_0
    BUFGCTRL_X0Y0        BUFG (Prop_bufg_I_O)         0.029    -0.000 r  vc/inst/clkout1_buf/O
                         net (fo=221, routed)         0.822     0.822    sf/CLK
    SLICE_X34Y30         FDRE                                         r  sf/green_reg[6]/C
                         clock pessimism              0.000     0.822    
                         clock uncertainty            0.845     1.667    
    SLICE_X34Y30         FDRE (Hold_fdre_C_D)         0.131     1.798    sf/green_reg[6]
  -------------------------------------------------------------------
                         required time                         -1.798    
                         arrival time                           2.441    
  -------------------------------------------------------------------
                         slack                                  0.644    

Slack (MET) :             0.655ns  (arrival time - required time)
  Source:                 triggerVolt_reg[6]_replica/C
                            (rising edge-triggered cell FDRE clocked by sysClk  {rise@0.000ns fall@10.000ns period=20.000ns})
  Destination:            sf/green_reg[7]/D
                            (rising edge-triggered cell FDRE clocked by clk_out1_clk_wiz_0  {rise@0.000ns fall@6.737ns period=13.474ns})
  Path Group:             clk_out1_clk_wiz_0
  Path Type:              Hold (Min at Fast Process Corner)
  Requirement:            0.000ns  (clk_out1_clk_wiz_0 rise@0.000ns - sysClk rise@0.000ns)
  Data Path Delay:        0.933ns  (logic 0.346ns (37.079%)  route 0.587ns (62.921%))
  Logic Levels:           3  (CARRY4=1 LUT5=1 LUT6=1)
  Clock Path Skew:        -0.687ns (DCD - SCD - CPR)
    Destination Clock Delay (DCD):    0.822ns
    Source Clock Delay      (SCD):    1.509ns
    Clock Pessimism Removal (CPR):    -0.000ns
  Clock Uncertainty:      0.845ns  ((TSJ^2 + DJ^2)^1/2) / 2 + PE
    Total System Jitter     (TSJ):    0.071ns
    Discrete Jitter          (DJ):    0.462ns
    Phase Error              (PE):    0.611ns
  Clock Domain Crossing:  Inter clock paths are considered valid unless explicitly excluded by timing constraints such as set_clock_groups or set_false_path.

    Location             Delay type                Incr(ns)  Path(ns)    Netlist Resource(s)
  -------------------------------------------------------------------    -------------------
                         (clock sysClk rise edge)     0.000     0.000 r  
    U18                                               0.000     0.000 r  sysClk (IN)
                         net (fo=0)                   0.000     0.000    sysClk
    U18                  IBUF (Prop_ibuf_I_O)         0.297     0.297 r  sysClk_IBUF_inst/O
                         net (fo=1, routed)           0.627     0.925    sysClk_IBUF
    BUFGCTRL_X0Y2        BUFG (Prop_bufg_I_O)         0.026     0.951 r  sysClk_IBUF_BUFG_inst/O
                         net (fo=76, routed)          0.559     1.509    sysClk_IBUF_BUFG
    SLICE_X35Y34         FDRE                                         r  triggerVolt_reg[6]_replica/C
  -------------------------------------------------------------------    -------------------
    SLICE_X35Y34         FDRE (Prop_fdre_C_Q)         0.141     1.650 r  triggerVolt_reg[6]_replica/Q
                         net (fo=2, routed)           0.173     1.823    vsg/triggerVolt[6]_repN_alias
    SLICE_X35Y31         LUT6 (Prop_lut6_I0_O)        0.045     1.868 r  vsg/red[7]_i_24/O
                         net (fo=1, routed)           0.000     1.868    vsg/red[7]_i_24_n_0
    SLICE_X35Y31         CARRY4 (Prop_carry4_S[2]_CO[3])
                                                      0.115     1.983 r  vsg/red_reg[7]_i_6/CO[3]
                         net (fo=4, routed)           0.415     2.397    vsg/eqOp
    SLICE_X34Y30         LUT5 (Prop_lut5_I1_O)        0.045     2.442 r  vsg/green[7]_i_1/O
                         net (fo=1, routed)           0.000     2.442    sf/green_reg[7]_0
    SLICE_X34Y30         FDRE                                         r  sf/green_reg[7]/D
  -------------------------------------------------------------------    -------------------

                         (clock clk_out1_clk_wiz_0 rise edge)
                                                      0.000     0.000 r  
    BUFGCTRL_X0Y2        BUFG                         0.000     0.000 r  sysClk_IBUF_BUFG_inst/O
                         net (fo=76, routed)          0.812     0.812    vc/inst/clk_in1
    MMCME2_ADV_X0Y0      MMCME2_ADV (Prop_mmcme2_adv_CLKIN1_CLKOUT0)
                                                     -1.369    -0.557 r  vc/inst/mmcm_adv_inst/CLKOUT0
                         net (fo=1, routed)           0.528    -0.029    vc/inst/clk_out1_clk_wiz_0
    BUFGCTRL_X0Y0        BUFG (Prop_bufg_I_O)         0.029    -0.000 r  vc/inst/clkout1_buf/O
                         net (fo=221, routed)         0.822     0.822    sf/CLK
    SLICE_X34Y30         FDRE                                         r  sf/green_reg[7]/C
                         clock pessimism              0.000     0.822    
                         clock uncertainty            0.845     1.667    
    SLICE_X34Y30         FDRE (Hold_fdre_C_D)         0.121     1.788    sf/green_reg[7]
  -------------------------------------------------------------------
                         required time                         -1.788    
                         arrival time                           2.442    
  -------------------------------------------------------------------
                         slack                                  0.655    

Slack (MET) :             0.840ns  (arrival time - required time)
  Source:                 triggerVolt_reg[6]_replica/C
                            (rising edge-triggered cell FDRE clocked by sysClk  {rise@0.000ns fall@10.000ns period=20.000ns})
  Destination:            sf/blue_reg[7]/D
                            (rising edge-triggered cell FDRE clocked by clk_out1_clk_wiz_0  {rise@0.000ns fall@6.737ns period=13.474ns})
  Path Group:             clk_out1_clk_wiz_0
  Path Type:              Hold (Min at Fast Process Corner)
  Requirement:            0.000ns  (clk_out1_clk_wiz_0 rise@0.000ns - sysClk rise@0.000ns)
  Data Path Delay:        1.090ns  (logic 0.391ns (35.880%)  route 0.699ns (64.120%))
  Logic Levels:           4  (CARRY4=1 LUT5=1 LUT6=2)
  Clock Path Skew:        -0.687ns (DCD - SCD - CPR)
    Destination Clock Delay (DCD):    0.822ns
    Source Clock Delay      (SCD):    1.509ns
    Clock Pessimism Removal (CPR):    -0.000ns
  Clock Uncertainty:      0.845ns  ((TSJ^2 + DJ^2)^1/2) / 2 + PE
    Total System Jitter     (TSJ):    0.071ns
    Discrete Jitter          (DJ):    0.462ns
    Phase Error              (PE):    0.611ns
  Clock Domain Crossing:  Inter clock paths are considered valid unless explicitly excluded by timing constraints such as set_clock_groups or set_false_path.

    Location             Delay type                Incr(ns)  Path(ns)    Netlist Resource(s)
  -------------------------------------------------------------------    -------------------
                         (clock sysClk rise edge)     0.000     0.000 r  
    U18                                               0.000     0.000 r  sysClk (IN)
                         net (fo=0)                   0.000     0.000    sysClk
    U18                  IBUF (Prop_ibuf_I_O)         0.297     0.297 r  sysClk_IBUF_inst/O
                         net (fo=1, routed)           0.627     0.925    sysClk_IBUF
    BUFGCTRL_X0Y2        BUFG (Prop_bufg_I_O)         0.026     0.951 r  sysClk_IBUF_BUFG_inst/O
                         net (fo=76, routed)          0.559     1.509    sysClk_IBUF_BUFG
    SLICE_X35Y34         FDRE                                         r  triggerVolt_reg[6]_replica/C
  -------------------------------------------------------------------    -------------------
    SLICE_X35Y34         FDRE (Prop_fdre_C_Q)         0.141     1.650 r  triggerVolt_reg[6]_replica/Q
                         net (fo=2, routed)           0.173     1.823    vsg/triggerVolt[6]_repN_alias
    SLICE_X35Y31         LUT6 (Prop_lut6_I0_O)        0.045     1.868 r  vsg/red[7]_i_24/O
                         net (fo=1, routed)           0.000     1.868    vsg/red[7]_i_24_n_0
    SLICE_X35Y31         CARRY4 (Prop_carry4_S[2]_CO[3])
                                                      0.115     1.983 f  vsg/red_reg[7]_i_6/CO[3]
                         net (fo=4, routed)           0.248     2.230    vsg/eqOp
    SLICE_X35Y30         LUT5 (Prop_lut5_I4_O)        0.045     2.275 r  vsg/blue[6]_i_1_comp/O
                         net (fo=1, routed)           0.279     2.554    vsg/pixelVert_reg[6]_1[0]_repN
    SLICE_X35Y30         LUT6 (Prop_lut6_I1_O)        0.045     2.599 r  vsg/blue[7]_i_1_comp_1/O
                         net (fo=1, routed)           0.000     2.599    sf/blue_reg[7]_1[1]
    SLICE_X35Y30         FDRE                                         r  sf/blue_reg[7]/D
  -------------------------------------------------------------------    -------------------

                         (clock clk_out1_clk_wiz_0 rise edge)
                                                      0.000     0.000 r  
    BUFGCTRL_X0Y2        BUFG                         0.000     0.000 r  sysClk_IBUF_BUFG_inst/O
                         net (fo=76, routed)          0.812     0.812    vc/inst/clk_in1
    MMCME2_ADV_X0Y0      MMCME2_ADV (Prop_mmcme2_adv_CLKIN1_CLKOUT0)
                                                     -1.369    -0.557 r  vc/inst/mmcm_adv_inst/CLKOUT0
                         net (fo=1, routed)           0.528    -0.029    vc/inst/clk_out1_clk_wiz_0
    BUFGCTRL_X0Y0        BUFG (Prop_bufg_I_O)         0.029    -0.000 r  vc/inst/clkout1_buf/O
                         net (fo=221, routed)         0.822     0.822    sf/CLK
    SLICE_X35Y30         FDRE                                         r  sf/blue_reg[7]/C
                         clock pessimism              0.000     0.822    
                         clock uncertainty            0.845     1.667    
    SLICE_X35Y30         FDRE (Hold_fdre_C_D)         0.092     1.759    sf/blue_reg[7]
  -------------------------------------------------------------------
                         required time                         -1.759    
                         arrival time                           2.599    
  -------------------------------------------------------------------
                         slack                                  0.840    

Slack (MET) :             0.884ns  (arrival time - required time)
  Source:                 triggerTime_reg[4]/C
                            (rising edge-triggered cell FDRE clocked by sysClk  {rise@0.000ns fall@10.000ns period=20.000ns})
  Destination:            sf/blue_reg[6]/D
                            (rising edge-triggered cell FDRE clocked by clk_out1_clk_wiz_0  {rise@0.000ns fall@6.737ns period=13.474ns})
  Path Group:             clk_out1_clk_wiz_0
  Path Type:              Hold (Min at Fast Process Corner)
  Requirement:            0.000ns  (clk_out1_clk_wiz_0 rise@0.000ns - sysClk rise@0.000ns)
  Data Path Delay:        1.139ns  (logic 0.561ns (49.247%)  route 0.578ns (50.753%))
  Logic Levels:           5  (CARRY4=2 LUT4=1 LUT6=2)
  Clock Path Skew:        -0.709ns (DCD - SCD - CPR)
    Destination Clock Delay (DCD):    0.822ns
    Source Clock Delay      (SCD):    1.531ns
    Clock Pessimism Removal (CPR):    -0.000ns
  Clock Uncertainty:      0.845ns  ((TSJ^2 + DJ^2)^1/2) / 2 + PE
    Total System Jitter     (TSJ):    0.071ns
    Discrete Jitter          (DJ):    0.462ns
    Phase Error              (PE):    0.611ns
  Clock Domain Crossing:  Inter clock paths are considered valid unless explicitly excluded by timing constraints such as set_clock_groups or set_false_path.

    Location             Delay type                Incr(ns)  Path(ns)    Netlist Resource(s)
  -------------------------------------------------------------------    -------------------
                         (clock sysClk rise edge)     0.000     0.000 r  
    U18                                               0.000     0.000 r  sysClk (IN)
                         net (fo=0)                   0.000     0.000    sysClk
    U18                  IBUF (Prop_ibuf_I_O)         0.297     0.297 r  sysClk_IBUF_inst/O
                         net (fo=1, routed)           0.627     0.925    sysClk_IBUF
    BUFGCTRL_X0Y2        BUFG (Prop_bufg_I_O)         0.026     0.951 r  sysClk_IBUF_BUFG_inst/O
                         net (fo=76, routed)          0.581     1.531    sysClk_IBUF_BUFG
    SLICE_X37Y29         FDRE                                         r  triggerTime_reg[4]/C
  -------------------------------------------------------------------    -------------------
    SLICE_X37Y29         FDRE (Prop_fdre_C_Q)         0.141     1.672 r  triggerTime_reg[4]/Q
                         net (fo=4, routed)           0.123     1.795    vsg/Q[4]
    SLICE_X37Y29         LUT6 (Prop_lut6_I1_O)        0.045     1.840 r  vsg/i__carry__0_i_7/O
                         net (fo=1, routed)           0.000     1.840    sf/p_1_out_inferred__0/i__carry__1_0[1]
    SLICE_X37Y29         CARRY4 (Prop_carry4_S[1]_CO[3])
                                                      0.155     1.995 r  sf/p_1_out_inferred__0/i__carry__0/CO[3]
                         net (fo=1, routed)           0.000     1.995    sf/p_1_out_inferred__0/i__carry__0_n_0
    SLICE_X37Y30         CARRY4 (Prop_carry4_CI_CO[2])
                                                      0.065     2.060 f  sf/p_1_out_inferred__0/i__carry__1/CO[2]
                         net (fo=2, routed)           0.117     2.177    vsg/CO[0]
    SLICE_X39Y30         LUT4 (Prop_lut4_I3_O)        0.110     2.287 f  vsg/blue[6]_i_6/O
                         net (fo=2, routed)           0.339     2.625    vsg/blue[6]_i_6_n_0
    SLICE_X34Y30         LUT6 (Prop_lut6_I3_O)        0.045     2.670 r  vsg/blue[6]_i_1_comp_1/O
                         net (fo=3, routed)           0.000     2.670    sf/blue_reg[7]_1[0]
    SLICE_X34Y30         FDRE                                         r  sf/blue_reg[6]/D
  -------------------------------------------------------------------    -------------------

                         (clock clk_out1_clk_wiz_0 rise edge)
                                                      0.000     0.000 r  
    BUFGCTRL_X0Y2        BUFG                         0.000     0.000 r  sysClk_IBUF_BUFG_inst/O
                         net (fo=76, routed)          0.812     0.812    vc/inst/clk_in1
    MMCME2_ADV_X0Y0      MMCME2_ADV (Prop_mmcme2_adv_CLKIN1_CLKOUT0)
                                                     -1.369    -0.557 r  vc/inst/mmcm_adv_inst/CLKOUT0
                         net (fo=1, routed)           0.528    -0.029    vc/inst/clk_out1_clk_wiz_0
    BUFGCTRL_X0Y0        BUFG (Prop_bufg_I_O)         0.029    -0.000 r  vc/inst/clkout1_buf/O
                         net (fo=221, routed)         0.822     0.822    sf/CLK
    SLICE_X34Y30         FDRE                                         r  sf/blue_reg[6]/C
                         clock pessimism              0.000     0.822    
                         clock uncertainty            0.845     1.667    
    SLICE_X34Y30         FDRE (Hold_fdre_C_D)         0.120     1.787    sf/blue_reg[6]
  -------------------------------------------------------------------
                         required time                         -1.787    
                         arrival time                           2.670    
  -------------------------------------------------------------------
                         slack                                  0.884    

Slack (MET) :             1.018ns  (arrival time - required time)
  Source:                 triggerTime_reg[4]/C
                            (rising edge-triggered cell FDRE clocked by sysClk  {rise@0.000ns fall@10.000ns period=20.000ns})
  Destination:            sf/red_reg[6]/D
                            (rising edge-triggered cell FDRE clocked by clk_out1_clk_wiz_0  {rise@0.000ns fall@6.737ns period=13.474ns})
  Path Group:             clk_out1_clk_wiz_0
  Path Type:              Hold (Min at Fast Process Corner)
  Requirement:            0.000ns  (clk_out1_clk_wiz_0 rise@0.000ns - sysClk rise@0.000ns)
  Data Path Delay:        1.251ns  (logic 0.561ns (44.851%)  route 0.690ns (55.149%))
  Logic Levels:           5  (CARRY4=2 LUT4=1 LUT6=2)
  Clock Path Skew:        -0.704ns (DCD - SCD - CPR)
    Destination Clock Delay (DCD):    0.827ns
    Source Clock Delay      (SCD):    1.531ns
    Clock Pessimism Removal (CPR):    -0.000ns
  Clock Uncertainty:      0.845ns  ((TSJ^2 + DJ^2)^1/2) / 2 + PE
    Total System Jitter     (TSJ):    0.071ns
    Discrete Jitter          (DJ):    0.462ns
    Phase Error              (PE):    0.611ns
  Clock Domain Crossing:  Inter clock paths are considered valid unless explicitly excluded by timing constraints such as set_clock_groups or set_false_path.

    Location             Delay type                Incr(ns)  Path(ns)    Netlist Resource(s)
  -------------------------------------------------------------------    -------------------
                         (clock sysClk rise edge)     0.000     0.000 r  
    U18                                               0.000     0.000 r  sysClk (IN)
                         net (fo=0)                   0.000     0.000    sysClk
    U18                  IBUF (Prop_ibuf_I_O)         0.297     0.297 r  sysClk_IBUF_inst/O
                         net (fo=1, routed)           0.627     0.925    sysClk_IBUF
    BUFGCTRL_X0Y2        BUFG (Prop_bufg_I_O)         0.026     0.951 r  sysClk_IBUF_BUFG_inst/O
                         net (fo=76, routed)          0.581     1.531    sysClk_IBUF_BUFG
    SLICE_X37Y29         FDRE                                         r  triggerTime_reg[4]/C
  -------------------------------------------------------------------    -------------------
    SLICE_X37Y29         FDRE (Prop_fdre_C_Q)         0.141     1.672 r  triggerTime_reg[4]/Q
                         net (fo=4, routed)           0.123     1.795    vsg/Q[4]
    SLICE_X37Y29         LUT6 (Prop_lut6_I1_O)        0.045     1.840 r  vsg/i__carry__0_i_7/O
                         net (fo=1, routed)           0.000     1.840    sf/p_1_out_inferred__0/i__carry__1_0[1]
    SLICE_X37Y29         CARRY4 (Prop_carry4_S[1]_CO[3])
                                                      0.155     1.995 r  sf/p_1_out_inferred__0/i__carry__0/CO[3]
                         net (fo=1, routed)           0.000     1.995    sf/p_1_out_inferred__0/i__carry__0_n_0
    SLICE_X37Y30         CARRY4 (Prop_carry4_CI_CO[2])
                                                      0.065     2.060 r  sf/p_1_out_inferred__0/i__carry__1/CO[2]
                         net (fo=2, routed)           0.387     2.447    vsg/CO[0]
    SLICE_X35Y34         LUT6 (Prop_lut6_I4_O)        0.110     2.557 r  vsg/red[7]_i_4_comp/O
                         net (fo=2, routed)           0.180     2.737    vsg/red[7]_i_4_n_0
    SLICE_X35Y35         LUT4 (Prop_lut4_I3_O)        0.045     2.782 r  vsg/red[6]_i_1/O
                         net (fo=1, routed)           0.000     2.782    sf/D[0]
    SLICE_X35Y35         FDRE                                         r  sf/red_reg[6]/D
  -------------------------------------------------------------------    -------------------

                         (clock clk_out1_clk_wiz_0 rise edge)
                                                      0.000     0.000 r  
    BUFGCTRL_X0Y2        BUFG                         0.000     0.000 r  sysClk_IBUF_BUFG_inst/O
                         net (fo=76, routed)          0.812     0.812    vc/inst/clk_in1
    MMCME2_ADV_X0Y0      MMCME2_ADV (Prop_mmcme2_adv_CLKIN1_CLKOUT0)
                                                     -1.369    -0.557 r  vc/inst/mmcm_adv_inst/CLKOUT0
                         net (fo=1, routed)           0.528    -0.029    vc/inst/clk_out1_clk_wiz_0
    BUFGCTRL_X0Y0        BUFG (Prop_bufg_I_O)         0.029    -0.000 r  vc/inst/clkout1_buf/O
                         net (fo=221, routed)         0.827     0.827    sf/CLK
    SLICE_X35Y35         FDRE                                         r  sf/red_reg[6]/C
                         clock pessimism              0.000     0.827    
                         clock uncertainty            0.845     1.672    
    SLICE_X35Y35         FDRE (Hold_fdre_C_D)         0.092     1.764    sf/red_reg[6]
  -------------------------------------------------------------------
                         required time                         -1.764    
                         arrival time                           2.782    
  -------------------------------------------------------------------
                         slack                                  1.018    





--------------------------------------------------------------------------------------
Path Group:  (none)
From Clock:  clk_out2_clk_wiz_0
  To Clock:  

Max Delay             8 Endpoints
Min Delay             8 Endpoints
--------------------------------------------------------------------------------------


Max Delay Paths
--------------------------------------------------------------------------------------
Slack:                    inf
  Source:                 hdmi_inst/inst/serial_b/oserdes_m/CLK
                            (rising edge-triggered cell OSERDESE2 clocked by clk_out2_clk_wiz_0  {rise@0.000ns fall@1.347ns period=2.695ns})
  Destination:            tmdsDataN[0]
                            (output port)
  Path Group:             (none)
  Path Type:              Max at Slow Process Corner
  Data Path Delay:        2.347ns  (logic 2.346ns (99.957%)  route 0.001ns (0.043%))
  Logic Levels:           1  (OBUFDS=1)
  Clock Uncertainty:      0.799ns  ((TSJ^2 + DJ^2)^1/2) / 2 + PE
    Total System Jitter     (TSJ):    0.050ns
    Discrete Jitter          (DJ):    0.373ns
    Phase Error              (PE):    0.611ns

    Location             Delay type                Incr(ns)  Path(ns)    Netlist Resource(s)
  -------------------------------------------------------------------    -------------------
                         (clock clk_out2_clk_wiz_0 rise edge)
                                                      0.000     0.000 r  
    BUFGCTRL_X0Y2        BUFG                         0.000     0.000 r  sysClk_IBUF_BUFG_inst/O
                         net (fo=76, routed)          1.677     1.677    vc/inst/clk_in1
    MMCME2_ADV_X0Y0      MMCME2_ADV (Prop_mmcme2_adv_CLKIN1_CLKOUT1)
                                                     -3.538    -1.861 r  vc/inst/mmcm_adv_inst/CLKOUT1
                         net (fo=1, routed)           1.760    -0.101    vc/inst/clk_out2_clk_wiz_0
    BUFGCTRL_X0Y1        BUFG (Prop_bufg_I_O)         0.101     0.000 r  vc/inst/clkout2_buf/O
                         net (fo=8, routed)           1.766     1.766    hdmi_inst/inst/serial_b/pix_clkx5
    OLOGIC_X0Y18         OSERDESE2                                    r  hdmi_inst/inst/serial_b/oserdes_m/CLK
  -------------------------------------------------------------------    -------------------
    OLOGIC_X0Y18         OSERDESE2 (Prop_oserdese2_CLK_OQ)
                                                      0.472     2.238 r  hdmi_inst/inst/serial_b/oserdes_m/OQ
                         net (fo=1, routed)           0.001     2.239    hdmi_inst/inst/TMDSINT_0
    V20                  OBUFDS (Prop_obufds_I_OB)    1.874     4.113 r  hdmi_inst/inst/OBUFDS_B/OB
                         net (fo=0)                   0.000     4.113    tmdsDataN[0]
    W20                                                               r  tmdsDataN[0] (OUT)
  -------------------------------------------------------------------    -------------------

Slack:                    inf
  Source:                 hdmi_inst/inst/serial_b/oserdes_m/CLK
                            (rising edge-triggered cell OSERDESE2 clocked by clk_out2_clk_wiz_0  {rise@0.000ns fall@1.347ns period=2.695ns})
  Destination:            tmdsDataP[0]
                            (output port)
  Path Group:             (none)
  Path Type:              Max at Slow Process Corner
  Data Path Delay:        2.346ns  (logic 2.345ns (99.957%)  route 0.001ns (0.043%))
  Logic Levels:           1  (OBUFDS=1)
  Clock Uncertainty:      0.799ns  ((TSJ^2 + DJ^2)^1/2) / 2 + PE
    Total System Jitter     (TSJ):    0.050ns
    Discrete Jitter          (DJ):    0.373ns
    Phase Error              (PE):    0.611ns

    Location             Delay type                Incr(ns)  Path(ns)    Netlist Resource(s)
  -------------------------------------------------------------------    -------------------
                         (clock clk_out2_clk_wiz_0 rise edge)
                                                      0.000     0.000 r  
    BUFGCTRL_X0Y2        BUFG                         0.000     0.000 r  sysClk_IBUF_BUFG_inst/O
                         net (fo=76, routed)          1.677     1.677    vc/inst/clk_in1
    MMCME2_ADV_X0Y0      MMCME2_ADV (Prop_mmcme2_adv_CLKIN1_CLKOUT1)
                                                     -3.538    -1.861 r  vc/inst/mmcm_adv_inst/CLKOUT1
                         net (fo=1, routed)           1.760    -0.101    vc/inst/clk_out2_clk_wiz_0
    BUFGCTRL_X0Y1        BUFG (Prop_bufg_I_O)         0.101     0.000 r  vc/inst/clkout2_buf/O
                         net (fo=8, routed)           1.766     1.766    hdmi_inst/inst/serial_b/pix_clkx5
    OLOGIC_X0Y18         OSERDESE2                                    r  hdmi_inst/inst/serial_b/oserdes_m/CLK
  -------------------------------------------------------------------    -------------------
    OLOGIC_X0Y18         OSERDESE2 (Prop_oserdese2_CLK_OQ)
                                                      0.472     2.238 r  hdmi_inst/inst/serial_b/oserdes_m/OQ
                         net (fo=1, routed)           0.001     2.239    hdmi_inst/inst/TMDSINT_0
    V20                  OBUFDS (Prop_obufds_I_O)     1.873     4.112 r  hdmi_inst/inst/OBUFDS_B/O
                         net (fo=0)                   0.000     4.112    tmdsDataP[0]
    V20                                                               r  tmdsDataP[0] (OUT)
  -------------------------------------------------------------------    -------------------

Slack:                    inf
  Source:                 hdmi_inst/inst/serial_r/oserdes_m/CLK
                            (rising edge-triggered cell OSERDESE2 clocked by clk_out2_clk_wiz_0  {rise@0.000ns fall@1.347ns period=2.695ns})
  Destination:            tmdsDataN[2]
                            (output port)
  Path Group:             (none)
  Path Type:              Max at Slow Process Corner
  Data Path Delay:        2.351ns  (logic 2.350ns (99.957%)  route 0.001ns (0.043%))
  Logic Levels:           1  (OBUFDS=1)
  Clock Uncertainty:      0.799ns  ((TSJ^2 + DJ^2)^1/2) / 2 + PE
    Total System Jitter     (TSJ):    0.050ns
    Discrete Jitter          (DJ):    0.373ns
    Phase Error              (PE):    0.611ns

    Location             Delay type                Incr(ns)  Path(ns)    Netlist Resource(s)
  -------------------------------------------------------------------    -------------------
                         (clock clk_out2_clk_wiz_0 rise edge)
                                                      0.000     0.000 r  
    BUFGCTRL_X0Y2        BUFG                         0.000     0.000 r  sysClk_IBUF_BUFG_inst/O
                         net (fo=76, routed)          1.677     1.677    vc/inst/clk_in1
    MMCME2_ADV_X0Y0      MMCME2_ADV (Prop_mmcme2_adv_CLKIN1_CLKOUT1)
                                                     -3.538    -1.861 r  vc/inst/mmcm_adv_inst/CLKOUT1
                         net (fo=1, routed)           1.760    -0.101    vc/inst/clk_out2_clk_wiz_0
    BUFGCTRL_X0Y1        BUFG (Prop_bufg_I_O)         0.101     0.000 r  vc/inst/clkout2_buf/O
                         net (fo=8, routed)           1.760     1.760    hdmi_inst/inst/serial_r/pix_clkx5
    OLOGIC_X0Y22         OSERDESE2                                    r  hdmi_inst/inst/serial_r/oserdes_m/CLK
  -------------------------------------------------------------------    -------------------
    OLOGIC_X0Y22         OSERDESE2 (Prop_oserdese2_CLK_OQ)
                                                      0.472     2.232 r  hdmi_inst/inst/serial_r/oserdes_m/OQ
                         net (fo=1, routed)           0.001     2.233    hdmi_inst/inst/TMDSINT_2
    N20                  OBUFDS (Prop_obufds_I_OB)    1.878     4.111 r  hdmi_inst/inst/OBUFDS_R/OB
                         net (fo=0)                   0.000     4.111    tmdsDataN[2]
    P20                                                               r  tmdsDataN[2] (OUT)
  -------------------------------------------------------------------    -------------------

Slack:                    inf
  Source:                 hdmi_inst/inst/serial_r/oserdes_m/CLK
                            (rising edge-triggered cell OSERDESE2 clocked by clk_out2_clk_wiz_0  {rise@0.000ns fall@1.347ns period=2.695ns})
  Destination:            tmdsDataP[2]
                            (output port)
  Path Group:             (none)
  Path Type:              Max at Slow Process Corner
  Data Path Delay:        2.350ns  (logic 2.349ns (99.957%)  route 0.001ns (0.043%))
  Logic Levels:           1  (OBUFDS=1)
  Clock Uncertainty:      0.799ns  ((TSJ^2 + DJ^2)^1/2) / 2 + PE
    Total System Jitter     (TSJ):    0.050ns
    Discrete Jitter          (DJ):    0.373ns
    Phase Error              (PE):    0.611ns

    Location             Delay type                Incr(ns)  Path(ns)    Netlist Resource(s)
  -------------------------------------------------------------------    -------------------
                         (clock clk_out2_clk_wiz_0 rise edge)
                                                      0.000     0.000 r  
    BUFGCTRL_X0Y2        BUFG                         0.000     0.000 r  sysClk_IBUF_BUFG_inst/O
                         net (fo=76, routed)          1.677     1.677    vc/inst/clk_in1
    MMCME2_ADV_X0Y0      MMCME2_ADV (Prop_mmcme2_adv_CLKIN1_CLKOUT1)
                                                     -3.538    -1.861 r  vc/inst/mmcm_adv_inst/CLKOUT1
                         net (fo=1, routed)           1.760    -0.101    vc/inst/clk_out2_clk_wiz_0
    BUFGCTRL_X0Y1        BUFG (Prop_bufg_I_O)         0.101     0.000 r  vc/inst/clkout2_buf/O
                         net (fo=8, routed)           1.760     1.760    hdmi_inst/inst/serial_r/pix_clkx5
    OLOGIC_X0Y22         OSERDESE2                                    r  hdmi_inst/inst/serial_r/oserdes_m/CLK
  -------------------------------------------------------------------    -------------------
    OLOGIC_X0Y22         OSERDESE2 (Prop_oserdese2_CLK_OQ)
                                                      0.472     2.232 r  hdmi_inst/inst/serial_r/oserdes_m/OQ
                         net (fo=1, routed)           0.001     2.233    hdmi_inst/inst/TMDSINT_2
    N20                  OBUFDS (Prop_obufds_I_O)     1.877     4.110 r  hdmi_inst/inst/OBUFDS_R/O
                         net (fo=0)                   0.000     4.110    tmdsDataP[2]
    N20                                                               r  tmdsDataP[2] (OUT)
  -------------------------------------------------------------------    -------------------

Slack:                    inf
  Source:                 hdmi_inst/inst/serial_clk/oserdes_m/CLK
                            (rising edge-triggered cell OSERDESE2 clocked by clk_out2_clk_wiz_0  {rise@0.000ns fall@1.347ns period=2.695ns})
  Destination:            tmdsClkN
                            (output port)
  Path Group:             (none)
  Path Type:              Max at Slow Process Corner
  Data Path Delay:        2.349ns  (logic 2.348ns (99.957%)  route 0.001ns (0.043%))
  Logic Levels:           1  (OBUFDS=1)
  Clock Uncertainty:      0.799ns  ((TSJ^2 + DJ^2)^1/2) / 2 + PE
    Total System Jitter     (TSJ):    0.050ns
    Discrete Jitter          (DJ):    0.373ns
    Phase Error              (PE):    0.611ns

    Location             Delay type                Incr(ns)  Path(ns)    Netlist Resource(s)
  -------------------------------------------------------------------    -------------------
                         (clock clk_out2_clk_wiz_0 rise edge)
                                                      0.000     0.000 r  
    BUFGCTRL_X0Y2        BUFG                         0.000     0.000 r  sysClk_IBUF_BUFG_inst/O
                         net (fo=76, routed)          1.677     1.677    vc/inst/clk_in1
    MMCME2_ADV_X0Y0      MMCME2_ADV (Prop_mmcme2_adv_CLKIN1_CLKOUT1)
                                                     -3.538    -1.861 r  vc/inst/mmcm_adv_inst/CLKOUT1
                         net (fo=1, routed)           1.760    -0.101    vc/inst/clk_out2_clk_wiz_0
    BUFGCTRL_X0Y1        BUFG (Prop_bufg_I_O)         0.101     0.000 r  vc/inst/clkout2_buf/O
                         net (fo=8, routed)           1.758     1.758    hdmi_inst/inst/serial_clk/pix_clkx5
    OLOGIC_X0Y24         OSERDESE2                                    r  hdmi_inst/inst/serial_clk/oserdes_m/CLK
  -------------------------------------------------------------------    -------------------
    OLOGIC_X0Y24         OSERDESE2 (Prop_oserdese2_CLK_OQ)
                                                      0.472     2.230 r  hdmi_inst/inst/serial_clk/oserdes_m/OQ
                         net (fo=1, routed)           0.001     2.231    hdmi_inst/inst/tmdsclk
    N18                  OBUFDS (Prop_obufds_I_OB)    1.876     4.107 r  hdmi_inst/inst/OBUFDS_CLK/OB
                         net (fo=0)                   0.000     4.107    tmdsClkN
    P19                                                               r  tmdsClkN (OUT)
  -------------------------------------------------------------------    -------------------

Slack:                    inf
  Source:                 hdmi_inst/inst/serial_clk/oserdes_m/CLK
                            (rising edge-triggered cell OSERDESE2 clocked by clk_out2_clk_wiz_0  {rise@0.000ns fall@1.347ns period=2.695ns})
  Destination:            tmdsClkP
                            (output port)
  Path Group:             (none)
  Path Type:              Max at Slow Process Corner
  Data Path Delay:        2.348ns  (logic 2.347ns (99.957%)  route 0.001ns (0.043%))
  Logic Levels:           1  (OBUFDS=1)
  Clock Uncertainty:      0.799ns  ((TSJ^2 + DJ^2)^1/2) / 2 + PE
    Total System Jitter     (TSJ):    0.050ns
    Discrete Jitter          (DJ):    0.373ns
    Phase Error              (PE):    0.611ns

    Location             Delay type                Incr(ns)  Path(ns)    Netlist Resource(s)
  -------------------------------------------------------------------    -------------------
                         (clock clk_out2_clk_wiz_0 rise edge)
                                                      0.000     0.000 r  
    BUFGCTRL_X0Y2        BUFG                         0.000     0.000 r  sysClk_IBUF_BUFG_inst/O
                         net (fo=76, routed)          1.677     1.677    vc/inst/clk_in1
    MMCME2_ADV_X0Y0      MMCME2_ADV (Prop_mmcme2_adv_CLKIN1_CLKOUT1)
                                                     -3.538    -1.861 r  vc/inst/mmcm_adv_inst/CLKOUT1
                         net (fo=1, routed)           1.760    -0.101    vc/inst/clk_out2_clk_wiz_0
    BUFGCTRL_X0Y1        BUFG (Prop_bufg_I_O)         0.101     0.000 r  vc/inst/clkout2_buf/O
                         net (fo=8, routed)           1.758     1.758    hdmi_inst/inst/serial_clk/pix_clkx5
    OLOGIC_X0Y24         OSERDESE2                                    r  hdmi_inst/inst/serial_clk/oserdes_m/CLK
  -------------------------------------------------------------------    -------------------
    OLOGIC_X0Y24         OSERDESE2 (Prop_oserdese2_CLK_OQ)
                                                      0.472     2.230 r  hdmi_inst/inst/serial_clk/oserdes_m/OQ
                         net (fo=1, routed)           0.001     2.231    hdmi_inst/inst/tmdsclk
    N18                  OBUFDS (Prop_obufds_I_O)     1.875     4.106 r  hdmi_inst/inst/OBUFDS_CLK/O
                         net (fo=0)                   0.000     4.106    tmdsClkP
    N18                                                               r  tmdsClkP (OUT)
  -------------------------------------------------------------------    -------------------

Slack:                    inf
  Source:                 hdmi_inst/inst/serial_g/oserdes_m/CLK
                            (rising edge-triggered cell OSERDESE2 clocked by clk_out2_clk_wiz_0  {rise@0.000ns fall@1.347ns period=2.695ns})
  Destination:            tmdsDataN[1]
                            (output port)
  Path Group:             (none)
  Path Type:              Max at Slow Process Corner
  Data Path Delay:        2.339ns  (logic 2.338ns (99.957%)  route 0.001ns (0.043%))
  Logic Levels:           1  (OBUFDS=1)
  Clock Uncertainty:      0.799ns  ((TSJ^2 + DJ^2)^1/2) / 2 + PE
    Total System Jitter     (TSJ):    0.050ns
    Discrete Jitter          (DJ):    0.373ns
    Phase Error              (PE):    0.611ns

    Location             Delay type                Incr(ns)  Path(ns)    Netlist Resource(s)
  -------------------------------------------------------------------    -------------------
                         (clock clk_out2_clk_wiz_0 rise edge)
                                                      0.000     0.000 r  
    BUFGCTRL_X0Y2        BUFG                         0.000     0.000 r  sysClk_IBUF_BUFG_inst/O
                         net (fo=76, routed)          1.677     1.677    vc/inst/clk_in1
    MMCME2_ADV_X0Y0      MMCME2_ADV (Prop_mmcme2_adv_CLKIN1_CLKOUT1)
                                                     -3.538    -1.861 r  vc/inst/mmcm_adv_inst/CLKOUT1
                         net (fo=1, routed)           1.760    -0.101    vc/inst/clk_out2_clk_wiz_0
    BUFGCTRL_X0Y1        BUFG (Prop_bufg_I_O)         0.101     0.000 r  vc/inst/clkout2_buf/O
                         net (fo=8, routed)           1.762     1.762    hdmi_inst/inst/serial_g/pix_clkx5
    OLOGIC_X0Y20         OSERDESE2                                    r  hdmi_inst/inst/serial_g/oserdes_m/CLK
  -------------------------------------------------------------------    -------------------
    OLOGIC_X0Y20         OSERDESE2 (Prop_oserdese2_CLK_OQ)
                                                      0.472     2.234 r  hdmi_inst/inst/serial_g/oserdes_m/OQ
                         net (fo=1, routed)           0.001     2.235    hdmi_inst/inst/TMDSINT_1
    T20                  OBUFDS (Prop_obufds_I_OB)    1.866     4.102 r  hdmi_inst/inst/OBUFDS_G/OB
                         net (fo=0)                   0.000     4.102    tmdsDataN[1]
    U20                                                               r  tmdsDataN[1] (OUT)
  -------------------------------------------------------------------    -------------------

Slack:                    inf
  Source:                 hdmi_inst/inst/serial_g/oserdes_m/CLK
                            (rising edge-triggered cell OSERDESE2 clocked by clk_out2_clk_wiz_0  {rise@0.000ns fall@1.347ns period=2.695ns})
  Destination:            tmdsDataP[1]
                            (output port)
  Path Group:             (none)
  Path Type:              Max at Slow Process Corner
  Data Path Delay:        2.338ns  (logic 2.337ns (99.957%)  route 0.001ns (0.043%))
  Logic Levels:           1  (OBUFDS=1)
  Clock Uncertainty:      0.799ns  ((TSJ^2 + DJ^2)^1/2) / 2 + PE
    Total System Jitter     (TSJ):    0.050ns
    Discrete Jitter          (DJ):    0.373ns
    Phase Error              (PE):    0.611ns

    Location             Delay type                Incr(ns)  Path(ns)    Netlist Resource(s)
  -------------------------------------------------------------------    -------------------
                         (clock clk_out2_clk_wiz_0 rise edge)
                                                      0.000     0.000 r  
    BUFGCTRL_X0Y2        BUFG                         0.000     0.000 r  sysClk_IBUF_BUFG_inst/O
                         net (fo=76, routed)          1.677     1.677    vc/inst/clk_in1
    MMCME2_ADV_X0Y0      MMCME2_ADV (Prop_mmcme2_adv_CLKIN1_CLKOUT1)
                                                     -3.538    -1.861 r  vc/inst/mmcm_adv_inst/CLKOUT1
                         net (fo=1, routed)           1.760    -0.101    vc/inst/clk_out2_clk_wiz_0
    BUFGCTRL_X0Y1        BUFG (Prop_bufg_I_O)         0.101     0.000 r  vc/inst/clkout2_buf/O
                         net (fo=8, routed)           1.762     1.762    hdmi_inst/inst/serial_g/pix_clkx5
    OLOGIC_X0Y20         OSERDESE2                                    r  hdmi_inst/inst/serial_g/oserdes_m/CLK
  -------------------------------------------------------------------    -------------------
    OLOGIC_X0Y20         OSERDESE2 (Prop_oserdese2_CLK_OQ)
                                                      0.472     2.234 r  hdmi_inst/inst/serial_g/oserdes_m/OQ
                         net (fo=1, routed)           0.001     2.235    hdmi_inst/inst/TMDSINT_1
    T20                  OBUFDS (Prop_obufds_I_O)     1.865     4.101 r  hdmi_inst/inst/OBUFDS_G/O
                         net (fo=0)                   0.000     4.101    tmdsDataP[1]
    T20                                                               r  tmdsDataP[1] (OUT)
  -------------------------------------------------------------------    -------------------





Min Delay Paths
--------------------------------------------------------------------------------------
Slack:                    inf
  Source:                 hdmi_inst/inst/serial_g/oserdes_m/CLK
                            (rising edge-triggered cell OSERDESE2 clocked by clk_out2_clk_wiz_0  {rise@0.000ns fall@1.347ns period=2.695ns})
  Destination:            tmdsDataP[1]
                            (output port)
  Path Group:             (none)
  Path Type:              Min at Fast Process Corner
  Data Path Delay:        0.992ns  (logic 0.991ns (99.899%)  route 0.001ns (0.101%))
  Logic Levels:           1  (OBUFDS=1)
  Clock Uncertainty:      0.799ns  ((TSJ^2 + DJ^2)^1/2) / 2 + PE
    Total System Jitter     (TSJ):    0.050ns
    Discrete Jitter          (DJ):    0.373ns
    Phase Error              (PE):    0.611ns

    Location             Delay type                Incr(ns)  Path(ns)    Netlist Resource(s)
  -------------------------------------------------------------------    -------------------
                         (clock clk_out2_clk_wiz_0 rise edge)
                                                      0.000     0.000 r  
    BUFGCTRL_X0Y2        BUFG                         0.000     0.000 r  sysClk_IBUF_BUFG_inst/O
                         net (fo=76, routed)          0.546     0.546    vc/inst/clk_in1
    MMCME2_ADV_X0Y0      MMCME2_ADV (Prop_mmcme2_adv_CLKIN1_CLKOUT1)
                                                     -1.053    -0.508 r  vc/inst/mmcm_adv_inst/CLKOUT1
                         net (fo=1, routed)           0.482    -0.026    vc/inst/clk_out2_clk_wiz_0
    BUFGCTRL_X0Y1        BUFG (Prop_bufg_I_O)         0.026     0.000 r  vc/inst/clkout2_buf/O
                         net (fo=8, routed)           0.576     0.576    hdmi_inst/inst/serial_g/pix_clkx5
    OLOGIC_X0Y20         OSERDESE2                                    r  hdmi_inst/inst/serial_g/oserdes_m/CLK
  -------------------------------------------------------------------    -------------------
    OLOGIC_X0Y20         OSERDESE2 (Prop_oserdese2_CLK_OQ)
                                                      0.177     0.753 r  hdmi_inst/inst/serial_g/oserdes_m/OQ
                         net (fo=1, routed)           0.001     0.754    hdmi_inst/inst/TMDSINT_1
    T20                  OBUFDS (Prop_obufds_I_O)     0.814     1.568 r  hdmi_inst/inst/OBUFDS_G/O
                         net (fo=0)                   0.000     1.568    tmdsDataP[1]
    T20                                                               r  tmdsDataP[1] (OUT)
  -------------------------------------------------------------------    -------------------

Slack:                    inf
  Source:                 hdmi_inst/inst/serial_g/oserdes_m/CLK
                            (rising edge-triggered cell OSERDESE2 clocked by clk_out2_clk_wiz_0  {rise@0.000ns fall@1.347ns period=2.695ns})
  Destination:            tmdsDataN[1]
                            (output port)
  Path Group:             (none)
  Path Type:              Min at Fast Process Corner
  Data Path Delay:        0.993ns  (logic 0.992ns (99.899%)  route 0.001ns (0.101%))
  Logic Levels:           1  (OBUFDS=1)
  Clock Uncertainty:      0.799ns  ((TSJ^2 + DJ^2)^1/2) / 2 + PE
    Total System Jitter     (TSJ):    0.050ns
    Discrete Jitter          (DJ):    0.373ns
    Phase Error              (PE):    0.611ns

    Location             Delay type                Incr(ns)  Path(ns)    Netlist Resource(s)
  -------------------------------------------------------------------    -------------------
                         (clock clk_out2_clk_wiz_0 rise edge)
                                                      0.000     0.000 r  
    BUFGCTRL_X0Y2        BUFG                         0.000     0.000 r  sysClk_IBUF_BUFG_inst/O
                         net (fo=76, routed)          0.546     0.546    vc/inst/clk_in1
    MMCME2_ADV_X0Y0      MMCME2_ADV (Prop_mmcme2_adv_CLKIN1_CLKOUT1)
                                                     -1.053    -0.508 r  vc/inst/mmcm_adv_inst/CLKOUT1
                         net (fo=1, routed)           0.482    -0.026    vc/inst/clk_out2_clk_wiz_0
    BUFGCTRL_X0Y1        BUFG (Prop_bufg_I_O)         0.026     0.000 r  vc/inst/clkout2_buf/O
                         net (fo=8, routed)           0.576     0.576    hdmi_inst/inst/serial_g/pix_clkx5
    OLOGIC_X0Y20         OSERDESE2                                    r  hdmi_inst/inst/serial_g/oserdes_m/CLK
  -------------------------------------------------------------------    -------------------
    OLOGIC_X0Y20         OSERDESE2 (Prop_oserdese2_CLK_OQ)
                                                      0.177     0.753 r  hdmi_inst/inst/serial_g/oserdes_m/OQ
                         net (fo=1, routed)           0.001     0.754    hdmi_inst/inst/TMDSINT_1
    T20                  OBUFDS (Prop_obufds_I_OB)    0.815     1.569 r  hdmi_inst/inst/OBUFDS_G/OB
                         net (fo=0)                   0.000     1.569    tmdsDataN[1]
    U20                                                               r  tmdsDataN[1] (OUT)
  -------------------------------------------------------------------    -------------------

Slack:                    inf
  Source:                 hdmi_inst/inst/serial_clk/oserdes_m/CLK
                            (rising edge-triggered cell OSERDESE2 clocked by clk_out2_clk_wiz_0  {rise@0.000ns fall@1.347ns period=2.695ns})
  Destination:            tmdsClkP
                            (output port)
  Path Group:             (none)
  Path Type:              Min at Fast Process Corner
  Data Path Delay:        1.002ns  (logic 1.001ns (99.900%)  route 0.001ns (0.100%))
  Logic Levels:           1  (OBUFDS=1)
  Clock Uncertainty:      0.799ns  ((TSJ^2 + DJ^2)^1/2) / 2 + PE
    Total System Jitter     (TSJ):    0.050ns
    Discrete Jitter          (DJ):    0.373ns
    Phase Error              (PE):    0.611ns

    Location             Delay type                Incr(ns)  Path(ns)    Netlist Resource(s)
  -------------------------------------------------------------------    -------------------
                         (clock clk_out2_clk_wiz_0 rise edge)
                                                      0.000     0.000 r  
    BUFGCTRL_X0Y2        BUFG                         0.000     0.000 r  sysClk_IBUF_BUFG_inst/O
                         net (fo=76, routed)          0.546     0.546    vc/inst/clk_in1
    MMCME2_ADV_X0Y0      MMCME2_ADV (Prop_mmcme2_adv_CLKIN1_CLKOUT1)
                                                     -1.053    -0.508 r  vc/inst/mmcm_adv_inst/CLKOUT1
                         net (fo=1, routed)           0.482    -0.026    vc/inst/clk_out2_clk_wiz_0
    BUFGCTRL_X0Y1        BUFG (Prop_bufg_I_O)         0.026     0.000 r  vc/inst/clkout2_buf/O
                         net (fo=8, routed)           0.575     0.575    hdmi_inst/inst/serial_clk/pix_clkx5
    OLOGIC_X0Y24         OSERDESE2                                    r  hdmi_inst/inst/serial_clk/oserdes_m/CLK
  -------------------------------------------------------------------    -------------------
    OLOGIC_X0Y24         OSERDESE2 (Prop_oserdese2_CLK_OQ)
                                                      0.177     0.752 r  hdmi_inst/inst/serial_clk/oserdes_m/OQ
                         net (fo=1, routed)           0.001     0.753    hdmi_inst/inst/tmdsclk
    N18                  OBUFDS (Prop_obufds_I_O)     0.824     1.576 r  hdmi_inst/inst/OBUFDS_CLK/O
                         net (fo=0)                   0.000     1.576    tmdsClkP
    N18                                                               r  tmdsClkP (OUT)
  -------------------------------------------------------------------    -------------------

Slack:                    inf
  Source:                 hdmi_inst/inst/serial_b/oserdes_m/CLK
                            (rising edge-triggered cell OSERDESE2 clocked by clk_out2_clk_wiz_0  {rise@0.000ns fall@1.347ns period=2.695ns})
  Destination:            tmdsDataP[0]
                            (output port)
  Path Group:             (none)
  Path Type:              Min at Fast Process Corner
  Data Path Delay:        0.999ns  (logic 0.998ns (99.900%)  route 0.001ns (0.100%))
  Logic Levels:           1  (OBUFDS=1)
  Clock Uncertainty:      0.799ns  ((TSJ^2 + DJ^2)^1/2) / 2 + PE
    Total System Jitter     (TSJ):    0.050ns
    Discrete Jitter          (DJ):    0.373ns
    Phase Error              (PE):    0.611ns

    Location             Delay type                Incr(ns)  Path(ns)    Netlist Resource(s)
  -------------------------------------------------------------------    -------------------
                         (clock clk_out2_clk_wiz_0 rise edge)
                                                      0.000     0.000 r  
    BUFGCTRL_X0Y2        BUFG                         0.000     0.000 r  sysClk_IBUF_BUFG_inst/O
                         net (fo=76, routed)          0.546     0.546    vc/inst/clk_in1
    MMCME2_ADV_X0Y0      MMCME2_ADV (Prop_mmcme2_adv_CLKIN1_CLKOUT1)
                                                     -1.053    -0.508 r  vc/inst/mmcm_adv_inst/CLKOUT1
                         net (fo=1, routed)           0.482    -0.026    vc/inst/clk_out2_clk_wiz_0
    BUFGCTRL_X0Y1        BUFG (Prop_bufg_I_O)         0.026     0.000 r  vc/inst/clkout2_buf/O
                         net (fo=8, routed)           0.578     0.578    hdmi_inst/inst/serial_b/pix_clkx5
    OLOGIC_X0Y18         OSERDESE2                                    r  hdmi_inst/inst/serial_b/oserdes_m/CLK
  -------------------------------------------------------------------    -------------------
    OLOGIC_X0Y18         OSERDESE2 (Prop_oserdese2_CLK_OQ)
                                                      0.177     0.755 r  hdmi_inst/inst/serial_b/oserdes_m/OQ
                         net (fo=1, routed)           0.001     0.756    hdmi_inst/inst/TMDSINT_0
    V20                  OBUFDS (Prop_obufds_I_O)     0.821     1.577 r  hdmi_inst/inst/OBUFDS_B/O
                         net (fo=0)                   0.000     1.577    tmdsDataP[0]
    V20                                                               r  tmdsDataP[0] (OUT)
  -------------------------------------------------------------------    -------------------

Slack:                    inf
  Source:                 hdmi_inst/inst/serial_clk/oserdes_m/CLK
                            (rising edge-triggered cell OSERDESE2 clocked by clk_out2_clk_wiz_0  {rise@0.000ns fall@1.347ns period=2.695ns})
  Destination:            tmdsClkN
                            (output port)
  Path Group:             (none)
  Path Type:              Min at Fast Process Corner
  Data Path Delay:        1.003ns  (logic 1.002ns (99.900%)  route 0.001ns (0.100%))
  Logic Levels:           1  (OBUFDS=1)
  Clock Uncertainty:      0.799ns  ((TSJ^2 + DJ^2)^1/2) / 2 + PE
    Total System Jitter     (TSJ):    0.050ns
    Discrete Jitter          (DJ):    0.373ns
    Phase Error              (PE):    0.611ns

    Location             Delay type                Incr(ns)  Path(ns)    Netlist Resource(s)
  -------------------------------------------------------------------    -------------------
                         (clock clk_out2_clk_wiz_0 rise edge)
                                                      0.000     0.000 r  
    BUFGCTRL_X0Y2        BUFG                         0.000     0.000 r  sysClk_IBUF_BUFG_inst/O
                         net (fo=76, routed)          0.546     0.546    vc/inst/clk_in1
    MMCME2_ADV_X0Y0      MMCME2_ADV (Prop_mmcme2_adv_CLKIN1_CLKOUT1)
                                                     -1.053    -0.508 r  vc/inst/mmcm_adv_inst/CLKOUT1
                         net (fo=1, routed)           0.482    -0.026    vc/inst/clk_out2_clk_wiz_0
    BUFGCTRL_X0Y1        BUFG (Prop_bufg_I_O)         0.026     0.000 r  vc/inst/clkout2_buf/O
                         net (fo=8, routed)           0.575     0.575    hdmi_inst/inst/serial_clk/pix_clkx5
    OLOGIC_X0Y24         OSERDESE2                                    r  hdmi_inst/inst/serial_clk/oserdes_m/CLK
  -------------------------------------------------------------------    -------------------
    OLOGIC_X0Y24         OSERDESE2 (Prop_oserdese2_CLK_OQ)
                                                      0.177     0.752 r  hdmi_inst/inst/serial_clk/oserdes_m/OQ
                         net (fo=1, routed)           0.001     0.753    hdmi_inst/inst/tmdsclk
    N18                  OBUFDS (Prop_obufds_I_OB)    0.825     1.577 r  hdmi_inst/inst/OBUFDS_CLK/OB
                         net (fo=0)                   0.000     1.577    tmdsClkN
    P19                                                               r  tmdsClkN (OUT)
  -------------------------------------------------------------------    -------------------

Slack:                    inf
  Source:                 hdmi_inst/inst/serial_b/oserdes_m/CLK
                            (rising edge-triggered cell OSERDESE2 clocked by clk_out2_clk_wiz_0  {rise@0.000ns fall@1.347ns period=2.695ns})
  Destination:            tmdsDataN[0]
                            (output port)
  Path Group:             (none)
  Path Type:              Min at Fast Process Corner
  Data Path Delay:        1.000ns  (logic 0.999ns (99.900%)  route 0.001ns (0.100%))
  Logic Levels:           1  (OBUFDS=1)
  Clock Uncertainty:      0.799ns  ((TSJ^2 + DJ^2)^1/2) / 2 + PE
    Total System Jitter     (TSJ):    0.050ns
    Discrete Jitter          (DJ):    0.373ns
    Phase Error              (PE):    0.611ns

    Location             Delay type                Incr(ns)  Path(ns)    Netlist Resource(s)
  -------------------------------------------------------------------    -------------------
                         (clock clk_out2_clk_wiz_0 rise edge)
                                                      0.000     0.000 r  
    BUFGCTRL_X0Y2        BUFG                         0.000     0.000 r  sysClk_IBUF_BUFG_inst/O
                         net (fo=76, routed)          0.546     0.546    vc/inst/clk_in1
    MMCME2_ADV_X0Y0      MMCME2_ADV (Prop_mmcme2_adv_CLKIN1_CLKOUT1)
                                                     -1.053    -0.508 r  vc/inst/mmcm_adv_inst/CLKOUT1
                         net (fo=1, routed)           0.482    -0.026    vc/inst/clk_out2_clk_wiz_0
    BUFGCTRL_X0Y1        BUFG (Prop_bufg_I_O)         0.026     0.000 r  vc/inst/clkout2_buf/O
                         net (fo=8, routed)           0.578     0.578    hdmi_inst/inst/serial_b/pix_clkx5
    OLOGIC_X0Y18         OSERDESE2                                    r  hdmi_inst/inst/serial_b/oserdes_m/CLK
  -------------------------------------------------------------------    -------------------
    OLOGIC_X0Y18         OSERDESE2 (Prop_oserdese2_CLK_OQ)
                                                      0.177     0.755 r  hdmi_inst/inst/serial_b/oserdes_m/OQ
                         net (fo=1, routed)           0.001     0.756    hdmi_inst/inst/TMDSINT_0
    V20                  OBUFDS (Prop_obufds_I_OB)    0.822     1.578 r  hdmi_inst/inst/OBUFDS_B/OB
                         net (fo=0)                   0.000     1.578    tmdsDataN[0]
    W20                                                               r  tmdsDataN[0] (OUT)
  -------------------------------------------------------------------    -------------------

Slack:                    inf
  Source:                 hdmi_inst/inst/serial_r/oserdes_m/CLK
                            (rising edge-triggered cell OSERDESE2 clocked by clk_out2_clk_wiz_0  {rise@0.000ns fall@1.347ns period=2.695ns})
  Destination:            tmdsDataP[2]
                            (output port)
  Path Group:             (none)
  Path Type:              Min at Fast Process Corner
  Data Path Delay:        1.004ns  (logic 1.003ns (99.900%)  route 0.001ns (0.100%))
  Logic Levels:           1  (OBUFDS=1)
  Clock Uncertainty:      0.799ns  ((TSJ^2 + DJ^2)^1/2) / 2 + PE
    Total System Jitter     (TSJ):    0.050ns
    Discrete Jitter          (DJ):    0.373ns
    Phase Error              (PE):    0.611ns

    Location             Delay type                Incr(ns)  Path(ns)    Netlist Resource(s)
  -------------------------------------------------------------------    -------------------
                         (clock clk_out2_clk_wiz_0 rise edge)
                                                      0.000     0.000 r  
    BUFGCTRL_X0Y2        BUFG                         0.000     0.000 r  sysClk_IBUF_BUFG_inst/O
                         net (fo=76, routed)          0.546     0.546    vc/inst/clk_in1
    MMCME2_ADV_X0Y0      MMCME2_ADV (Prop_mmcme2_adv_CLKIN1_CLKOUT1)
                                                     -1.053    -0.508 r  vc/inst/mmcm_adv_inst/CLKOUT1
                         net (fo=1, routed)           0.482    -0.026    vc/inst/clk_out2_clk_wiz_0
    BUFGCTRL_X0Y1        BUFG (Prop_bufg_I_O)         0.026     0.000 r  vc/inst/clkout2_buf/O
                         net (fo=8, routed)           0.575     0.575    hdmi_inst/inst/serial_r/pix_clkx5
    OLOGIC_X0Y22         OSERDESE2                                    r  hdmi_inst/inst/serial_r/oserdes_m/CLK
  -------------------------------------------------------------------    -------------------
    OLOGIC_X0Y22         OSERDESE2 (Prop_oserdese2_CLK_OQ)
                                                      0.177     0.752 r  hdmi_inst/inst/serial_r/oserdes_m/OQ
                         net (fo=1, routed)           0.001     0.753    hdmi_inst/inst/TMDSINT_2
    N20                  OBUFDS (Prop_obufds_I_O)     0.826     1.578 r  hdmi_inst/inst/OBUFDS_R/O
                         net (fo=0)                   0.000     1.578    tmdsDataP[2]
    N20                                                               r  tmdsDataP[2] (OUT)
  -------------------------------------------------------------------    -------------------

Slack:                    inf
  Source:                 hdmi_inst/inst/serial_r/oserdes_m/CLK
                            (rising edge-triggered cell OSERDESE2 clocked by clk_out2_clk_wiz_0  {rise@0.000ns fall@1.347ns period=2.695ns})
  Destination:            tmdsDataN[2]
                            (output port)
  Path Group:             (none)
  Path Type:              Min at Fast Process Corner
  Data Path Delay:        1.005ns  (logic 1.004ns (99.900%)  route 0.001ns (0.100%))
  Logic Levels:           1  (OBUFDS=1)
  Clock Uncertainty:      0.799ns  ((TSJ^2 + DJ^2)^1/2) / 2 + PE
    Total System Jitter     (TSJ):    0.050ns
    Discrete Jitter          (DJ):    0.373ns
    Phase Error              (PE):    0.611ns

    Location             Delay type                Incr(ns)  Path(ns)    Netlist Resource(s)
  -------------------------------------------------------------------    -------------------
                         (clock clk_out2_clk_wiz_0 rise edge)
                                                      0.000     0.000 r  
    BUFGCTRL_X0Y2        BUFG                         0.000     0.000 r  sysClk_IBUF_BUFG_inst/O
                         net (fo=76, routed)          0.546     0.546    vc/inst/clk_in1
    MMCME2_ADV_X0Y0      MMCME2_ADV (Prop_mmcme2_adv_CLKIN1_CLKOUT1)
                                                     -1.053    -0.508 r  vc/inst/mmcm_adv_inst/CLKOUT1
                         net (fo=1, routed)           0.482    -0.026    vc/inst/clk_out2_clk_wiz_0
    BUFGCTRL_X0Y1        BUFG (Prop_bufg_I_O)         0.026     0.000 r  vc/inst/clkout2_buf/O
                         net (fo=8, routed)           0.575     0.575    hdmi_inst/inst/serial_r/pix_clkx5
    OLOGIC_X0Y22         OSERDESE2                                    r  hdmi_inst/inst/serial_r/oserdes_m/CLK
  -------------------------------------------------------------------    -------------------
    OLOGIC_X0Y22         OSERDESE2 (Prop_oserdese2_CLK_OQ)
                                                      0.177     0.752 r  hdmi_inst/inst/serial_r/oserdes_m/OQ
                         net (fo=1, routed)           0.001     0.753    hdmi_inst/inst/TMDSINT_2
    N20                  OBUFDS (Prop_obufds_I_OB)    0.827     1.579 r  hdmi_inst/inst/OBUFDS_R/OB
                         net (fo=0)                   0.000     1.579    tmdsDataN[2]
    P20                                                               r  tmdsDataN[2] (OUT)
  -------------------------------------------------------------------    -------------------





--------------------------------------------------------------------------------------
Path Group:  (none)
From Clock:  clkfbout_clk_wiz_0
  To Clock:  

Max Delay             1 Endpoint
Min Delay             1 Endpoint
--------------------------------------------------------------------------------------


Max Delay Paths
--------------------------------------------------------------------------------------
Slack:                    inf
  Source:                 vc/inst/mmcm_adv_inst/CLKFBOUT
                            (clock source 'clkfbout_clk_wiz_0'  {rise@0.000ns fall@40.000ns period=80.000ns})
  Destination:            vc/inst/mmcm_adv_inst/CLKFBIN
  Path Group:             (none)
  Path Type:              Max at Slow Process Corner
  Data Path Delay:        3.538ns  (logic 0.101ns (2.855%)  route 3.437ns (97.145%))
  Logic Levels:           1  (BUFG=1)
  Clock Uncertainty:      0.783ns  ((TSJ^2 + DJ^2)^1/2) / 2 + PE
    Total System Jitter     (TSJ):    0.050ns
    Discrete Jitter          (DJ):    0.340ns
    Phase Error              (PE):    0.611ns

    Location             Delay type                Incr(ns)  Path(ns)    Netlist Resource(s)
  -------------------------------------------------------------------    -------------------
                         (clock clkfbout_clk_wiz_0 fall edge)
                                                     40.000    40.000 f  
    BUFGCTRL_X0Y2        BUFG                         0.000    40.000 f  sysClk_IBUF_BUFG_inst/O
                         net (fo=76, routed)          1.677    41.677    vc/inst/clk_in1
  -------------------------------------------------------------------    -------------------
    MMCME2_ADV_X0Y0      MMCME2_ADV (Prop_mmcme2_adv_CLKIN1_CLKFBOUT)
                                                     -3.538    38.139 f  vc/inst/mmcm_adv_inst/CLKFBOUT
                         net (fo=1, routed)           1.760    39.899    vc/inst/clkfbout_clk_wiz_0
    BUFGCTRL_X0Y3        BUFG (Prop_bufg_I_O)         0.101    40.000 f  vc/inst/clkf_buf/O
                         net (fo=1, routed)           1.677    41.677    vc/inst/clkfbout_buf_clk_wiz_0
    MMCME2_ADV_X0Y0      MMCME2_ADV                                   f  vc/inst/mmcm_adv_inst/CLKFBIN
  -------------------------------------------------------------------    -------------------





Min Delay Paths
--------------------------------------------------------------------------------------
Slack:                    inf
  Source:                 vc/inst/mmcm_adv_inst/CLKFBOUT
                            (clock source 'clkfbout_clk_wiz_0'  {rise@0.000ns fall@40.000ns period=80.000ns})
  Destination:            vc/inst/mmcm_adv_inst/CLKFBIN
  Path Group:             (none)
  Path Type:              Min at Fast Process Corner
  Data Path Delay:        1.053ns  (logic 0.026ns (2.468%)  route 1.028ns (97.532%))
  Logic Levels:           1  (BUFG=1)
  Clock Uncertainty:      0.783ns  ((TSJ^2 + DJ^2)^1/2) / 2 + PE
    Total System Jitter     (TSJ):    0.050ns
    Discrete Jitter          (DJ):    0.340ns
    Phase Error              (PE):    0.611ns

    Location             Delay type                Incr(ns)  Path(ns)    Netlist Resource(s)
  -------------------------------------------------------------------    -------------------
                         (clock clkfbout_clk_wiz_0 rise edge)
                                                      0.000     0.000 r  
    BUFGCTRL_X0Y2        BUFG                         0.000     0.000 r  sysClk_IBUF_BUFG_inst/O
                         net (fo=76, routed)          0.546     0.546    vc/inst/clk_in1
  -------------------------------------------------------------------    -------------------
    MMCME2_ADV_X0Y0      MMCME2_ADV (Prop_mmcme2_adv_CLKIN1_CLKFBOUT)
                                                     -1.053    -0.508 r  vc/inst/mmcm_adv_inst/CLKFBOUT
                         net (fo=1, routed)           0.482    -0.026    vc/inst/clkfbout_clk_wiz_0
    BUFGCTRL_X0Y3        BUFG (Prop_bufg_I_O)         0.026     0.000 r  vc/inst/clkf_buf/O
                         net (fo=1, routed)           0.546     0.546    vc/inst/clkfbout_buf_clk_wiz_0
    MMCME2_ADV_X0Y0      MMCME2_ADV                                   r  vc/inst/mmcm_adv_inst/CLKFBIN
  -------------------------------------------------------------------    -------------------





--------------------------------------------------------------------------------------
Path Group:  (none)
From Clock:  
  To Clock:  clk_out1_clk_wiz_0

Max Delay           105 Endpoints
Min Delay           105 Endpoints
--------------------------------------------------------------------------------------


Max Delay Paths
--------------------------------------------------------------------------------------
Slack:                    inf
  Source:                 resetn
                            (input port)
  Destination:            hdmi_inst/inst/encg/cnt_reg[2]/CLR
                            (recovery check against rising-edge clock clk_out1_clk_wiz_0  {rise@0.000ns fall@6.737ns period=13.474ns})
  Path Group:             (none)
  Path Type:              Recovery (Max at Slow Process Corner)
  Data Path Delay:        8.648ns  (logic 1.601ns (18.510%)  route 7.048ns (81.490%))
  Logic Levels:           2  (IBUF=1 LUT2=1)
  Clock Path Skew:        1.564ns (DCD - SCD + CPR)
    Destination Clock Delay (DCD):    1.564ns
    Source Clock Delay      (SCD):    0.000ns
    Clock Pessimism Removal (CPR):    0.000ns
  Clock Uncertainty:      0.843ns  ((TSJ^2 + DJ^2)^1/2) / 2 + PE
    Total System Jitter     (TSJ):    0.050ns
    Discrete Jitter          (DJ):    0.462ns
    Phase Error              (PE):    0.611ns

    Location             Delay type                Incr(ns)  Path(ns)    Netlist Resource(s)
  -------------------------------------------------------------------    -------------------
    N15                                               0.000     0.000 r  resetn (IN)
                         net (fo=0)                   0.000     0.000    resetn
    N15                  IBUF (Prop_ibuf_I_O)         1.477     1.477 r  resetn_IBUF_inst/O
                         net (fo=86, routed)          4.464     5.941    hdmi_inst/inst/encr/lopt
    SLICE_X43Y8          LUT2 (Prop_lut2_I0_O)        0.124     6.065 f  hdmi_inst/inst/encr/oserdes_m_i_1/O
                         net (fo=50, routed)          2.583     8.648    hdmi_inst/inst/encg/AR[0]
    SLICE_X36Y19         FDCE                                         f  hdmi_inst/inst/encg/cnt_reg[2]/CLR
  -------------------------------------------------------------------    -------------------

                         (clock clk_out1_clk_wiz_0 rise edge)
                                                      0.000     0.000 r  
    BUFGCTRL_X0Y2        BUFG                         0.000     0.000 r  sysClk_IBUF_BUFG_inst/O
                         net (fo=76, routed)          1.487     1.487    vc/inst/clk_in1
    MMCME2_ADV_X0Y0      MMCME2_ADV (Prop_mmcme2_adv_CLKIN1_CLKOUT0)
                                                     -3.177    -1.690 r  vc/inst/mmcm_adv_inst/CLKOUT0
                         net (fo=1, routed)           1.599    -0.091    vc/inst/clk_out1_clk_wiz_0
    BUFGCTRL_X0Y0        BUFG (Prop_bufg_I_O)         0.091     0.000 r  vc/inst/clkout1_buf/O
                         net (fo=221, routed)         1.564     1.564    hdmi_inst/inst/encg/pix_clk
    SLICE_X36Y19         FDCE                                         r  hdmi_inst/inst/encg/cnt_reg[2]/C

Slack:                    inf
  Source:                 resetn
                            (input port)
  Destination:            hdmi_inst/inst/encg/cnt_reg[3]/CLR
                            (recovery check against rising-edge clock clk_out1_clk_wiz_0  {rise@0.000ns fall@6.737ns period=13.474ns})
  Path Group:             (none)
  Path Type:              Recovery (Max at Slow Process Corner)
  Data Path Delay:        8.648ns  (logic 1.601ns (18.510%)  route 7.048ns (81.490%))
  Logic Levels:           2  (IBUF=1 LUT2=1)
  Clock Path Skew:        1.564ns (DCD - SCD + CPR)
    Destination Clock Delay (DCD):    1.564ns
    Source Clock Delay      (SCD):    0.000ns
    Clock Pessimism Removal (CPR):    0.000ns
  Clock Uncertainty:      0.843ns  ((TSJ^2 + DJ^2)^1/2) / 2 + PE
    Total System Jitter     (TSJ):    0.050ns
    Discrete Jitter          (DJ):    0.462ns
    Phase Error              (PE):    0.611ns

    Location             Delay type                Incr(ns)  Path(ns)    Netlist Resource(s)
  -------------------------------------------------------------------    -------------------
    N15                                               0.000     0.000 r  resetn (IN)
                         net (fo=0)                   0.000     0.000    resetn
    N15                  IBUF (Prop_ibuf_I_O)         1.477     1.477 r  resetn_IBUF_inst/O
                         net (fo=86, routed)          4.464     5.941    hdmi_inst/inst/encr/lopt
    SLICE_X43Y8          LUT2 (Prop_lut2_I0_O)        0.124     6.065 f  hdmi_inst/inst/encr/oserdes_m_i_1/O
                         net (fo=50, routed)          2.583     8.648    hdmi_inst/inst/encg/AR[0]
    SLICE_X36Y19         FDCE                                         f  hdmi_inst/inst/encg/cnt_reg[3]/CLR
  -------------------------------------------------------------------    -------------------

                         (clock clk_out1_clk_wiz_0 rise edge)
                                                      0.000     0.000 r  
    BUFGCTRL_X0Y2        BUFG                         0.000     0.000 r  sysClk_IBUF_BUFG_inst/O
                         net (fo=76, routed)          1.487     1.487    vc/inst/clk_in1
    MMCME2_ADV_X0Y0      MMCME2_ADV (Prop_mmcme2_adv_CLKIN1_CLKOUT0)
                                                     -3.177    -1.690 r  vc/inst/mmcm_adv_inst/CLKOUT0
                         net (fo=1, routed)           1.599    -0.091    vc/inst/clk_out1_clk_wiz_0
    BUFGCTRL_X0Y0        BUFG (Prop_bufg_I_O)         0.091     0.000 r  vc/inst/clkout1_buf/O
                         net (fo=221, routed)         1.564     1.564    hdmi_inst/inst/encg/pix_clk
    SLICE_X36Y19         FDCE                                         r  hdmi_inst/inst/encg/cnt_reg[3]/C

Slack:                    inf
  Source:                 resetn
                            (input port)
  Destination:            hdmi_inst/inst/encg/cnt_reg[4]/CLR
                            (recovery check against rising-edge clock clk_out1_clk_wiz_0  {rise@0.000ns fall@6.737ns period=13.474ns})
  Path Group:             (none)
  Path Type:              Recovery (Max at Slow Process Corner)
  Data Path Delay:        8.644ns  (logic 1.601ns (18.519%)  route 7.043ns (81.481%))
  Logic Levels:           2  (IBUF=1 LUT2=1)
  Clock Path Skew:        1.564ns (DCD - SCD + CPR)
    Destination Clock Delay (DCD):    1.564ns
    Source Clock Delay      (SCD):    0.000ns
    Clock Pessimism Removal (CPR):    0.000ns
  Clock Uncertainty:      0.843ns  ((TSJ^2 + DJ^2)^1/2) / 2 + PE
    Total System Jitter     (TSJ):    0.050ns
    Discrete Jitter          (DJ):    0.462ns
    Phase Error              (PE):    0.611ns

    Location             Delay type                Incr(ns)  Path(ns)    Netlist Resource(s)
  -------------------------------------------------------------------    -------------------
    N15                                               0.000     0.000 r  resetn (IN)
                         net (fo=0)                   0.000     0.000    resetn
    N15                  IBUF (Prop_ibuf_I_O)         1.477     1.477 r  resetn_IBUF_inst/O
                         net (fo=86, routed)          4.464     5.941    hdmi_inst/inst/encr/lopt
    SLICE_X43Y8          LUT2 (Prop_lut2_I0_O)        0.124     6.065 f  hdmi_inst/inst/encr/oserdes_m_i_1/O
                         net (fo=50, routed)          2.579     8.644    hdmi_inst/inst/encg/AR[0]
    SLICE_X37Y19         FDCE                                         f  hdmi_inst/inst/encg/cnt_reg[4]/CLR
  -------------------------------------------------------------------    -------------------

                         (clock clk_out1_clk_wiz_0 rise edge)
                                                      0.000     0.000 r  
    BUFGCTRL_X0Y2        BUFG                         0.000     0.000 r  sysClk_IBUF_BUFG_inst/O
                         net (fo=76, routed)          1.487     1.487    vc/inst/clk_in1
    MMCME2_ADV_X0Y0      MMCME2_ADV (Prop_mmcme2_adv_CLKIN1_CLKOUT0)
                                                     -3.177    -1.690 r  vc/inst/mmcm_adv_inst/CLKOUT0
                         net (fo=1, routed)           1.599    -0.091    vc/inst/clk_out1_clk_wiz_0
    BUFGCTRL_X0Y0        BUFG (Prop_bufg_I_O)         0.091     0.000 r  vc/inst/clkout1_buf/O
                         net (fo=221, routed)         1.564     1.564    hdmi_inst/inst/encg/pix_clk
    SLICE_X37Y19         FDCE                                         r  hdmi_inst/inst/encg/cnt_reg[4]/C

Slack:                    inf
  Source:                 resetn
                            (input port)
  Destination:            hdmi_inst/inst/serial_clk/oserdes_m/RST
                            (rising edge-triggered cell OSERDESE2 clocked by clk_out1_clk_wiz_0  {rise@0.000ns fall@6.737ns period=13.474ns})
  Path Group:             (none)
  Path Type:              Setup (Max at Slow Process Corner)
  Data Path Delay:        8.502ns  (logic 1.601ns (18.828%)  route 6.902ns (81.172%))
  Logic Levels:           2  (IBUF=1 LUT2=1)
  Clock Path Skew:        1.543ns (DCD - SCD + CPR)
    Destination Clock Delay (DCD):    1.543ns
    Source Clock Delay      (SCD):    0.000ns
    Clock Pessimism Removal (CPR):    0.000ns
  Clock Uncertainty:      0.843ns  ((TSJ^2 + DJ^2)^1/2) / 2 + PE
    Total System Jitter     (TSJ):    0.050ns
    Discrete Jitter          (DJ):    0.462ns
    Phase Error              (PE):    0.611ns

    Location             Delay type                Incr(ns)  Path(ns)    Netlist Resource(s)
  -------------------------------------------------------------------    -------------------
    N15                                               0.000     0.000 f  resetn (IN)
                         net (fo=0)                   0.000     0.000    resetn
    N15                  IBUF (Prop_ibuf_I_O)         1.477     1.477 f  resetn_IBUF_inst/O
                         net (fo=86, routed)          4.464     5.941    hdmi_inst/inst/encr/lopt
    SLICE_X43Y8          LUT2 (Prop_lut2_I0_O)        0.124     6.065 r  hdmi_inst/inst/encr/oserdes_m_i_1/O
                         net (fo=50, routed)          2.437     8.502    hdmi_inst/inst/serial_clk/AR[0]
    OLOGIC_X0Y24         OSERDESE2                                    r  hdmi_inst/inst/serial_clk/oserdes_m/RST
  -------------------------------------------------------------------    -------------------

                         (clock clk_out1_clk_wiz_0 rise edge)
                                                      0.000     0.000 r  
    BUFGCTRL_X0Y2        BUFG                         0.000     0.000 r  sysClk_IBUF_BUFG_inst/O
                         net (fo=76, routed)          1.487     1.487    vc/inst/clk_in1
    MMCME2_ADV_X0Y0      MMCME2_ADV (Prop_mmcme2_adv_CLKIN1_CLKOUT0)
                                                     -3.177    -1.690 r  vc/inst/mmcm_adv_inst/CLKOUT0
                         net (fo=1, routed)           1.599    -0.091    vc/inst/clk_out1_clk_wiz_0
    BUFGCTRL_X0Y0        BUFG (Prop_bufg_I_O)         0.091     0.000 r  vc/inst/clkout1_buf/O
                         net (fo=221, routed)         1.543     1.543    hdmi_inst/inst/serial_clk/pix_clk
    OLOGIC_X0Y24         OSERDESE2                                    r  hdmi_inst/inst/serial_clk/oserdes_m/CLKDIV

Slack:                    inf
  Source:                 resetn
                            (input port)
  Destination:            hdmi_inst/inst/encr/cnt_reg[3]/CLR
                            (recovery check against rising-edge clock clk_out1_clk_wiz_0  {rise@0.000ns fall@6.737ns period=13.474ns})
  Path Group:             (none)
  Path Type:              Recovery (Max at Slow Process Corner)
  Data Path Delay:        8.456ns  (logic 1.601ns (18.930%)  route 6.856ns (81.070%))
  Logic Levels:           2  (IBUF=1 LUT2=1)
  Clock Path Skew:        1.562ns (DCD - SCD + CPR)
    Destination Clock Delay (DCD):    1.562ns
    Source Clock Delay      (SCD):    0.000ns
    Clock Pessimism Removal (CPR):    0.000ns
  Clock Uncertainty:      0.843ns  ((TSJ^2 + DJ^2)^1/2) / 2 + PE
    Total System Jitter     (TSJ):    0.050ns
    Discrete Jitter          (DJ):    0.462ns
    Phase Error              (PE):    0.611ns

    Location             Delay type                Incr(ns)  Path(ns)    Netlist Resource(s)
  -------------------------------------------------------------------    -------------------
    N15                                               0.000     0.000 r  resetn (IN)
                         net (fo=0)                   0.000     0.000    resetn
    N15                  IBUF (Prop_ibuf_I_O)         1.477     1.477 r  resetn_IBUF_inst/O
                         net (fo=86, routed)          4.464     5.941    hdmi_inst/inst/encr/lopt
    SLICE_X43Y8          LUT2 (Prop_lut2_I0_O)        0.124     6.065 f  hdmi_inst/inst/encr/oserdes_m_i_1/O
                         net (fo=50, routed)          2.391     8.456    hdmi_inst/inst/encr/AR[0]
    SLICE_X40Y22         FDCE                                         f  hdmi_inst/inst/encr/cnt_reg[3]/CLR
  -------------------------------------------------------------------    -------------------

                         (clock clk_out1_clk_wiz_0 rise edge)
                                                      0.000     0.000 r  
    BUFGCTRL_X0Y2        BUFG                         0.000     0.000 r  sysClk_IBUF_BUFG_inst/O
                         net (fo=76, routed)          1.487     1.487    vc/inst/clk_in1
    MMCME2_ADV_X0Y0      MMCME2_ADV (Prop_mmcme2_adv_CLKIN1_CLKOUT0)
                                                     -3.177    -1.690 r  vc/inst/mmcm_adv_inst/CLKOUT0
                         net (fo=1, routed)           1.599    -0.091    vc/inst/clk_out1_clk_wiz_0
    BUFGCTRL_X0Y0        BUFG (Prop_bufg_I_O)         0.091     0.000 r  vc/inst/clkout1_buf/O
                         net (fo=221, routed)         1.562     1.562    hdmi_inst/inst/encr/pix_clk
    SLICE_X40Y22         FDCE                                         r  hdmi_inst/inst/encr/cnt_reg[3]/C

Slack:                    inf
  Source:                 resetn
                            (input port)
  Destination:            hdmi_inst/inst/encr/cnt_reg[4]/CLR
                            (recovery check against rising-edge clock clk_out1_clk_wiz_0  {rise@0.000ns fall@6.737ns period=13.474ns})
  Path Group:             (none)
  Path Type:              Recovery (Max at Slow Process Corner)
  Data Path Delay:        8.452ns  (logic 1.601ns (18.940%)  route 6.851ns (81.060%))
  Logic Levels:           2  (IBUF=1 LUT2=1)
  Clock Path Skew:        1.562ns (DCD - SCD + CPR)
    Destination Clock Delay (DCD):    1.562ns
    Source Clock Delay      (SCD):    0.000ns
    Clock Pessimism Removal (CPR):    0.000ns
  Clock Uncertainty:      0.843ns  ((TSJ^2 + DJ^2)^1/2) / 2 + PE
    Total System Jitter     (TSJ):    0.050ns
    Discrete Jitter          (DJ):    0.462ns
    Phase Error              (PE):    0.611ns

    Location             Delay type                Incr(ns)  Path(ns)    Netlist Resource(s)
  -------------------------------------------------------------------    -------------------
    N15                                               0.000     0.000 r  resetn (IN)
                         net (fo=0)                   0.000     0.000    resetn
    N15                  IBUF (Prop_ibuf_I_O)         1.477     1.477 r  resetn_IBUF_inst/O
                         net (fo=86, routed)          4.464     5.941    hdmi_inst/inst/encr/lopt
    SLICE_X43Y8          LUT2 (Prop_lut2_I0_O)        0.124     6.065 f  hdmi_inst/inst/encr/oserdes_m_i_1/O
                         net (fo=50, routed)          2.387     8.452    hdmi_inst/inst/encr/AR[0]
    SLICE_X41Y22         FDCE                                         f  hdmi_inst/inst/encr/cnt_reg[4]/CLR
  -------------------------------------------------------------------    -------------------

                         (clock clk_out1_clk_wiz_0 rise edge)
                                                      0.000     0.000 r  
    BUFGCTRL_X0Y2        BUFG                         0.000     0.000 r  sysClk_IBUF_BUFG_inst/O
                         net (fo=76, routed)          1.487     1.487    vc/inst/clk_in1
    MMCME2_ADV_X0Y0      MMCME2_ADV (Prop_mmcme2_adv_CLKIN1_CLKOUT0)
                                                     -3.177    -1.690 r  vc/inst/mmcm_adv_inst/CLKOUT0
                         net (fo=1, routed)           1.599    -0.091    vc/inst/clk_out1_clk_wiz_0
    BUFGCTRL_X0Y0        BUFG (Prop_bufg_I_O)         0.091     0.000 r  vc/inst/clkout1_buf/O
                         net (fo=221, routed)         1.562     1.562    hdmi_inst/inst/encr/pix_clk
    SLICE_X41Y22         FDCE                                         r  hdmi_inst/inst/encr/cnt_reg[4]/C

Slack:                    inf
  Source:                 resetn
                            (input port)
  Destination:            hdmi_inst/inst/serial_clk/oserdes_s/RST
                            (rising edge-triggered cell OSERDESE2 clocked by clk_out1_clk_wiz_0  {rise@0.000ns fall@6.737ns period=13.474ns})
  Path Group:             (none)
  Path Type:              Setup (Max at Slow Process Corner)
  Data Path Delay:        8.364ns  (logic 1.601ns (19.139%)  route 6.763ns (80.861%))
  Logic Levels:           2  (IBUF=1 LUT2=1)
  Clock Path Skew:        1.543ns (DCD - SCD + CPR)
    Destination Clock Delay (DCD):    1.543ns
    Source Clock Delay      (SCD):    0.000ns
    Clock Pessimism Removal (CPR):    0.000ns
  Clock Uncertainty:      0.843ns  ((TSJ^2 + DJ^2)^1/2) / 2 + PE
    Total System Jitter     (TSJ):    0.050ns
    Discrete Jitter          (DJ):    0.462ns
    Phase Error              (PE):    0.611ns

    Location             Delay type                Incr(ns)  Path(ns)    Netlist Resource(s)
  -------------------------------------------------------------------    -------------------
    N15                                               0.000     0.000 f  resetn (IN)
                         net (fo=0)                   0.000     0.000    resetn
    N15                  IBUF (Prop_ibuf_I_O)         1.477     1.477 f  resetn_IBUF_inst/O
                         net (fo=86, routed)          4.464     5.941    hdmi_inst/inst/encr/lopt
    SLICE_X43Y8          LUT2 (Prop_lut2_I0_O)        0.124     6.065 r  hdmi_inst/inst/encr/oserdes_m_i_1/O
                         net (fo=50, routed)          2.299     8.364    hdmi_inst/inst/serial_clk/AR[0]
    OLOGIC_X0Y23         OSERDESE2                                    r  hdmi_inst/inst/serial_clk/oserdes_s/RST
  -------------------------------------------------------------------    -------------------

                         (clock clk_out1_clk_wiz_0 rise edge)
                                                      0.000     0.000 r  
    BUFGCTRL_X0Y2        BUFG                         0.000     0.000 r  sysClk_IBUF_BUFG_inst/O
                         net (fo=76, routed)          1.487     1.487    vc/inst/clk_in1
    MMCME2_ADV_X0Y0      MMCME2_ADV (Prop_mmcme2_adv_CLKIN1_CLKOUT0)
                                                     -3.177    -1.690 r  vc/inst/mmcm_adv_inst/CLKOUT0
                         net (fo=1, routed)           1.599    -0.091    vc/inst/clk_out1_clk_wiz_0
    BUFGCTRL_X0Y0        BUFG (Prop_bufg_I_O)         0.091     0.000 r  vc/inst/clkout1_buf/O
                         net (fo=221, routed)         1.543     1.543    hdmi_inst/inst/serial_clk/pix_clk
    OLOGIC_X0Y23         OSERDESE2                                    r  hdmi_inst/inst/serial_clk/oserdes_s/CLKDIV

Slack:                    inf
  Source:                 resetn
                            (input port)
  Destination:            hdmi_inst/inst/encr/dout_reg[0]/CLR
                            (recovery check against rising-edge clock clk_out1_clk_wiz_0  {rise@0.000ns fall@6.737ns period=13.474ns})
  Path Group:             (none)
  Path Type:              Recovery (Max at Slow Process Corner)
  Data Path Delay:        8.313ns  (logic 1.601ns (19.257%)  route 6.712ns (80.743%))
  Logic Levels:           2  (IBUF=1 LUT2=1)
  Clock Path Skew:        1.562ns (DCD - SCD + CPR)
    Destination Clock Delay (DCD):    1.562ns
    Source Clock Delay      (SCD):    0.000ns
    Clock Pessimism Removal (CPR):    0.000ns
  Clock Uncertainty:      0.843ns  ((TSJ^2 + DJ^2)^1/2) / 2 + PE
    Total System Jitter     (TSJ):    0.050ns
    Discrete Jitter          (DJ):    0.462ns
    Phase Error              (PE):    0.611ns

    Location             Delay type                Incr(ns)  Path(ns)    Netlist Resource(s)
  -------------------------------------------------------------------    -------------------
    N15                                               0.000     0.000 r  resetn (IN)
                         net (fo=0)                   0.000     0.000    resetn
    N15                  IBUF (Prop_ibuf_I_O)         1.477     1.477 r  resetn_IBUF_inst/O
                         net (fo=86, routed)          4.464     5.941    hdmi_inst/inst/encr/lopt
    SLICE_X43Y8          LUT2 (Prop_lut2_I0_O)        0.124     6.065 f  hdmi_inst/inst/encr/oserdes_m_i_1/O
                         net (fo=50, routed)          2.248     8.313    hdmi_inst/inst/encr/AR[0]
    SLICE_X43Y22         FDCE                                         f  hdmi_inst/inst/encr/dout_reg[0]/CLR
  -------------------------------------------------------------------    -------------------

                         (clock clk_out1_clk_wiz_0 rise edge)
                                                      0.000     0.000 r  
    BUFGCTRL_X0Y2        BUFG                         0.000     0.000 r  sysClk_IBUF_BUFG_inst/O
                         net (fo=76, routed)          1.487     1.487    vc/inst/clk_in1
    MMCME2_ADV_X0Y0      MMCME2_ADV (Prop_mmcme2_adv_CLKIN1_CLKOUT0)
                                                     -3.177    -1.690 r  vc/inst/mmcm_adv_inst/CLKOUT0
                         net (fo=1, routed)           1.599    -0.091    vc/inst/clk_out1_clk_wiz_0
    BUFGCTRL_X0Y0        BUFG (Prop_bufg_I_O)         0.091     0.000 r  vc/inst/clkout1_buf/O
                         net (fo=221, routed)         1.562     1.562    hdmi_inst/inst/encr/pix_clk
    SLICE_X43Y22         FDCE                                         r  hdmi_inst/inst/encr/dout_reg[0]/C

Slack:                    inf
  Source:                 resetn
                            (input port)
  Destination:            hdmi_inst/inst/encr/dout_reg[1]/CLR
                            (recovery check against rising-edge clock clk_out1_clk_wiz_0  {rise@0.000ns fall@6.737ns period=13.474ns})
  Path Group:             (none)
  Path Type:              Recovery (Max at Slow Process Corner)
  Data Path Delay:        8.313ns  (logic 1.601ns (19.257%)  route 6.712ns (80.743%))
  Logic Levels:           2  (IBUF=1 LUT2=1)
  Clock Path Skew:        1.562ns (DCD - SCD + CPR)
    Destination Clock Delay (DCD):    1.562ns
    Source Clock Delay      (SCD):    0.000ns
    Clock Pessimism Removal (CPR):    0.000ns
  Clock Uncertainty:      0.843ns  ((TSJ^2 + DJ^2)^1/2) / 2 + PE
    Total System Jitter     (TSJ):    0.050ns
    Discrete Jitter          (DJ):    0.462ns
    Phase Error              (PE):    0.611ns

    Location             Delay type                Incr(ns)  Path(ns)    Netlist Resource(s)
  -------------------------------------------------------------------    -------------------
    N15                                               0.000     0.000 r  resetn (IN)
                         net (fo=0)                   0.000     0.000    resetn
    N15                  IBUF (Prop_ibuf_I_O)         1.477     1.477 r  resetn_IBUF_inst/O
                         net (fo=86, routed)          4.464     5.941    hdmi_inst/inst/encr/lopt
    SLICE_X43Y8          LUT2 (Prop_lut2_I0_O)        0.124     6.065 f  hdmi_inst/inst/encr/oserdes_m_i_1/O
                         net (fo=50, routed)          2.248     8.313    hdmi_inst/inst/encr/AR[0]
    SLICE_X43Y22         FDCE                                         f  hdmi_inst/inst/encr/dout_reg[1]/CLR
  -------------------------------------------------------------------    -------------------

                         (clock clk_out1_clk_wiz_0 rise edge)
                                                      0.000     0.000 r  
    BUFGCTRL_X0Y2        BUFG                         0.000     0.000 r  sysClk_IBUF_BUFG_inst/O
                         net (fo=76, routed)          1.487     1.487    vc/inst/clk_in1
    MMCME2_ADV_X0Y0      MMCME2_ADV (Prop_mmcme2_adv_CLKIN1_CLKOUT0)
                                                     -3.177    -1.690 r  vc/inst/mmcm_adv_inst/CLKOUT0
                         net (fo=1, routed)           1.599    -0.091    vc/inst/clk_out1_clk_wiz_0
    BUFGCTRL_X0Y0        BUFG (Prop_bufg_I_O)         0.091     0.000 r  vc/inst/clkout1_buf/O
                         net (fo=221, routed)         1.562     1.562    hdmi_inst/inst/encr/pix_clk
    SLICE_X43Y22         FDCE                                         r  hdmi_inst/inst/encr/dout_reg[1]/C

Slack:                    inf
  Source:                 resetn
                            (input port)
  Destination:            hdmi_inst/inst/encr/dout_reg[2]/CLR
                            (recovery check against rising-edge clock clk_out1_clk_wiz_0  {rise@0.000ns fall@6.737ns period=13.474ns})
  Path Group:             (none)
  Path Type:              Recovery (Max at Slow Process Corner)
  Data Path Delay:        8.313ns  (logic 1.601ns (19.257%)  route 6.712ns (80.743%))
  Logic Levels:           2  (IBUF=1 LUT2=1)
  Clock Path Skew:        1.562ns (DCD - SCD + CPR)
    Destination Clock Delay (DCD):    1.562ns
    Source Clock Delay      (SCD):    0.000ns
    Clock Pessimism Removal (CPR):    0.000ns
  Clock Uncertainty:      0.843ns  ((TSJ^2 + DJ^2)^1/2) / 2 + PE
    Total System Jitter     (TSJ):    0.050ns
    Discrete Jitter          (DJ):    0.462ns
    Phase Error              (PE):    0.611ns

    Location             Delay type                Incr(ns)  Path(ns)    Netlist Resource(s)
  -------------------------------------------------------------------    -------------------
    N15                                               0.000     0.000 r  resetn (IN)
                         net (fo=0)                   0.000     0.000    resetn
    N15                  IBUF (Prop_ibuf_I_O)         1.477     1.477 r  resetn_IBUF_inst/O
                         net (fo=86, routed)          4.464     5.941    hdmi_inst/inst/encr/lopt
    SLICE_X43Y8          LUT2 (Prop_lut2_I0_O)        0.124     6.065 f  hdmi_inst/inst/encr/oserdes_m_i_1/O
                         net (fo=50, routed)          2.248     8.313    hdmi_inst/inst/encr/AR[0]
    SLICE_X42Y22         FDCE                                         f  hdmi_inst/inst/encr/dout_reg[2]/CLR
  -------------------------------------------------------------------    -------------------

                         (clock clk_out1_clk_wiz_0 rise edge)
                                                      0.000     0.000 r  
    BUFGCTRL_X0Y2        BUFG                         0.000     0.000 r  sysClk_IBUF_BUFG_inst/O
                         net (fo=76, routed)          1.487     1.487    vc/inst/clk_in1
    MMCME2_ADV_X0Y0      MMCME2_ADV (Prop_mmcme2_adv_CLKIN1_CLKOUT0)
                                                     -3.177    -1.690 r  vc/inst/mmcm_adv_inst/CLKOUT0
                         net (fo=1, routed)           1.599    -0.091    vc/inst/clk_out1_clk_wiz_0
    BUFGCTRL_X0Y0        BUFG (Prop_bufg_I_O)         0.091     0.000 r  vc/inst/clkout1_buf/O
                         net (fo=221, routed)         1.562     1.562    hdmi_inst/inst/encr/pix_clk
    SLICE_X42Y22         FDCE                                         r  hdmi_inst/inst/encr/dout_reg[2]/C





Min Delay Paths
--------------------------------------------------------------------------------------
Slack:                    inf
  Source:                 vc/inst/mmcm_adv_inst/LOCKED
                            (internal pin)
  Destination:            hdmi_inst/inst/encb/cnt_reg[1]/CLR
                            (removal check against rising-edge clock clk_out1_clk_wiz_0  {rise@0.000ns fall@6.737ns period=13.474ns})
  Path Group:             (none)
  Path Type:              Removal (Min at Fast Process Corner)
  Data Path Delay:        0.825ns  (logic 0.045ns (5.453%)  route 0.780ns (94.547%))
  Logic Levels:           1  (LUT2=1)
  Clock Uncertainty:      0.843ns  ((TSJ^2 + DJ^2)^1/2) / 2 + PE
    Total System Jitter     (TSJ):    0.050ns
    Discrete Jitter          (DJ):    0.462ns
    Phase Error              (PE):    0.611ns

    Location             Delay type                Incr(ns)  Path(ns)    Netlist Resource(s)
  -------------------------------------------------------------------    -------------------
    MMCME2_ADV_X0Y0      MMCME2_ADV                   0.000     0.000 r  vc/inst/mmcm_adv_inst/LOCKED
                         net (fo=1, routed)           0.427     0.427    hdmi_inst/inst/encr/pix_clk_locked
    SLICE_X43Y8          LUT2 (Prop_lut2_I1_O)        0.045     0.472 f  hdmi_inst/inst/encr/oserdes_m_i_1/O
                         net (fo=50, routed)          0.353     0.825    hdmi_inst/inst/encb/AR[0]
    SLICE_X38Y15         FDCE                                         f  hdmi_inst/inst/encb/cnt_reg[1]/CLR
  -------------------------------------------------------------------    -------------------

                         (clock clk_out1_clk_wiz_0 rise edge)
                                                      0.000     0.000 r  
    BUFGCTRL_X0Y2        BUFG                         0.000     0.000 r  sysClk_IBUF_BUFG_inst/O
                         net (fo=76, routed)          0.812     0.812    vc/inst/clk_in1
    MMCME2_ADV_X0Y0      MMCME2_ADV (Prop_mmcme2_adv_CLKIN1_CLKOUT0)
                                                     -1.369    -0.557 r  vc/inst/mmcm_adv_inst/CLKOUT0
                         net (fo=1, routed)           0.528    -0.029    vc/inst/clk_out1_clk_wiz_0
    BUFGCTRL_X0Y0        BUFG (Prop_bufg_I_O)         0.029    -0.000 r  vc/inst/clkout1_buf/O
                         net (fo=221, routed)         0.853     0.853    hdmi_inst/inst/encb/pix_clk
    SLICE_X38Y15         FDCE                                         r  hdmi_inst/inst/encb/cnt_reg[1]/C

Slack:                    inf
  Source:                 vc/inst/mmcm_adv_inst/LOCKED
                            (internal pin)
  Destination:            hdmi_inst/inst/encb/dout_reg[4]/CLR
                            (removal check against rising-edge clock clk_out1_clk_wiz_0  {rise@0.000ns fall@6.737ns period=13.474ns})
  Path Group:             (none)
  Path Type:              Removal (Min at Fast Process Corner)
  Data Path Delay:        0.825ns  (logic 0.045ns (5.453%)  route 0.780ns (94.547%))
  Logic Levels:           1  (LUT2=1)
  Clock Uncertainty:      0.843ns  ((TSJ^2 + DJ^2)^1/2) / 2 + PE
    Total System Jitter     (TSJ):    0.050ns
    Discrete Jitter          (DJ):    0.462ns
    Phase Error              (PE):    0.611ns

    Location             Delay type                Incr(ns)  Path(ns)    Netlist Resource(s)
  -------------------------------------------------------------------    -------------------
    MMCME2_ADV_X0Y0      MMCME2_ADV                   0.000     0.000 r  vc/inst/mmcm_adv_inst/LOCKED
                         net (fo=1, routed)           0.427     0.427    hdmi_inst/inst/encr/pix_clk_locked
    SLICE_X43Y8          LUT2 (Prop_lut2_I1_O)        0.045     0.472 f  hdmi_inst/inst/encr/oserdes_m_i_1/O
                         net (fo=50, routed)          0.353     0.825    hdmi_inst/inst/encb/AR[0]
    SLICE_X38Y15         FDCE                                         f  hdmi_inst/inst/encb/dout_reg[4]/CLR
  -------------------------------------------------------------------    -------------------

                         (clock clk_out1_clk_wiz_0 rise edge)
                                                      0.000     0.000 r  
    BUFGCTRL_X0Y2        BUFG                         0.000     0.000 r  sysClk_IBUF_BUFG_inst/O
                         net (fo=76, routed)          0.812     0.812    vc/inst/clk_in1
    MMCME2_ADV_X0Y0      MMCME2_ADV (Prop_mmcme2_adv_CLKIN1_CLKOUT0)
                                                     -1.369    -0.557 r  vc/inst/mmcm_adv_inst/CLKOUT0
                         net (fo=1, routed)           0.528    -0.029    vc/inst/clk_out1_clk_wiz_0
    BUFGCTRL_X0Y0        BUFG (Prop_bufg_I_O)         0.029    -0.000 r  vc/inst/clkout1_buf/O
                         net (fo=221, routed)         0.853     0.853    hdmi_inst/inst/encb/pix_clk
    SLICE_X38Y15         FDCE                                         r  hdmi_inst/inst/encb/dout_reg[4]/C

Slack:                    inf
  Source:                 vc/inst/mmcm_adv_inst/LOCKED
                            (internal pin)
  Destination:            hdmi_inst/inst/encb/cnt_reg[3]/CLR
                            (removal check against rising-edge clock clk_out1_clk_wiz_0  {rise@0.000ns fall@6.737ns period=13.474ns})
  Path Group:             (none)
  Path Type:              Removal (Min at Fast Process Corner)
  Data Path Delay:        0.852ns  (logic 0.045ns (5.280%)  route 0.807ns (94.720%))
  Logic Levels:           1  (LUT2=1)
  Clock Uncertainty:      0.843ns  ((TSJ^2 + DJ^2)^1/2) / 2 + PE
    Total System Jitter     (TSJ):    0.050ns
    Discrete Jitter          (DJ):    0.462ns
    Phase Error              (PE):    0.611ns

    Location             Delay type                Incr(ns)  Path(ns)    Netlist Resource(s)
  -------------------------------------------------------------------    -------------------
    MMCME2_ADV_X0Y0      MMCME2_ADV                   0.000     0.000 r  vc/inst/mmcm_adv_inst/LOCKED
                         net (fo=1, routed)           0.427     0.427    hdmi_inst/inst/encr/pix_clk_locked
    SLICE_X43Y8          LUT2 (Prop_lut2_I1_O)        0.045     0.472 f  hdmi_inst/inst/encr/oserdes_m_i_1/O
                         net (fo=50, routed)          0.380     0.852    hdmi_inst/inst/encb/AR[0]
    SLICE_X38Y14         FDCE                                         f  hdmi_inst/inst/encb/cnt_reg[3]/CLR
  -------------------------------------------------------------------    -------------------

                         (clock clk_out1_clk_wiz_0 rise edge)
                                                      0.000     0.000 r  
    BUFGCTRL_X0Y2        BUFG                         0.000     0.000 r  sysClk_IBUF_BUFG_inst/O
                         net (fo=76, routed)          0.812     0.812    vc/inst/clk_in1
    MMCME2_ADV_X0Y0      MMCME2_ADV (Prop_mmcme2_adv_CLKIN1_CLKOUT0)
                                                     -1.369    -0.557 r  vc/inst/mmcm_adv_inst/CLKOUT0
                         net (fo=1, routed)           0.528    -0.029    vc/inst/clk_out1_clk_wiz_0
    BUFGCTRL_X0Y0        BUFG (Prop_bufg_I_O)         0.029    -0.000 r  vc/inst/clkout1_buf/O
                         net (fo=221, routed)         0.854     0.854    hdmi_inst/inst/encb/pix_clk
    SLICE_X38Y14         FDCE                                         r  hdmi_inst/inst/encb/cnt_reg[3]/C

Slack:                    inf
  Source:                 vc/inst/mmcm_adv_inst/LOCKED
                            (internal pin)
  Destination:            hdmi_inst/inst/encb/cnt_reg[2]/CLR
                            (removal check against rising-edge clock clk_out1_clk_wiz_0  {rise@0.000ns fall@6.737ns period=13.474ns})
  Path Group:             (none)
  Path Type:              Removal (Min at Fast Process Corner)
  Data Path Delay:        0.863ns  (logic 0.045ns (5.213%)  route 0.818ns (94.787%))
  Logic Levels:           1  (LUT2=1)
  Clock Uncertainty:      0.843ns  ((TSJ^2 + DJ^2)^1/2) / 2 + PE
    Total System Jitter     (TSJ):    0.050ns
    Discrete Jitter          (DJ):    0.462ns
    Phase Error              (PE):    0.611ns

    Location             Delay type                Incr(ns)  Path(ns)    Netlist Resource(s)
  -------------------------------------------------------------------    -------------------
    MMCME2_ADV_X0Y0      MMCME2_ADV                   0.000     0.000 r  vc/inst/mmcm_adv_inst/LOCKED
                         net (fo=1, routed)           0.427     0.427    hdmi_inst/inst/encr/pix_clk_locked
    SLICE_X43Y8          LUT2 (Prop_lut2_I1_O)        0.045     0.472 f  hdmi_inst/inst/encr/oserdes_m_i_1/O
                         net (fo=50, routed)          0.391     0.863    hdmi_inst/inst/encb/AR[0]
    SLICE_X37Y13         FDCE                                         f  hdmi_inst/inst/encb/cnt_reg[2]/CLR
  -------------------------------------------------------------------    -------------------

                         (clock clk_out1_clk_wiz_0 rise edge)
                                                      0.000     0.000 r  
    BUFGCTRL_X0Y2        BUFG                         0.000     0.000 r  sysClk_IBUF_BUFG_inst/O
                         net (fo=76, routed)          0.812     0.812    vc/inst/clk_in1
    MMCME2_ADV_X0Y0      MMCME2_ADV (Prop_mmcme2_adv_CLKIN1_CLKOUT0)
                                                     -1.369    -0.557 r  vc/inst/mmcm_adv_inst/CLKOUT0
                         net (fo=1, routed)           0.528    -0.029    vc/inst/clk_out1_clk_wiz_0
    BUFGCTRL_X0Y0        BUFG (Prop_bufg_I_O)         0.029    -0.000 r  vc/inst/clkout1_buf/O
                         net (fo=221, routed)         0.854     0.854    hdmi_inst/inst/encb/pix_clk
    SLICE_X37Y13         FDCE                                         r  hdmi_inst/inst/encb/cnt_reg[2]/C

Slack:                    inf
  Source:                 vc/inst/mmcm_adv_inst/LOCKED
                            (internal pin)
  Destination:            hdmi_inst/inst/encb/cnt_reg[4]/CLR
                            (removal check against rising-edge clock clk_out1_clk_wiz_0  {rise@0.000ns fall@6.737ns period=13.474ns})
  Path Group:             (none)
  Path Type:              Removal (Min at Fast Process Corner)
  Data Path Delay:        0.927ns  (logic 0.045ns (4.852%)  route 0.882ns (95.148%))
  Logic Levels:           1  (LUT2=1)
  Clock Uncertainty:      0.843ns  ((TSJ^2 + DJ^2)^1/2) / 2 + PE
    Total System Jitter     (TSJ):    0.050ns
    Discrete Jitter          (DJ):    0.462ns
    Phase Error              (PE):    0.611ns

    Location             Delay type                Incr(ns)  Path(ns)    Netlist Resource(s)
  -------------------------------------------------------------------    -------------------
    MMCME2_ADV_X0Y0      MMCME2_ADV                   0.000     0.000 r  vc/inst/mmcm_adv_inst/LOCKED
                         net (fo=1, routed)           0.427     0.427    hdmi_inst/inst/encr/pix_clk_locked
    SLICE_X43Y8          LUT2 (Prop_lut2_I1_O)        0.045     0.472 f  hdmi_inst/inst/encr/oserdes_m_i_1/O
                         net (fo=50, routed)          0.456     0.927    hdmi_inst/inst/encb/AR[0]
    SLICE_X37Y14         FDCE                                         f  hdmi_inst/inst/encb/cnt_reg[4]/CLR
  -------------------------------------------------------------------    -------------------

                         (clock clk_out1_clk_wiz_0 rise edge)
                                                      0.000     0.000 r  
    BUFGCTRL_X0Y2        BUFG                         0.000     0.000 r  sysClk_IBUF_BUFG_inst/O
                         net (fo=76, routed)          0.812     0.812    vc/inst/clk_in1
    MMCME2_ADV_X0Y0      MMCME2_ADV (Prop_mmcme2_adv_CLKIN1_CLKOUT0)
                                                     -1.369    -0.557 r  vc/inst/mmcm_adv_inst/CLKOUT0
                         net (fo=1, routed)           0.528    -0.029    vc/inst/clk_out1_clk_wiz_0
    BUFGCTRL_X0Y0        BUFG (Prop_bufg_I_O)         0.029    -0.000 r  vc/inst/clkout1_buf/O
                         net (fo=221, routed)         0.854     0.854    hdmi_inst/inst/encb/pix_clk
    SLICE_X37Y14         FDCE                                         r  hdmi_inst/inst/encb/cnt_reg[4]/C

Slack:                    inf
  Source:                 vc/inst/mmcm_adv_inst/LOCKED
                            (internal pin)
  Destination:            hdmi_inst/inst/encb/dout_reg[3]/CLR
                            (removal check against rising-edge clock clk_out1_clk_wiz_0  {rise@0.000ns fall@6.737ns period=13.474ns})
  Path Group:             (none)
  Path Type:              Removal (Min at Fast Process Corner)
  Data Path Delay:        0.948ns  (logic 0.045ns (4.746%)  route 0.903ns (95.254%))
  Logic Levels:           1  (LUT2=1)
  Clock Uncertainty:      0.843ns  ((TSJ^2 + DJ^2)^1/2) / 2 + PE
    Total System Jitter     (TSJ):    0.050ns
    Discrete Jitter          (DJ):    0.462ns
    Phase Error              (PE):    0.611ns

    Location             Delay type                Incr(ns)  Path(ns)    Netlist Resource(s)
  -------------------------------------------------------------------    -------------------
    MMCME2_ADV_X0Y0      MMCME2_ADV                   0.000     0.000 r  vc/inst/mmcm_adv_inst/LOCKED
                         net (fo=1, routed)           0.427     0.427    hdmi_inst/inst/encr/pix_clk_locked
    SLICE_X43Y8          LUT2 (Prop_lut2_I1_O)        0.045     0.472 f  hdmi_inst/inst/encr/oserdes_m_i_1/O
                         net (fo=50, routed)          0.476     0.948    hdmi_inst/inst/encb/AR[0]
    SLICE_X41Y17         FDCE                                         f  hdmi_inst/inst/encb/dout_reg[3]/CLR
  -------------------------------------------------------------------    -------------------

                         (clock clk_out1_clk_wiz_0 rise edge)
                                                      0.000     0.000 r  
    BUFGCTRL_X0Y2        BUFG                         0.000     0.000 r  sysClk_IBUF_BUFG_inst/O
                         net (fo=76, routed)          0.812     0.812    vc/inst/clk_in1
    MMCME2_ADV_X0Y0      MMCME2_ADV (Prop_mmcme2_adv_CLKIN1_CLKOUT0)
                                                     -1.369    -0.557 r  vc/inst/mmcm_adv_inst/CLKOUT0
                         net (fo=1, routed)           0.528    -0.029    vc/inst/clk_out1_clk_wiz_0
    BUFGCTRL_X0Y0        BUFG (Prop_bufg_I_O)         0.029    -0.000 r  vc/inst/clkout1_buf/O
                         net (fo=221, routed)         0.853     0.853    hdmi_inst/inst/encb/pix_clk
    SLICE_X41Y17         FDCE                                         r  hdmi_inst/inst/encb/dout_reg[3]/C

Slack:                    inf
  Source:                 vc/inst/mmcm_adv_inst/LOCKED
                            (internal pin)
  Destination:            hdmi_inst/inst/encb/dout_reg[7]/CLR
                            (removal check against rising-edge clock clk_out1_clk_wiz_0  {rise@0.000ns fall@6.737ns period=13.474ns})
  Path Group:             (none)
  Path Type:              Removal (Min at Fast Process Corner)
  Data Path Delay:        0.948ns  (logic 0.045ns (4.746%)  route 0.903ns (95.254%))
  Logic Levels:           1  (LUT2=1)
  Clock Uncertainty:      0.843ns  ((TSJ^2 + DJ^2)^1/2) / 2 + PE
    Total System Jitter     (TSJ):    0.050ns
    Discrete Jitter          (DJ):    0.462ns
    Phase Error              (PE):    0.611ns

    Location             Delay type                Incr(ns)  Path(ns)    Netlist Resource(s)
  -------------------------------------------------------------------    -------------------
    MMCME2_ADV_X0Y0      MMCME2_ADV                   0.000     0.000 r  vc/inst/mmcm_adv_inst/LOCKED
                         net (fo=1, routed)           0.427     0.427    hdmi_inst/inst/encr/pix_clk_locked
    SLICE_X43Y8          LUT2 (Prop_lut2_I1_O)        0.045     0.472 f  hdmi_inst/inst/encr/oserdes_m_i_1/O
                         net (fo=50, routed)          0.476     0.948    hdmi_inst/inst/encb/AR[0]
    SLICE_X41Y17         FDCE                                         f  hdmi_inst/inst/encb/dout_reg[7]/CLR
  -------------------------------------------------------------------    -------------------

                         (clock clk_out1_clk_wiz_0 rise edge)
                                                      0.000     0.000 r  
    BUFGCTRL_X0Y2        BUFG                         0.000     0.000 r  sysClk_IBUF_BUFG_inst/O
                         net (fo=76, routed)          0.812     0.812    vc/inst/clk_in1
    MMCME2_ADV_X0Y0      MMCME2_ADV (Prop_mmcme2_adv_CLKIN1_CLKOUT0)
                                                     -1.369    -0.557 r  vc/inst/mmcm_adv_inst/CLKOUT0
                         net (fo=1, routed)           0.528    -0.029    vc/inst/clk_out1_clk_wiz_0
    BUFGCTRL_X0Y0        BUFG (Prop_bufg_I_O)         0.029    -0.000 r  vc/inst/clkout1_buf/O
                         net (fo=221, routed)         0.853     0.853    hdmi_inst/inst/encb/pix_clk
    SLICE_X41Y17         FDCE                                         r  hdmi_inst/inst/encb/dout_reg[7]/C

Slack:                    inf
  Source:                 vc/inst/mmcm_adv_inst/LOCKED
                            (internal pin)
  Destination:            hdmi_inst/inst/serial_b/oserdes_s/RST
                            (rising edge-triggered cell OSERDESE2 clocked by clk_out1_clk_wiz_0  {rise@0.000ns fall@6.737ns period=13.474ns})
  Path Group:             (none)
  Path Type:              Hold (Min at Fast Process Corner)
  Data Path Delay:        1.090ns  (logic 0.045ns (4.128%)  route 1.045ns (95.872%))
  Logic Levels:           1  (LUT2=1)
  Clock Uncertainty:      0.843ns  ((TSJ^2 + DJ^2)^1/2) / 2 + PE
    Total System Jitter     (TSJ):    0.050ns
    Discrete Jitter          (DJ):    0.462ns
    Phase Error              (PE):    0.611ns

    Location             Delay type                Incr(ns)  Path(ns)    Netlist Resource(s)
  -------------------------------------------------------------------    -------------------
    MMCME2_ADV_X0Y0      MMCME2_ADV                   0.000     0.000 f  vc/inst/mmcm_adv_inst/LOCKED
                         net (fo=1, routed)           0.427     0.427    hdmi_inst/inst/encr/pix_clk_locked
    SLICE_X43Y8          LUT2 (Prop_lut2_I1_O)        0.045     0.472 r  hdmi_inst/inst/encr/oserdes_m_i_1/O
                         net (fo=50, routed)          0.618     1.090    hdmi_inst/inst/serial_b/AR[0]
    OLOGIC_X0Y17         OSERDESE2                                    r  hdmi_inst/inst/serial_b/oserdes_s/RST
  -------------------------------------------------------------------    -------------------

                         (clock clk_out1_clk_wiz_0 rise edge)
                                                      0.000     0.000 r  
    BUFGCTRL_X0Y2        BUFG                         0.000     0.000 r  sysClk_IBUF_BUFG_inst/O
                         net (fo=76, routed)          0.812     0.812    vc/inst/clk_in1
    MMCME2_ADV_X0Y0      MMCME2_ADV (Prop_mmcme2_adv_CLKIN1_CLKOUT0)
                                                     -1.369    -0.557 r  vc/inst/mmcm_adv_inst/CLKOUT0
                         net (fo=1, routed)           0.528    -0.029    vc/inst/clk_out1_clk_wiz_0
    BUFGCTRL_X0Y0        BUFG (Prop_bufg_I_O)         0.029    -0.000 r  vc/inst/clkout1_buf/O
                         net (fo=221, routed)         0.850     0.850    hdmi_inst/inst/serial_b/pix_clk
    OLOGIC_X0Y17         OSERDESE2                                    r  hdmi_inst/inst/serial_b/oserdes_s/CLKDIV

Slack:                    inf
  Source:                 vc/inst/mmcm_adv_inst/LOCKED
                            (internal pin)
  Destination:            hdmi_inst/inst/serial_b/oserdes_m/RST
                            (rising edge-triggered cell OSERDESE2 clocked by clk_out1_clk_wiz_0  {rise@0.000ns fall@6.737ns period=13.474ns})
  Path Group:             (none)
  Path Type:              Hold (Min at Fast Process Corner)
  Data Path Delay:        1.153ns  (logic 0.045ns (3.902%)  route 1.108ns (96.098%))
  Logic Levels:           1  (LUT2=1)
  Clock Uncertainty:      0.843ns  ((TSJ^2 + DJ^2)^1/2) / 2 + PE
    Total System Jitter     (TSJ):    0.050ns
    Discrete Jitter          (DJ):    0.462ns
    Phase Error              (PE):    0.611ns

    Location             Delay type                Incr(ns)  Path(ns)    Netlist Resource(s)
  -------------------------------------------------------------------    -------------------
    MMCME2_ADV_X0Y0      MMCME2_ADV                   0.000     0.000 f  vc/inst/mmcm_adv_inst/LOCKED
                         net (fo=1, routed)           0.427     0.427    hdmi_inst/inst/encr/pix_clk_locked
    SLICE_X43Y8          LUT2 (Prop_lut2_I1_O)        0.045     0.472 r  hdmi_inst/inst/encr/oserdes_m_i_1/O
                         net (fo=50, routed)          0.682     1.153    hdmi_inst/inst/serial_b/AR[0]
    OLOGIC_X0Y18         OSERDESE2                                    r  hdmi_inst/inst/serial_b/oserdes_m/RST
  -------------------------------------------------------------------    -------------------

                         (clock clk_out1_clk_wiz_0 rise edge)
                                                      0.000     0.000 r  
    BUFGCTRL_X0Y2        BUFG                         0.000     0.000 r  sysClk_IBUF_BUFG_inst/O
                         net (fo=76, routed)          0.812     0.812    vc/inst/clk_in1
    MMCME2_ADV_X0Y0      MMCME2_ADV (Prop_mmcme2_adv_CLKIN1_CLKOUT0)
                                                     -1.369    -0.557 r  vc/inst/mmcm_adv_inst/CLKOUT0
                         net (fo=1, routed)           0.528    -0.029    vc/inst/clk_out1_clk_wiz_0
    BUFGCTRL_X0Y0        BUFG (Prop_bufg_I_O)         0.029    -0.000 r  vc/inst/clkout1_buf/O
                         net (fo=221, routed)         0.850     0.850    hdmi_inst/inst/serial_b/pix_clk
    OLOGIC_X0Y18         OSERDESE2                                    r  hdmi_inst/inst/serial_b/oserdes_m/CLKDIV

Slack:                    inf
  Source:                 vc/inst/mmcm_adv_inst/LOCKED
                            (internal pin)
  Destination:            hdmi_inst/inst/encb/dout_reg[8]/CLR
                            (removal check against rising-edge clock clk_out1_clk_wiz_0  {rise@0.000ns fall@6.737ns period=13.474ns})
  Path Group:             (none)
  Path Type:              Removal (Min at Fast Process Corner)
  Data Path Delay:        1.181ns  (logic 0.045ns (3.810%)  route 1.136ns (96.190%))
  Logic Levels:           1  (LUT2=1)
  Clock Uncertainty:      0.843ns  ((TSJ^2 + DJ^2)^1/2) / 2 + PE
    Total System Jitter     (TSJ):    0.050ns
    Discrete Jitter          (DJ):    0.462ns
    Phase Error              (PE):    0.611ns

    Location             Delay type                Incr(ns)  Path(ns)    Netlist Resource(s)
  -------------------------------------------------------------------    -------------------
    MMCME2_ADV_X0Y0      MMCME2_ADV                   0.000     0.000 r  vc/inst/mmcm_adv_inst/LOCKED
                         net (fo=1, routed)           0.427     0.427    hdmi_inst/inst/encr/pix_clk_locked
    SLICE_X43Y8          LUT2 (Prop_lut2_I1_O)        0.045     0.472 f  hdmi_inst/inst/encr/oserdes_m_i_1/O
                         net (fo=50, routed)          0.709     1.181    hdmi_inst/inst/encb/AR[0]
    SLICE_X42Y17         FDCE                                         f  hdmi_inst/inst/encb/dout_reg[8]/CLR
  -------------------------------------------------------------------    -------------------

                         (clock clk_out1_clk_wiz_0 rise edge)
                                                      0.000     0.000 r  
    BUFGCTRL_X0Y2        BUFG                         0.000     0.000 r  sysClk_IBUF_BUFG_inst/O
                         net (fo=76, routed)          0.812     0.812    vc/inst/clk_in1
    MMCME2_ADV_X0Y0      MMCME2_ADV (Prop_mmcme2_adv_CLKIN1_CLKOUT0)
                                                     -1.369    -0.557 r  vc/inst/mmcm_adv_inst/CLKOUT0
                         net (fo=1, routed)           0.528    -0.029    vc/inst/clk_out1_clk_wiz_0
    BUFGCTRL_X0Y0        BUFG (Prop_bufg_I_O)         0.029    -0.000 r  vc/inst/clkout1_buf/O
                         net (fo=221, routed)         0.853     0.853    hdmi_inst/inst/encb/pix_clk
    SLICE_X42Y17         FDCE                                         r  hdmi_inst/inst/encb/dout_reg[8]/C





--------------------------------------------------------------------------------------
Path Group:  (none)
From Clock:  
  To Clock:  sysClk

Max Delay            78 Endpoints
Min Delay            78 Endpoints
--------------------------------------------------------------------------------------


Max Delay Paths
--------------------------------------------------------------------------------------
Slack:                    inf
  Source:                 btn[1]
                            (input port)
  Destination:            triggerVolt_reg[6]/D
                            (rising edge-triggered cell FDRE clocked by sysClk  {rise@0.000ns fall@10.000ns period=20.000ns})
  Path Group:             (none)
  Path Type:              Setup (Max at Slow Process Corner)
  Data Path Delay:        8.478ns  (logic 2.321ns (27.372%)  route 6.157ns (72.628%))
  Logic Levels:           5  (CARRY4=2 IBUF=1 LUT4=1 LUT6=1)
  Clock Path Skew:        4.997ns (DCD - SCD + CPR)
    Destination Clock Delay (DCD):    4.997ns
    Source Clock Delay      (SCD):    0.000ns
    Clock Pessimism Removal (CPR):    0.000ns
  Clock Uncertainty:      0.025ns  ((TSJ^2 + TIJ^2)^1/2 + DJ) / 2 + PE
    Total System Jitter     (TSJ):    0.050ns
    Total Input Jitter      (TIJ):    0.000ns
    Discrete Jitter          (DJ):    0.000ns
    Phase Error              (PE):    0.000ns

    Location             Delay type                Incr(ns)  Path(ns)    Netlist Resource(s)
  -------------------------------------------------------------------    -------------------
    T17                                               0.000     0.000 r  btn[1] (IN)
                         net (fo=0)                   0.000     0.000    btn[1]
    T17                  IBUF (Prop_ibuf_I_O)         1.458     1.458 r  btn_IBUF[1]_inst/O
                         net (fo=4, routed)           2.142     3.600    btn_IBUF[1]
    SLICE_X38Y39         LUT6 (Prop_lut6_I3_O)        0.124     3.724 r  triggerVolt[10]_i_7/O
                         net (fo=38, routed)          2.291     6.015    triggerVolt[10]_i_7_n_0
    SLICE_X34Y31         LUT4 (Prop_lut4_I1_O)        0.124     6.139 r  triggerVolt[3]_i_5/O
                         net (fo=1, routed)           0.000     6.139    triggerVolt[3]_i_5_n_0
    SLICE_X34Y31         CARRY4 (Prop_carry4_S[3]_CO[3])
                                                      0.376     6.515 r  triggerVolt_reg[3]_i_1/CO[3]
                         net (fo=1, routed)           0.000     6.515    triggerVolt_reg[3]_i_1_n_0
    SLICE_X34Y32         CARRY4 (Prop_carry4_CI_O[2])
                                                      0.239     6.754 r  triggerVolt_reg[7]_i_1/O[2]
                         net (fo=3, routed)           1.724     8.478    triggerVolt_reg[7]_i_1_n_5
    SLICE_X38Y32         FDRE                                         r  triggerVolt_reg[6]/D
  -------------------------------------------------------------------    -------------------

                         (clock sysClk rise edge)     0.000     0.000 r  
    U18                                               0.000     0.000 r  sysClk (IN)
                         net (fo=0)                   0.000     0.000    sysClk
    U18                  IBUF (Prop_ibuf_I_O)         1.459     1.459 r  sysClk_IBUF_inst/O
                         net (fo=1, routed)           1.880     3.339    sysClk_IBUF
    BUFGCTRL_X0Y2        BUFG (Prop_bufg_I_O)         0.091     3.430 r  sysClk_IBUF_BUFG_inst/O
                         net (fo=76, routed)          1.567     4.997    sysClk_IBUF_BUFG
    SLICE_X38Y32         FDRE                                         r  triggerVolt_reg[6]/C

Slack:                    inf
  Source:                 btn[1]
                            (input port)
  Destination:            triggerVolt_reg[5]_replica/D
                            (rising edge-triggered cell FDRE clocked by sysClk  {rise@0.000ns fall@10.000ns period=20.000ns})
  Path Group:             (none)
  Path Type:              Setup (Max at Slow Process Corner)
  Data Path Delay:        8.052ns  (logic 2.405ns (29.866%)  route 5.647ns (70.134%))
  Logic Levels:           5  (CARRY4=2 IBUF=1 LUT4=1 LUT6=1)
  Clock Path Skew:        4.997ns (DCD - SCD + CPR)
    Destination Clock Delay (DCD):    4.997ns
    Source Clock Delay      (SCD):    0.000ns
    Clock Pessimism Removal (CPR):    0.000ns
  Clock Uncertainty:      0.025ns  ((TSJ^2 + TIJ^2)^1/2 + DJ) / 2 + PE
    Total System Jitter     (TSJ):    0.050ns
    Total Input Jitter      (TIJ):    0.000ns
    Discrete Jitter          (DJ):    0.000ns
    Phase Error              (PE):    0.000ns

    Location             Delay type                Incr(ns)  Path(ns)    Netlist Resource(s)
  -------------------------------------------------------------------    -------------------
    T17                                               0.000     0.000 r  btn[1] (IN)
                         net (fo=0)                   0.000     0.000    btn[1]
    T17                  IBUF (Prop_ibuf_I_O)         1.458     1.458 r  btn_IBUF[1]_inst/O
                         net (fo=4, routed)           2.142     3.600    btn_IBUF[1]
    SLICE_X38Y39         LUT6 (Prop_lut6_I3_O)        0.124     3.724 r  triggerVolt[10]_i_7/O
                         net (fo=38, routed)          2.291     6.015    triggerVolt[10]_i_7_n_0
    SLICE_X34Y31         LUT4 (Prop_lut4_I1_O)        0.124     6.139 r  triggerVolt[3]_i_5/O
                         net (fo=1, routed)           0.000     6.139    triggerVolt[3]_i_5_n_0
    SLICE_X34Y31         CARRY4 (Prop_carry4_S[3]_CO[3])
                                                      0.376     6.515 r  triggerVolt_reg[3]_i_1/CO[3]
                         net (fo=1, routed)           0.000     6.515    triggerVolt_reg[3]_i_1_n_0
    SLICE_X34Y32         CARRY4 (Prop_carry4_CI_O[1])
                                                      0.323     6.838 r  triggerVolt_reg[7]_i_1/O[1]
                         net (fo=5, routed)           1.214     8.052    triggerVolt_reg[7]_i_1_n_6
    SLICE_X39Y32         FDRE                                         r  triggerVolt_reg[5]_replica/D
  -------------------------------------------------------------------    -------------------

                         (clock sysClk rise edge)     0.000     0.000 r  
    U18                                               0.000     0.000 r  sysClk (IN)
                         net (fo=0)                   0.000     0.000    sysClk
    U18                  IBUF (Prop_ibuf_I_O)         1.459     1.459 r  sysClk_IBUF_inst/O
                         net (fo=1, routed)           1.880     3.339    sysClk_IBUF
    BUFGCTRL_X0Y2        BUFG (Prop_bufg_I_O)         0.091     3.430 r  sysClk_IBUF_BUFG_inst/O
                         net (fo=76, routed)          1.567     4.997    sysClk_IBUF_BUFG
    SLICE_X39Y32         FDRE                                         r  triggerVolt_reg[5]_replica/C

Slack:                    inf
  Source:                 btn[1]
                            (input port)
  Destination:            triggerTime_reg[4]_replica_3/D
                            (rising edge-triggered cell FDRE clocked by sysClk  {rise@0.000ns fall@10.000ns period=20.000ns})
  Path Group:             (none)
  Path Type:              Setup (Max at Slow Process Corner)
  Data Path Delay:        8.013ns  (logic 2.478ns (30.920%)  route 5.536ns (69.080%))
  Logic Levels:           5  (CARRY4=2 IBUF=1 LUT3=1 LUT6=1)
  Clock Path Skew:        4.995ns (DCD - SCD + CPR)
    Destination Clock Delay (DCD):    4.995ns
    Source Clock Delay      (SCD):    0.000ns
    Clock Pessimism Removal (CPR):    0.000ns
  Clock Uncertainty:      0.025ns  ((TSJ^2 + TIJ^2)^1/2 + DJ) / 2 + PE
    Total System Jitter     (TSJ):    0.050ns
    Total Input Jitter      (TIJ):    0.000ns
    Discrete Jitter          (DJ):    0.000ns
    Phase Error              (PE):    0.000ns

    Location             Delay type                Incr(ns)  Path(ns)    Netlist Resource(s)
  -------------------------------------------------------------------    -------------------
    T17                                               0.000     0.000 f  btn[1] (IN)
                         net (fo=0)                   0.000     0.000    btn[1]
    T17                  IBUF (Prop_ibuf_I_O)         1.458     1.458 f  btn_IBUF[1]_inst/O
                         net (fo=4, routed)           2.125     3.583    btn_IBUF[1]
    SLICE_X38Y39         LUT6 (Prop_lut6_I4_O)        0.124     3.707 r  triggerTime[10]_i_7/O
                         net (fo=38, routed)          1.967     5.673    triggerTime[10]_i_7_n_0
    SLICE_X36Y27         LUT3 (Prop_lut3_I0_O)        0.124     5.797 r  triggerTime[3]_i_7/O
                         net (fo=1, routed)           0.000     5.797    triggerTime[3]_i_7_n_0
    SLICE_X36Y27         CARRY4 (Prop_carry4_S[1]_CO[3])
                                                      0.550     6.347 r  triggerTime_reg[3]_i_1/CO[3]
                         net (fo=1, routed)           0.000     6.347    triggerTime_reg[3]_i_1_n_0
    SLICE_X36Y28         CARRY4 (Prop_carry4_CI_O[0])
                                                      0.222     6.569 r  triggerTime_reg[7]_i_1/O[0]
                         net (fo=5, routed)           1.444     8.013    triggerTime_reg[7]_i_1_n_7
    SLICE_X43Y29         FDRE                                         r  triggerTime_reg[4]_replica_3/D
  -------------------------------------------------------------------    -------------------

                         (clock sysClk rise edge)     0.000     0.000 r  
    U18                                               0.000     0.000 r  sysClk (IN)
                         net (fo=0)                   0.000     0.000    sysClk
    U18                  IBUF (Prop_ibuf_I_O)         1.459     1.459 r  sysClk_IBUF_inst/O
                         net (fo=1, routed)           1.880     3.339    sysClk_IBUF
    BUFGCTRL_X0Y2        BUFG (Prop_bufg_I_O)         0.091     3.430 r  sysClk_IBUF_BUFG_inst/O
                         net (fo=76, routed)          1.565     4.995    sysClk_IBUF_BUFG
    SLICE_X43Y29         FDRE                                         r  triggerTime_reg[4]_replica_3/C

Slack:                    inf
  Source:                 btn[1]
                            (input port)
  Destination:            triggerVolt_reg[5]_replica_3/D
                            (rising edge-triggered cell FDRE clocked by sysClk  {rise@0.000ns fall@10.000ns period=20.000ns})
  Path Group:             (none)
  Path Type:              Setup (Max at Slow Process Corner)
  Data Path Delay:        7.911ns  (logic 2.405ns (30.398%)  route 5.506ns (69.602%))
  Logic Levels:           5  (CARRY4=2 IBUF=1 LUT4=1 LUT6=1)
  Clock Path Skew:        4.999ns (DCD - SCD + CPR)
    Destination Clock Delay (DCD):    4.999ns
    Source Clock Delay      (SCD):    0.000ns
    Clock Pessimism Removal (CPR):    0.000ns
  Clock Uncertainty:      0.025ns  ((TSJ^2 + TIJ^2)^1/2 + DJ) / 2 + PE
    Total System Jitter     (TSJ):    0.050ns
    Total Input Jitter      (TIJ):    0.000ns
    Discrete Jitter          (DJ):    0.000ns
    Phase Error              (PE):    0.000ns

    Location             Delay type                Incr(ns)  Path(ns)    Netlist Resource(s)
  -------------------------------------------------------------------    -------------------
    T17                                               0.000     0.000 r  btn[1] (IN)
                         net (fo=0)                   0.000     0.000    btn[1]
    T17                  IBUF (Prop_ibuf_I_O)         1.458     1.458 r  btn_IBUF[1]_inst/O
                         net (fo=4, routed)           2.142     3.600    btn_IBUF[1]
    SLICE_X38Y39         LUT6 (Prop_lut6_I3_O)        0.124     3.724 r  triggerVolt[10]_i_7/O
                         net (fo=38, routed)          2.291     6.015    triggerVolt[10]_i_7_n_0
    SLICE_X34Y31         LUT4 (Prop_lut4_I1_O)        0.124     6.139 r  triggerVolt[3]_i_5/O
                         net (fo=1, routed)           0.000     6.139    triggerVolt[3]_i_5_n_0
    SLICE_X34Y31         CARRY4 (Prop_carry4_S[3]_CO[3])
                                                      0.376     6.515 r  triggerVolt_reg[3]_i_1/CO[3]
                         net (fo=1, routed)           0.000     6.515    triggerVolt_reg[3]_i_1_n_0
    SLICE_X34Y32         CARRY4 (Prop_carry4_CI_O[1])
                                                      0.323     6.838 r  triggerVolt_reg[7]_i_1/O[1]
                         net (fo=5, routed)           1.073     7.911    triggerVolt_reg[7]_i_1_n_6
    SLICE_X39Y34         FDRE                                         r  triggerVolt_reg[5]_replica_3/D
  -------------------------------------------------------------------    -------------------

                         (clock sysClk rise edge)     0.000     0.000 r  
    U18                                               0.000     0.000 r  sysClk (IN)
                         net (fo=0)                   0.000     0.000    sysClk
    U18                  IBUF (Prop_ibuf_I_O)         1.459     1.459 r  sysClk_IBUF_inst/O
                         net (fo=1, routed)           1.880     3.339    sysClk_IBUF
    BUFGCTRL_X0Y2        BUFG (Prop_bufg_I_O)         0.091     3.430 r  sysClk_IBUF_BUFG_inst/O
                         net (fo=76, routed)          1.569     4.999    sysClk_IBUF_BUFG
    SLICE_X39Y34         FDRE                                         r  triggerVolt_reg[5]_replica_3/C

Slack:                    inf
  Source:                 btn[1]
                            (input port)
  Destination:            triggerVolt_reg[4]_replica_1/D
                            (rising edge-triggered cell FDRE clocked by sysClk  {rise@0.000ns fall@10.000ns period=20.000ns})
  Path Group:             (none)
  Path Type:              Setup (Max at Slow Process Corner)
  Data Path Delay:        7.892ns  (logic 2.301ns (29.151%)  route 5.592ns (70.849%))
  Logic Levels:           5  (CARRY4=2 IBUF=1 LUT4=1 LUT6=1)
  Clock Path Skew:        4.999ns (DCD - SCD + CPR)
    Destination Clock Delay (DCD):    4.999ns
    Source Clock Delay      (SCD):    0.000ns
    Clock Pessimism Removal (CPR):    0.000ns
  Clock Uncertainty:      0.025ns  ((TSJ^2 + TIJ^2)^1/2 + DJ) / 2 + PE
    Total System Jitter     (TSJ):    0.050ns
    Total Input Jitter      (TIJ):    0.000ns
    Discrete Jitter          (DJ):    0.000ns
    Phase Error              (PE):    0.000ns

    Location             Delay type                Incr(ns)  Path(ns)    Netlist Resource(s)
  -------------------------------------------------------------------    -------------------
    T17                                               0.000     0.000 r  btn[1] (IN)
                         net (fo=0)                   0.000     0.000    btn[1]
    T17                  IBUF (Prop_ibuf_I_O)         1.458     1.458 r  btn_IBUF[1]_inst/O
                         net (fo=4, routed)           2.142     3.600    btn_IBUF[1]
    SLICE_X38Y39         LUT6 (Prop_lut6_I3_O)        0.124     3.724 r  triggerVolt[10]_i_7/O
                         net (fo=38, routed)          2.291     6.015    triggerVolt[10]_i_7_n_0
    SLICE_X34Y31         LUT4 (Prop_lut4_I1_O)        0.124     6.139 r  triggerVolt[3]_i_5/O
                         net (fo=1, routed)           0.000     6.139    triggerVolt[3]_i_5_n_0
    SLICE_X34Y31         CARRY4 (Prop_carry4_S[3]_CO[3])
                                                      0.376     6.515 r  triggerVolt_reg[3]_i_1/CO[3]
                         net (fo=1, routed)           0.000     6.515    triggerVolt_reg[3]_i_1_n_0
    SLICE_X34Y32         CARRY4 (Prop_carry4_CI_O[0])
                                                      0.219     6.734 r  triggerVolt_reg[7]_i_1/O[0]
                         net (fo=3, routed)           1.158     7.892    triggerVolt_reg[7]_i_1_n_7
    SLICE_X37Y34         FDRE                                         r  triggerVolt_reg[4]_replica_1/D
  -------------------------------------------------------------------    -------------------

                         (clock sysClk rise edge)     0.000     0.000 r  
    U18                                               0.000     0.000 r  sysClk (IN)
                         net (fo=0)                   0.000     0.000    sysClk
    U18                  IBUF (Prop_ibuf_I_O)         1.459     1.459 r  sysClk_IBUF_inst/O
                         net (fo=1, routed)           1.880     3.339    sysClk_IBUF
    BUFGCTRL_X0Y2        BUFG (Prop_bufg_I_O)         0.091     3.430 r  sysClk_IBUF_BUFG_inst/O
                         net (fo=76, routed)          1.569     4.999    sysClk_IBUF_BUFG
    SLICE_X37Y34         FDRE                                         r  triggerVolt_reg[4]_replica_1/C

Slack:                    inf
  Source:                 btn[1]
                            (input port)
  Destination:            triggerTime_reg[4]_replica_1/D
                            (rising edge-triggered cell FDRE clocked by sysClk  {rise@0.000ns fall@10.000ns period=20.000ns})
  Path Group:             (none)
  Path Type:              Setup (Max at Slow Process Corner)
  Data Path Delay:        7.824ns  (logic 2.478ns (31.668%)  route 5.346ns (68.332%))
  Logic Levels:           5  (CARRY4=2 IBUF=1 LUT3=1 LUT6=1)
  Clock Path Skew:        4.995ns (DCD - SCD + CPR)
    Destination Clock Delay (DCD):    4.995ns
    Source Clock Delay      (SCD):    0.000ns
    Clock Pessimism Removal (CPR):    0.000ns
  Clock Uncertainty:      0.025ns  ((TSJ^2 + TIJ^2)^1/2 + DJ) / 2 + PE
    Total System Jitter     (TSJ):    0.050ns
    Total Input Jitter      (TIJ):    0.000ns
    Discrete Jitter          (DJ):    0.000ns
    Phase Error              (PE):    0.000ns

    Location             Delay type                Incr(ns)  Path(ns)    Netlist Resource(s)
  -------------------------------------------------------------------    -------------------
    T17                                               0.000     0.000 f  btn[1] (IN)
                         net (fo=0)                   0.000     0.000    btn[1]
    T17                  IBUF (Prop_ibuf_I_O)         1.458     1.458 f  btn_IBUF[1]_inst/O
                         net (fo=4, routed)           2.125     3.583    btn_IBUF[1]
    SLICE_X38Y39         LUT6 (Prop_lut6_I4_O)        0.124     3.707 r  triggerTime[10]_i_7/O
                         net (fo=38, routed)          1.967     5.673    triggerTime[10]_i_7_n_0
    SLICE_X36Y27         LUT3 (Prop_lut3_I0_O)        0.124     5.797 r  triggerTime[3]_i_7/O
                         net (fo=1, routed)           0.000     5.797    triggerTime[3]_i_7_n_0
    SLICE_X36Y27         CARRY4 (Prop_carry4_S[1]_CO[3])
                                                      0.550     6.347 r  triggerTime_reg[3]_i_1/CO[3]
                         net (fo=1, routed)           0.000     6.347    triggerTime_reg[3]_i_1_n_0
    SLICE_X36Y28         CARRY4 (Prop_carry4_CI_O[0])
                                                      0.222     6.569 r  triggerTime_reg[7]_i_1/O[0]
                         net (fo=5, routed)           1.255     7.824    triggerTime_reg[7]_i_1_n_7
    SLICE_X43Y29         FDRE                                         r  triggerTime_reg[4]_replica_1/D
  -------------------------------------------------------------------    -------------------

                         (clock sysClk rise edge)     0.000     0.000 r  
    U18                                               0.000     0.000 r  sysClk (IN)
                         net (fo=0)                   0.000     0.000    sysClk
    U18                  IBUF (Prop_ibuf_I_O)         1.459     1.459 r  sysClk_IBUF_inst/O
                         net (fo=1, routed)           1.880     3.339    sysClk_IBUF
    BUFGCTRL_X0Y2        BUFG (Prop_bufg_I_O)         0.091     3.430 r  sysClk_IBUF_BUFG_inst/O
                         net (fo=76, routed)          1.565     4.995    sysClk_IBUF_BUFG
    SLICE_X43Y29         FDRE                                         r  triggerTime_reg[4]_replica_1/C

Slack:                    inf
  Source:                 btn[1]
                            (input port)
  Destination:            triggerVolt_reg[4]_replica/D
                            (rising edge-triggered cell FDRE clocked by sysClk  {rise@0.000ns fall@10.000ns period=20.000ns})
  Path Group:             (none)
  Path Type:              Setup (Max at Slow Process Corner)
  Data Path Delay:        7.746ns  (logic 2.301ns (29.701%)  route 5.445ns (70.299%))
  Logic Levels:           5  (CARRY4=2 IBUF=1 LUT4=1 LUT6=1)
  Clock Path Skew:        4.999ns (DCD - SCD + CPR)
    Destination Clock Delay (DCD):    4.999ns
    Source Clock Delay      (SCD):    0.000ns
    Clock Pessimism Removal (CPR):    0.000ns
  Clock Uncertainty:      0.025ns  ((TSJ^2 + TIJ^2)^1/2 + DJ) / 2 + PE
    Total System Jitter     (TSJ):    0.050ns
    Total Input Jitter      (TIJ):    0.000ns
    Discrete Jitter          (DJ):    0.000ns
    Phase Error              (PE):    0.000ns

    Location             Delay type                Incr(ns)  Path(ns)    Netlist Resource(s)
  -------------------------------------------------------------------    -------------------
    T17                                               0.000     0.000 r  btn[1] (IN)
                         net (fo=0)                   0.000     0.000    btn[1]
    T17                  IBUF (Prop_ibuf_I_O)         1.458     1.458 r  btn_IBUF[1]_inst/O
                         net (fo=4, routed)           2.142     3.600    btn_IBUF[1]
    SLICE_X38Y39         LUT6 (Prop_lut6_I3_O)        0.124     3.724 r  triggerVolt[10]_i_7/O
                         net (fo=38, routed)          2.291     6.015    triggerVolt[10]_i_7_n_0
    SLICE_X34Y31         LUT4 (Prop_lut4_I1_O)        0.124     6.139 r  triggerVolt[3]_i_5/O
                         net (fo=1, routed)           0.000     6.139    triggerVolt[3]_i_5_n_0
    SLICE_X34Y31         CARRY4 (Prop_carry4_S[3]_CO[3])
                                                      0.376     6.515 r  triggerVolt_reg[3]_i_1/CO[3]
                         net (fo=1, routed)           0.000     6.515    triggerVolt_reg[3]_i_1_n_0
    SLICE_X34Y32         CARRY4 (Prop_carry4_CI_O[0])
                                                      0.219     6.734 r  triggerVolt_reg[7]_i_1/O[0]
                         net (fo=3, routed)           1.012     7.746    triggerVolt_reg[7]_i_1_n_7
    SLICE_X39Y34         FDRE                                         r  triggerVolt_reg[4]_replica/D
  -------------------------------------------------------------------    -------------------

                         (clock sysClk rise edge)     0.000     0.000 r  
    U18                                               0.000     0.000 r  sysClk (IN)
                         net (fo=0)                   0.000     0.000    sysClk
    U18                  IBUF (Prop_ibuf_I_O)         1.459     1.459 r  sysClk_IBUF_inst/O
                         net (fo=1, routed)           1.880     3.339    sysClk_IBUF
    BUFGCTRL_X0Y2        BUFG (Prop_bufg_I_O)         0.091     3.430 r  sysClk_IBUF_BUFG_inst/O
                         net (fo=76, routed)          1.569     4.999    sysClk_IBUF_BUFG
    SLICE_X39Y34         FDRE                                         r  triggerVolt_reg[4]_replica/C

Slack:                    inf
  Source:                 btn[1]
                            (input port)
  Destination:            triggerVolt_reg[6]_replica_1/D
                            (rising edge-triggered cell FDRE clocked by sysClk  {rise@0.000ns fall@10.000ns period=20.000ns})
  Path Group:             (none)
  Path Type:              Setup (Max at Slow Process Corner)
  Data Path Delay:        7.695ns  (logic 2.321ns (30.159%)  route 5.374ns (69.841%))
  Logic Levels:           5  (CARRY4=2 IBUF=1 LUT4=1 LUT6=1)
  Clock Path Skew:        4.925ns (DCD - SCD + CPR)
    Destination Clock Delay (DCD):    4.925ns
    Source Clock Delay      (SCD):    0.000ns
    Clock Pessimism Removal (CPR):    0.000ns
  Clock Uncertainty:      0.025ns  ((TSJ^2 + TIJ^2)^1/2 + DJ) / 2 + PE
    Total System Jitter     (TSJ):    0.050ns
    Total Input Jitter      (TIJ):    0.000ns
    Discrete Jitter          (DJ):    0.000ns
    Phase Error              (PE):    0.000ns

    Location             Delay type                Incr(ns)  Path(ns)    Netlist Resource(s)
  -------------------------------------------------------------------    -------------------
    T17                                               0.000     0.000 r  btn[1] (IN)
                         net (fo=0)                   0.000     0.000    btn[1]
    T17                  IBUF (Prop_ibuf_I_O)         1.458     1.458 r  btn_IBUF[1]_inst/O
                         net (fo=4, routed)           2.142     3.600    btn_IBUF[1]
    SLICE_X38Y39         LUT6 (Prop_lut6_I3_O)        0.124     3.724 r  triggerVolt[10]_i_7/O
                         net (fo=38, routed)          2.291     6.015    triggerVolt[10]_i_7_n_0
    SLICE_X34Y31         LUT4 (Prop_lut4_I1_O)        0.124     6.139 r  triggerVolt[3]_i_5/O
                         net (fo=1, routed)           0.000     6.139    triggerVolt[3]_i_5_n_0
    SLICE_X34Y31         CARRY4 (Prop_carry4_S[3]_CO[3])
                                                      0.376     6.515 r  triggerVolt_reg[3]_i_1/CO[3]
                         net (fo=1, routed)           0.000     6.515    triggerVolt_reg[3]_i_1_n_0
    SLICE_X34Y32         CARRY4 (Prop_carry4_CI_O[2])
                                                      0.239     6.754 r  triggerVolt_reg[7]_i_1/O[2]
                         net (fo=3, routed)           0.941     7.695    triggerVolt_reg[7]_i_1_n_5
    SLICE_X35Y36         FDRE                                         r  triggerVolt_reg[6]_replica_1/D
  -------------------------------------------------------------------    -------------------

                         (clock sysClk rise edge)     0.000     0.000 r  
    U18                                               0.000     0.000 r  sysClk (IN)
                         net (fo=0)                   0.000     0.000    sysClk
    U18                  IBUF (Prop_ibuf_I_O)         1.459     1.459 r  sysClk_IBUF_inst/O
                         net (fo=1, routed)           1.880     3.339    sysClk_IBUF
    BUFGCTRL_X0Y2        BUFG (Prop_bufg_I_O)         0.091     3.430 r  sysClk_IBUF_BUFG_inst/O
                         net (fo=76, routed)          1.495     4.925    sysClk_IBUF_BUFG
    SLICE_X35Y36         FDRE                                         r  triggerVolt_reg[6]_replica_1/C

Slack:                    inf
  Source:                 btn[1]
                            (input port)
  Destination:            triggerTime_reg[4]_replica/D
                            (rising edge-triggered cell FDRE clocked by sysClk  {rise@0.000ns fall@10.000ns period=20.000ns})
  Path Group:             (none)
  Path Type:              Setup (Max at Slow Process Corner)
  Data Path Delay:        7.681ns  (logic 2.478ns (32.257%)  route 5.203ns (67.743%))
  Logic Levels:           5  (CARRY4=2 IBUF=1 LUT3=1 LUT6=1)
  Clock Path Skew:        4.994ns (DCD - SCD + CPR)
    Destination Clock Delay (DCD):    4.994ns
    Source Clock Delay      (SCD):    0.000ns
    Clock Pessimism Removal (CPR):    0.000ns
  Clock Uncertainty:      0.025ns  ((TSJ^2 + TIJ^2)^1/2 + DJ) / 2 + PE
    Total System Jitter     (TSJ):    0.050ns
    Total Input Jitter      (TIJ):    0.000ns
    Discrete Jitter          (DJ):    0.000ns
    Phase Error              (PE):    0.000ns

    Location             Delay type                Incr(ns)  Path(ns)    Netlist Resource(s)
  -------------------------------------------------------------------    -------------------
    T17                                               0.000     0.000 f  btn[1] (IN)
                         net (fo=0)                   0.000     0.000    btn[1]
    T17                  IBUF (Prop_ibuf_I_O)         1.458     1.458 f  btn_IBUF[1]_inst/O
                         net (fo=4, routed)           2.125     3.583    btn_IBUF[1]
    SLICE_X38Y39         LUT6 (Prop_lut6_I4_O)        0.124     3.707 r  triggerTime[10]_i_7/O
                         net (fo=38, routed)          1.967     5.673    triggerTime[10]_i_7_n_0
    SLICE_X36Y27         LUT3 (Prop_lut3_I0_O)        0.124     5.797 r  triggerTime[3]_i_7/O
                         net (fo=1, routed)           0.000     5.797    triggerTime[3]_i_7_n_0
    SLICE_X36Y27         CARRY4 (Prop_carry4_S[1]_CO[3])
                                                      0.550     6.347 r  triggerTime_reg[3]_i_1/CO[3]
                         net (fo=1, routed)           0.000     6.347    triggerTime_reg[3]_i_1_n_0
    SLICE_X36Y28         CARRY4 (Prop_carry4_CI_O[0])
                                                      0.222     6.569 r  triggerTime_reg[7]_i_1/O[0]
                         net (fo=5, routed)           1.111     7.681    triggerTime_reg[7]_i_1_n_7
    SLICE_X39Y29         FDRE                                         r  triggerTime_reg[4]_replica/D
  -------------------------------------------------------------------    -------------------

                         (clock sysClk rise edge)     0.000     0.000 r  
    U18                                               0.000     0.000 r  sysClk (IN)
                         net (fo=0)                   0.000     0.000    sysClk
    U18                  IBUF (Prop_ibuf_I_O)         1.459     1.459 r  sysClk_IBUF_inst/O
                         net (fo=1, routed)           1.880     3.339    sysClk_IBUF
    BUFGCTRL_X0Y2        BUFG (Prop_bufg_I_O)         0.091     3.430 r  sysClk_IBUF_BUFG_inst/O
                         net (fo=76, routed)          1.564     4.994    sysClk_IBUF_BUFG
    SLICE_X39Y29         FDRE                                         r  triggerTime_reg[4]_replica/C

Slack:                    inf
  Source:                 btn[1]
                            (input port)
  Destination:            triggerVolt_reg[5]/D
                            (rising edge-triggered cell FDRE clocked by sysClk  {rise@0.000ns fall@10.000ns period=20.000ns})
  Path Group:             (none)
  Path Type:              Setup (Max at Slow Process Corner)
  Data Path Delay:        7.660ns  (logic 2.405ns (31.392%)  route 5.256ns (68.608%))
  Logic Levels:           5  (CARRY4=2 IBUF=1 LUT4=1 LUT6=1)
  Clock Path Skew:        4.922ns (DCD - SCD + CPR)
    Destination Clock Delay (DCD):    4.922ns
    Source Clock Delay      (SCD):    0.000ns
    Clock Pessimism Removal (CPR):    0.000ns
  Clock Uncertainty:      0.025ns  ((TSJ^2 + TIJ^2)^1/2 + DJ) / 2 + PE
    Total System Jitter     (TSJ):    0.050ns
    Total Input Jitter      (TIJ):    0.000ns
    Discrete Jitter          (DJ):    0.000ns
    Phase Error              (PE):    0.000ns

    Location             Delay type                Incr(ns)  Path(ns)    Netlist Resource(s)
  -------------------------------------------------------------------    -------------------
    T17                                               0.000     0.000 r  btn[1] (IN)
                         net (fo=0)                   0.000     0.000    btn[1]
    T17                  IBUF (Prop_ibuf_I_O)         1.458     1.458 r  btn_IBUF[1]_inst/O
                         net (fo=4, routed)           2.142     3.600    btn_IBUF[1]
    SLICE_X38Y39         LUT6 (Prop_lut6_I3_O)        0.124     3.724 r  triggerVolt[10]_i_7/O
                         net (fo=38, routed)          2.291     6.015    triggerVolt[10]_i_7_n_0
    SLICE_X34Y31         LUT4 (Prop_lut4_I1_O)        0.124     6.139 r  triggerVolt[3]_i_5/O
                         net (fo=1, routed)           0.000     6.139    triggerVolt[3]_i_5_n_0
    SLICE_X34Y31         CARRY4 (Prop_carry4_S[3]_CO[3])
                                                      0.376     6.515 r  triggerVolt_reg[3]_i_1/CO[3]
                         net (fo=1, routed)           0.000     6.515    triggerVolt_reg[3]_i_1_n_0
    SLICE_X34Y32         CARRY4 (Prop_carry4_CI_O[1])
                                                      0.323     6.838 r  triggerVolt_reg[7]_i_1/O[1]
                         net (fo=5, routed)           0.822     7.660    triggerVolt_reg[7]_i_1_n_6
    SLICE_X33Y32         FDRE                                         r  triggerVolt_reg[5]/D
  -------------------------------------------------------------------    -------------------

                         (clock sysClk rise edge)     0.000     0.000 r  
    U18                                               0.000     0.000 r  sysClk (IN)
                         net (fo=0)                   0.000     0.000    sysClk
    U18                  IBUF (Prop_ibuf_I_O)         1.459     1.459 r  sysClk_IBUF_inst/O
                         net (fo=1, routed)           1.880     3.339    sysClk_IBUF
    BUFGCTRL_X0Y2        BUFG (Prop_bufg_I_O)         0.091     3.430 r  sysClk_IBUF_BUFG_inst/O
                         net (fo=76, routed)          1.492     4.922    sysClk_IBUF_BUFG
    SLICE_X33Y32         FDRE                                         r  triggerVolt_reg[5]/C





Min Delay Paths
--------------------------------------------------------------------------------------
Slack:                    inf
  Source:                 btn[2]
                            (input port)
  Destination:            btnTemp_reg[2]/D
                            (rising edge-triggered cell FDRE clocked by sysClk  {rise@0.000ns fall@10.000ns period=20.000ns})
  Path Group:             (none)
  Path Type:              Hold (Min at Fast Process Corner)
  Data Path Delay:        0.816ns  (logic 0.215ns (26.366%)  route 0.601ns (73.634%))
  Logic Levels:           1  (IBUF=1)
  Clock Path Skew:        2.055ns (DCD - SCD - CPR)
    Destination Clock Delay (DCD):    2.055ns
    Source Clock Delay      (SCD):    0.000ns
    Clock Pessimism Removal (CPR):    -0.000ns

    Location             Delay type                Incr(ns)  Path(ns)    Netlist Resource(s)
  -------------------------------------------------------------------    -------------------
    R17                                               0.000     0.000 r  btn[2] (IN)
                         net (fo=0)                   0.000     0.000    btn[2]
    R17                  IBUF (Prop_ibuf_I_O)         0.215     0.215 r  btn_IBUF[2]_inst/O
                         net (fo=4, routed)           0.601     0.816    btn_IBUF[2]
    SLICE_X38Y39         FDRE                                         r  btnTemp_reg[2]/D
  -------------------------------------------------------------------    -------------------

                         (clock sysClk rise edge)     0.000     0.000 r  
    U18                                               0.000     0.000 r  sysClk (IN)
                         net (fo=0)                   0.000     0.000    sysClk
    U18                  IBUF (Prop_ibuf_I_O)         0.486     0.486 r  sysClk_IBUF_inst/O
                         net (fo=1, routed)           0.683     1.169    sysClk_IBUF
    BUFGCTRL_X0Y2        BUFG (Prop_bufg_I_O)         0.029     1.198 r  sysClk_IBUF_BUFG_inst/O
                         net (fo=76, routed)          0.857     2.055    sysClk_IBUF_BUFG
    SLICE_X38Y39         FDRE                                         r  btnTemp_reg[2]/C

Slack:                    inf
  Source:                 btn[1]
                            (input port)
  Destination:            btnTemp_reg[1]/D
                            (rising edge-triggered cell FDRE clocked by sysClk  {rise@0.000ns fall@10.000ns period=20.000ns})
  Path Group:             (none)
  Path Type:              Hold (Min at Fast Process Corner)
  Data Path Delay:        0.869ns  (logic 0.226ns (25.968%)  route 0.644ns (74.032%))
  Logic Levels:           1  (IBUF=1)
  Clock Path Skew:        2.055ns (DCD - SCD - CPR)
    Destination Clock Delay (DCD):    2.055ns
    Source Clock Delay      (SCD):    0.000ns
    Clock Pessimism Removal (CPR):    -0.000ns

    Location             Delay type                Incr(ns)  Path(ns)    Netlist Resource(s)
  -------------------------------------------------------------------    -------------------
    T17                                               0.000     0.000 r  btn[1] (IN)
                         net (fo=0)                   0.000     0.000    btn[1]
    T17                  IBUF (Prop_ibuf_I_O)         0.226     0.226 r  btn_IBUF[1]_inst/O
                         net (fo=4, routed)           0.644     0.869    btn_IBUF[1]
    SLICE_X38Y39         FDRE                                         r  btnTemp_reg[1]/D
  -------------------------------------------------------------------    -------------------

                         (clock sysClk rise edge)     0.000     0.000 r  
    U18                                               0.000     0.000 r  sysClk (IN)
                         net (fo=0)                   0.000     0.000    sysClk
    U18                  IBUF (Prop_ibuf_I_O)         0.486     0.486 r  sysClk_IBUF_inst/O
                         net (fo=1, routed)           0.683     1.169    sysClk_IBUF
    BUFGCTRL_X0Y2        BUFG (Prop_bufg_I_O)         0.029     1.198 r  sysClk_IBUF_BUFG_inst/O
                         net (fo=76, routed)          0.857     2.055    sysClk_IBUF_BUFG
    SLICE_X38Y39         FDRE                                         r  btnTemp_reg[1]/C

Slack:                    inf
  Source:                 btn[0]
                            (input port)
  Destination:            btnTemp_reg[0]/D
                            (rising edge-triggered cell FDRE clocked by sysClk  {rise@0.000ns fall@10.000ns period=20.000ns})
  Path Group:             (none)
  Path Type:              Hold (Min at Fast Process Corner)
  Data Path Delay:        0.881ns  (logic 0.242ns (27.495%)  route 0.638ns (72.505%))
  Logic Levels:           1  (IBUF=1)
  Clock Path Skew:        2.055ns (DCD - SCD - CPR)
    Destination Clock Delay (DCD):    2.055ns
    Source Clock Delay      (SCD):    0.000ns
    Clock Pessimism Removal (CPR):    -0.000ns

    Location             Delay type                Incr(ns)  Path(ns)    Netlist Resource(s)
  -------------------------------------------------------------------    -------------------
    N16                                               0.000     0.000 r  btn[0] (IN)
                         net (fo=0)                   0.000     0.000    btn[0]
    N16                  IBUF (Prop_ibuf_I_O)         0.242     0.242 r  btn_IBUF[0]_inst/O
                         net (fo=72, routed)          0.638     0.881    btn_IBUF[0]
    SLICE_X38Y39         FDRE                                         r  btnTemp_reg[0]/D
  -------------------------------------------------------------------    -------------------

                         (clock sysClk rise edge)     0.000     0.000 r  
    U18                                               0.000     0.000 r  sysClk (IN)
                         net (fo=0)                   0.000     0.000    sysClk
    U18                  IBUF (Prop_ibuf_I_O)         0.486     0.486 r  sysClk_IBUF_inst/O
                         net (fo=1, routed)           0.683     1.169    sysClk_IBUF
    BUFGCTRL_X0Y2        BUFG (Prop_bufg_I_O)         0.029     1.198 r  sysClk_IBUF_BUFG_inst/O
                         net (fo=76, routed)          0.857     2.055    sysClk_IBUF_BUFG
    SLICE_X38Y39         FDRE                                         r  btnTemp_reg[0]/C

Slack:                    inf
  Source:                 resetn
                            (input port)
  Destination:            btnTemp_reg[0]/CE
                            (rising edge-triggered cell FDRE clocked by sysClk  {rise@0.000ns fall@10.000ns period=20.000ns})
  Path Group:             (none)
  Path Type:              Hold (Min at Fast Process Corner)
  Data Path Delay:        1.076ns  (logic 0.290ns (26.922%)  route 0.786ns (73.078%))
  Logic Levels:           2  (IBUF=1 LUT2=1)
  Clock Path Skew:        2.055ns (DCD - SCD - CPR)
    Destination Clock Delay (DCD):    2.055ns
    Source Clock Delay      (SCD):    0.000ns
    Clock Pessimism Removal (CPR):    -0.000ns

    Location             Delay type                Incr(ns)  Path(ns)    Netlist Resource(s)
  -------------------------------------------------------------------    -------------------
    N15                                               0.000     0.000 r  resetn (IN)
                         net (fo=0)                   0.000     0.000    resetn
    N15                  IBUF (Prop_ibuf_I_O)         0.245     0.245 r  resetn_IBUF_inst/O
                         net (fo=86, routed)          0.670     0.915    resetn_IBUF
    SLICE_X38Y39         LUT2 (Prop_lut2_I0_O)        0.045     0.960 r  btnTemp[2]_i_1/O
                         net (fo=3, routed)           0.116     1.076    btnTemp
    SLICE_X38Y39         FDRE                                         r  btnTemp_reg[0]/CE
  -------------------------------------------------------------------    -------------------

                         (clock sysClk rise edge)     0.000     0.000 r  
    U18                                               0.000     0.000 r  sysClk (IN)
                         net (fo=0)                   0.000     0.000    sysClk
    U18                  IBUF (Prop_ibuf_I_O)         0.486     0.486 r  sysClk_IBUF_inst/O
                         net (fo=1, routed)           0.683     1.169    sysClk_IBUF
    BUFGCTRL_X0Y2        BUFG (Prop_bufg_I_O)         0.029     1.198 r  sysClk_IBUF_BUFG_inst/O
                         net (fo=76, routed)          0.857     2.055    sysClk_IBUF_BUFG
    SLICE_X38Y39         FDRE                                         r  btnTemp_reg[0]/C

Slack:                    inf
  Source:                 resetn
                            (input port)
  Destination:            btnTemp_reg[1]/CE
                            (rising edge-triggered cell FDRE clocked by sysClk  {rise@0.000ns fall@10.000ns period=20.000ns})
  Path Group:             (none)
  Path Type:              Hold (Min at Fast Process Corner)
  Data Path Delay:        1.076ns  (logic 0.290ns (26.922%)  route 0.786ns (73.078%))
  Logic Levels:           2  (IBUF=1 LUT2=1)
  Clock Path Skew:        2.055ns (DCD - SCD - CPR)
    Destination Clock Delay (DCD):    2.055ns
    Source Clock Delay      (SCD):    0.000ns
    Clock Pessimism Removal (CPR):    -0.000ns

    Location             Delay type                Incr(ns)  Path(ns)    Netlist Resource(s)
  -------------------------------------------------------------------    -------------------
    N15                                               0.000     0.000 r  resetn (IN)
                         net (fo=0)                   0.000     0.000    resetn
    N15                  IBUF (Prop_ibuf_I_O)         0.245     0.245 r  resetn_IBUF_inst/O
                         net (fo=86, routed)          0.670     0.915    resetn_IBUF
    SLICE_X38Y39         LUT2 (Prop_lut2_I0_O)        0.045     0.960 r  btnTemp[2]_i_1/O
                         net (fo=3, routed)           0.116     1.076    btnTemp
    SLICE_X38Y39         FDRE                                         r  btnTemp_reg[1]/CE
  -------------------------------------------------------------------    -------------------

                         (clock sysClk rise edge)     0.000     0.000 r  
    U18                                               0.000     0.000 r  sysClk (IN)
                         net (fo=0)                   0.000     0.000    sysClk
    U18                  IBUF (Prop_ibuf_I_O)         0.486     0.486 r  sysClk_IBUF_inst/O
                         net (fo=1, routed)           0.683     1.169    sysClk_IBUF
    BUFGCTRL_X0Y2        BUFG (Prop_bufg_I_O)         0.029     1.198 r  sysClk_IBUF_BUFG_inst/O
                         net (fo=76, routed)          0.857     2.055    sysClk_IBUF_BUFG
    SLICE_X38Y39         FDRE                                         r  btnTemp_reg[1]/C

Slack:                    inf
  Source:                 resetn
                            (input port)
  Destination:            btnTemp_reg[2]/CE
                            (rising edge-triggered cell FDRE clocked by sysClk  {rise@0.000ns fall@10.000ns period=20.000ns})
  Path Group:             (none)
  Path Type:              Hold (Min at Fast Process Corner)
  Data Path Delay:        1.076ns  (logic 0.290ns (26.922%)  route 0.786ns (73.078%))
  Logic Levels:           2  (IBUF=1 LUT2=1)
  Clock Path Skew:        2.055ns (DCD - SCD - CPR)
    Destination Clock Delay (DCD):    2.055ns
    Source Clock Delay      (SCD):    0.000ns
    Clock Pessimism Removal (CPR):    -0.000ns

    Location             Delay type                Incr(ns)  Path(ns)    Netlist Resource(s)
  -------------------------------------------------------------------    -------------------
    N15                                               0.000     0.000 r  resetn (IN)
                         net (fo=0)                   0.000     0.000    resetn
    N15                  IBUF (Prop_ibuf_I_O)         0.245     0.245 r  resetn_IBUF_inst/O
                         net (fo=86, routed)          0.670     0.915    resetn_IBUF
    SLICE_X38Y39         LUT2 (Prop_lut2_I0_O)        0.045     0.960 r  btnTemp[2]_i_1/O
                         net (fo=3, routed)           0.116     1.076    btnTemp
    SLICE_X38Y39         FDRE                                         r  btnTemp_reg[2]/CE
  -------------------------------------------------------------------    -------------------

                         (clock sysClk rise edge)     0.000     0.000 r  
    U18                                               0.000     0.000 r  sysClk (IN)
                         net (fo=0)                   0.000     0.000    sysClk
    U18                  IBUF (Prop_ibuf_I_O)         0.486     0.486 r  sysClk_IBUF_inst/O
                         net (fo=1, routed)           0.683     1.169    sysClk_IBUF
    BUFGCTRL_X0Y2        BUFG (Prop_bufg_I_O)         0.029     1.198 r  sysClk_IBUF_BUFG_inst/O
                         net (fo=76, routed)          0.857     2.055    sysClk_IBUF_BUFG
    SLICE_X38Y39         FDRE                                         r  btnTemp_reg[2]/C

Slack:                    inf
  Source:                 btn[0]
                            (input port)
  Destination:            triggerVoltTemp_reg[10]/D
                            (rising edge-triggered cell FDRE clocked by sysClk  {rise@0.000ns fall@10.000ns period=20.000ns})
  Path Group:             (none)
  Path Type:              Hold (Min at Fast Process Corner)
  Data Path Delay:        1.181ns  (logic 0.353ns (29.890%)  route 0.828ns (70.110%))
  Logic Levels:           3  (CARRY4=1 IBUF=1 LUT4=1)
  Clock Path Skew:        2.052ns (DCD - SCD - CPR)
    Destination Clock Delay (DCD):    2.052ns
    Source Clock Delay      (SCD):    0.000ns
    Clock Pessimism Removal (CPR):    -0.000ns

    Location             Delay type                Incr(ns)  Path(ns)    Netlist Resource(s)
  -------------------------------------------------------------------    -------------------
    N16                                               0.000     0.000 r  btn[0] (IN)
                         net (fo=0)                   0.000     0.000    btn[0]
    N16                  IBUF (Prop_ibuf_I_O)         0.242     0.242 r  btn_IBUF[0]_inst/O
                         net (fo=72, routed)          0.828     1.070    btn_IBUF[0]
    SLICE_X40Y33         LUT4 (Prop_lut4_I2_O)        0.045     1.115 r  triggerVoltTemp[10]_i_4/O
                         net (fo=1, routed)           0.000     1.115    triggerVoltTemp[10]_i_4_n_0
    SLICE_X40Y33         CARRY4 (Prop_carry4_S[2]_O[2])
                                                      0.066     1.181 r  triggerVoltTemp_reg[10]_i_1/O[2]
                         net (fo=1, routed)           0.000     1.181    triggerVoltTemp_reg[10]_i_1_n_5
    SLICE_X40Y33         FDRE                                         r  triggerVoltTemp_reg[10]/D
  -------------------------------------------------------------------    -------------------

                         (clock sysClk rise edge)     0.000     0.000 r  
    U18                                               0.000     0.000 r  sysClk (IN)
                         net (fo=0)                   0.000     0.000    sysClk
    U18                  IBUF (Prop_ibuf_I_O)         0.486     0.486 r  sysClk_IBUF_inst/O
                         net (fo=1, routed)           0.683     1.169    sysClk_IBUF
    BUFGCTRL_X0Y2        BUFG (Prop_bufg_I_O)         0.029     1.198 r  sysClk_IBUF_BUFG_inst/O
                         net (fo=76, routed)          0.854     2.052    sysClk_IBUF_BUFG
    SLICE_X40Y33         FDRE                                         r  triggerVoltTemp_reg[10]/C

Slack:                    inf
  Source:                 btn[0]
                            (input port)
  Destination:            triggerVoltTemp_reg[9]/D
                            (rising edge-triggered cell FDRE clocked by sysClk  {rise@0.000ns fall@10.000ns period=20.000ns})
  Path Group:             (none)
  Path Type:              Hold (Min at Fast Process Corner)
  Data Path Delay:        1.259ns  (logic 0.352ns (27.968%)  route 0.907ns (72.032%))
  Logic Levels:           3  (CARRY4=1 IBUF=1 LUT4=1)
  Clock Path Skew:        2.052ns (DCD - SCD - CPR)
    Destination Clock Delay (DCD):    2.052ns
    Source Clock Delay      (SCD):    0.000ns
    Clock Pessimism Removal (CPR):    -0.000ns

    Location             Delay type                Incr(ns)  Path(ns)    Netlist Resource(s)
  -------------------------------------------------------------------    -------------------
    N16                                               0.000     0.000 r  btn[0] (IN)
                         net (fo=0)                   0.000     0.000    btn[0]
    N16                  IBUF (Prop_ibuf_I_O)         0.242     0.242 r  btn_IBUF[0]_inst/O
                         net (fo=72, routed)          0.907     1.149    btn_IBUF[0]
    SLICE_X40Y33         LUT4 (Prop_lut4_I2_O)        0.045     1.194 r  triggerVoltTemp[10]_i_5/O
                         net (fo=1, routed)           0.000     1.194    triggerVoltTemp[10]_i_5_n_0
    SLICE_X40Y33         CARRY4 (Prop_carry4_S[1]_O[1])
                                                      0.065     1.259 r  triggerVoltTemp_reg[10]_i_1/O[1]
                         net (fo=1, routed)           0.000     1.259    triggerVoltTemp_reg[10]_i_1_n_6
    SLICE_X40Y33         FDRE                                         r  triggerVoltTemp_reg[9]/D
  -------------------------------------------------------------------    -------------------

                         (clock sysClk rise edge)     0.000     0.000 r  
    U18                                               0.000     0.000 r  sysClk (IN)
                         net (fo=0)                   0.000     0.000    sysClk
    U18                  IBUF (Prop_ibuf_I_O)         0.486     0.486 r  sysClk_IBUF_inst/O
                         net (fo=1, routed)           0.683     1.169    sysClk_IBUF
    BUFGCTRL_X0Y2        BUFG (Prop_bufg_I_O)         0.029     1.198 r  sysClk_IBUF_BUFG_inst/O
                         net (fo=76, routed)          0.854     2.052    sysClk_IBUF_BUFG
    SLICE_X40Y33         FDRE                                         r  triggerVoltTemp_reg[9]/C

Slack:                    inf
  Source:                 btn[0]
                            (input port)
  Destination:            triggerTimeTemp_reg[9]/D
                            (rising edge-triggered cell FDRE clocked by sysClk  {rise@0.000ns fall@10.000ns period=20.000ns})
  Path Group:             (none)
  Path Type:              Hold (Min at Fast Process Corner)
  Data Path Delay:        1.269ns  (logic 0.352ns (27.739%)  route 0.917ns (72.261%))
  Logic Levels:           3  (CARRY4=1 IBUF=1 LUT4=1)
  Clock Path Skew:        2.049ns (DCD - SCD - CPR)
    Destination Clock Delay (DCD):    2.049ns
    Source Clock Delay      (SCD):    0.000ns
    Clock Pessimism Removal (CPR):    -0.000ns

    Location             Delay type                Incr(ns)  Path(ns)    Netlist Resource(s)
  -------------------------------------------------------------------    -------------------
    N16                                               0.000     0.000 r  btn[0] (IN)
                         net (fo=0)                   0.000     0.000    btn[0]
    N16                  IBUF (Prop_ibuf_I_O)         0.242     0.242 r  btn_IBUF[0]_inst/O
                         net (fo=72, routed)          0.917     1.159    btn_IBUF[0]
    SLICE_X41Y30         LUT4 (Prop_lut4_I2_O)        0.045     1.204 r  triggerTimeTemp[10]_i_5/O
                         net (fo=1, routed)           0.000     1.204    triggerTimeTemp[10]_i_5_n_0
    SLICE_X41Y30         CARRY4 (Prop_carry4_S[1]_O[1])
                                                      0.065     1.269 r  triggerTimeTemp_reg[10]_i_1/O[1]
                         net (fo=1, routed)           0.000     1.269    triggerTimeTemp_reg[10]_i_1_n_6
    SLICE_X41Y30         FDRE                                         r  triggerTimeTemp_reg[9]/D
  -------------------------------------------------------------------    -------------------

                         (clock sysClk rise edge)     0.000     0.000 r  
    U18                                               0.000     0.000 r  sysClk (IN)
                         net (fo=0)                   0.000     0.000    sysClk
    U18                  IBUF (Prop_ibuf_I_O)         0.486     0.486 r  sysClk_IBUF_inst/O
                         net (fo=1, routed)           0.683     1.169    sysClk_IBUF
    BUFGCTRL_X0Y2        BUFG (Prop_bufg_I_O)         0.029     1.198 r  sysClk_IBUF_BUFG_inst/O
                         net (fo=76, routed)          0.851     2.049    sysClk_IBUF_BUFG
    SLICE_X41Y30         FDRE                                         r  triggerTimeTemp_reg[9]/C

Slack:                    inf
  Source:                 btn[0]
                            (input port)
  Destination:            triggerVoltTemp_reg[8]/D
                            (rising edge-triggered cell FDRE clocked by sysClk  {rise@0.000ns fall@10.000ns period=20.000ns})
  Path Group:             (none)
  Path Type:              Hold (Min at Fast Process Corner)
  Data Path Delay:        1.273ns  (logic 0.357ns (28.048%)  route 0.916ns (71.952%))
  Logic Levels:           3  (CARRY4=1 IBUF=1 LUT4=1)
  Clock Path Skew:        2.052ns (DCD - SCD - CPR)
    Destination Clock Delay (DCD):    2.052ns
    Source Clock Delay      (SCD):    0.000ns
    Clock Pessimism Removal (CPR):    -0.000ns

    Location             Delay type                Incr(ns)  Path(ns)    Netlist Resource(s)
  -------------------------------------------------------------------    -------------------
    N16                                               0.000     0.000 r  btn[0] (IN)
                         net (fo=0)                   0.000     0.000    btn[0]
    N16                  IBUF (Prop_ibuf_I_O)         0.242     0.242 r  btn_IBUF[0]_inst/O
                         net (fo=72, routed)          0.916     1.158    btn_IBUF[0]
    SLICE_X40Y33         LUT4 (Prop_lut4_I2_O)        0.045     1.203 r  triggerVoltTemp[10]_i_6/O
                         net (fo=1, routed)           0.000     1.203    triggerVoltTemp[10]_i_6_n_0
    SLICE_X40Y33         CARRY4 (Prop_carry4_S[0]_O[0])
                                                      0.070     1.273 r  triggerVoltTemp_reg[10]_i_1/O[0]
                         net (fo=1, routed)           0.000     1.273    triggerVoltTemp_reg[10]_i_1_n_7
    SLICE_X40Y33         FDRE                                         r  triggerVoltTemp_reg[8]/D
  -------------------------------------------------------------------    -------------------

                         (clock sysClk rise edge)     0.000     0.000 r  
    U18                                               0.000     0.000 r  sysClk (IN)
                         net (fo=0)                   0.000     0.000    sysClk
    U18                  IBUF (Prop_ibuf_I_O)         0.486     0.486 r  sysClk_IBUF_inst/O
                         net (fo=1, routed)           0.683     1.169    sysClk_IBUF
    BUFGCTRL_X0Y2        BUFG (Prop_bufg_I_O)         0.029     1.198 r  sysClk_IBUF_BUFG_inst/O
                         net (fo=76, routed)          0.854     2.052    sysClk_IBUF_BUFG
    SLICE_X40Y33         FDRE                                         r  triggerVoltTemp_reg[8]/C





