Copyright 1986-2022 Xilinx, Inc. All Rights Reserved. Copyright 2022-2025 Advanced Micro Devices, Inc. All Rights Reserved.
---------------------------------------------------------------------------------------------------------------------------------------------------------------------------------------------------------------------------------------------------------------------------------------------------
| Tool Version : Vivado v.2025.1 (win64) Build 6140274 Thu May 22 00:12:29 MDT 2025
| Date         : Tue Dec  9 13:35:58 2025
| Host         : DESKTOP-BLLF4DN running 64-bit major release  (build 9200)
| Command      : report_timing_summary -max_paths 10 -routable_nets -report_unconstrained -file acquireToHDMIwithZynq_wrapper_timing_summary_routed.rpt -pb acquireToHDMIwithZynq_wrapper_timing_summary_routed.pb -rpx acquireToHDMIwithZynq_wrapper_timing_summary_routed.rpx -warn_on_violation
| Design       : acquireToHDMIwithZynq_wrapper
| Device       : 7z010-clg400
| Speed File   : -1  PRODUCTION 1.12 2019-11-22
| Design State : Routed
---------------------------------------------------------------------------------------------------------------------------------------------------------------------------------------------------------------------------------------------------------------------------------------------------

Timing Summary Report

------------------------------------------------------------------------------------------------
| Timer Settings
| --------------
------------------------------------------------------------------------------------------------

  Enable Multi Corner Analysis               :  Yes
  Enable Pessimism Removal                   :  Yes
  Pessimism Removal Resolution               :  Nearest Common Node
  Enable Input Delay Default Clock           :  No
  Enable Preset / Clear Arcs                 :  No
  Disable Flight Delays                      :  No
  Ignore I/O Paths                           :  No
  Timing Early Launch at Borrowing Latches   :  No
  Borrow Time for Max Delay Exceptions       :  Yes
  Merge Timing Exceptions                    :  Yes
  Inter-SLR Compensation                     :  Conservative

  Corner  Analyze    Analyze    
  Name    Max Paths  Min Paths  
  ------  ---------  ---------  
  Slow    Yes        Yes        
  Fast    Yes        Yes        


------------------------------------------------------------------------------------------------
| Report Methodology
| ------------------
------------------------------------------------------------------------------------------------

Rule       Severity          Description                                                Violations  
---------  ----------------  ---------------------------------------------------------  ----------  
TIMING-4   Critical Warning  Invalid primary clock redefinition on a clock tree         1           
TIMING-6   Critical Warning  No common primary clock between related clocks             1           
TIMING-7   Critical Warning  No common node between related clocks                      1           
TIMING-27  Critical Warning  Invalid primary clock on hierarchical pin                  1           
TIMING-51  Critical Warning  No common phase between related clocks from parallel CMBs  1           
LUTAR-1    Warning           LUT drives async reset alert                               1           
TIMING-16  Warning           Large setup violation                                      68          
TIMING-18  Warning           Missing input or output delay                              25          

Note: This report is based on the most recent report_methodology run and may not be up-to-date. Run report_methodology on the current design for the latest report.



check_timing report

Table of Contents
-----------------
1. checking no_clock (0)
2. checking constant_clock (0)
3. checking pulse_width_clock (0)
4. checking unconstrained_internal_endpoints (0)
5. checking no_input_delay (19)
6. checking no_output_delay (10)
7. checking multiple_clock (0)
8. checking generated_clocks (0)
9. checking loops (0)
10. checking partial_input_delay (0)
11. checking partial_output_delay (0)
12. checking latch_loops (0)

1. checking no_clock (0)
------------------------
 There are 0 register/latch pins with no clock.


2. checking constant_clock (0)
------------------------------
 There are 0 register/latch pins with constant_clock.


3. checking pulse_width_clock (0)
---------------------------------
 There are 0 register/latch pins which need pulse_width check


4. checking unconstrained_internal_endpoints (0)
------------------------------------------------
 There are 0 pins that are not constrained for maximum delay.

 There are 0 pins that are not constrained for maximum delay due to constant clock.


5. checking no_input_delay (19)
-------------------------------
 There are 19 input ports with no input delay specified. (HIGH)

 There are 0 input ports with no input delay but user has a false path constraint.


6. checking no_output_delay (10)
--------------------------------
 There are 10 ports with no output delay specified. (HIGH)

 There are 0 ports with no output delay but user has a false path constraint

 There are 0 ports with no output delay but with a timing clock defined on it or propagating through it


7. checking multiple_clock (0)
------------------------------
 There are 0 register/latch pins with multiple clocks.


8. checking generated_clocks (0)
--------------------------------
 There are 0 generated clocks that are not connected to a clock source.


9. checking loops (0)
---------------------
 There are 0 combinational loops in the design.


10. checking partial_input_delay (0)
------------------------------------
 There are 0 input ports with partial input delay specified.


11. checking partial_output_delay (0)
-------------------------------------
 There are 0 ports with partial output delay specified.


12. checking latch_loops (0)
----------------------------
 There are 0 combinational latch loops in the design through latch input



------------------------------------------------------------------------------------------------
| Design Timing Summary
| ---------------------
------------------------------------------------------------------------------------------------

    WNS(ns)      TNS(ns)  TNS Failing Endpoints  TNS Total Endpoints      WHS(ns)      THS(ns)  THS Failing Endpoints  THS Total Endpoints     WPWS(ns)     TPWS(ns)  TPWS Failing Endpoints  TPWS Total Endpoints  
    -------      -------  ---------------------  -------------------      -------      -------  ---------------------  -------------------     --------     --------  ----------------------  --------------------  
    -12.355     -669.590                    110                 3772        0.043        0.000                      0                 3772        0.540        0.000                       0                  1723  


Timing constraints are not met.


------------------------------------------------------------------------------------------------
| Clock Summary
| -------------
------------------------------------------------------------------------------------------------

Clock                                                                                                                                                Waveform(ns)         Period(ns)      Frequency(MHz)
-----                                                                                                                                                ------------         ----------      --------------
acquireToHDMIwithZynq_i/acquireToDisplay_AXI_0/U0/acquireToDisplay_AXI_slave_lite_v1_0_S00_AXI_inst/oscilloscope_inst/datapath_inst/vc/inst/clk_in1  {0.000 10.000}       20.000          50.000          
  clk_out1_clk_wiz_0                                                                                                                                 {0.000 6.737}        13.474          74.219          
  clk_out2_clk_wiz_0                                                                                                                                 {0.000 1.347}        2.695           371.094         
  clkfbout_clk_wiz_0                                                                                                                                 {0.000 40.000}       80.000          12.500          
clk_fpga_0                                                                                                                                           {0.000 10.000}       20.000          50.000          


------------------------------------------------------------------------------------------------
| Intra Clock Table
| -----------------
------------------------------------------------------------------------------------------------

Clock                                                                                                                                                    WNS(ns)      TNS(ns)  TNS Failing Endpoints  TNS Total Endpoints      WHS(ns)      THS(ns)  THS Failing Endpoints  THS Total Endpoints     WPWS(ns)     TPWS(ns)  TPWS Failing Endpoints  TPWS Total Endpoints  
-----                                                                                                                                                    -------      -------  ---------------------  -------------------      -------      -------  ---------------------  -------------------     --------     --------  ----------------------  --------------------  
acquireToHDMIwithZynq_i/acquireToDisplay_AXI_0/U0/acquireToDisplay_AXI_slave_lite_v1_0_S00_AXI_inst/oscilloscope_inst/datapath_inst/vc/inst/clk_in1                                                                                                                                                    7.000        0.000                       0                     1  
  clk_out1_clk_wiz_0                                                                                                                                       1.417        0.000                      0                  319        0.158        0.000                      0                  319        5.757        0.000                       0                   226  
  clk_out2_clk_wiz_0                                                                                                                                                                                                                                                                                   0.540        0.000                       0                    10  
  clkfbout_clk_wiz_0                                                                                                                                                                                                                                                                                  20.000        0.000                       0                     3  
clk_fpga_0                                                                                                                                                11.416        0.000                      0                 3372        0.043        0.000                      0                 3372        9.020        0.000                       0                  1483  


------------------------------------------------------------------------------------------------
| Inter Clock Table
| -----------------
------------------------------------------------------------------------------------------------

From Clock          To Clock                WNS(ns)      TNS(ns)  TNS Failing Endpoints  TNS Total Endpoints      WHS(ns)      THS(ns)  THS Failing Endpoints  THS Total Endpoints  
----------          --------                -------      -------  ---------------------  -------------------      -------      -------  ---------------------  -------------------  
clk_fpga_0          clk_out1_clk_wiz_0      -12.355     -446.960                     68                   68        0.110        0.000                      0                   68  


------------------------------------------------------------------------------------------------
| Other Path Groups Table
| -----------------------
------------------------------------------------------------------------------------------------

Path Group          From Clock          To Clock                WNS(ns)      TNS(ns)  TNS Failing Endpoints  TNS Total Endpoints      WHS(ns)      THS(ns)  THS Failing Endpoints  THS Total Endpoints  
----------          ----------          --------                -------      -------  ---------------------  -------------------      -------      -------  ---------------------  -------------------  
**async_default**   clk_fpga_0          clk_out1_clk_wiz_0       -5.412     -222.630                     42                   42        0.206        0.000                      0                   42  


------------------------------------------------------------------------------------------------
| User Ignored Path Table
| -----------------------
------------------------------------------------------------------------------------------------

Path Group    From Clock    To Clock    
----------    ----------    --------    
(none)                      clk_fpga_0    
(none)        clk_fpga_0    clk_fpga_0    


------------------------------------------------------------------------------------------------
| Unconstrained Path Table
| ------------------------
------------------------------------------------------------------------------------------------

Path Group          From Clock          To Clock          
----------          ----------          --------          
(none)              clk_fpga_0                              
(none)              clk_out2_clk_wiz_0                      
(none)                                  clk_fpga_0          
(none)                                  clk_out1_clk_wiz_0  


------------------------------------------------------------------------------------------------
| Timing Details
| --------------
------------------------------------------------------------------------------------------------


---------------------------------------------------------------------------------------------------
From Clock:  acquireToHDMIwithZynq_i/acquireToDisplay_AXI_0/U0/acquireToDisplay_AXI_slave_lite_v1_0_S00_AXI_inst/oscilloscope_inst/datapath_inst/vc/inst/clk_in1
  To Clock:  acquireToHDMIwithZynq_i/acquireToDisplay_AXI_0/U0/acquireToDisplay_AXI_slave_lite_v1_0_S00_AXI_inst/oscilloscope_inst/datapath_inst/vc/inst/clk_in1

Setup :           NA  Failing Endpoints,  Worst Slack           NA  ,  Total Violation           NA
Hold  :           NA  Failing Endpoints,  Worst Slack           NA  ,  Total Violation           NA
PW    :            0  Failing Endpoints,  Worst Slack        7.000ns,  Total Violation        0.000ns
---------------------------------------------------------------------------------------------------


Pulse Width Checks
--------------------------------------------------------------------------------------
Clock Name:         acquireToHDMIwithZynq_i/acquireToDisplay_AXI_0/U0/acquireToDisplay_AXI_slave_lite_v1_0_S00_AXI_inst/oscilloscope_inst/datapath_inst/vc/inst/clk_in1
Waveform(ns):       { 0.000 10.000 }
Period(ns):         20.000
Sources:            { acquireToHDMIwithZynq_i/acquireToDisplay_AXI_0/U0/acquireToDisplay_AXI_slave_lite_v1_0_S00_AXI_inst/oscilloscope_inst/datapath_inst/vc/inst/clk_in1 }

Check Type        Corner  Lib Pin            Reference Pin  Required(ns)  Actual(ns)  Slack(ns)  Location         Pin
Min Period        n/a     MMCME2_ADV/CLKIN1  n/a            1.249         20.000      18.751     MMCME2_ADV_X0Y0  acquireToHDMIwithZynq_i/acquireToDisplay_AXI_0/U0/acquireToDisplay_AXI_slave_lite_v1_0_S00_AXI_inst/oscilloscope_inst/datapath_inst/vc/inst/mmcm_adv_inst/CLKIN1
Max Period        n/a     MMCME2_ADV/CLKIN1  n/a            100.000       20.000      80.000     MMCME2_ADV_X0Y0  acquireToHDMIwithZynq_i/acquireToDisplay_AXI_0/U0/acquireToDisplay_AXI_slave_lite_v1_0_S00_AXI_inst/oscilloscope_inst/datapath_inst/vc/inst/mmcm_adv_inst/CLKIN1
Low Pulse Width   Slow    MMCME2_ADV/CLKIN1  n/a            3.000         10.000      7.000      MMCME2_ADV_X0Y0  acquireToHDMIwithZynq_i/acquireToDisplay_AXI_0/U0/acquireToDisplay_AXI_slave_lite_v1_0_S00_AXI_inst/oscilloscope_inst/datapath_inst/vc/inst/mmcm_adv_inst/CLKIN1
Low Pulse Width   Fast    MMCME2_ADV/CLKIN1  n/a            3.000         10.000      7.000      MMCME2_ADV_X0Y0  acquireToHDMIwithZynq_i/acquireToDisplay_AXI_0/U0/acquireToDisplay_AXI_slave_lite_v1_0_S00_AXI_inst/oscilloscope_inst/datapath_inst/vc/inst/mmcm_adv_inst/CLKIN1
High Pulse Width  Slow    MMCME2_ADV/CLKIN1  n/a            3.000         10.000      7.000      MMCME2_ADV_X0Y0  acquireToHDMIwithZynq_i/acquireToDisplay_AXI_0/U0/acquireToDisplay_AXI_slave_lite_v1_0_S00_AXI_inst/oscilloscope_inst/datapath_inst/vc/inst/mmcm_adv_inst/CLKIN1
High Pulse Width  Fast    MMCME2_ADV/CLKIN1  n/a            3.000         10.000      7.000      MMCME2_ADV_X0Y0  acquireToHDMIwithZynq_i/acquireToDisplay_AXI_0/U0/acquireToDisplay_AXI_slave_lite_v1_0_S00_AXI_inst/oscilloscope_inst/datapath_inst/vc/inst/mmcm_adv_inst/CLKIN1



---------------------------------------------------------------------------------------------------
From Clock:  clk_out1_clk_wiz_0
  To Clock:  clk_out1_clk_wiz_0

Setup :            0  Failing Endpoints,  Worst Slack        1.417ns,  Total Violation        0.000ns
Hold  :            0  Failing Endpoints,  Worst Slack        0.158ns,  Total Violation        0.000ns
PW    :            0  Failing Endpoints,  Worst Slack        5.757ns,  Total Violation        0.000ns
---------------------------------------------------------------------------------------------------


Max Delay Paths
--------------------------------------------------------------------------------------
Slack (MET) :             1.417ns  (required time - arrival time)
  Source:                 <hidden>
                            (rising edge-triggered cell RAMB18E1 clocked by clk_out1_clk_wiz_0  {rise@0.000ns fall@6.737ns period=13.474ns})
  Destination:            acquireToHDMIwithZynq_i/acquireToDisplay_AXI_0/U0/acquireToDisplay_AXI_slave_lite_v1_0_S00_AXI_inst/oscilloscope_inst/datapath_inst/scopeFace_inst/green_reg[0]/D
                            (rising edge-triggered cell FDRE clocked by clk_out1_clk_wiz_0  {rise@0.000ns fall@6.737ns period=13.474ns})
  Path Group:             clk_out1_clk_wiz_0
  Path Type:              Setup (Max at Slow Process Corner)
  Requirement:            13.474ns  (clk_out1_clk_wiz_0 rise@13.474ns - clk_out1_clk_wiz_0 rise@0.000ns)
  Data Path Delay:        11.745ns  (logic 6.341ns (53.987%)  route 5.404ns (46.013%))
  Logic Levels:           6  (CARRY4=1 DSP48E1=1 LUT3=1 LUT4=1 LUT5=2)
  Clock Path Skew:        -0.108ns (DCD - SCD + CPR)
    Destination Clock Delay (DCD):    1.491ns = ( 14.965 - 13.474 ) 
    Source Clock Delay      (SCD):    1.704ns
    Clock Pessimism Removal (CPR):    0.105ns
  Clock Uncertainty:      0.234ns  ((TSJ^2 + DJ^2)^1/2) / 2 + PE
    Total System Jitter     (TSJ):    0.071ns
    Discrete Jitter          (DJ):    0.462ns
    Phase Error              (PE):    0.000ns

    Location             Delay type                Incr(ns)  Path(ns)    Netlist Resource(s)
  -------------------------------------------------------------------    -------------------
                         (clock clk_out1_clk_wiz_0 rise edge)
                                                      0.000     0.000 r  
    BUFGCTRL_X0Y0        BUFG                         0.000     0.000 r  acquireToHDMIwithZynq_i/processing_system7_0/inst/buffer_fclk_clk_0.FCLK_CLK_0_BUFG/O
                         net (fo=1484, routed)        1.677     1.677    acquireToHDMIwithZynq_i/acquireToDisplay_AXI_0/U0/acquireToDisplay_AXI_slave_lite_v1_0_S00_AXI_inst/oscilloscope_inst/datapath_inst/vc/inst/clk_in1
    MMCME2_ADV_X0Y0      MMCME2_ADV (Prop_mmcme2_adv_CLKIN1_CLKOUT0)
                                                     -3.538    -1.861 r  acquireToHDMIwithZynq_i/acquireToDisplay_AXI_0/U0/acquireToDisplay_AXI_slave_lite_v1_0_S00_AXI_inst/oscilloscope_inst/datapath_inst/vc/inst/mmcm_adv_inst/CLKOUT0
                         net (fo=1, routed)           1.760    -0.101    acquireToHDMIwithZynq_i/acquireToDisplay_AXI_0/U0/acquireToDisplay_AXI_slave_lite_v1_0_S00_AXI_inst/oscilloscope_inst/datapath_inst/vc/inst/clk_out1_clk_wiz_0
    BUFGCTRL_X0Y1        BUFG (Prop_bufg_I_O)         0.101     0.000 r  acquireToHDMIwithZynq_i/acquireToDisplay_AXI_0/U0/acquireToDisplay_AXI_slave_lite_v1_0_S00_AXI_inst/oscilloscope_inst/datapath_inst/vc/inst/clkout1_buf/O
                         net (fo=224, routed)         1.704     1.704    <hidden>
    RAMB18_X1Y12         RAMB18E1                                     r  <hidden>
  -------------------------------------------------------------------    -------------------
    RAMB18_X1Y12         RAMB18E1 (Prop_ramb18e1_CLKBWRCLK_DOBDO[15])
                                                      0.882     2.586 r  <hidden>
                         net (fo=15, routed)          1.287     3.873    acquireToHDMIwithZynq_i/acquireToDisplay_AXI_0/U0/acquireToDisplay_AXI_slave_lite_v1_0_S00_AXI_inst/oscilloscope_inst/datapath_inst/ch2dataToPixel_inst/doutb[15]
    DSP48_X1Y12          DSP48E1 (Prop_dsp48e1_A[23]_P[21])
                                                      3.841     7.714 f  acquireToHDMIwithZynq_i/acquireToDisplay_AXI_0/U0/acquireToDisplay_AXI_slave_lite_v1_0_S00_AXI_inst/oscilloscope_inst/datapath_inst/ch2dataToPixel_inst/x_SIGNED32/P[21]
                         net (fo=10, routed)          1.412     9.126    acquireToHDMIwithZynq_i/acquireToDisplay_AXI_0/U0/acquireToDisplay_AXI_slave_lite_v1_0_S00_AXI_inst/oscilloscope_inst/datapath_inst/ch2dataToPixel_inst/P[5]
    SLICE_X31Y30         LUT4 (Prop_lut4_I2_O)        0.150     9.276 r  acquireToHDMIwithZynq_i/acquireToDisplay_AXI_0/U0/acquireToDisplay_AXI_slave_lite_v1_0_S00_AXI_inst/oscilloscope_inst/datapath_inst/ch2dataToPixel_inst/tmp1_carry__0_i_6__3/O
                         net (fo=4, routed)           0.867    10.143    acquireToHDMIwithZynq_i/acquireToDisplay_AXI_0/U0/acquireToDisplay_AXI_slave_lite_v1_0_S00_AXI_inst/oscilloscope_inst/datapath_inst/ch2dataToPixel_inst/tmp1_carry__0_i_6__3_n_0
    SLICE_X30Y29         LUT5 (Prop_lut5_I0_O)        0.326    10.469 r  acquireToHDMIwithZynq_i/acquireToDisplay_AXI_0/U0/acquireToDisplay_AXI_slave_lite_v1_0_S00_AXI_inst/oscilloscope_inst/datapath_inst/ch2dataToPixel_inst/tmp1_carry__0_i_4__4/O
                         net (fo=1, routed)           0.000    10.469    acquireToHDMIwithZynq_i/acquireToDisplay_AXI_0/U0/acquireToDisplay_AXI_slave_lite_v1_0_S00_AXI_inst/oscilloscope_inst/datapath_inst/ch2PixelCompare_inst/red[3]_i_3_0[0]
    SLICE_X30Y29         CARRY4 (Prop_carry4_S[0]_CO[1])
                                                      0.458    10.927 f  acquireToHDMIwithZynq_i/acquireToDisplay_AXI_0/U0/acquireToDisplay_AXI_slave_lite_v1_0_S00_AXI_inst/oscilloscope_inst/datapath_inst/ch2PixelCompare_inst/tmp1_carry__0/CO[1]
                         net (fo=2, routed)           0.726    11.653    acquireToHDMIwithZynq_i/acquireToDisplay_AXI_0/U0/acquireToDisplay_AXI_slave_lite_v1_0_S00_AXI_inst/oscilloscope_inst/datapath_inst/ch2dataToPixel_inst/CO[0]
    SLICE_X29Y28         LUT3 (Prop_lut3_I2_O)        0.358    12.011 r  acquireToHDMIwithZynq_i/acquireToDisplay_AXI_0/U0/acquireToDisplay_AXI_slave_lite_v1_0_S00_AXI_inst/oscilloscope_inst/datapath_inst/ch2dataToPixel_inst/green[7]_i_2/O
                         net (fo=4, routed)           1.113    13.124    acquireToHDMIwithZynq_i/acquireToDisplay_AXI_0/U0/acquireToDisplay_AXI_slave_lite_v1_0_S00_AXI_inst/oscilloscope_inst/datapath_inst/videoSigGen_inst/green_reg[3]_0
    SLICE_X29Y32         LUT5 (Prop_lut5_I0_O)        0.326    13.450 r  acquireToHDMIwithZynq_i/acquireToDisplay_AXI_0/U0/acquireToDisplay_AXI_slave_lite_v1_0_S00_AXI_inst/oscilloscope_inst/datapath_inst/videoSigGen_inst/green[0]_i_1/O
                         net (fo=1, routed)           0.000    13.450    acquireToHDMIwithZynq_i/acquireToDisplay_AXI_0/U0/acquireToDisplay_AXI_slave_lite_v1_0_S00_AXI_inst/oscilloscope_inst/datapath_inst/scopeFace_inst/green_reg[7]_1[0]
    SLICE_X29Y32         FDRE                                         r  acquireToHDMIwithZynq_i/acquireToDisplay_AXI_0/U0/acquireToDisplay_AXI_slave_lite_v1_0_S00_AXI_inst/oscilloscope_inst/datapath_inst/scopeFace_inst/green_reg[0]/D
  -------------------------------------------------------------------    -------------------

                         (clock clk_out1_clk_wiz_0 rise edge)
                                                     13.474    13.474 r  
    BUFGCTRL_X0Y0        BUFG                         0.000    13.474 r  acquireToHDMIwithZynq_i/processing_system7_0/inst/buffer_fclk_clk_0.FCLK_CLK_0_BUFG/O
                         net (fo=1484, routed)        1.487    14.961    acquireToHDMIwithZynq_i/acquireToDisplay_AXI_0/U0/acquireToDisplay_AXI_slave_lite_v1_0_S00_AXI_inst/oscilloscope_inst/datapath_inst/vc/inst/clk_in1
    MMCME2_ADV_X0Y0      MMCME2_ADV (Prop_mmcme2_adv_CLKIN1_CLKOUT0)
                                                     -3.177    11.784 r  acquireToHDMIwithZynq_i/acquireToDisplay_AXI_0/U0/acquireToDisplay_AXI_slave_lite_v1_0_S00_AXI_inst/oscilloscope_inst/datapath_inst/vc/inst/mmcm_adv_inst/CLKOUT0
                         net (fo=1, routed)           1.599    13.383    acquireToHDMIwithZynq_i/acquireToDisplay_AXI_0/U0/acquireToDisplay_AXI_slave_lite_v1_0_S00_AXI_inst/oscilloscope_inst/datapath_inst/vc/inst/clk_out1_clk_wiz_0
    BUFGCTRL_X0Y1        BUFG (Prop_bufg_I_O)         0.091    13.474 r  acquireToHDMIwithZynq_i/acquireToDisplay_AXI_0/U0/acquireToDisplay_AXI_slave_lite_v1_0_S00_AXI_inst/oscilloscope_inst/datapath_inst/vc/inst/clkout1_buf/O
                         net (fo=224, routed)         1.491    14.965    acquireToHDMIwithZynq_i/acquireToDisplay_AXI_0/U0/acquireToDisplay_AXI_slave_lite_v1_0_S00_AXI_inst/oscilloscope_inst/datapath_inst/scopeFace_inst/CLK
    SLICE_X29Y32         FDRE                                         r  acquireToHDMIwithZynq_i/acquireToDisplay_AXI_0/U0/acquireToDisplay_AXI_slave_lite_v1_0_S00_AXI_inst/oscilloscope_inst/datapath_inst/scopeFace_inst/green_reg[0]/C
                         clock pessimism              0.105    15.070    
                         clock uncertainty           -0.234    14.836    
    SLICE_X29Y32         FDRE (Setup_fdre_C_D)        0.031    14.867    acquireToHDMIwithZynq_i/acquireToDisplay_AXI_0/U0/acquireToDisplay_AXI_slave_lite_v1_0_S00_AXI_inst/oscilloscope_inst/datapath_inst/scopeFace_inst/green_reg[0]
  -------------------------------------------------------------------
                         required time                         14.867    
                         arrival time                         -13.450    
  -------------------------------------------------------------------
                         slack                                  1.417    

Slack (MET) :             1.420ns  (required time - arrival time)
  Source:                 <hidden>
                            (rising edge-triggered cell RAMB18E1 clocked by clk_out1_clk_wiz_0  {rise@0.000ns fall@6.737ns period=13.474ns})
  Destination:            acquireToHDMIwithZynq_i/acquireToDisplay_AXI_0/U0/acquireToDisplay_AXI_slave_lite_v1_0_S00_AXI_inst/oscilloscope_inst/datapath_inst/scopeFace_inst/green_reg[3]/D
                            (rising edge-triggered cell FDRE clocked by clk_out1_clk_wiz_0  {rise@0.000ns fall@6.737ns period=13.474ns})
  Path Group:             clk_out1_clk_wiz_0
  Path Type:              Setup (Max at Slow Process Corner)
  Requirement:            13.474ns  (clk_out1_clk_wiz_0 rise@13.474ns - clk_out1_clk_wiz_0 rise@0.000ns)
  Data Path Delay:        11.738ns  (logic 6.341ns (54.019%)  route 5.397ns (45.981%))
  Logic Levels:           6  (CARRY4=1 DSP48E1=1 LUT3=1 LUT4=1 LUT5=1 LUT6=1)
  Clock Path Skew:        -0.110ns (DCD - SCD + CPR)
    Destination Clock Delay (DCD):    1.489ns = ( 14.963 - 13.474 ) 
    Source Clock Delay      (SCD):    1.704ns
    Clock Pessimism Removal (CPR):    0.105ns
  Clock Uncertainty:      0.234ns  ((TSJ^2 + DJ^2)^1/2) / 2 + PE
    Total System Jitter     (TSJ):    0.071ns
    Discrete Jitter          (DJ):    0.462ns
    Phase Error              (PE):    0.000ns

    Location             Delay type                Incr(ns)  Path(ns)    Netlist Resource(s)
  -------------------------------------------------------------------    -------------------
                         (clock clk_out1_clk_wiz_0 rise edge)
                                                      0.000     0.000 r  
    BUFGCTRL_X0Y0        BUFG                         0.000     0.000 r  acquireToHDMIwithZynq_i/processing_system7_0/inst/buffer_fclk_clk_0.FCLK_CLK_0_BUFG/O
                         net (fo=1484, routed)        1.677     1.677    acquireToHDMIwithZynq_i/acquireToDisplay_AXI_0/U0/acquireToDisplay_AXI_slave_lite_v1_0_S00_AXI_inst/oscilloscope_inst/datapath_inst/vc/inst/clk_in1
    MMCME2_ADV_X0Y0      MMCME2_ADV (Prop_mmcme2_adv_CLKIN1_CLKOUT0)
                                                     -3.538    -1.861 r  acquireToHDMIwithZynq_i/acquireToDisplay_AXI_0/U0/acquireToDisplay_AXI_slave_lite_v1_0_S00_AXI_inst/oscilloscope_inst/datapath_inst/vc/inst/mmcm_adv_inst/CLKOUT0
                         net (fo=1, routed)           1.760    -0.101    acquireToHDMIwithZynq_i/acquireToDisplay_AXI_0/U0/acquireToDisplay_AXI_slave_lite_v1_0_S00_AXI_inst/oscilloscope_inst/datapath_inst/vc/inst/clk_out1_clk_wiz_0
    BUFGCTRL_X0Y1        BUFG (Prop_bufg_I_O)         0.101     0.000 r  acquireToHDMIwithZynq_i/acquireToDisplay_AXI_0/U0/acquireToDisplay_AXI_slave_lite_v1_0_S00_AXI_inst/oscilloscope_inst/datapath_inst/vc/inst/clkout1_buf/O
                         net (fo=224, routed)         1.704     1.704    <hidden>
    RAMB18_X1Y12         RAMB18E1                                     r  <hidden>
  -------------------------------------------------------------------    -------------------
    RAMB18_X1Y12         RAMB18E1 (Prop_ramb18e1_CLKBWRCLK_DOBDO[15])
                                                      0.882     2.586 r  <hidden>
                         net (fo=15, routed)          1.287     3.873    acquireToHDMIwithZynq_i/acquireToDisplay_AXI_0/U0/acquireToDisplay_AXI_slave_lite_v1_0_S00_AXI_inst/oscilloscope_inst/datapath_inst/ch2dataToPixel_inst/doutb[15]
    DSP48_X1Y12          DSP48E1 (Prop_dsp48e1_A[23]_P[21])
                                                      3.841     7.714 f  acquireToHDMIwithZynq_i/acquireToDisplay_AXI_0/U0/acquireToDisplay_AXI_slave_lite_v1_0_S00_AXI_inst/oscilloscope_inst/datapath_inst/ch2dataToPixel_inst/x_SIGNED32/P[21]
                         net (fo=10, routed)          1.412     9.126    acquireToHDMIwithZynq_i/acquireToDisplay_AXI_0/U0/acquireToDisplay_AXI_slave_lite_v1_0_S00_AXI_inst/oscilloscope_inst/datapath_inst/ch2dataToPixel_inst/P[5]
    SLICE_X31Y30         LUT4 (Prop_lut4_I2_O)        0.150     9.276 r  acquireToHDMIwithZynq_i/acquireToDisplay_AXI_0/U0/acquireToDisplay_AXI_slave_lite_v1_0_S00_AXI_inst/oscilloscope_inst/datapath_inst/ch2dataToPixel_inst/tmp1_carry__0_i_6__3/O
                         net (fo=4, routed)           0.867    10.143    acquireToHDMIwithZynq_i/acquireToDisplay_AXI_0/U0/acquireToDisplay_AXI_slave_lite_v1_0_S00_AXI_inst/oscilloscope_inst/datapath_inst/ch2dataToPixel_inst/tmp1_carry__0_i_6__3_n_0
    SLICE_X30Y29         LUT5 (Prop_lut5_I0_O)        0.326    10.469 r  acquireToHDMIwithZynq_i/acquireToDisplay_AXI_0/U0/acquireToDisplay_AXI_slave_lite_v1_0_S00_AXI_inst/oscilloscope_inst/datapath_inst/ch2dataToPixel_inst/tmp1_carry__0_i_4__4/O
                         net (fo=1, routed)           0.000    10.469    acquireToHDMIwithZynq_i/acquireToDisplay_AXI_0/U0/acquireToDisplay_AXI_slave_lite_v1_0_S00_AXI_inst/oscilloscope_inst/datapath_inst/ch2PixelCompare_inst/red[3]_i_3_0[0]
    SLICE_X30Y29         CARRY4 (Prop_carry4_S[0]_CO[1])
                                                      0.458    10.927 f  acquireToHDMIwithZynq_i/acquireToDisplay_AXI_0/U0/acquireToDisplay_AXI_slave_lite_v1_0_S00_AXI_inst/oscilloscope_inst/datapath_inst/ch2PixelCompare_inst/tmp1_carry__0/CO[1]
                         net (fo=2, routed)           0.726    11.653    acquireToHDMIwithZynq_i/acquireToDisplay_AXI_0/U0/acquireToDisplay_AXI_slave_lite_v1_0_S00_AXI_inst/oscilloscope_inst/datapath_inst/ch2dataToPixel_inst/CO[0]
    SLICE_X29Y28         LUT3 (Prop_lut3_I2_O)        0.358    12.011 r  acquireToHDMIwithZynq_i/acquireToDisplay_AXI_0/U0/acquireToDisplay_AXI_slave_lite_v1_0_S00_AXI_inst/oscilloscope_inst/datapath_inst/ch2dataToPixel_inst/green[7]_i_2/O
                         net (fo=4, routed)           1.106    13.117    acquireToHDMIwithZynq_i/acquireToDisplay_AXI_0/U0/acquireToDisplay_AXI_slave_lite_v1_0_S00_AXI_inst/oscilloscope_inst/datapath_inst/videoSigGen_inst/green_reg[3]_0
    SLICE_X31Y31         LUT6 (Prop_lut6_I1_O)        0.326    13.443 r  acquireToHDMIwithZynq_i/acquireToDisplay_AXI_0/U0/acquireToDisplay_AXI_slave_lite_v1_0_S00_AXI_inst/oscilloscope_inst/datapath_inst/videoSigGen_inst/green[3]_i_1/O
                         net (fo=1, routed)           0.000    13.443    acquireToHDMIwithZynq_i/acquireToDisplay_AXI_0/U0/acquireToDisplay_AXI_slave_lite_v1_0_S00_AXI_inst/oscilloscope_inst/datapath_inst/scopeFace_inst/green_reg[7]_1[1]
    SLICE_X31Y31         FDRE                                         r  acquireToHDMIwithZynq_i/acquireToDisplay_AXI_0/U0/acquireToDisplay_AXI_slave_lite_v1_0_S00_AXI_inst/oscilloscope_inst/datapath_inst/scopeFace_inst/green_reg[3]/D
  -------------------------------------------------------------------    -------------------

                         (clock clk_out1_clk_wiz_0 rise edge)
                                                     13.474    13.474 r  
    BUFGCTRL_X0Y0        BUFG                         0.000    13.474 r  acquireToHDMIwithZynq_i/processing_system7_0/inst/buffer_fclk_clk_0.FCLK_CLK_0_BUFG/O
                         net (fo=1484, routed)        1.487    14.961    acquireToHDMIwithZynq_i/acquireToDisplay_AXI_0/U0/acquireToDisplay_AXI_slave_lite_v1_0_S00_AXI_inst/oscilloscope_inst/datapath_inst/vc/inst/clk_in1
    MMCME2_ADV_X0Y0      MMCME2_ADV (Prop_mmcme2_adv_CLKIN1_CLKOUT0)
                                                     -3.177    11.784 r  acquireToHDMIwithZynq_i/acquireToDisplay_AXI_0/U0/acquireToDisplay_AXI_slave_lite_v1_0_S00_AXI_inst/oscilloscope_inst/datapath_inst/vc/inst/mmcm_adv_inst/CLKOUT0
                         net (fo=1, routed)           1.599    13.383    acquireToHDMIwithZynq_i/acquireToDisplay_AXI_0/U0/acquireToDisplay_AXI_slave_lite_v1_0_S00_AXI_inst/oscilloscope_inst/datapath_inst/vc/inst/clk_out1_clk_wiz_0
    BUFGCTRL_X0Y1        BUFG (Prop_bufg_I_O)         0.091    13.474 r  acquireToHDMIwithZynq_i/acquireToDisplay_AXI_0/U0/acquireToDisplay_AXI_slave_lite_v1_0_S00_AXI_inst/oscilloscope_inst/datapath_inst/vc/inst/clkout1_buf/O
                         net (fo=224, routed)         1.489    14.963    acquireToHDMIwithZynq_i/acquireToDisplay_AXI_0/U0/acquireToDisplay_AXI_slave_lite_v1_0_S00_AXI_inst/oscilloscope_inst/datapath_inst/scopeFace_inst/CLK
    SLICE_X31Y31         FDRE                                         r  acquireToHDMIwithZynq_i/acquireToDisplay_AXI_0/U0/acquireToDisplay_AXI_slave_lite_v1_0_S00_AXI_inst/oscilloscope_inst/datapath_inst/scopeFace_inst/green_reg[3]/C
                         clock pessimism              0.105    15.068    
                         clock uncertainty           -0.234    14.834    
    SLICE_X31Y31         FDRE (Setup_fdre_C_D)        0.029    14.863    acquireToHDMIwithZynq_i/acquireToDisplay_AXI_0/U0/acquireToDisplay_AXI_slave_lite_v1_0_S00_AXI_inst/oscilloscope_inst/datapath_inst/scopeFace_inst/green_reg[3]
  -------------------------------------------------------------------
                         required time                         14.863    
                         arrival time                         -13.443    
  -------------------------------------------------------------------
                         slack                                  1.420    

Slack (MET) :             1.423ns  (required time - arrival time)
  Source:                 <hidden>
                            (rising edge-triggered cell RAMB18E1 clocked by clk_out1_clk_wiz_0  {rise@0.000ns fall@6.737ns period=13.474ns})
  Destination:            acquireToHDMIwithZynq_i/acquireToDisplay_AXI_0/U0/acquireToDisplay_AXI_slave_lite_v1_0_S00_AXI_inst/oscilloscope_inst/datapath_inst/scopeFace_inst/green_reg[7]/D
                            (rising edge-triggered cell FDRE clocked by clk_out1_clk_wiz_0  {rise@0.000ns fall@6.737ns period=13.474ns})
  Path Group:             clk_out1_clk_wiz_0
  Path Type:              Setup (Max at Slow Process Corner)
  Requirement:            13.474ns  (clk_out1_clk_wiz_0 rise@13.474ns - clk_out1_clk_wiz_0 rise@0.000ns)
  Data Path Delay:        11.737ns  (logic 6.341ns (54.024%)  route 5.396ns (45.976%))
  Logic Levels:           6  (CARRY4=1 DSP48E1=1 LUT3=1 LUT4=1 LUT5=1 LUT6=1)
  Clock Path Skew:        -0.110ns (DCD - SCD + CPR)
    Destination Clock Delay (DCD):    1.489ns = ( 14.963 - 13.474 ) 
    Source Clock Delay      (SCD):    1.704ns
    Clock Pessimism Removal (CPR):    0.105ns
  Clock Uncertainty:      0.234ns  ((TSJ^2 + DJ^2)^1/2) / 2 + PE
    Total System Jitter     (TSJ):    0.071ns
    Discrete Jitter          (DJ):    0.462ns
    Phase Error              (PE):    0.000ns

    Location             Delay type                Incr(ns)  Path(ns)    Netlist Resource(s)
  -------------------------------------------------------------------    -------------------
                         (clock clk_out1_clk_wiz_0 rise edge)
                                                      0.000     0.000 r  
    BUFGCTRL_X0Y0        BUFG                         0.000     0.000 r  acquireToHDMIwithZynq_i/processing_system7_0/inst/buffer_fclk_clk_0.FCLK_CLK_0_BUFG/O
                         net (fo=1484, routed)        1.677     1.677    acquireToHDMIwithZynq_i/acquireToDisplay_AXI_0/U0/acquireToDisplay_AXI_slave_lite_v1_0_S00_AXI_inst/oscilloscope_inst/datapath_inst/vc/inst/clk_in1
    MMCME2_ADV_X0Y0      MMCME2_ADV (Prop_mmcme2_adv_CLKIN1_CLKOUT0)
                                                     -3.538    -1.861 r  acquireToHDMIwithZynq_i/acquireToDisplay_AXI_0/U0/acquireToDisplay_AXI_slave_lite_v1_0_S00_AXI_inst/oscilloscope_inst/datapath_inst/vc/inst/mmcm_adv_inst/CLKOUT0
                         net (fo=1, routed)           1.760    -0.101    acquireToHDMIwithZynq_i/acquireToDisplay_AXI_0/U0/acquireToDisplay_AXI_slave_lite_v1_0_S00_AXI_inst/oscilloscope_inst/datapath_inst/vc/inst/clk_out1_clk_wiz_0
    BUFGCTRL_X0Y1        BUFG (Prop_bufg_I_O)         0.101     0.000 r  acquireToHDMIwithZynq_i/acquireToDisplay_AXI_0/U0/acquireToDisplay_AXI_slave_lite_v1_0_S00_AXI_inst/oscilloscope_inst/datapath_inst/vc/inst/clkout1_buf/O
                         net (fo=224, routed)         1.704     1.704    <hidden>
    RAMB18_X1Y12         RAMB18E1                                     r  <hidden>
  -------------------------------------------------------------------    -------------------
    RAMB18_X1Y12         RAMB18E1 (Prop_ramb18e1_CLKBWRCLK_DOBDO[15])
                                                      0.882     2.586 r  <hidden>
                         net (fo=15, routed)          1.287     3.873    acquireToHDMIwithZynq_i/acquireToDisplay_AXI_0/U0/acquireToDisplay_AXI_slave_lite_v1_0_S00_AXI_inst/oscilloscope_inst/datapath_inst/ch2dataToPixel_inst/doutb[15]
    DSP48_X1Y12          DSP48E1 (Prop_dsp48e1_A[23]_P[21])
                                                      3.841     7.714 f  acquireToHDMIwithZynq_i/acquireToDisplay_AXI_0/U0/acquireToDisplay_AXI_slave_lite_v1_0_S00_AXI_inst/oscilloscope_inst/datapath_inst/ch2dataToPixel_inst/x_SIGNED32/P[21]
                         net (fo=10, routed)          1.412     9.126    acquireToHDMIwithZynq_i/acquireToDisplay_AXI_0/U0/acquireToDisplay_AXI_slave_lite_v1_0_S00_AXI_inst/oscilloscope_inst/datapath_inst/ch2dataToPixel_inst/P[5]
    SLICE_X31Y30         LUT4 (Prop_lut4_I2_O)        0.150     9.276 r  acquireToHDMIwithZynq_i/acquireToDisplay_AXI_0/U0/acquireToDisplay_AXI_slave_lite_v1_0_S00_AXI_inst/oscilloscope_inst/datapath_inst/ch2dataToPixel_inst/tmp1_carry__0_i_6__3/O
                         net (fo=4, routed)           0.867    10.143    acquireToHDMIwithZynq_i/acquireToDisplay_AXI_0/U0/acquireToDisplay_AXI_slave_lite_v1_0_S00_AXI_inst/oscilloscope_inst/datapath_inst/ch2dataToPixel_inst/tmp1_carry__0_i_6__3_n_0
    SLICE_X30Y29         LUT5 (Prop_lut5_I0_O)        0.326    10.469 r  acquireToHDMIwithZynq_i/acquireToDisplay_AXI_0/U0/acquireToDisplay_AXI_slave_lite_v1_0_S00_AXI_inst/oscilloscope_inst/datapath_inst/ch2dataToPixel_inst/tmp1_carry__0_i_4__4/O
                         net (fo=1, routed)           0.000    10.469    acquireToHDMIwithZynq_i/acquireToDisplay_AXI_0/U0/acquireToDisplay_AXI_slave_lite_v1_0_S00_AXI_inst/oscilloscope_inst/datapath_inst/ch2PixelCompare_inst/red[3]_i_3_0[0]
    SLICE_X30Y29         CARRY4 (Prop_carry4_S[0]_CO[1])
                                                      0.458    10.927 f  acquireToHDMIwithZynq_i/acquireToDisplay_AXI_0/U0/acquireToDisplay_AXI_slave_lite_v1_0_S00_AXI_inst/oscilloscope_inst/datapath_inst/ch2PixelCompare_inst/tmp1_carry__0/CO[1]
                         net (fo=2, routed)           0.726    11.653    acquireToHDMIwithZynq_i/acquireToDisplay_AXI_0/U0/acquireToDisplay_AXI_slave_lite_v1_0_S00_AXI_inst/oscilloscope_inst/datapath_inst/ch2dataToPixel_inst/CO[0]
    SLICE_X29Y28         LUT3 (Prop_lut3_I2_O)        0.358    12.011 r  acquireToHDMIwithZynq_i/acquireToDisplay_AXI_0/U0/acquireToDisplay_AXI_slave_lite_v1_0_S00_AXI_inst/oscilloscope_inst/datapath_inst/ch2dataToPixel_inst/green[7]_i_2/O
                         net (fo=4, routed)           1.105    13.116    acquireToHDMIwithZynq_i/acquireToDisplay_AXI_0/U0/acquireToDisplay_AXI_slave_lite_v1_0_S00_AXI_inst/oscilloscope_inst/datapath_inst/videoSigGen_inst/green_reg[3]_0
    SLICE_X31Y31         LUT6 (Prop_lut6_I2_O)        0.326    13.442 r  acquireToHDMIwithZynq_i/acquireToDisplay_AXI_0/U0/acquireToDisplay_AXI_slave_lite_v1_0_S00_AXI_inst/oscilloscope_inst/datapath_inst/videoSigGen_inst/green[7]_i_1/O
                         net (fo=1, routed)           0.000    13.442    acquireToHDMIwithZynq_i/acquireToDisplay_AXI_0/U0/acquireToDisplay_AXI_slave_lite_v1_0_S00_AXI_inst/oscilloscope_inst/datapath_inst/scopeFace_inst/green_reg[7]_1[2]
    SLICE_X31Y31         FDRE                                         r  acquireToHDMIwithZynq_i/acquireToDisplay_AXI_0/U0/acquireToDisplay_AXI_slave_lite_v1_0_S00_AXI_inst/oscilloscope_inst/datapath_inst/scopeFace_inst/green_reg[7]/D
  -------------------------------------------------------------------    -------------------

                         (clock clk_out1_clk_wiz_0 rise edge)
                                                     13.474    13.474 r  
    BUFGCTRL_X0Y0        BUFG                         0.000    13.474 r  acquireToHDMIwithZynq_i/processing_system7_0/inst/buffer_fclk_clk_0.FCLK_CLK_0_BUFG/O
                         net (fo=1484, routed)        1.487    14.961    acquireToHDMIwithZynq_i/acquireToDisplay_AXI_0/U0/acquireToDisplay_AXI_slave_lite_v1_0_S00_AXI_inst/oscilloscope_inst/datapath_inst/vc/inst/clk_in1
    MMCME2_ADV_X0Y0      MMCME2_ADV (Prop_mmcme2_adv_CLKIN1_CLKOUT0)
                                                     -3.177    11.784 r  acquireToHDMIwithZynq_i/acquireToDisplay_AXI_0/U0/acquireToDisplay_AXI_slave_lite_v1_0_S00_AXI_inst/oscilloscope_inst/datapath_inst/vc/inst/mmcm_adv_inst/CLKOUT0
                         net (fo=1, routed)           1.599    13.383    acquireToHDMIwithZynq_i/acquireToDisplay_AXI_0/U0/acquireToDisplay_AXI_slave_lite_v1_0_S00_AXI_inst/oscilloscope_inst/datapath_inst/vc/inst/clk_out1_clk_wiz_0
    BUFGCTRL_X0Y1        BUFG (Prop_bufg_I_O)         0.091    13.474 r  acquireToHDMIwithZynq_i/acquireToDisplay_AXI_0/U0/acquireToDisplay_AXI_slave_lite_v1_0_S00_AXI_inst/oscilloscope_inst/datapath_inst/vc/inst/clkout1_buf/O
                         net (fo=224, routed)         1.489    14.963    acquireToHDMIwithZynq_i/acquireToDisplay_AXI_0/U0/acquireToDisplay_AXI_slave_lite_v1_0_S00_AXI_inst/oscilloscope_inst/datapath_inst/scopeFace_inst/CLK
    SLICE_X31Y31         FDRE                                         r  acquireToHDMIwithZynq_i/acquireToDisplay_AXI_0/U0/acquireToDisplay_AXI_slave_lite_v1_0_S00_AXI_inst/oscilloscope_inst/datapath_inst/scopeFace_inst/green_reg[7]/C
                         clock pessimism              0.105    15.068    
                         clock uncertainty           -0.234    14.834    
    SLICE_X31Y31         FDRE (Setup_fdre_C_D)        0.031    14.865    acquireToHDMIwithZynq_i/acquireToDisplay_AXI_0/U0/acquireToDisplay_AXI_slave_lite_v1_0_S00_AXI_inst/oscilloscope_inst/datapath_inst/scopeFace_inst/green_reg[7]
  -------------------------------------------------------------------
                         required time                         14.865    
                         arrival time                         -13.442    
  -------------------------------------------------------------------
                         slack                                  1.423    

Slack (MET) :             1.800ns  (required time - arrival time)
  Source:                 <hidden>
                            (rising edge-triggered cell RAMB18E1 clocked by clk_out1_clk_wiz_0  {rise@0.000ns fall@6.737ns period=13.474ns})
  Destination:            acquireToHDMIwithZynq_i/acquireToDisplay_AXI_0/U0/acquireToDisplay_AXI_slave_lite_v1_0_S00_AXI_inst/oscilloscope_inst/datapath_inst/scopeFace_inst/red_reg[3]/D
                            (rising edge-triggered cell FDRE clocked by clk_out1_clk_wiz_0  {rise@0.000ns fall@6.737ns period=13.474ns})
  Path Group:             clk_out1_clk_wiz_0
  Path Type:              Setup (Max at Slow Process Corner)
  Requirement:            13.474ns  (clk_out1_clk_wiz_0 rise@13.474ns - clk_out1_clk_wiz_0 rise@0.000ns)
  Data Path Delay:        11.361ns  (logic 6.113ns (53.808%)  route 5.248ns (46.192%))
  Logic Levels:           6  (CARRY4=1 DSP48E1=1 LUT2=1 LUT4=1 LUT5=1 LUT6=1)
  Clock Path Skew:        -0.111ns (DCD - SCD + CPR)
    Destination Clock Delay (DCD):    1.488ns = ( 14.962 - 13.474 ) 
    Source Clock Delay      (SCD):    1.704ns
    Clock Pessimism Removal (CPR):    0.105ns
  Clock Uncertainty:      0.234ns  ((TSJ^2 + DJ^2)^1/2) / 2 + PE
    Total System Jitter     (TSJ):    0.071ns
    Discrete Jitter          (DJ):    0.462ns
    Phase Error              (PE):    0.000ns

    Location             Delay type                Incr(ns)  Path(ns)    Netlist Resource(s)
  -------------------------------------------------------------------    -------------------
                         (clock clk_out1_clk_wiz_0 rise edge)
                                                      0.000     0.000 r  
    BUFGCTRL_X0Y0        BUFG                         0.000     0.000 r  acquireToHDMIwithZynq_i/processing_system7_0/inst/buffer_fclk_clk_0.FCLK_CLK_0_BUFG/O
                         net (fo=1484, routed)        1.677     1.677    acquireToHDMIwithZynq_i/acquireToDisplay_AXI_0/U0/acquireToDisplay_AXI_slave_lite_v1_0_S00_AXI_inst/oscilloscope_inst/datapath_inst/vc/inst/clk_in1
    MMCME2_ADV_X0Y0      MMCME2_ADV (Prop_mmcme2_adv_CLKIN1_CLKOUT0)
                                                     -3.538    -1.861 r  acquireToHDMIwithZynq_i/acquireToDisplay_AXI_0/U0/acquireToDisplay_AXI_slave_lite_v1_0_S00_AXI_inst/oscilloscope_inst/datapath_inst/vc/inst/mmcm_adv_inst/CLKOUT0
                         net (fo=1, routed)           1.760    -0.101    acquireToHDMIwithZynq_i/acquireToDisplay_AXI_0/U0/acquireToDisplay_AXI_slave_lite_v1_0_S00_AXI_inst/oscilloscope_inst/datapath_inst/vc/inst/clk_out1_clk_wiz_0
    BUFGCTRL_X0Y1        BUFG (Prop_bufg_I_O)         0.101     0.000 r  acquireToHDMIwithZynq_i/acquireToDisplay_AXI_0/U0/acquireToDisplay_AXI_slave_lite_v1_0_S00_AXI_inst/oscilloscope_inst/datapath_inst/vc/inst/clkout1_buf/O
                         net (fo=224, routed)         1.704     1.704    <hidden>
    RAMB18_X1Y12         RAMB18E1                                     r  <hidden>
  -------------------------------------------------------------------    -------------------
    RAMB18_X1Y12         RAMB18E1 (Prop_ramb18e1_CLKBWRCLK_DOBDO[15])
                                                      0.882     2.586 r  <hidden>
                         net (fo=15, routed)          1.287     3.873    acquireToHDMIwithZynq_i/acquireToDisplay_AXI_0/U0/acquireToDisplay_AXI_slave_lite_v1_0_S00_AXI_inst/oscilloscope_inst/datapath_inst/ch2dataToPixel_inst/doutb[15]
    DSP48_X1Y12          DSP48E1 (Prop_dsp48e1_A[23]_P[21])
                                                      3.841     7.714 f  acquireToHDMIwithZynq_i/acquireToDisplay_AXI_0/U0/acquireToDisplay_AXI_slave_lite_v1_0_S00_AXI_inst/oscilloscope_inst/datapath_inst/ch2dataToPixel_inst/x_SIGNED32/P[21]
                         net (fo=10, routed)          1.412     9.126    acquireToHDMIwithZynq_i/acquireToDisplay_AXI_0/U0/acquireToDisplay_AXI_slave_lite_v1_0_S00_AXI_inst/oscilloscope_inst/datapath_inst/ch2dataToPixel_inst/P[5]
    SLICE_X31Y30         LUT4 (Prop_lut4_I2_O)        0.150     9.276 r  acquireToHDMIwithZynq_i/acquireToDisplay_AXI_0/U0/acquireToDisplay_AXI_slave_lite_v1_0_S00_AXI_inst/oscilloscope_inst/datapath_inst/ch2dataToPixel_inst/tmp1_carry__0_i_6__3/O
                         net (fo=4, routed)           0.867    10.143    acquireToHDMIwithZynq_i/acquireToDisplay_AXI_0/U0/acquireToDisplay_AXI_slave_lite_v1_0_S00_AXI_inst/oscilloscope_inst/datapath_inst/ch2dataToPixel_inst/tmp1_carry__0_i_6__3_n_0
    SLICE_X30Y29         LUT5 (Prop_lut5_I0_O)        0.326    10.469 r  acquireToHDMIwithZynq_i/acquireToDisplay_AXI_0/U0/acquireToDisplay_AXI_slave_lite_v1_0_S00_AXI_inst/oscilloscope_inst/datapath_inst/ch2dataToPixel_inst/tmp1_carry__0_i_4__4/O
                         net (fo=1, routed)           0.000    10.469    acquireToHDMIwithZynq_i/acquireToDisplay_AXI_0/U0/acquireToDisplay_AXI_slave_lite_v1_0_S00_AXI_inst/oscilloscope_inst/datapath_inst/ch2PixelCompare_inst/red[3]_i_3_0[0]
    SLICE_X30Y29         CARRY4 (Prop_carry4_S[0]_CO[1])
                                                      0.458    10.927 r  acquireToHDMIwithZynq_i/acquireToDisplay_AXI_0/U0/acquireToDisplay_AXI_slave_lite_v1_0_S00_AXI_inst/oscilloscope_inst/datapath_inst/ch2PixelCompare_inst/tmp1_carry__0/CO[1]
                         net (fo=2, routed)           0.726    11.653    acquireToHDMIwithZynq_i/acquireToDisplay_AXI_0/U0/acquireToDisplay_AXI_slave_lite_v1_0_S00_AXI_inst/oscilloscope_inst/datapath_inst/ch2dataToPixel_inst/CO[0]
    SLICE_X29Y28         LUT2 (Prop_lut2_I0_O)        0.332    11.985 r  acquireToHDMIwithZynq_i/acquireToDisplay_AXI_0/U0/acquireToDisplay_AXI_slave_lite_v1_0_S00_AXI_inst/oscilloscope_inst/datapath_inst/ch2dataToPixel_inst/red[3]_i_3/O
                         net (fo=1, routed)           0.956    12.941    acquireToHDMIwithZynq_i/acquireToDisplay_AXI_0/U0/acquireToDisplay_AXI_slave_lite_v1_0_S00_AXI_inst/oscilloscope_inst/datapath_inst/videoSigGen_inst/red_reg[3]
    SLICE_X31Y30         LUT6 (Prop_lut6_I1_O)        0.124    13.065 r  acquireToHDMIwithZynq_i/acquireToDisplay_AXI_0/U0/acquireToDisplay_AXI_slave_lite_v1_0_S00_AXI_inst/oscilloscope_inst/datapath_inst/videoSigGen_inst/red[3]_i_1/O
                         net (fo=1, routed)           0.000    13.065    acquireToHDMIwithZynq_i/acquireToDisplay_AXI_0/U0/acquireToDisplay_AXI_slave_lite_v1_0_S00_AXI_inst/oscilloscope_inst/datapath_inst/scopeFace_inst/D[1]
    SLICE_X31Y30         FDRE                                         r  acquireToHDMIwithZynq_i/acquireToDisplay_AXI_0/U0/acquireToDisplay_AXI_slave_lite_v1_0_S00_AXI_inst/oscilloscope_inst/datapath_inst/scopeFace_inst/red_reg[3]/D
  -------------------------------------------------------------------    -------------------

                         (clock clk_out1_clk_wiz_0 rise edge)
                                                     13.474    13.474 r  
    BUFGCTRL_X0Y0        BUFG                         0.000    13.474 r  acquireToHDMIwithZynq_i/processing_system7_0/inst/buffer_fclk_clk_0.FCLK_CLK_0_BUFG/O
                         net (fo=1484, routed)        1.487    14.961    acquireToHDMIwithZynq_i/acquireToDisplay_AXI_0/U0/acquireToDisplay_AXI_slave_lite_v1_0_S00_AXI_inst/oscilloscope_inst/datapath_inst/vc/inst/clk_in1
    MMCME2_ADV_X0Y0      MMCME2_ADV (Prop_mmcme2_adv_CLKIN1_CLKOUT0)
                                                     -3.177    11.784 r  acquireToHDMIwithZynq_i/acquireToDisplay_AXI_0/U0/acquireToDisplay_AXI_slave_lite_v1_0_S00_AXI_inst/oscilloscope_inst/datapath_inst/vc/inst/mmcm_adv_inst/CLKOUT0
                         net (fo=1, routed)           1.599    13.383    acquireToHDMIwithZynq_i/acquireToDisplay_AXI_0/U0/acquireToDisplay_AXI_slave_lite_v1_0_S00_AXI_inst/oscilloscope_inst/datapath_inst/vc/inst/clk_out1_clk_wiz_0
    BUFGCTRL_X0Y1        BUFG (Prop_bufg_I_O)         0.091    13.474 r  acquireToHDMIwithZynq_i/acquireToDisplay_AXI_0/U0/acquireToDisplay_AXI_slave_lite_v1_0_S00_AXI_inst/oscilloscope_inst/datapath_inst/vc/inst/clkout1_buf/O
                         net (fo=224, routed)         1.488    14.962    acquireToHDMIwithZynq_i/acquireToDisplay_AXI_0/U0/acquireToDisplay_AXI_slave_lite_v1_0_S00_AXI_inst/oscilloscope_inst/datapath_inst/scopeFace_inst/CLK
    SLICE_X31Y30         FDRE                                         r  acquireToHDMIwithZynq_i/acquireToDisplay_AXI_0/U0/acquireToDisplay_AXI_slave_lite_v1_0_S00_AXI_inst/oscilloscope_inst/datapath_inst/scopeFace_inst/red_reg[3]/C
                         clock pessimism              0.105    15.067    
                         clock uncertainty           -0.234    14.833    
    SLICE_X31Y30         FDRE (Setup_fdre_C_D)        0.032    14.865    acquireToHDMIwithZynq_i/acquireToDisplay_AXI_0/U0/acquireToDisplay_AXI_slave_lite_v1_0_S00_AXI_inst/oscilloscope_inst/datapath_inst/scopeFace_inst/red_reg[3]
  -------------------------------------------------------------------
                         required time                         14.865    
                         arrival time                         -13.065    
  -------------------------------------------------------------------
                         slack                                  1.800    

Slack (MET) :             1.819ns  (required time - arrival time)
  Source:                 <hidden>
                            (rising edge-triggered cell RAMB18E1 clocked by clk_out1_clk_wiz_0  {rise@0.000ns fall@6.737ns period=13.474ns})
  Destination:            acquireToHDMIwithZynq_i/acquireToDisplay_AXI_0/U0/acquireToDisplay_AXI_slave_lite_v1_0_S00_AXI_inst/oscilloscope_inst/datapath_inst/scopeFace_inst/blue_reg[3]/D
                            (rising edge-triggered cell FDRE clocked by clk_out1_clk_wiz_0  {rise@0.000ns fall@6.737ns period=13.474ns})
  Path Group:             clk_out1_clk_wiz_0
  Path Type:              Setup (Max at Slow Process Corner)
  Requirement:            13.474ns  (clk_out1_clk_wiz_0 rise@13.474ns - clk_out1_clk_wiz_0 rise@0.000ns)
  Data Path Delay:        11.389ns  (logic 6.341ns (55.675%)  route 5.048ns (44.325%))
  Logic Levels:           6  (CARRY4=1 DSP48E1=1 LUT3=1 LUT4=2 LUT5=1)
  Clock Path Skew:        -0.110ns (DCD - SCD + CPR)
    Destination Clock Delay (DCD):    1.489ns = ( 14.963 - 13.474 ) 
    Source Clock Delay      (SCD):    1.704ns
    Clock Pessimism Removal (CPR):    0.105ns
  Clock Uncertainty:      0.234ns  ((TSJ^2 + DJ^2)^1/2) / 2 + PE
    Total System Jitter     (TSJ):    0.071ns
    Discrete Jitter          (DJ):    0.462ns
    Phase Error              (PE):    0.000ns

    Location             Delay type                Incr(ns)  Path(ns)    Netlist Resource(s)
  -------------------------------------------------------------------    -------------------
                         (clock clk_out1_clk_wiz_0 rise edge)
                                                      0.000     0.000 r  
    BUFGCTRL_X0Y0        BUFG                         0.000     0.000 r  acquireToHDMIwithZynq_i/processing_system7_0/inst/buffer_fclk_clk_0.FCLK_CLK_0_BUFG/O
                         net (fo=1484, routed)        1.677     1.677    acquireToHDMIwithZynq_i/acquireToDisplay_AXI_0/U0/acquireToDisplay_AXI_slave_lite_v1_0_S00_AXI_inst/oscilloscope_inst/datapath_inst/vc/inst/clk_in1
    MMCME2_ADV_X0Y0      MMCME2_ADV (Prop_mmcme2_adv_CLKIN1_CLKOUT0)
                                                     -3.538    -1.861 r  acquireToHDMIwithZynq_i/acquireToDisplay_AXI_0/U0/acquireToDisplay_AXI_slave_lite_v1_0_S00_AXI_inst/oscilloscope_inst/datapath_inst/vc/inst/mmcm_adv_inst/CLKOUT0
                         net (fo=1, routed)           1.760    -0.101    acquireToHDMIwithZynq_i/acquireToDisplay_AXI_0/U0/acquireToDisplay_AXI_slave_lite_v1_0_S00_AXI_inst/oscilloscope_inst/datapath_inst/vc/inst/clk_out1_clk_wiz_0
    BUFGCTRL_X0Y1        BUFG (Prop_bufg_I_O)         0.101     0.000 r  acquireToHDMIwithZynq_i/acquireToDisplay_AXI_0/U0/acquireToDisplay_AXI_slave_lite_v1_0_S00_AXI_inst/oscilloscope_inst/datapath_inst/vc/inst/clkout1_buf/O
                         net (fo=224, routed)         1.704     1.704    <hidden>
    RAMB18_X1Y12         RAMB18E1                                     r  <hidden>
  -------------------------------------------------------------------    -------------------
    RAMB18_X1Y12         RAMB18E1 (Prop_ramb18e1_CLKBWRCLK_DOBDO[15])
                                                      0.882     2.586 r  <hidden>
                         net (fo=15, routed)          1.287     3.873    acquireToHDMIwithZynq_i/acquireToDisplay_AXI_0/U0/acquireToDisplay_AXI_slave_lite_v1_0_S00_AXI_inst/oscilloscope_inst/datapath_inst/ch2dataToPixel_inst/doutb[15]
    DSP48_X1Y12          DSP48E1 (Prop_dsp48e1_A[23]_P[21])
                                                      3.841     7.714 f  acquireToHDMIwithZynq_i/acquireToDisplay_AXI_0/U0/acquireToDisplay_AXI_slave_lite_v1_0_S00_AXI_inst/oscilloscope_inst/datapath_inst/ch2dataToPixel_inst/x_SIGNED32/P[21]
                         net (fo=10, routed)          1.412     9.126    acquireToHDMIwithZynq_i/acquireToDisplay_AXI_0/U0/acquireToDisplay_AXI_slave_lite_v1_0_S00_AXI_inst/oscilloscope_inst/datapath_inst/ch2dataToPixel_inst/P[5]
    SLICE_X31Y30         LUT4 (Prop_lut4_I2_O)        0.150     9.276 r  acquireToHDMIwithZynq_i/acquireToDisplay_AXI_0/U0/acquireToDisplay_AXI_slave_lite_v1_0_S00_AXI_inst/oscilloscope_inst/datapath_inst/ch2dataToPixel_inst/tmp1_carry__0_i_6__3/O
                         net (fo=4, routed)           0.867    10.143    acquireToHDMIwithZynq_i/acquireToDisplay_AXI_0/U0/acquireToDisplay_AXI_slave_lite_v1_0_S00_AXI_inst/oscilloscope_inst/datapath_inst/ch2dataToPixel_inst/tmp1_carry__0_i_6__3_n_0
    SLICE_X30Y29         LUT5 (Prop_lut5_I0_O)        0.326    10.469 r  acquireToHDMIwithZynq_i/acquireToDisplay_AXI_0/U0/acquireToDisplay_AXI_slave_lite_v1_0_S00_AXI_inst/oscilloscope_inst/datapath_inst/ch2dataToPixel_inst/tmp1_carry__0_i_4__4/O
                         net (fo=1, routed)           0.000    10.469    acquireToHDMIwithZynq_i/acquireToDisplay_AXI_0/U0/acquireToDisplay_AXI_slave_lite_v1_0_S00_AXI_inst/oscilloscope_inst/datapath_inst/ch2PixelCompare_inst/red[3]_i_3_0[0]
    SLICE_X30Y29         CARRY4 (Prop_carry4_S[0]_CO[1])
                                                      0.458    10.927 r  acquireToHDMIwithZynq_i/acquireToDisplay_AXI_0/U0/acquireToDisplay_AXI_slave_lite_v1_0_S00_AXI_inst/oscilloscope_inst/datapath_inst/ch2PixelCompare_inst/tmp1_carry__0/CO[1]
                         net (fo=2, routed)           0.726    11.653    acquireToHDMIwithZynq_i/acquireToDisplay_AXI_0/U0/acquireToDisplay_AXI_slave_lite_v1_0_S00_AXI_inst/oscilloscope_inst/datapath_inst/ch2dataToPixel_inst/CO[0]
    SLICE_X29Y28         LUT3 (Prop_lut3_I2_O)        0.358    12.011 f  acquireToHDMIwithZynq_i/acquireToDisplay_AXI_0/U0/acquireToDisplay_AXI_slave_lite_v1_0_S00_AXI_inst/oscilloscope_inst/datapath_inst/ch2dataToPixel_inst/green[7]_i_2/O
                         net (fo=4, routed)           0.757    12.768    acquireToHDMIwithZynq_i/acquireToDisplay_AXI_0/U0/acquireToDisplay_AXI_slave_lite_v1_0_S00_AXI_inst/oscilloscope_inst/datapath_inst/videoSigGen_inst/green_reg[3]_0
    SLICE_X28Y31         LUT4 (Prop_lut4_I3_O)        0.326    13.094 r  acquireToHDMIwithZynq_i/acquireToDisplay_AXI_0/U0/acquireToDisplay_AXI_slave_lite_v1_0_S00_AXI_inst/oscilloscope_inst/datapath_inst/videoSigGen_inst/blue[3]_i_1/O
                         net (fo=1, routed)           0.000    13.094    acquireToHDMIwithZynq_i/acquireToDisplay_AXI_0/U0/acquireToDisplay_AXI_slave_lite_v1_0_S00_AXI_inst/oscilloscope_inst/datapath_inst/scopeFace_inst/blue_reg[3]_1[1]
    SLICE_X28Y31         FDRE                                         r  acquireToHDMIwithZynq_i/acquireToDisplay_AXI_0/U0/acquireToDisplay_AXI_slave_lite_v1_0_S00_AXI_inst/oscilloscope_inst/datapath_inst/scopeFace_inst/blue_reg[3]/D
  -------------------------------------------------------------------    -------------------

                         (clock clk_out1_clk_wiz_0 rise edge)
                                                     13.474    13.474 r  
    BUFGCTRL_X0Y0        BUFG                         0.000    13.474 r  acquireToHDMIwithZynq_i/processing_system7_0/inst/buffer_fclk_clk_0.FCLK_CLK_0_BUFG/O
                         net (fo=1484, routed)        1.487    14.961    acquireToHDMIwithZynq_i/acquireToDisplay_AXI_0/U0/acquireToDisplay_AXI_slave_lite_v1_0_S00_AXI_inst/oscilloscope_inst/datapath_inst/vc/inst/clk_in1
    MMCME2_ADV_X0Y0      MMCME2_ADV (Prop_mmcme2_adv_CLKIN1_CLKOUT0)
                                                     -3.177    11.784 r  acquireToHDMIwithZynq_i/acquireToDisplay_AXI_0/U0/acquireToDisplay_AXI_slave_lite_v1_0_S00_AXI_inst/oscilloscope_inst/datapath_inst/vc/inst/mmcm_adv_inst/CLKOUT0
                         net (fo=1, routed)           1.599    13.383    acquireToHDMIwithZynq_i/acquireToDisplay_AXI_0/U0/acquireToDisplay_AXI_slave_lite_v1_0_S00_AXI_inst/oscilloscope_inst/datapath_inst/vc/inst/clk_out1_clk_wiz_0
    BUFGCTRL_X0Y1        BUFG (Prop_bufg_I_O)         0.091    13.474 r  acquireToHDMIwithZynq_i/acquireToDisplay_AXI_0/U0/acquireToDisplay_AXI_slave_lite_v1_0_S00_AXI_inst/oscilloscope_inst/datapath_inst/vc/inst/clkout1_buf/O
                         net (fo=224, routed)         1.489    14.963    acquireToHDMIwithZynq_i/acquireToDisplay_AXI_0/U0/acquireToDisplay_AXI_slave_lite_v1_0_S00_AXI_inst/oscilloscope_inst/datapath_inst/scopeFace_inst/CLK
    SLICE_X28Y31         FDRE                                         r  acquireToHDMIwithZynq_i/acquireToDisplay_AXI_0/U0/acquireToDisplay_AXI_slave_lite_v1_0_S00_AXI_inst/oscilloscope_inst/datapath_inst/scopeFace_inst/blue_reg[3]/C
                         clock pessimism              0.105    15.068    
                         clock uncertainty           -0.234    14.834    
    SLICE_X28Y31         FDRE (Setup_fdre_C_D)        0.079    14.913    acquireToHDMIwithZynq_i/acquireToDisplay_AXI_0/U0/acquireToDisplay_AXI_slave_lite_v1_0_S00_AXI_inst/oscilloscope_inst/datapath_inst/scopeFace_inst/blue_reg[3]
  -------------------------------------------------------------------
                         required time                         14.913    
                         arrival time                         -13.094    
  -------------------------------------------------------------------
                         slack                                  1.819    

Slack (MET) :             2.041ns  (required time - arrival time)
  Source:                 <hidden>
                            (rising edge-triggered cell RAMB18E1 clocked by clk_out1_clk_wiz_0  {rise@0.000ns fall@6.737ns period=13.474ns})
  Destination:            acquireToHDMIwithZynq_i/acquireToDisplay_AXI_0/U0/acquireToDisplay_AXI_slave_lite_v1_0_S00_AXI_inst/oscilloscope_inst/datapath_inst/scopeFace_inst/red_reg[0]/D
                            (rising edge-triggered cell FDRE clocked by clk_out1_clk_wiz_0  {rise@0.000ns fall@6.737ns period=13.474ns})
  Path Group:             clk_out1_clk_wiz_0
  Path Type:              Setup (Max at Slow Process Corner)
  Requirement:            13.474ns  (clk_out1_clk_wiz_0 rise@13.474ns - clk_out1_clk_wiz_0 rise@0.000ns)
  Data Path Delay:        11.113ns  (logic 6.115ns (55.027%)  route 4.998ns (44.973%))
  Logic Levels:           6  (CARRY4=1 DSP48E1=1 LUT4=2 LUT5=2)
  Clock Path Skew:        -0.117ns (DCD - SCD + CPR)
    Destination Clock Delay (DCD):    1.488ns = ( 14.962 - 13.474 ) 
    Source Clock Delay      (SCD):    1.710ns
    Clock Pessimism Removal (CPR):    0.105ns
  Clock Uncertainty:      0.234ns  ((TSJ^2 + DJ^2)^1/2) / 2 + PE
    Total System Jitter     (TSJ):    0.071ns
    Discrete Jitter          (DJ):    0.462ns
    Phase Error              (PE):    0.000ns

    Location             Delay type                Incr(ns)  Path(ns)    Netlist Resource(s)
  -------------------------------------------------------------------    -------------------
                         (clock clk_out1_clk_wiz_0 rise edge)
                                                      0.000     0.000 r  
    BUFGCTRL_X0Y0        BUFG                         0.000     0.000 r  acquireToHDMIwithZynq_i/processing_system7_0/inst/buffer_fclk_clk_0.FCLK_CLK_0_BUFG/O
                         net (fo=1484, routed)        1.677     1.677    acquireToHDMIwithZynq_i/acquireToDisplay_AXI_0/U0/acquireToDisplay_AXI_slave_lite_v1_0_S00_AXI_inst/oscilloscope_inst/datapath_inst/vc/inst/clk_in1
    MMCME2_ADV_X0Y0      MMCME2_ADV (Prop_mmcme2_adv_CLKIN1_CLKOUT0)
                                                     -3.538    -1.861 r  acquireToHDMIwithZynq_i/acquireToDisplay_AXI_0/U0/acquireToDisplay_AXI_slave_lite_v1_0_S00_AXI_inst/oscilloscope_inst/datapath_inst/vc/inst/mmcm_adv_inst/CLKOUT0
                         net (fo=1, routed)           1.760    -0.101    acquireToHDMIwithZynq_i/acquireToDisplay_AXI_0/U0/acquireToDisplay_AXI_slave_lite_v1_0_S00_AXI_inst/oscilloscope_inst/datapath_inst/vc/inst/clk_out1_clk_wiz_0
    BUFGCTRL_X0Y1        BUFG (Prop_bufg_I_O)         0.101     0.000 r  acquireToHDMIwithZynq_i/acquireToDisplay_AXI_0/U0/acquireToDisplay_AXI_slave_lite_v1_0_S00_AXI_inst/oscilloscope_inst/datapath_inst/vc/inst/clkout1_buf/O
                         net (fo=224, routed)         1.710     1.710    <hidden>
    RAMB18_X1Y14         RAMB18E1                                     r  <hidden>
  -------------------------------------------------------------------    -------------------
    RAMB18_X1Y14         RAMB18E1 (Prop_ramb18e1_CLKBWRCLK_DOBDO[15])
                                                      0.882     2.592 r  <hidden>
                         net (fo=15, routed)          1.269     3.861    acquireToHDMIwithZynq_i/acquireToDisplay_AXI_0/U0/acquireToDisplay_AXI_slave_lite_v1_0_S00_AXI_inst/oscilloscope_inst/datapath_inst/ch1dataToPixel_inst/doutb[15]
    DSP48_X1Y14          DSP48E1 (Prop_dsp48e1_A[19]_P[20])
                                                      3.841     7.702 f  acquireToHDMIwithZynq_i/acquireToDisplay_AXI_0/U0/acquireToDisplay_AXI_slave_lite_v1_0_S00_AXI_inst/oscilloscope_inst/datapath_inst/ch1dataToPixel_inst/x_SIGNED32/P[20]
                         net (fo=10, routed)          1.052     8.754    acquireToHDMIwithZynq_i/acquireToDisplay_AXI_0/U0/acquireToDisplay_AXI_slave_lite_v1_0_S00_AXI_inst/oscilloscope_inst/datapath_inst/ch1dataToPixel_inst/P[4]
    SLICE_X32Y36         LUT4 (Prop_lut4_I1_O)        0.150     8.904 r  acquireToHDMIwithZynq_i/acquireToDisplay_AXI_0/U0/acquireToDisplay_AXI_slave_lite_v1_0_S00_AXI_inst/oscilloscope_inst/datapath_inst/ch1dataToPixel_inst/tmp1_carry__0_i_6__2/O
                         net (fo=4, routed)           0.753     9.657    acquireToHDMIwithZynq_i/acquireToDisplay_AXI_0/U0/acquireToDisplay_AXI_slave_lite_v1_0_S00_AXI_inst/oscilloscope_inst/datapath_inst/ch1dataToPixel_inst/tmp1_carry__0_i_6__2_n_0
    SLICE_X32Y38         LUT5 (Prop_lut5_I0_O)        0.328     9.985 r  acquireToHDMIwithZynq_i/acquireToDisplay_AXI_0/U0/acquireToDisplay_AXI_slave_lite_v1_0_S00_AXI_inst/oscilloscope_inst/datapath_inst/ch1dataToPixel_inst/tmp1_carry__0_i_4__3/O
                         net (fo=1, routed)           0.000     9.985    acquireToHDMIwithZynq_i/acquireToDisplay_AXI_0/U0/acquireToDisplay_AXI_slave_lite_v1_0_S00_AXI_inst/oscilloscope_inst/datapath_inst/ch1PixelCompare_inst/green[7]_i_3_0[0]
    SLICE_X32Y38         CARRY4 (Prop_carry4_S[0]_CO[1])
                                                      0.458    10.443 f  acquireToHDMIwithZynq_i/acquireToDisplay_AXI_0/U0/acquireToDisplay_AXI_slave_lite_v1_0_S00_AXI_inst/oscilloscope_inst/datapath_inst/ch1PixelCompare_inst/tmp1_carry__0/CO[1]
                         net (fo=2, routed)           0.819    11.263    acquireToHDMIwithZynq_i/acquireToDisplay_AXI_0/U0/acquireToDisplay_AXI_slave_lite_v1_0_S00_AXI_inst/oscilloscope_inst/datapath_inst/videoSigGen_inst/CO[0]
    SLICE_X28Y34         LUT5 (Prop_lut5_I0_O)        0.332    11.595 f  acquireToHDMIwithZynq_i/acquireToDisplay_AXI_0/U0/acquireToDisplay_AXI_slave_lite_v1_0_S00_AXI_inst/oscilloscope_inst/datapath_inst/videoSigGen_inst/red[3]_i_5/O
                         net (fo=3, routed)           1.105    12.699    acquireToHDMIwithZynq_i/acquireToDisplay_AXI_0/U0/acquireToDisplay_AXI_slave_lite_v1_0_S00_AXI_inst/oscilloscope_inst/datapath_inst/videoSigGen_inst/red[3]_i_5_n_0
    SLICE_X31Y30         LUT4 (Prop_lut4_I2_O)        0.124    12.823 r  acquireToHDMIwithZynq_i/acquireToDisplay_AXI_0/U0/acquireToDisplay_AXI_slave_lite_v1_0_S00_AXI_inst/oscilloscope_inst/datapath_inst/videoSigGen_inst/red[0]_i_1/O
                         net (fo=1, routed)           0.000    12.823    acquireToHDMIwithZynq_i/acquireToDisplay_AXI_0/U0/acquireToDisplay_AXI_slave_lite_v1_0_S00_AXI_inst/oscilloscope_inst/datapath_inst/scopeFace_inst/D[0]
    SLICE_X31Y30         FDRE                                         r  acquireToHDMIwithZynq_i/acquireToDisplay_AXI_0/U0/acquireToDisplay_AXI_slave_lite_v1_0_S00_AXI_inst/oscilloscope_inst/datapath_inst/scopeFace_inst/red_reg[0]/D
  -------------------------------------------------------------------    -------------------

                         (clock clk_out1_clk_wiz_0 rise edge)
                                                     13.474    13.474 r  
    BUFGCTRL_X0Y0        BUFG                         0.000    13.474 r  acquireToHDMIwithZynq_i/processing_system7_0/inst/buffer_fclk_clk_0.FCLK_CLK_0_BUFG/O
                         net (fo=1484, routed)        1.487    14.961    acquireToHDMIwithZynq_i/acquireToDisplay_AXI_0/U0/acquireToDisplay_AXI_slave_lite_v1_0_S00_AXI_inst/oscilloscope_inst/datapath_inst/vc/inst/clk_in1
    MMCME2_ADV_X0Y0      MMCME2_ADV (Prop_mmcme2_adv_CLKIN1_CLKOUT0)
                                                     -3.177    11.784 r  acquireToHDMIwithZynq_i/acquireToDisplay_AXI_0/U0/acquireToDisplay_AXI_slave_lite_v1_0_S00_AXI_inst/oscilloscope_inst/datapath_inst/vc/inst/mmcm_adv_inst/CLKOUT0
                         net (fo=1, routed)           1.599    13.383    acquireToHDMIwithZynq_i/acquireToDisplay_AXI_0/U0/acquireToDisplay_AXI_slave_lite_v1_0_S00_AXI_inst/oscilloscope_inst/datapath_inst/vc/inst/clk_out1_clk_wiz_0
    BUFGCTRL_X0Y1        BUFG (Prop_bufg_I_O)         0.091    13.474 r  acquireToHDMIwithZynq_i/acquireToDisplay_AXI_0/U0/acquireToDisplay_AXI_slave_lite_v1_0_S00_AXI_inst/oscilloscope_inst/datapath_inst/vc/inst/clkout1_buf/O
                         net (fo=224, routed)         1.488    14.962    acquireToHDMIwithZynq_i/acquireToDisplay_AXI_0/U0/acquireToDisplay_AXI_slave_lite_v1_0_S00_AXI_inst/oscilloscope_inst/datapath_inst/scopeFace_inst/CLK
    SLICE_X31Y30         FDRE                                         r  acquireToHDMIwithZynq_i/acquireToDisplay_AXI_0/U0/acquireToDisplay_AXI_slave_lite_v1_0_S00_AXI_inst/oscilloscope_inst/datapath_inst/scopeFace_inst/red_reg[0]/C
                         clock pessimism              0.105    15.067    
                         clock uncertainty           -0.234    14.833    
    SLICE_X31Y30         FDRE (Setup_fdre_C_D)        0.031    14.864    acquireToHDMIwithZynq_i/acquireToDisplay_AXI_0/U0/acquireToDisplay_AXI_slave_lite_v1_0_S00_AXI_inst/oscilloscope_inst/datapath_inst/scopeFace_inst/red_reg[0]
  -------------------------------------------------------------------
                         required time                         14.864    
                         arrival time                         -12.823    
  -------------------------------------------------------------------
                         slack                                  2.041    

Slack (MET) :             5.884ns  (required time - arrival time)
  Source:                 acquireToHDMIwithZynq_i/acquireToDisplay_AXI_0/U0/acquireToDisplay_AXI_slave_lite_v1_0_S00_AXI_inst/oscilloscope_inst/datapath_inst/videoSigGen_inst/pixelVert_reg[10]/C
                            (rising edge-triggered cell FDRE clocked by clk_out1_clk_wiz_0  {rise@0.000ns fall@6.737ns period=13.474ns})
  Destination:            acquireToHDMIwithZynq_i/acquireToDisplay_AXI_0/U0/acquireToDisplay_AXI_slave_lite_v1_0_S00_AXI_inst/oscilloscope_inst/datapath_inst/scopeFace_inst/blue_reg[0]/D
                            (rising edge-triggered cell FDRE clocked by clk_out1_clk_wiz_0  {rise@0.000ns fall@6.737ns period=13.474ns})
  Path Group:             clk_out1_clk_wiz_0
  Path Type:              Setup (Max at Slow Process Corner)
  Requirement:            13.474ns  (clk_out1_clk_wiz_0 rise@13.474ns - clk_out1_clk_wiz_0 rise@0.000ns)
  Data Path Delay:        7.366ns  (logic 1.306ns (17.731%)  route 6.060ns (82.269%))
  Logic Levels:           5  (LUT2=1 LUT6=4)
  Clock Path Skew:        -0.071ns (DCD - SCD + CPR)
    Destination Clock Delay (DCD):    1.489ns = ( 14.963 - 13.474 ) 
    Source Clock Delay      (SCD):    1.665ns
    Clock Pessimism Removal (CPR):    0.105ns
  Clock Uncertainty:      0.234ns  ((TSJ^2 + DJ^2)^1/2) / 2 + PE
    Total System Jitter     (TSJ):    0.071ns
    Discrete Jitter          (DJ):    0.462ns
    Phase Error              (PE):    0.000ns

    Location             Delay type                Incr(ns)  Path(ns)    Netlist Resource(s)
  -------------------------------------------------------------------    -------------------
                         (clock clk_out1_clk_wiz_0 rise edge)
                                                      0.000     0.000 r  
    BUFGCTRL_X0Y0        BUFG                         0.000     0.000 r  acquireToHDMIwithZynq_i/processing_system7_0/inst/buffer_fclk_clk_0.FCLK_CLK_0_BUFG/O
                         net (fo=1484, routed)        1.677     1.677    acquireToHDMIwithZynq_i/acquireToDisplay_AXI_0/U0/acquireToDisplay_AXI_slave_lite_v1_0_S00_AXI_inst/oscilloscope_inst/datapath_inst/vc/inst/clk_in1
    MMCME2_ADV_X0Y0      MMCME2_ADV (Prop_mmcme2_adv_CLKIN1_CLKOUT0)
                                                     -3.538    -1.861 r  acquireToHDMIwithZynq_i/acquireToDisplay_AXI_0/U0/acquireToDisplay_AXI_slave_lite_v1_0_S00_AXI_inst/oscilloscope_inst/datapath_inst/vc/inst/mmcm_adv_inst/CLKOUT0
                         net (fo=1, routed)           1.760    -0.101    acquireToHDMIwithZynq_i/acquireToDisplay_AXI_0/U0/acquireToDisplay_AXI_slave_lite_v1_0_S00_AXI_inst/oscilloscope_inst/datapath_inst/vc/inst/clk_out1_clk_wiz_0
    BUFGCTRL_X0Y1        BUFG (Prop_bufg_I_O)         0.101     0.000 r  acquireToHDMIwithZynq_i/acquireToDisplay_AXI_0/U0/acquireToDisplay_AXI_slave_lite_v1_0_S00_AXI_inst/oscilloscope_inst/datapath_inst/vc/inst/clkout1_buf/O
                         net (fo=224, routed)         1.665     1.665    acquireToHDMIwithZynq_i/acquireToDisplay_AXI_0/U0/acquireToDisplay_AXI_slave_lite_v1_0_S00_AXI_inst/oscilloscope_inst/datapath_inst/videoSigGen_inst/CLK
    SLICE_X35Y32         FDRE                                         r  acquireToHDMIwithZynq_i/acquireToDisplay_AXI_0/U0/acquireToDisplay_AXI_slave_lite_v1_0_S00_AXI_inst/oscilloscope_inst/datapath_inst/videoSigGen_inst/pixelVert_reg[10]/C
  -------------------------------------------------------------------    -------------------
    SLICE_X35Y32         FDRE (Prop_fdre_C_Q)         0.456     2.121 r  acquireToHDMIwithZynq_i/acquireToDisplay_AXI_0/U0/acquireToDisplay_AXI_slave_lite_v1_0_S00_AXI_inst/oscilloscope_inst/datapath_inst/videoSigGen_inst/pixelVert_reg[10]/Q
                         net (fo=44, routed)          2.834     4.955    acquireToHDMIwithZynq_i/acquireToDisplay_AXI_0/U0/acquireToDisplay_AXI_slave_lite_v1_0_S00_AXI_inst/oscilloscope_inst/datapath_inst/videoSigGen_inst/pixelVert_reg[10]_0[10]
    SLICE_X28Y47         LUT2 (Prop_lut2_I1_O)        0.150     5.105 r  acquireToHDMIwithZynq_i/acquireToDisplay_AXI_0/U0/acquireToDisplay_AXI_slave_lite_v1_0_S00_AXI_inst/oscilloscope_inst/datapath_inst/videoSigGen_inst/red[3]_i_137/O
                         net (fo=4, routed)           0.964     6.068    acquireToHDMIwithZynq_i/acquireToDisplay_AXI_0/U0/acquireToDisplay_AXI_slave_lite_v1_0_S00_AXI_inst/oscilloscope_inst/datapath_inst/videoSigGen_inst/red[3]_i_137_n_0
    SLICE_X29Y44         LUT6 (Prop_lut6_I3_O)        0.328     6.396 f  acquireToHDMIwithZynq_i/acquireToDisplay_AXI_0/U0/acquireToDisplay_AXI_slave_lite_v1_0_S00_AXI_inst/oscilloscope_inst/datapath_inst/videoSigGen_inst/red[3]_i_51/O
                         net (fo=1, routed)           0.404     6.800    acquireToHDMIwithZynq_i/acquireToDisplay_AXI_0/U0/acquireToDisplay_AXI_slave_lite_v1_0_S00_AXI_inst/oscilloscope_inst/datapath_inst/videoSigGen_inst/red[3]_i_51_n_0
    SLICE_X29Y43         LUT6 (Prop_lut6_I4_O)        0.124     6.924 f  acquireToHDMIwithZynq_i/acquireToDisplay_AXI_0/U0/acquireToDisplay_AXI_slave_lite_v1_0_S00_AXI_inst/oscilloscope_inst/datapath_inst/videoSigGen_inst/red[3]_i_18/O
                         net (fo=1, routed)           0.615     7.539    acquireToHDMIwithZynq_i/acquireToDisplay_AXI_0/U0/acquireToDisplay_AXI_slave_lite_v1_0_S00_AXI_inst/oscilloscope_inst/datapath_inst/videoSigGen_inst/red[3]_i_18_n_0
    SLICE_X30Y42         LUT6 (Prop_lut6_I0_O)        0.124     7.663 f  acquireToHDMIwithZynq_i/acquireToDisplay_AXI_0/U0/acquireToDisplay_AXI_slave_lite_v1_0_S00_AXI_inst/oscilloscope_inst/datapath_inst/videoSigGen_inst/red[3]_i_7/O
                         net (fo=3, routed)           1.244     8.907    acquireToHDMIwithZynq_i/acquireToDisplay_AXI_0/U0/acquireToDisplay_AXI_slave_lite_v1_0_S00_AXI_inst/oscilloscope_inst/datapath_inst/videoSigGen_inst/red[3]_i_7_n_0
    SLICE_X28Y31         LUT6 (Prop_lut6_I0_O)        0.124     9.031 r  acquireToHDMIwithZynq_i/acquireToDisplay_AXI_0/U0/acquireToDisplay_AXI_slave_lite_v1_0_S00_AXI_inst/oscilloscope_inst/datapath_inst/videoSigGen_inst/blue[0]_i_1/O
                         net (fo=5, routed)           0.000     9.031    acquireToHDMIwithZynq_i/acquireToDisplay_AXI_0/U0/acquireToDisplay_AXI_slave_lite_v1_0_S00_AXI_inst/oscilloscope_inst/datapath_inst/scopeFace_inst/blue_reg[3]_1[0]
    SLICE_X28Y31         FDRE                                         r  acquireToHDMIwithZynq_i/acquireToDisplay_AXI_0/U0/acquireToDisplay_AXI_slave_lite_v1_0_S00_AXI_inst/oscilloscope_inst/datapath_inst/scopeFace_inst/blue_reg[0]/D
  -------------------------------------------------------------------    -------------------

                         (clock clk_out1_clk_wiz_0 rise edge)
                                                     13.474    13.474 r  
    BUFGCTRL_X0Y0        BUFG                         0.000    13.474 r  acquireToHDMIwithZynq_i/processing_system7_0/inst/buffer_fclk_clk_0.FCLK_CLK_0_BUFG/O
                         net (fo=1484, routed)        1.487    14.961    acquireToHDMIwithZynq_i/acquireToDisplay_AXI_0/U0/acquireToDisplay_AXI_slave_lite_v1_0_S00_AXI_inst/oscilloscope_inst/datapath_inst/vc/inst/clk_in1
    MMCME2_ADV_X0Y0      MMCME2_ADV (Prop_mmcme2_adv_CLKIN1_CLKOUT0)
                                                     -3.177    11.784 r  acquireToHDMIwithZynq_i/acquireToDisplay_AXI_0/U0/acquireToDisplay_AXI_slave_lite_v1_0_S00_AXI_inst/oscilloscope_inst/datapath_inst/vc/inst/mmcm_adv_inst/CLKOUT0
                         net (fo=1, routed)           1.599    13.383    acquireToHDMIwithZynq_i/acquireToDisplay_AXI_0/U0/acquireToDisplay_AXI_slave_lite_v1_0_S00_AXI_inst/oscilloscope_inst/datapath_inst/vc/inst/clk_out1_clk_wiz_0
    BUFGCTRL_X0Y1        BUFG (Prop_bufg_I_O)         0.091    13.474 r  acquireToHDMIwithZynq_i/acquireToDisplay_AXI_0/U0/acquireToDisplay_AXI_slave_lite_v1_0_S00_AXI_inst/oscilloscope_inst/datapath_inst/vc/inst/clkout1_buf/O
                         net (fo=224, routed)         1.489    14.963    acquireToHDMIwithZynq_i/acquireToDisplay_AXI_0/U0/acquireToDisplay_AXI_slave_lite_v1_0_S00_AXI_inst/oscilloscope_inst/datapath_inst/scopeFace_inst/CLK
    SLICE_X28Y31         FDRE                                         r  acquireToHDMIwithZynq_i/acquireToDisplay_AXI_0/U0/acquireToDisplay_AXI_slave_lite_v1_0_S00_AXI_inst/oscilloscope_inst/datapath_inst/scopeFace_inst/blue_reg[0]/C
                         clock pessimism              0.105    15.068    
                         clock uncertainty           -0.234    14.834    
    SLICE_X28Y31         FDRE (Setup_fdre_C_D)        0.081    14.915    acquireToHDMIwithZynq_i/acquireToDisplay_AXI_0/U0/acquireToDisplay_AXI_slave_lite_v1_0_S00_AXI_inst/oscilloscope_inst/datapath_inst/scopeFace_inst/blue_reg[0]
  -------------------------------------------------------------------
                         required time                         14.915    
                         arrival time                          -9.031    
  -------------------------------------------------------------------
                         slack                                  5.884    

Slack (MET) :             5.945ns  (required time - arrival time)
  Source:                 acquireToHDMIwithZynq_i/acquireToDisplay_AXI_0/U0/acquireToDisplay_AXI_slave_lite_v1_0_S00_AXI_inst/oscilloscope_inst/datapath_inst/hdmi0_inst/inst/srldly_0/srl[1].srl16_i/CLK
                            (rising edge-triggered cell SRL16E clocked by clk_out1_clk_wiz_0  {rise@0.000ns fall@6.737ns period=13.474ns})
  Destination:            acquireToHDMIwithZynq_i/acquireToDisplay_AXI_0/U0/acquireToDisplay_AXI_slave_lite_v1_0_S00_AXI_inst/oscilloscope_inst/datapath_inst/hdmi0_inst/inst/encb/dout_reg[4]/D
                            (rising edge-triggered cell FDCE clocked by clk_out1_clk_wiz_0  {rise@0.000ns fall@6.737ns period=13.474ns})
  Path Group:             clk_out1_clk_wiz_0
  Path Type:              Setup (Max at Slow Process Corner)
  Requirement:            13.474ns  (clk_out1_clk_wiz_0 rise@13.474ns - clk_out1_clk_wiz_0 rise@0.000ns)
  Data Path Delay:        7.132ns  (logic 2.554ns (35.808%)  route 4.578ns (64.192%))
  Logic Levels:           4  (LUT2=3 LUT4=1)
  Clock Path Skew:        -0.070ns (DCD - SCD + CPR)
    Destination Clock Delay (DCD):    1.560ns = ( 15.034 - 13.474 ) 
    Source Clock Delay      (SCD):    1.735ns
    Clock Pessimism Removal (CPR):    0.105ns
  Clock Uncertainty:      0.234ns  ((TSJ^2 + DJ^2)^1/2) / 2 + PE
    Total System Jitter     (TSJ):    0.071ns
    Discrete Jitter          (DJ):    0.462ns
    Phase Error              (PE):    0.000ns

    Location             Delay type                Incr(ns)  Path(ns)    Netlist Resource(s)
  -------------------------------------------------------------------    -------------------
                         (clock clk_out1_clk_wiz_0 rise edge)
                                                      0.000     0.000 r  
    BUFGCTRL_X0Y0        BUFG                         0.000     0.000 r  acquireToHDMIwithZynq_i/processing_system7_0/inst/buffer_fclk_clk_0.FCLK_CLK_0_BUFG/O
                         net (fo=1484, routed)        1.677     1.677    acquireToHDMIwithZynq_i/acquireToDisplay_AXI_0/U0/acquireToDisplay_AXI_slave_lite_v1_0_S00_AXI_inst/oscilloscope_inst/datapath_inst/vc/inst/clk_in1
    MMCME2_ADV_X0Y0      MMCME2_ADV (Prop_mmcme2_adv_CLKIN1_CLKOUT0)
                                                     -3.538    -1.861 r  acquireToHDMIwithZynq_i/acquireToDisplay_AXI_0/U0/acquireToDisplay_AXI_slave_lite_v1_0_S00_AXI_inst/oscilloscope_inst/datapath_inst/vc/inst/mmcm_adv_inst/CLKOUT0
                         net (fo=1, routed)           1.760    -0.101    acquireToHDMIwithZynq_i/acquireToDisplay_AXI_0/U0/acquireToDisplay_AXI_slave_lite_v1_0_S00_AXI_inst/oscilloscope_inst/datapath_inst/vc/inst/clk_out1_clk_wiz_0
    BUFGCTRL_X0Y1        BUFG (Prop_bufg_I_O)         0.101     0.000 r  acquireToHDMIwithZynq_i/acquireToDisplay_AXI_0/U0/acquireToDisplay_AXI_slave_lite_v1_0_S00_AXI_inst/oscilloscope_inst/datapath_inst/vc/inst/clkout1_buf/O
                         net (fo=224, routed)         1.735     1.735    acquireToHDMIwithZynq_i/acquireToDisplay_AXI_0/U0/acquireToDisplay_AXI_slave_lite_v1_0_S00_AXI_inst/oscilloscope_inst/datapath_inst/hdmi0_inst/inst/srldly_0/pix_clk
    SLICE_X38Y22         SRL16E                                       r  acquireToHDMIwithZynq_i/acquireToDisplay_AXI_0/U0/acquireToDisplay_AXI_slave_lite_v1_0_S00_AXI_inst/oscilloscope_inst/datapath_inst/hdmi0_inst/inst/srldly_0/srl[1].srl16_i/CLK
  -------------------------------------------------------------------    -------------------
    SLICE_X38Y22         SRL16E (Prop_srl16e_CLK_Q)
                                                      1.628     3.363 f  acquireToHDMIwithZynq_i/acquireToDisplay_AXI_0/U0/acquireToDisplay_AXI_slave_lite_v1_0_S00_AXI_inst/oscilloscope_inst/datapath_inst/hdmi0_inst/inst/srldly_0/srl[1].srl16_i/Q
                         net (fo=18, routed)          1.782     5.145    acquireToHDMIwithZynq_i/acquireToDisplay_AXI_0/U0/acquireToDisplay_AXI_slave_lite_v1_0_S00_AXI_inst/oscilloscope_inst/datapath_inst/hdmi0_inst/inst/encb/data_o[1]
    SLICE_X40Y17         LUT2 (Prop_lut2_I1_O)        0.152     5.297 r  acquireToHDMIwithZynq_i/acquireToDisplay_AXI_0/U0/acquireToDisplay_AXI_slave_lite_v1_0_S00_AXI_inst/oscilloscope_inst/datapath_inst/hdmi0_inst/inst/encb/dout[6]_i_3/O
                         net (fo=3, routed)           0.568     5.864    acquireToHDMIwithZynq_i/acquireToDisplay_AXI_0/U0/acquireToDisplay_AXI_slave_lite_v1_0_S00_AXI_inst/oscilloscope_inst/datapath_inst/hdmi0_inst/inst/encb/dout[6]_i_3_n_0
    SLICE_X42Y18         LUT2 (Prop_lut2_I0_O)        0.319     6.183 f  acquireToHDMIwithZynq_i/acquireToDisplay_AXI_0/U0/acquireToDisplay_AXI_slave_lite_v1_0_S00_AXI_inst/oscilloscope_inst/datapath_inst/hdmi0_inst/inst/encb/dout[4]_i_3/O
                         net (fo=1, routed)           0.692     6.876    acquireToHDMIwithZynq_i/acquireToDisplay_AXI_0/U0/acquireToDisplay_AXI_slave_lite_v1_0_S00_AXI_inst/oscilloscope_inst/datapath_inst/hdmi0_inst/inst/encb/dout[4]_i_3_n_0
    SLICE_X42Y18         LUT2 (Prop_lut2_I1_O)        0.331     7.207 r  acquireToHDMIwithZynq_i/acquireToDisplay_AXI_0/U0/acquireToDisplay_AXI_slave_lite_v1_0_S00_AXI_inst/oscilloscope_inst/datapath_inst/hdmi0_inst/inst/encb/dout[4]_i_2/O
                         net (fo=1, routed)           0.680     7.887    acquireToHDMIwithZynq_i/acquireToDisplay_AXI_0/U0/acquireToDisplay_AXI_slave_lite_v1_0_S00_AXI_inst/oscilloscope_inst/datapath_inst/hdmi0_inst/inst/encb/dout[4]_i_2_n_0
    SLICE_X42Y18         LUT4 (Prop_lut4_I0_O)        0.124     8.011 r  acquireToHDMIwithZynq_i/acquireToDisplay_AXI_0/U0/acquireToDisplay_AXI_slave_lite_v1_0_S00_AXI_inst/oscilloscope_inst/datapath_inst/hdmi0_inst/inst/encb/dout[4]_i_1/O
                         net (fo=1, routed)           0.857     8.867    acquireToHDMIwithZynq_i/acquireToDisplay_AXI_0/U0/acquireToDisplay_AXI_slave_lite_v1_0_S00_AXI_inst/oscilloscope_inst/datapath_inst/hdmi0_inst/inst/encb/dout[4]_i_1_n_0
    SLICE_X39Y26         FDCE                                         r  acquireToHDMIwithZynq_i/acquireToDisplay_AXI_0/U0/acquireToDisplay_AXI_slave_lite_v1_0_S00_AXI_inst/oscilloscope_inst/datapath_inst/hdmi0_inst/inst/encb/dout_reg[4]/D
  -------------------------------------------------------------------    -------------------

                         (clock clk_out1_clk_wiz_0 rise edge)
                                                     13.474    13.474 r  
    BUFGCTRL_X0Y0        BUFG                         0.000    13.474 r  acquireToHDMIwithZynq_i/processing_system7_0/inst/buffer_fclk_clk_0.FCLK_CLK_0_BUFG/O
                         net (fo=1484, routed)        1.487    14.961    acquireToHDMIwithZynq_i/acquireToDisplay_AXI_0/U0/acquireToDisplay_AXI_slave_lite_v1_0_S00_AXI_inst/oscilloscope_inst/datapath_inst/vc/inst/clk_in1
    MMCME2_ADV_X0Y0      MMCME2_ADV (Prop_mmcme2_adv_CLKIN1_CLKOUT0)
                                                     -3.177    11.784 r  acquireToHDMIwithZynq_i/acquireToDisplay_AXI_0/U0/acquireToDisplay_AXI_slave_lite_v1_0_S00_AXI_inst/oscilloscope_inst/datapath_inst/vc/inst/mmcm_adv_inst/CLKOUT0
                         net (fo=1, routed)           1.599    13.383    acquireToHDMIwithZynq_i/acquireToDisplay_AXI_0/U0/acquireToDisplay_AXI_slave_lite_v1_0_S00_AXI_inst/oscilloscope_inst/datapath_inst/vc/inst/clk_out1_clk_wiz_0
    BUFGCTRL_X0Y1        BUFG (Prop_bufg_I_O)         0.091    13.474 r  acquireToHDMIwithZynq_i/acquireToDisplay_AXI_0/U0/acquireToDisplay_AXI_slave_lite_v1_0_S00_AXI_inst/oscilloscope_inst/datapath_inst/vc/inst/clkout1_buf/O
                         net (fo=224, routed)         1.560    15.034    acquireToHDMIwithZynq_i/acquireToDisplay_AXI_0/U0/acquireToDisplay_AXI_slave_lite_v1_0_S00_AXI_inst/oscilloscope_inst/datapath_inst/hdmi0_inst/inst/encb/pix_clk
    SLICE_X39Y26         FDCE                                         r  acquireToHDMIwithZynq_i/acquireToDisplay_AXI_0/U0/acquireToDisplay_AXI_slave_lite_v1_0_S00_AXI_inst/oscilloscope_inst/datapath_inst/hdmi0_inst/inst/encb/dout_reg[4]/C
                         clock pessimism              0.105    15.139    
                         clock uncertainty           -0.234    14.905    
    SLICE_X39Y26         FDCE (Setup_fdce_C_D)       -0.092    14.813    acquireToHDMIwithZynq_i/acquireToDisplay_AXI_0/U0/acquireToDisplay_AXI_slave_lite_v1_0_S00_AXI_inst/oscilloscope_inst/datapath_inst/hdmi0_inst/inst/encb/dout_reg[4]
  -------------------------------------------------------------------
                         required time                         14.813    
                         arrival time                          -8.867    
  -------------------------------------------------------------------
                         slack                                  5.945    

Slack (MET) :             6.518ns  (required time - arrival time)
  Source:                 acquireToHDMIwithZynq_i/acquireToDisplay_AXI_0/U0/acquireToDisplay_AXI_slave_lite_v1_0_S00_AXI_inst/oscilloscope_inst/datapath_inst/videoSigGen_inst/h_cnt_reg[7]/C
                            (rising edge-triggered cell FDRE clocked by clk_out1_clk_wiz_0  {rise@0.000ns fall@6.737ns period=13.474ns})
  Destination:            acquireToHDMIwithZynq_i/acquireToDisplay_AXI_0/U0/acquireToDisplay_AXI_slave_lite_v1_0_S00_AXI_inst/oscilloscope_inst/datapath_inst/videoSigGen_inst/h_cnt_reg[1]/R
                            (rising edge-triggered cell FDRE clocked by clk_out1_clk_wiz_0  {rise@0.000ns fall@6.737ns period=13.474ns})
  Path Group:             clk_out1_clk_wiz_0
  Path Type:              Setup (Max at Slow Process Corner)
  Requirement:            13.474ns  (clk_out1_clk_wiz_0 rise@13.474ns - clk_out1_clk_wiz_0 rise@0.000ns)
  Data Path Delay:        6.153ns  (logic 1.426ns (23.174%)  route 4.727ns (76.826%))
  Logic Levels:           3  (LUT4=1 LUT5=2)
  Clock Path Skew:        -0.044ns (DCD - SCD + CPR)
    Destination Clock Delay (DCD):    1.558ns = ( 15.032 - 13.474 ) 
    Source Clock Delay      (SCD):    1.744ns
    Clock Pessimism Removal (CPR):    0.142ns
  Clock Uncertainty:      0.234ns  ((TSJ^2 + DJ^2)^1/2) / 2 + PE
    Total System Jitter     (TSJ):    0.071ns
    Discrete Jitter          (DJ):    0.462ns
    Phase Error              (PE):    0.000ns

    Location             Delay type                Incr(ns)  Path(ns)    Netlist Resource(s)
  -------------------------------------------------------------------    -------------------
                         (clock clk_out1_clk_wiz_0 rise edge)
                                                      0.000     0.000 r  
    BUFGCTRL_X0Y0        BUFG                         0.000     0.000 r  acquireToHDMIwithZynq_i/processing_system7_0/inst/buffer_fclk_clk_0.FCLK_CLK_0_BUFG/O
                         net (fo=1484, routed)        1.677     1.677    acquireToHDMIwithZynq_i/acquireToDisplay_AXI_0/U0/acquireToDisplay_AXI_slave_lite_v1_0_S00_AXI_inst/oscilloscope_inst/datapath_inst/vc/inst/clk_in1
    MMCME2_ADV_X0Y0      MMCME2_ADV (Prop_mmcme2_adv_CLKIN1_CLKOUT0)
                                                     -3.538    -1.861 r  acquireToHDMIwithZynq_i/acquireToDisplay_AXI_0/U0/acquireToDisplay_AXI_slave_lite_v1_0_S00_AXI_inst/oscilloscope_inst/datapath_inst/vc/inst/mmcm_adv_inst/CLKOUT0
                         net (fo=1, routed)           1.760    -0.101    acquireToHDMIwithZynq_i/acquireToDisplay_AXI_0/U0/acquireToDisplay_AXI_slave_lite_v1_0_S00_AXI_inst/oscilloscope_inst/datapath_inst/vc/inst/clk_out1_clk_wiz_0
    BUFGCTRL_X0Y1        BUFG (Prop_bufg_I_O)         0.101     0.000 r  acquireToHDMIwithZynq_i/acquireToDisplay_AXI_0/U0/acquireToDisplay_AXI_slave_lite_v1_0_S00_AXI_inst/oscilloscope_inst/datapath_inst/vc/inst/clkout1_buf/O
                         net (fo=224, routed)         1.744     1.744    acquireToHDMIwithZynq_i/acquireToDisplay_AXI_0/U0/acquireToDisplay_AXI_slave_lite_v1_0_S00_AXI_inst/oscilloscope_inst/datapath_inst/videoSigGen_inst/CLK
    SLICE_X36Y33         FDRE                                         r  acquireToHDMIwithZynq_i/acquireToDisplay_AXI_0/U0/acquireToDisplay_AXI_slave_lite_v1_0_S00_AXI_inst/oscilloscope_inst/datapath_inst/videoSigGen_inst/h_cnt_reg[7]/C
  -------------------------------------------------------------------    -------------------
    SLICE_X36Y33         FDRE (Prop_fdre_C_Q)         0.419     2.163 f  acquireToHDMIwithZynq_i/acquireToDisplay_AXI_0/U0/acquireToDisplay_AXI_slave_lite_v1_0_S00_AXI_inst/oscilloscope_inst/datapath_inst/videoSigGen_inst/h_cnt_reg[7]/Q
                         net (fo=11, routed)          0.864     3.027    acquireToHDMIwithZynq_i/acquireToDisplay_AXI_0/U0/acquireToDisplay_AXI_slave_lite_v1_0_S00_AXI_inst/oscilloscope_inst/datapath_inst/videoSigGen_inst/h_cnt_reg[7]
    SLICE_X36Y34         LUT4 (Prop_lut4_I2_O)        0.327     3.354 r  acquireToHDMIwithZynq_i/acquireToDisplay_AXI_0/U0/acquireToDisplay_AXI_slave_lite_v1_0_S00_AXI_inst/oscilloscope_inst/datapath_inst/videoSigGen_inst/v_cnt[10]_i_6/O
                         net (fo=2, routed)           1.008     4.362    acquireToHDMIwithZynq_i/acquireToDisplay_AXI_0/U0/acquireToDisplay_AXI_slave_lite_v1_0_S00_AXI_inst/oscilloscope_inst/datapath_inst/videoSigGen_inst/v_cnt[10]_i_6_n_0
    SLICE_X37Y33         LUT5 (Prop_lut5_I0_O)        0.354     4.716 r  acquireToHDMIwithZynq_i/acquireToDisplay_AXI_0/U0/acquireToDisplay_AXI_slave_lite_v1_0_S00_AXI_inst/oscilloscope_inst/datapath_inst/videoSigGen_inst/h_cnt[10]_i_3/O
                         net (fo=2, routed)           1.732     6.448    acquireToHDMIwithZynq_i/acquireToDisplay_AXI_0/U0/acquireToDisplay_AXI_slave_lite_v1_0_S00_AXI_inst/oscilloscope_inst/datapath_inst/videoSigGen_inst/h_cnt[10]_i_3_n_0
    SLICE_X37Y25         LUT5 (Prop_lut5_I3_O)        0.326     6.774 r  acquireToHDMIwithZynq_i/acquireToDisplay_AXI_0/U0/acquireToDisplay_AXI_slave_lite_v1_0_S00_AXI_inst/oscilloscope_inst/datapath_inst/videoSigGen_inst/h_cnt[10]_i_1/O
                         net (fo=11, routed)          1.123     7.897    acquireToHDMIwithZynq_i/acquireToDisplay_AXI_0/U0/acquireToDisplay_AXI_slave_lite_v1_0_S00_AXI_inst/oscilloscope_inst/datapath_inst/videoSigGen_inst/h_cnt[10]_i_1_n_0
    SLICE_X38Y25         FDRE                                         r  acquireToHDMIwithZynq_i/acquireToDisplay_AXI_0/U0/acquireToDisplay_AXI_slave_lite_v1_0_S00_AXI_inst/oscilloscope_inst/datapath_inst/videoSigGen_inst/h_cnt_reg[1]/R
  -------------------------------------------------------------------    -------------------

                         (clock clk_out1_clk_wiz_0 rise edge)
                                                     13.474    13.474 r  
    BUFGCTRL_X0Y0        BUFG                         0.000    13.474 r  acquireToHDMIwithZynq_i/processing_system7_0/inst/buffer_fclk_clk_0.FCLK_CLK_0_BUFG/O
                         net (fo=1484, routed)        1.487    14.961    acquireToHDMIwithZynq_i/acquireToDisplay_AXI_0/U0/acquireToDisplay_AXI_slave_lite_v1_0_S00_AXI_inst/oscilloscope_inst/datapath_inst/vc/inst/clk_in1
    MMCME2_ADV_X0Y0      MMCME2_ADV (Prop_mmcme2_adv_CLKIN1_CLKOUT0)
                                                     -3.177    11.784 r  acquireToHDMIwithZynq_i/acquireToDisplay_AXI_0/U0/acquireToDisplay_AXI_slave_lite_v1_0_S00_AXI_inst/oscilloscope_inst/datapath_inst/vc/inst/mmcm_adv_inst/CLKOUT0
                         net (fo=1, routed)           1.599    13.383    acquireToHDMIwithZynq_i/acquireToDisplay_AXI_0/U0/acquireToDisplay_AXI_slave_lite_v1_0_S00_AXI_inst/oscilloscope_inst/datapath_inst/vc/inst/clk_out1_clk_wiz_0
    BUFGCTRL_X0Y1        BUFG (Prop_bufg_I_O)         0.091    13.474 r  acquireToHDMIwithZynq_i/acquireToDisplay_AXI_0/U0/acquireToDisplay_AXI_slave_lite_v1_0_S00_AXI_inst/oscilloscope_inst/datapath_inst/vc/inst/clkout1_buf/O
                         net (fo=224, routed)         1.558    15.032    acquireToHDMIwithZynq_i/acquireToDisplay_AXI_0/U0/acquireToDisplay_AXI_slave_lite_v1_0_S00_AXI_inst/oscilloscope_inst/datapath_inst/videoSigGen_inst/CLK
    SLICE_X38Y25         FDRE                                         r  acquireToHDMIwithZynq_i/acquireToDisplay_AXI_0/U0/acquireToDisplay_AXI_slave_lite_v1_0_S00_AXI_inst/oscilloscope_inst/datapath_inst/videoSigGen_inst/h_cnt_reg[1]/C
                         clock pessimism              0.142    15.174    
                         clock uncertainty           -0.234    14.940    
    SLICE_X38Y25         FDRE (Setup_fdre_C_R)       -0.524    14.416    acquireToHDMIwithZynq_i/acquireToDisplay_AXI_0/U0/acquireToDisplay_AXI_slave_lite_v1_0_S00_AXI_inst/oscilloscope_inst/datapath_inst/videoSigGen_inst/h_cnt_reg[1]
  -------------------------------------------------------------------
                         required time                         14.416    
                         arrival time                          -7.897    
  -------------------------------------------------------------------
                         slack                                  6.518    

Slack (MET) :             6.704ns  (required time - arrival time)
  Source:                 acquireToHDMIwithZynq_i/acquireToDisplay_AXI_0/U0/acquireToDisplay_AXI_slave_lite_v1_0_S00_AXI_inst/oscilloscope_inst/datapath_inst/videoSigGen_inst/h_cnt_reg[7]/C
                            (rising edge-triggered cell FDRE clocked by clk_out1_clk_wiz_0  {rise@0.000ns fall@6.737ns period=13.474ns})
  Destination:            acquireToHDMIwithZynq_i/acquireToDisplay_AXI_0/U0/acquireToDisplay_AXI_slave_lite_v1_0_S00_AXI_inst/oscilloscope_inst/datapath_inst/videoSigGen_inst/h_cnt_reg[0]/R
                            (rising edge-triggered cell FDRE clocked by clk_out1_clk_wiz_0  {rise@0.000ns fall@6.737ns period=13.474ns})
  Path Group:             clk_out1_clk_wiz_0
  Path Type:              Setup (Max at Slow Process Corner)
  Requirement:            13.474ns  (clk_out1_clk_wiz_0 rise@13.474ns - clk_out1_clk_wiz_0 rise@0.000ns)
  Data Path Delay:        6.073ns  (logic 1.426ns (23.479%)  route 4.647ns (76.521%))
  Logic Levels:           3  (LUT4=1 LUT5=2)
  Clock Path Skew:        -0.033ns (DCD - SCD + CPR)
    Destination Clock Delay (DCD):    1.569ns = ( 15.043 - 13.474 ) 
    Source Clock Delay      (SCD):    1.744ns
    Clock Pessimism Removal (CPR):    0.142ns
  Clock Uncertainty:      0.234ns  ((TSJ^2 + DJ^2)^1/2) / 2 + PE
    Total System Jitter     (TSJ):    0.071ns
    Discrete Jitter          (DJ):    0.462ns
    Phase Error              (PE):    0.000ns

    Location             Delay type                Incr(ns)  Path(ns)    Netlist Resource(s)
  -------------------------------------------------------------------    -------------------
                         (clock clk_out1_clk_wiz_0 rise edge)
                                                      0.000     0.000 r  
    BUFGCTRL_X0Y0        BUFG                         0.000     0.000 r  acquireToHDMIwithZynq_i/processing_system7_0/inst/buffer_fclk_clk_0.FCLK_CLK_0_BUFG/O
                         net (fo=1484, routed)        1.677     1.677    acquireToHDMIwithZynq_i/acquireToDisplay_AXI_0/U0/acquireToDisplay_AXI_slave_lite_v1_0_S00_AXI_inst/oscilloscope_inst/datapath_inst/vc/inst/clk_in1
    MMCME2_ADV_X0Y0      MMCME2_ADV (Prop_mmcme2_adv_CLKIN1_CLKOUT0)
                                                     -3.538    -1.861 r  acquireToHDMIwithZynq_i/acquireToDisplay_AXI_0/U0/acquireToDisplay_AXI_slave_lite_v1_0_S00_AXI_inst/oscilloscope_inst/datapath_inst/vc/inst/mmcm_adv_inst/CLKOUT0
                         net (fo=1, routed)           1.760    -0.101    acquireToHDMIwithZynq_i/acquireToDisplay_AXI_0/U0/acquireToDisplay_AXI_slave_lite_v1_0_S00_AXI_inst/oscilloscope_inst/datapath_inst/vc/inst/clk_out1_clk_wiz_0
    BUFGCTRL_X0Y1        BUFG (Prop_bufg_I_O)         0.101     0.000 r  acquireToHDMIwithZynq_i/acquireToDisplay_AXI_0/U0/acquireToDisplay_AXI_slave_lite_v1_0_S00_AXI_inst/oscilloscope_inst/datapath_inst/vc/inst/clkout1_buf/O
                         net (fo=224, routed)         1.744     1.744    acquireToHDMIwithZynq_i/acquireToDisplay_AXI_0/U0/acquireToDisplay_AXI_slave_lite_v1_0_S00_AXI_inst/oscilloscope_inst/datapath_inst/videoSigGen_inst/CLK
    SLICE_X36Y33         FDRE                                         r  acquireToHDMIwithZynq_i/acquireToDisplay_AXI_0/U0/acquireToDisplay_AXI_slave_lite_v1_0_S00_AXI_inst/oscilloscope_inst/datapath_inst/videoSigGen_inst/h_cnt_reg[7]/C
  -------------------------------------------------------------------    -------------------
    SLICE_X36Y33         FDRE (Prop_fdre_C_Q)         0.419     2.163 f  acquireToHDMIwithZynq_i/acquireToDisplay_AXI_0/U0/acquireToDisplay_AXI_slave_lite_v1_0_S00_AXI_inst/oscilloscope_inst/datapath_inst/videoSigGen_inst/h_cnt_reg[7]/Q
                         net (fo=11, routed)          0.864     3.027    acquireToHDMIwithZynq_i/acquireToDisplay_AXI_0/U0/acquireToDisplay_AXI_slave_lite_v1_0_S00_AXI_inst/oscilloscope_inst/datapath_inst/videoSigGen_inst/h_cnt_reg[7]
    SLICE_X36Y34         LUT4 (Prop_lut4_I2_O)        0.327     3.354 r  acquireToHDMIwithZynq_i/acquireToDisplay_AXI_0/U0/acquireToDisplay_AXI_slave_lite_v1_0_S00_AXI_inst/oscilloscope_inst/datapath_inst/videoSigGen_inst/v_cnt[10]_i_6/O
                         net (fo=2, routed)           1.008     4.362    acquireToHDMIwithZynq_i/acquireToDisplay_AXI_0/U0/acquireToDisplay_AXI_slave_lite_v1_0_S00_AXI_inst/oscilloscope_inst/datapath_inst/videoSigGen_inst/v_cnt[10]_i_6_n_0
    SLICE_X37Y33         LUT5 (Prop_lut5_I0_O)        0.354     4.716 r  acquireToHDMIwithZynq_i/acquireToDisplay_AXI_0/U0/acquireToDisplay_AXI_slave_lite_v1_0_S00_AXI_inst/oscilloscope_inst/datapath_inst/videoSigGen_inst/h_cnt[10]_i_3/O
                         net (fo=2, routed)           1.732     6.448    acquireToHDMIwithZynq_i/acquireToDisplay_AXI_0/U0/acquireToDisplay_AXI_slave_lite_v1_0_S00_AXI_inst/oscilloscope_inst/datapath_inst/videoSigGen_inst/h_cnt[10]_i_3_n_0
    SLICE_X37Y25         LUT5 (Prop_lut5_I3_O)        0.326     6.774 r  acquireToHDMIwithZynq_i/acquireToDisplay_AXI_0/U0/acquireToDisplay_AXI_slave_lite_v1_0_S00_AXI_inst/oscilloscope_inst/datapath_inst/videoSigGen_inst/h_cnt[10]_i_1/O
                         net (fo=11, routed)          1.043     7.817    acquireToHDMIwithZynq_i/acquireToDisplay_AXI_0/U0/acquireToDisplay_AXI_slave_lite_v1_0_S00_AXI_inst/oscilloscope_inst/datapath_inst/videoSigGen_inst/h_cnt[10]_i_1_n_0
    SLICE_X37Y34         FDRE                                         r  acquireToHDMIwithZynq_i/acquireToDisplay_AXI_0/U0/acquireToDisplay_AXI_slave_lite_v1_0_S00_AXI_inst/oscilloscope_inst/datapath_inst/videoSigGen_inst/h_cnt_reg[0]/R
  -------------------------------------------------------------------    -------------------

                         (clock clk_out1_clk_wiz_0 rise edge)
                                                     13.474    13.474 r  
    BUFGCTRL_X0Y0        BUFG                         0.000    13.474 r  acquireToHDMIwithZynq_i/processing_system7_0/inst/buffer_fclk_clk_0.FCLK_CLK_0_BUFG/O
                         net (fo=1484, routed)        1.487    14.961    acquireToHDMIwithZynq_i/acquireToDisplay_AXI_0/U0/acquireToDisplay_AXI_slave_lite_v1_0_S00_AXI_inst/oscilloscope_inst/datapath_inst/vc/inst/clk_in1
    MMCME2_ADV_X0Y0      MMCME2_ADV (Prop_mmcme2_adv_CLKIN1_CLKOUT0)
                                                     -3.177    11.784 r  acquireToHDMIwithZynq_i/acquireToDisplay_AXI_0/U0/acquireToDisplay_AXI_slave_lite_v1_0_S00_AXI_inst/oscilloscope_inst/datapath_inst/vc/inst/mmcm_adv_inst/CLKOUT0
                         net (fo=1, routed)           1.599    13.383    acquireToHDMIwithZynq_i/acquireToDisplay_AXI_0/U0/acquireToDisplay_AXI_slave_lite_v1_0_S00_AXI_inst/oscilloscope_inst/datapath_inst/vc/inst/clk_out1_clk_wiz_0
    BUFGCTRL_X0Y1        BUFG (Prop_bufg_I_O)         0.091    13.474 r  acquireToHDMIwithZynq_i/acquireToDisplay_AXI_0/U0/acquireToDisplay_AXI_slave_lite_v1_0_S00_AXI_inst/oscilloscope_inst/datapath_inst/vc/inst/clkout1_buf/O
                         net (fo=224, routed)         1.569    15.043    acquireToHDMIwithZynq_i/acquireToDisplay_AXI_0/U0/acquireToDisplay_AXI_slave_lite_v1_0_S00_AXI_inst/oscilloscope_inst/datapath_inst/videoSigGen_inst/CLK
    SLICE_X37Y34         FDRE                                         r  acquireToHDMIwithZynq_i/acquireToDisplay_AXI_0/U0/acquireToDisplay_AXI_slave_lite_v1_0_S00_AXI_inst/oscilloscope_inst/datapath_inst/videoSigGen_inst/h_cnt_reg[0]/C
                         clock pessimism              0.142    15.185    
                         clock uncertainty           -0.234    14.951    
    SLICE_X37Y34         FDRE (Setup_fdre_C_R)       -0.429    14.522    acquireToHDMIwithZynq_i/acquireToDisplay_AXI_0/U0/acquireToDisplay_AXI_slave_lite_v1_0_S00_AXI_inst/oscilloscope_inst/datapath_inst/videoSigGen_inst/h_cnt_reg[0]
  -------------------------------------------------------------------
                         required time                         14.522    
                         arrival time                          -7.817    
  -------------------------------------------------------------------
                         slack                                  6.704    





Min Delay Paths
--------------------------------------------------------------------------------------
Slack (MET) :             0.158ns  (arrival time - required time)
  Source:                 acquireToHDMIwithZynq_i/acquireToDisplay_AXI_0/U0/acquireToDisplay_AXI_slave_lite_v1_0_S00_AXI_inst/oscilloscope_inst/datapath_inst/hdmi0_inst/inst/encr/n1d_reg[3]/C
                            (rising edge-triggered cell FDRE clocked by clk_out1_clk_wiz_0  {rise@0.000ns fall@6.737ns period=13.474ns})
  Destination:            acquireToHDMIwithZynq_i/acquireToDisplay_AXI_0/U0/acquireToDisplay_AXI_slave_lite_v1_0_S00_AXI_inst/oscilloscope_inst/datapath_inst/hdmi0_inst/inst/encr/q_m_reg_reg[1]/D
                            (rising edge-triggered cell FDRE clocked by clk_out1_clk_wiz_0  {rise@0.000ns fall@6.737ns period=13.474ns})
  Path Group:             clk_out1_clk_wiz_0
  Path Type:              Hold (Min at Fast Process Corner)
  Requirement:            0.000ns  (clk_out1_clk_wiz_0 rise@0.000ns - clk_out1_clk_wiz_0 rise@0.000ns)
  Data Path Delay:        0.262ns  (logic 0.186ns (70.948%)  route 0.076ns (29.052%))
  Logic Levels:           1  (LUT6=1)
  Clock Path Skew:        0.013ns (DCD - SCD - CPR)
    Destination Clock Delay (DCD):    0.849ns
    Source Clock Delay      (SCD):    0.582ns
    Clock Pessimism Removal (CPR):    0.254ns

    Location             Delay type                Incr(ns)  Path(ns)    Netlist Resource(s)
  -------------------------------------------------------------------    -------------------
                         (clock clk_out1_clk_wiz_0 rise edge)
                                                      0.000     0.000 r  
    BUFGCTRL_X0Y0        BUFG                         0.000     0.000 r  acquireToHDMIwithZynq_i/processing_system7_0/inst/buffer_fclk_clk_0.FCLK_CLK_0_BUFG/O
                         net (fo=1484, routed)        0.546     0.546    acquireToHDMIwithZynq_i/acquireToDisplay_AXI_0/U0/acquireToDisplay_AXI_slave_lite_v1_0_S00_AXI_inst/oscilloscope_inst/datapath_inst/vc/inst/clk_in1
    MMCME2_ADV_X0Y0      MMCME2_ADV (Prop_mmcme2_adv_CLKIN1_CLKOUT0)
                                                     -1.053    -0.508 r  acquireToHDMIwithZynq_i/acquireToDisplay_AXI_0/U0/acquireToDisplay_AXI_slave_lite_v1_0_S00_AXI_inst/oscilloscope_inst/datapath_inst/vc/inst/mmcm_adv_inst/CLKOUT0
                         net (fo=1, routed)           0.482    -0.026    acquireToHDMIwithZynq_i/acquireToDisplay_AXI_0/U0/acquireToDisplay_AXI_slave_lite_v1_0_S00_AXI_inst/oscilloscope_inst/datapath_inst/vc/inst/clk_out1_clk_wiz_0
    BUFGCTRL_X0Y1        BUFG (Prop_bufg_I_O)         0.026     0.000 r  acquireToHDMIwithZynq_i/acquireToDisplay_AXI_0/U0/acquireToDisplay_AXI_slave_lite_v1_0_S00_AXI_inst/oscilloscope_inst/datapath_inst/vc/inst/clkout1_buf/O
                         net (fo=224, routed)         0.582     0.582    acquireToHDMIwithZynq_i/acquireToDisplay_AXI_0/U0/acquireToDisplay_AXI_slave_lite_v1_0_S00_AXI_inst/oscilloscope_inst/datapath_inst/hdmi0_inst/inst/encr/pix_clk
    SLICE_X40Y28         FDRE                                         r  acquireToHDMIwithZynq_i/acquireToDisplay_AXI_0/U0/acquireToDisplay_AXI_slave_lite_v1_0_S00_AXI_inst/oscilloscope_inst/datapath_inst/hdmi0_inst/inst/encr/n1d_reg[3]/C
  -------------------------------------------------------------------    -------------------
    SLICE_X40Y28         FDRE (Prop_fdre_C_Q)         0.141     0.723 r  acquireToHDMIwithZynq_i/acquireToDisplay_AXI_0/U0/acquireToDisplay_AXI_slave_lite_v1_0_S00_AXI_inst/oscilloscope_inst/datapath_inst/hdmi0_inst/inst/encr/n1d_reg[3]/Q
                         net (fo=4, routed)           0.076     0.799    acquireToHDMIwithZynq_i/acquireToDisplay_AXI_0/U0/acquireToDisplay_AXI_slave_lite_v1_0_S00_AXI_inst/oscilloscope_inst/datapath_inst/hdmi0_inst/inst/encr/n1d[3]
    SLICE_X41Y28         LUT6 (Prop_lut6_I3_O)        0.045     0.844 r  acquireToHDMIwithZynq_i/acquireToDisplay_AXI_0/U0/acquireToDisplay_AXI_slave_lite_v1_0_S00_AXI_inst/oscilloscope_inst/datapath_inst/hdmi0_inst/inst/encr/q_m_reg[1]_i_1__1/O
                         net (fo=1, routed)           0.000     0.844    acquireToHDMIwithZynq_i/acquireToDisplay_AXI_0/U0/acquireToDisplay_AXI_slave_lite_v1_0_S00_AXI_inst/oscilloscope_inst/datapath_inst/hdmi0_inst/inst/encr/q_m_1
    SLICE_X41Y28         FDRE                                         r  acquireToHDMIwithZynq_i/acquireToDisplay_AXI_0/U0/acquireToDisplay_AXI_slave_lite_v1_0_S00_AXI_inst/oscilloscope_inst/datapath_inst/hdmi0_inst/inst/encr/q_m_reg_reg[1]/D
  -------------------------------------------------------------------    -------------------

                         (clock clk_out1_clk_wiz_0 rise edge)
                                                      0.000     0.000 r  
    BUFGCTRL_X0Y0        BUFG                         0.000     0.000 r  acquireToHDMIwithZynq_i/processing_system7_0/inst/buffer_fclk_clk_0.FCLK_CLK_0_BUFG/O
                         net (fo=1484, routed)        0.812     0.812    acquireToHDMIwithZynq_i/acquireToDisplay_AXI_0/U0/acquireToDisplay_AXI_slave_lite_v1_0_S00_AXI_inst/oscilloscope_inst/datapath_inst/vc/inst/clk_in1
    MMCME2_ADV_X0Y0      MMCME2_ADV (Prop_mmcme2_adv_CLKIN1_CLKOUT0)
                                                     -1.369    -0.557 r  acquireToHDMIwithZynq_i/acquireToDisplay_AXI_0/U0/acquireToDisplay_AXI_slave_lite_v1_0_S00_AXI_inst/oscilloscope_inst/datapath_inst/vc/inst/mmcm_adv_inst/CLKOUT0
                         net (fo=1, routed)           0.528    -0.029    acquireToHDMIwithZynq_i/acquireToDisplay_AXI_0/U0/acquireToDisplay_AXI_slave_lite_v1_0_S00_AXI_inst/oscilloscope_inst/datapath_inst/vc/inst/clk_out1_clk_wiz_0
    BUFGCTRL_X0Y1        BUFG (Prop_bufg_I_O)         0.029    -0.000 r  acquireToHDMIwithZynq_i/acquireToDisplay_AXI_0/U0/acquireToDisplay_AXI_slave_lite_v1_0_S00_AXI_inst/oscilloscope_inst/datapath_inst/vc/inst/clkout1_buf/O
                         net (fo=224, routed)         0.849     0.849    acquireToHDMIwithZynq_i/acquireToDisplay_AXI_0/U0/acquireToDisplay_AXI_slave_lite_v1_0_S00_AXI_inst/oscilloscope_inst/datapath_inst/hdmi0_inst/inst/encr/pix_clk
    SLICE_X41Y28         FDRE                                         r  acquireToHDMIwithZynq_i/acquireToDisplay_AXI_0/U0/acquireToDisplay_AXI_slave_lite_v1_0_S00_AXI_inst/oscilloscope_inst/datapath_inst/hdmi0_inst/inst/encr/q_m_reg_reg[1]/C
                         clock pessimism             -0.254     0.595    
    SLICE_X41Y28         FDRE (Hold_fdre_C_D)         0.091     0.686    acquireToHDMIwithZynq_i/acquireToDisplay_AXI_0/U0/acquireToDisplay_AXI_slave_lite_v1_0_S00_AXI_inst/oscilloscope_inst/datapath_inst/hdmi0_inst/inst/encr/q_m_reg_reg[1]
  -------------------------------------------------------------------
                         required time                         -0.686    
                         arrival time                           0.844    
  -------------------------------------------------------------------
                         slack                                  0.158    

Slack (MET) :             0.184ns  (arrival time - required time)
  Source:                 acquireToHDMIwithZynq_i/acquireToDisplay_AXI_0/U0/acquireToDisplay_AXI_slave_lite_v1_0_S00_AXI_inst/oscilloscope_inst/datapath_inst/hdmi0_inst/inst/encr/vdin_q_reg[4]/C
                            (rising edge-triggered cell FDRE clocked by clk_out1_clk_wiz_0  {rise@0.000ns fall@6.737ns period=13.474ns})
  Destination:            acquireToHDMIwithZynq_i/acquireToDisplay_AXI_0/U0/acquireToDisplay_AXI_slave_lite_v1_0_S00_AXI_inst/oscilloscope_inst/datapath_inst/hdmi0_inst/inst/encr/q_m_reg_reg[5]/D
                            (rising edge-triggered cell FDRE clocked by clk_out1_clk_wiz_0  {rise@0.000ns fall@6.737ns period=13.474ns})
  Path Group:             clk_out1_clk_wiz_0
  Path Type:              Hold (Min at Fast Process Corner)
  Requirement:            0.000ns  (clk_out1_clk_wiz_0 rise@0.000ns - clk_out1_clk_wiz_0 rise@0.000ns)
  Data Path Delay:        0.317ns  (logic 0.186ns (58.734%)  route 0.131ns (41.266%))
  Logic Levels:           1  (LUT5=1)
  Clock Path Skew:        0.013ns (DCD - SCD - CPR)
    Destination Clock Delay (DCD):    0.848ns
    Source Clock Delay      (SCD):    0.582ns
    Clock Pessimism Removal (CPR):    0.253ns

    Location             Delay type                Incr(ns)  Path(ns)    Netlist Resource(s)
  -------------------------------------------------------------------    -------------------
                         (clock clk_out1_clk_wiz_0 rise edge)
                                                      0.000     0.000 r  
    BUFGCTRL_X0Y0        BUFG                         0.000     0.000 r  acquireToHDMIwithZynq_i/processing_system7_0/inst/buffer_fclk_clk_0.FCLK_CLK_0_BUFG/O
                         net (fo=1484, routed)        0.546     0.546    acquireToHDMIwithZynq_i/acquireToDisplay_AXI_0/U0/acquireToDisplay_AXI_slave_lite_v1_0_S00_AXI_inst/oscilloscope_inst/datapath_inst/vc/inst/clk_in1
    MMCME2_ADV_X0Y0      MMCME2_ADV (Prop_mmcme2_adv_CLKIN1_CLKOUT0)
                                                     -1.053    -0.508 r  acquireToHDMIwithZynq_i/acquireToDisplay_AXI_0/U0/acquireToDisplay_AXI_slave_lite_v1_0_S00_AXI_inst/oscilloscope_inst/datapath_inst/vc/inst/mmcm_adv_inst/CLKOUT0
                         net (fo=1, routed)           0.482    -0.026    acquireToHDMIwithZynq_i/acquireToDisplay_AXI_0/U0/acquireToDisplay_AXI_slave_lite_v1_0_S00_AXI_inst/oscilloscope_inst/datapath_inst/vc/inst/clk_out1_clk_wiz_0
    BUFGCTRL_X0Y1        BUFG (Prop_bufg_I_O)         0.026     0.000 r  acquireToHDMIwithZynq_i/acquireToDisplay_AXI_0/U0/acquireToDisplay_AXI_slave_lite_v1_0_S00_AXI_inst/oscilloscope_inst/datapath_inst/vc/inst/clkout1_buf/O
                         net (fo=224, routed)         0.582     0.582    acquireToHDMIwithZynq_i/acquireToDisplay_AXI_0/U0/acquireToDisplay_AXI_slave_lite_v1_0_S00_AXI_inst/oscilloscope_inst/datapath_inst/hdmi0_inst/inst/encr/pix_clk
    SLICE_X41Y28         FDRE                                         r  acquireToHDMIwithZynq_i/acquireToDisplay_AXI_0/U0/acquireToDisplay_AXI_slave_lite_v1_0_S00_AXI_inst/oscilloscope_inst/datapath_inst/hdmi0_inst/inst/encr/vdin_q_reg[4]/C
  -------------------------------------------------------------------    -------------------
    SLICE_X41Y28         FDRE (Prop_fdre_C_Q)         0.141     0.723 r  acquireToHDMIwithZynq_i/acquireToDisplay_AXI_0/U0/acquireToDisplay_AXI_slave_lite_v1_0_S00_AXI_inst/oscilloscope_inst/datapath_inst/hdmi0_inst/inst/encr/vdin_q_reg[4]/Q
                         net (fo=6, routed)           0.131     0.853    acquireToHDMIwithZynq_i/acquireToDisplay_AXI_0/U0/acquireToDisplay_AXI_slave_lite_v1_0_S00_AXI_inst/oscilloscope_inst/datapath_inst/hdmi0_inst/inst/encr/p_0_in2_in
    SLICE_X42Y27         LUT5 (Prop_lut5_I2_O)        0.045     0.898 r  acquireToHDMIwithZynq_i/acquireToDisplay_AXI_0/U0/acquireToDisplay_AXI_slave_lite_v1_0_S00_AXI_inst/oscilloscope_inst/datapath_inst/hdmi0_inst/inst/encr/q_m_reg[5]_i_1__1/O
                         net (fo=1, routed)           0.000     0.898    acquireToHDMIwithZynq_i/acquireToDisplay_AXI_0/U0/acquireToDisplay_AXI_slave_lite_v1_0_S00_AXI_inst/oscilloscope_inst/datapath_inst/hdmi0_inst/inst/encr/q_m_reg[5]_i_1__1_n_0
    SLICE_X42Y27         FDRE                                         r  acquireToHDMIwithZynq_i/acquireToDisplay_AXI_0/U0/acquireToDisplay_AXI_slave_lite_v1_0_S00_AXI_inst/oscilloscope_inst/datapath_inst/hdmi0_inst/inst/encr/q_m_reg_reg[5]/D
  -------------------------------------------------------------------    -------------------

                         (clock clk_out1_clk_wiz_0 rise edge)
                                                      0.000     0.000 r  
    BUFGCTRL_X0Y0        BUFG                         0.000     0.000 r  acquireToHDMIwithZynq_i/processing_system7_0/inst/buffer_fclk_clk_0.FCLK_CLK_0_BUFG/O
                         net (fo=1484, routed)        0.812     0.812    acquireToHDMIwithZynq_i/acquireToDisplay_AXI_0/U0/acquireToDisplay_AXI_slave_lite_v1_0_S00_AXI_inst/oscilloscope_inst/datapath_inst/vc/inst/clk_in1
    MMCME2_ADV_X0Y0      MMCME2_ADV (Prop_mmcme2_adv_CLKIN1_CLKOUT0)
                                                     -1.369    -0.557 r  acquireToHDMIwithZynq_i/acquireToDisplay_AXI_0/U0/acquireToDisplay_AXI_slave_lite_v1_0_S00_AXI_inst/oscilloscope_inst/datapath_inst/vc/inst/mmcm_adv_inst/CLKOUT0
                         net (fo=1, routed)           0.528    -0.029    acquireToHDMIwithZynq_i/acquireToDisplay_AXI_0/U0/acquireToDisplay_AXI_slave_lite_v1_0_S00_AXI_inst/oscilloscope_inst/datapath_inst/vc/inst/clk_out1_clk_wiz_0
    BUFGCTRL_X0Y1        BUFG (Prop_bufg_I_O)         0.029    -0.000 r  acquireToHDMIwithZynq_i/acquireToDisplay_AXI_0/U0/acquireToDisplay_AXI_slave_lite_v1_0_S00_AXI_inst/oscilloscope_inst/datapath_inst/vc/inst/clkout1_buf/O
                         net (fo=224, routed)         0.848     0.848    acquireToHDMIwithZynq_i/acquireToDisplay_AXI_0/U0/acquireToDisplay_AXI_slave_lite_v1_0_S00_AXI_inst/oscilloscope_inst/datapath_inst/hdmi0_inst/inst/encr/pix_clk
    SLICE_X42Y27         FDRE                                         r  acquireToHDMIwithZynq_i/acquireToDisplay_AXI_0/U0/acquireToDisplay_AXI_slave_lite_v1_0_S00_AXI_inst/oscilloscope_inst/datapath_inst/hdmi0_inst/inst/encr/q_m_reg_reg[5]/C
                         clock pessimism             -0.253     0.595    
    SLICE_X42Y27         FDRE (Hold_fdre_C_D)         0.120     0.715    acquireToHDMIwithZynq_i/acquireToDisplay_AXI_0/U0/acquireToDisplay_AXI_slave_lite_v1_0_S00_AXI_inst/oscilloscope_inst/datapath_inst/hdmi0_inst/inst/encr/q_m_reg_reg[5]
  -------------------------------------------------------------------
                         required time                         -0.715    
                         arrival time                           0.898    
  -------------------------------------------------------------------
                         slack                                  0.184    

Slack (MET) :             0.194ns  (arrival time - required time)
  Source:                 acquireToHDMIwithZynq_i/acquireToDisplay_AXI_0/U0/acquireToDisplay_AXI_slave_lite_v1_0_S00_AXI_inst/oscilloscope_inst/datapath_inst/hdmi0_inst/inst/encb/c0_q_reg/C
                            (rising edge-triggered cell FDRE clocked by clk_out1_clk_wiz_0  {rise@0.000ns fall@6.737ns period=13.474ns})
  Destination:            acquireToHDMIwithZynq_i/acquireToDisplay_AXI_0/U0/acquireToDisplay_AXI_slave_lite_v1_0_S00_AXI_inst/oscilloscope_inst/datapath_inst/hdmi0_inst/inst/encb/c0_reg_reg/D
                            (rising edge-triggered cell FDRE clocked by clk_out1_clk_wiz_0  {rise@0.000ns fall@6.737ns period=13.474ns})
  Path Group:             clk_out1_clk_wiz_0
  Path Type:              Hold (Min at Fast Process Corner)
  Requirement:            0.000ns  (clk_out1_clk_wiz_0 rise@0.000ns - clk_out1_clk_wiz_0 rise@0.000ns)
  Data Path Delay:        0.277ns  (logic 0.164ns (59.205%)  route 0.113ns (40.795%))
  Logic Levels:           0  
  Clock Path Skew:        0.013ns (DCD - SCD - CPR)
    Destination Clock Delay (DCD):    0.846ns
    Source Clock Delay      (SCD):    0.580ns
    Clock Pessimism Removal (CPR):    0.253ns

    Location             Delay type                Incr(ns)  Path(ns)    Netlist Resource(s)
  -------------------------------------------------------------------    -------------------
                         (clock clk_out1_clk_wiz_0 rise edge)
                                                      0.000     0.000 r  
    BUFGCTRL_X0Y0        BUFG                         0.000     0.000 r  acquireToHDMIwithZynq_i/processing_system7_0/inst/buffer_fclk_clk_0.FCLK_CLK_0_BUFG/O
                         net (fo=1484, routed)        0.546     0.546    acquireToHDMIwithZynq_i/acquireToDisplay_AXI_0/U0/acquireToDisplay_AXI_slave_lite_v1_0_S00_AXI_inst/oscilloscope_inst/datapath_inst/vc/inst/clk_in1
    MMCME2_ADV_X0Y0      MMCME2_ADV (Prop_mmcme2_adv_CLKIN1_CLKOUT0)
                                                     -1.053    -0.508 r  acquireToHDMIwithZynq_i/acquireToDisplay_AXI_0/U0/acquireToDisplay_AXI_slave_lite_v1_0_S00_AXI_inst/oscilloscope_inst/datapath_inst/vc/inst/mmcm_adv_inst/CLKOUT0
                         net (fo=1, routed)           0.482    -0.026    acquireToHDMIwithZynq_i/acquireToDisplay_AXI_0/U0/acquireToDisplay_AXI_slave_lite_v1_0_S00_AXI_inst/oscilloscope_inst/datapath_inst/vc/inst/clk_out1_clk_wiz_0
    BUFGCTRL_X0Y1        BUFG (Prop_bufg_I_O)         0.026     0.000 r  acquireToHDMIwithZynq_i/acquireToDisplay_AXI_0/U0/acquireToDisplay_AXI_slave_lite_v1_0_S00_AXI_inst/oscilloscope_inst/datapath_inst/vc/inst/clkout1_buf/O
                         net (fo=224, routed)         0.580     0.580    acquireToHDMIwithZynq_i/acquireToDisplay_AXI_0/U0/acquireToDisplay_AXI_slave_lite_v1_0_S00_AXI_inst/oscilloscope_inst/datapath_inst/hdmi0_inst/inst/encb/pix_clk
    SLICE_X38Y22         FDRE                                         r  acquireToHDMIwithZynq_i/acquireToDisplay_AXI_0/U0/acquireToDisplay_AXI_slave_lite_v1_0_S00_AXI_inst/oscilloscope_inst/datapath_inst/hdmi0_inst/inst/encb/c0_q_reg/C
  -------------------------------------------------------------------    -------------------
    SLICE_X38Y22         FDRE (Prop_fdre_C_Q)         0.164     0.744 r  acquireToHDMIwithZynq_i/acquireToDisplay_AXI_0/U0/acquireToDisplay_AXI_slave_lite_v1_0_S00_AXI_inst/oscilloscope_inst/datapath_inst/hdmi0_inst/inst/encb/c0_q_reg/Q
                         net (fo=1, routed)           0.113     0.857    acquireToHDMIwithZynq_i/acquireToDisplay_AXI_0/U0/acquireToDisplay_AXI_slave_lite_v1_0_S00_AXI_inst/oscilloscope_inst/datapath_inst/hdmi0_inst/inst/encb/c0_q
    SLICE_X39Y22         FDRE                                         r  acquireToHDMIwithZynq_i/acquireToDisplay_AXI_0/U0/acquireToDisplay_AXI_slave_lite_v1_0_S00_AXI_inst/oscilloscope_inst/datapath_inst/hdmi0_inst/inst/encb/c0_reg_reg/D
  -------------------------------------------------------------------    -------------------

                         (clock clk_out1_clk_wiz_0 rise edge)
                                                      0.000     0.000 r  
    BUFGCTRL_X0Y0        BUFG                         0.000     0.000 r  acquireToHDMIwithZynq_i/processing_system7_0/inst/buffer_fclk_clk_0.FCLK_CLK_0_BUFG/O
                         net (fo=1484, routed)        0.812     0.812    acquireToHDMIwithZynq_i/acquireToDisplay_AXI_0/U0/acquireToDisplay_AXI_slave_lite_v1_0_S00_AXI_inst/oscilloscope_inst/datapath_inst/vc/inst/clk_in1
    MMCME2_ADV_X0Y0      MMCME2_ADV (Prop_mmcme2_adv_CLKIN1_CLKOUT0)
                                                     -1.369    -0.557 r  acquireToHDMIwithZynq_i/acquireToDisplay_AXI_0/U0/acquireToDisplay_AXI_slave_lite_v1_0_S00_AXI_inst/oscilloscope_inst/datapath_inst/vc/inst/mmcm_adv_inst/CLKOUT0
                         net (fo=1, routed)           0.528    -0.029    acquireToHDMIwithZynq_i/acquireToDisplay_AXI_0/U0/acquireToDisplay_AXI_slave_lite_v1_0_S00_AXI_inst/oscilloscope_inst/datapath_inst/vc/inst/clk_out1_clk_wiz_0
    BUFGCTRL_X0Y1        BUFG (Prop_bufg_I_O)         0.029    -0.000 r  acquireToHDMIwithZynq_i/acquireToDisplay_AXI_0/U0/acquireToDisplay_AXI_slave_lite_v1_0_S00_AXI_inst/oscilloscope_inst/datapath_inst/vc/inst/clkout1_buf/O
                         net (fo=224, routed)         0.846     0.846    acquireToHDMIwithZynq_i/acquireToDisplay_AXI_0/U0/acquireToDisplay_AXI_slave_lite_v1_0_S00_AXI_inst/oscilloscope_inst/datapath_inst/hdmi0_inst/inst/encb/pix_clk
    SLICE_X39Y22         FDRE                                         r  acquireToHDMIwithZynq_i/acquireToDisplay_AXI_0/U0/acquireToDisplay_AXI_slave_lite_v1_0_S00_AXI_inst/oscilloscope_inst/datapath_inst/hdmi0_inst/inst/encb/c0_reg_reg/C
                         clock pessimism             -0.253     0.593    
    SLICE_X39Y22         FDRE (Hold_fdre_C_D)         0.070     0.663    acquireToHDMIwithZynq_i/acquireToDisplay_AXI_0/U0/acquireToDisplay_AXI_slave_lite_v1_0_S00_AXI_inst/oscilloscope_inst/datapath_inst/hdmi0_inst/inst/encb/c0_reg_reg
  -------------------------------------------------------------------
                         required time                         -0.663    
                         arrival time                           0.857    
  -------------------------------------------------------------------
                         slack                                  0.194    

Slack (MET) :             0.199ns  (arrival time - required time)
  Source:                 acquireToHDMIwithZynq_i/acquireToDisplay_AXI_0/U0/acquireToDisplay_AXI_slave_lite_v1_0_S00_AXI_inst/oscilloscope_inst/datapath_inst/hdmi0_inst/inst/encr/vdin_q_reg[2]/C
                            (rising edge-triggered cell FDRE clocked by clk_out1_clk_wiz_0  {rise@0.000ns fall@6.737ns period=13.474ns})
  Destination:            acquireToHDMIwithZynq_i/acquireToDisplay_AXI_0/U0/acquireToDisplay_AXI_slave_lite_v1_0_S00_AXI_inst/oscilloscope_inst/datapath_inst/hdmi0_inst/inst/encr/q_m_reg_reg[3]/D
                            (rising edge-triggered cell FDRE clocked by clk_out1_clk_wiz_0  {rise@0.000ns fall@6.737ns period=13.474ns})
  Path Group:             clk_out1_clk_wiz_0
  Path Type:              Hold (Min at Fast Process Corner)
  Requirement:            0.000ns  (clk_out1_clk_wiz_0 rise@0.000ns - clk_out1_clk_wiz_0 rise@0.000ns)
  Data Path Delay:        0.343ns  (logic 0.189ns (55.158%)  route 0.154ns (44.842%))
  Logic Levels:           1  (LUT5=1)
  Clock Path Skew:        0.011ns (DCD - SCD - CPR)
    Destination Clock Delay (DCD):    0.846ns
    Source Clock Delay      (SCD):    0.582ns
    Clock Pessimism Removal (CPR):    0.253ns

    Location             Delay type                Incr(ns)  Path(ns)    Netlist Resource(s)
  -------------------------------------------------------------------    -------------------
                         (clock clk_out1_clk_wiz_0 rise edge)
                                                      0.000     0.000 r  
    BUFGCTRL_X0Y0        BUFG                         0.000     0.000 r  acquireToHDMIwithZynq_i/processing_system7_0/inst/buffer_fclk_clk_0.FCLK_CLK_0_BUFG/O
                         net (fo=1484, routed)        0.546     0.546    acquireToHDMIwithZynq_i/acquireToDisplay_AXI_0/U0/acquireToDisplay_AXI_slave_lite_v1_0_S00_AXI_inst/oscilloscope_inst/datapath_inst/vc/inst/clk_in1
    MMCME2_ADV_X0Y0      MMCME2_ADV (Prop_mmcme2_adv_CLKIN1_CLKOUT0)
                                                     -1.053    -0.508 r  acquireToHDMIwithZynq_i/acquireToDisplay_AXI_0/U0/acquireToDisplay_AXI_slave_lite_v1_0_S00_AXI_inst/oscilloscope_inst/datapath_inst/vc/inst/mmcm_adv_inst/CLKOUT0
                         net (fo=1, routed)           0.482    -0.026    acquireToHDMIwithZynq_i/acquireToDisplay_AXI_0/U0/acquireToDisplay_AXI_slave_lite_v1_0_S00_AXI_inst/oscilloscope_inst/datapath_inst/vc/inst/clk_out1_clk_wiz_0
    BUFGCTRL_X0Y1        BUFG (Prop_bufg_I_O)         0.026     0.000 r  acquireToHDMIwithZynq_i/acquireToDisplay_AXI_0/U0/acquireToDisplay_AXI_slave_lite_v1_0_S00_AXI_inst/oscilloscope_inst/datapath_inst/vc/inst/clkout1_buf/O
                         net (fo=224, routed)         0.582     0.582    acquireToHDMIwithZynq_i/acquireToDisplay_AXI_0/U0/acquireToDisplay_AXI_slave_lite_v1_0_S00_AXI_inst/oscilloscope_inst/datapath_inst/hdmi0_inst/inst/encr/pix_clk
    SLICE_X41Y27         FDRE                                         r  acquireToHDMIwithZynq_i/acquireToDisplay_AXI_0/U0/acquireToDisplay_AXI_slave_lite_v1_0_S00_AXI_inst/oscilloscope_inst/datapath_inst/hdmi0_inst/inst/encr/vdin_q_reg[2]/C
  -------------------------------------------------------------------    -------------------
    SLICE_X41Y27         FDRE (Prop_fdre_C_Q)         0.141     0.723 r  acquireToHDMIwithZynq_i/acquireToDisplay_AXI_0/U0/acquireToDisplay_AXI_slave_lite_v1_0_S00_AXI_inst/oscilloscope_inst/datapath_inst/hdmi0_inst/inst/encr/vdin_q_reg[2]/Q
                         net (fo=7, routed)           0.154     0.876    acquireToHDMIwithZynq_i/acquireToDisplay_AXI_0/U0/acquireToDisplay_AXI_slave_lite_v1_0_S00_AXI_inst/oscilloscope_inst/datapath_inst/hdmi0_inst/inst/encr/p_0_in4_in
    SLICE_X42Y26         LUT5 (Prop_lut5_I1_O)        0.048     0.924 r  acquireToHDMIwithZynq_i/acquireToDisplay_AXI_0/U0/acquireToDisplay_AXI_slave_lite_v1_0_S00_AXI_inst/oscilloscope_inst/datapath_inst/hdmi0_inst/inst/encr/q_m_reg[3]_i_1__1/O
                         net (fo=1, routed)           0.000     0.924    acquireToHDMIwithZynq_i/acquireToDisplay_AXI_0/U0/acquireToDisplay_AXI_slave_lite_v1_0_S00_AXI_inst/oscilloscope_inst/datapath_inst/hdmi0_inst/inst/encr/q_m_3
    SLICE_X42Y26         FDRE                                         r  acquireToHDMIwithZynq_i/acquireToDisplay_AXI_0/U0/acquireToDisplay_AXI_slave_lite_v1_0_S00_AXI_inst/oscilloscope_inst/datapath_inst/hdmi0_inst/inst/encr/q_m_reg_reg[3]/D
  -------------------------------------------------------------------    -------------------

                         (clock clk_out1_clk_wiz_0 rise edge)
                                                      0.000     0.000 r  
    BUFGCTRL_X0Y0        BUFG                         0.000     0.000 r  acquireToHDMIwithZynq_i/processing_system7_0/inst/buffer_fclk_clk_0.FCLK_CLK_0_BUFG/O
                         net (fo=1484, routed)        0.812     0.812    acquireToHDMIwithZynq_i/acquireToDisplay_AXI_0/U0/acquireToDisplay_AXI_slave_lite_v1_0_S00_AXI_inst/oscilloscope_inst/datapath_inst/vc/inst/clk_in1
    MMCME2_ADV_X0Y0      MMCME2_ADV (Prop_mmcme2_adv_CLKIN1_CLKOUT0)
                                                     -1.369    -0.557 r  acquireToHDMIwithZynq_i/acquireToDisplay_AXI_0/U0/acquireToDisplay_AXI_slave_lite_v1_0_S00_AXI_inst/oscilloscope_inst/datapath_inst/vc/inst/mmcm_adv_inst/CLKOUT0
                         net (fo=1, routed)           0.528    -0.029    acquireToHDMIwithZynq_i/acquireToDisplay_AXI_0/U0/acquireToDisplay_AXI_slave_lite_v1_0_S00_AXI_inst/oscilloscope_inst/datapath_inst/vc/inst/clk_out1_clk_wiz_0
    BUFGCTRL_X0Y1        BUFG (Prop_bufg_I_O)         0.029    -0.000 r  acquireToHDMIwithZynq_i/acquireToDisplay_AXI_0/U0/acquireToDisplay_AXI_slave_lite_v1_0_S00_AXI_inst/oscilloscope_inst/datapath_inst/vc/inst/clkout1_buf/O
                         net (fo=224, routed)         0.846     0.846    acquireToHDMIwithZynq_i/acquireToDisplay_AXI_0/U0/acquireToDisplay_AXI_slave_lite_v1_0_S00_AXI_inst/oscilloscope_inst/datapath_inst/hdmi0_inst/inst/encr/pix_clk
    SLICE_X42Y26         FDRE                                         r  acquireToHDMIwithZynq_i/acquireToDisplay_AXI_0/U0/acquireToDisplay_AXI_slave_lite_v1_0_S00_AXI_inst/oscilloscope_inst/datapath_inst/hdmi0_inst/inst/encr/q_m_reg_reg[3]/C
                         clock pessimism             -0.253     0.593    
    SLICE_X42Y26         FDRE (Hold_fdre_C_D)         0.133     0.726    acquireToHDMIwithZynq_i/acquireToDisplay_AXI_0/U0/acquireToDisplay_AXI_slave_lite_v1_0_S00_AXI_inst/oscilloscope_inst/datapath_inst/hdmi0_inst/inst/encr/q_m_reg_reg[3]
  -------------------------------------------------------------------
                         required time                         -0.726    
                         arrival time                           0.924    
  -------------------------------------------------------------------
                         slack                                  0.199    

Slack (MET) :             0.206ns  (arrival time - required time)
  Source:                 acquireToHDMIwithZynq_i/acquireToDisplay_AXI_0/U0/acquireToDisplay_AXI_slave_lite_v1_0_S00_AXI_inst/oscilloscope_inst/datapath_inst/hdmi0_inst/inst/encg/vdin_q_reg[3]/C
                            (rising edge-triggered cell FDRE clocked by clk_out1_clk_wiz_0  {rise@0.000ns fall@6.737ns period=13.474ns})
  Destination:            acquireToHDMIwithZynq_i/acquireToDisplay_AXI_0/U0/acquireToDisplay_AXI_slave_lite_v1_0_S00_AXI_inst/oscilloscope_inst/datapath_inst/hdmi0_inst/inst/encg/q_m_reg_reg[5]/D
                            (rising edge-triggered cell FDRE clocked by clk_out1_clk_wiz_0  {rise@0.000ns fall@6.737ns period=13.474ns})
  Path Group:             clk_out1_clk_wiz_0
  Path Type:              Hold (Min at Fast Process Corner)
  Requirement:            0.000ns  (clk_out1_clk_wiz_0 rise@0.000ns - clk_out1_clk_wiz_0 rise@0.000ns)
  Data Path Delay:        0.312ns  (logic 0.186ns (59.582%)  route 0.126ns (40.418%))
  Logic Levels:           1  (LUT5=1)
  Clock Path Skew:        0.015ns (DCD - SCD - CPR)
    Destination Clock Delay (DCD):    0.821ns
    Source Clock Delay      (SCD):    0.553ns
    Clock Pessimism Removal (CPR):    0.253ns

    Location             Delay type                Incr(ns)  Path(ns)    Netlist Resource(s)
  -------------------------------------------------------------------    -------------------
                         (clock clk_out1_clk_wiz_0 rise edge)
                                                      0.000     0.000 r  
    BUFGCTRL_X0Y0        BUFG                         0.000     0.000 r  acquireToHDMIwithZynq_i/processing_system7_0/inst/buffer_fclk_clk_0.FCLK_CLK_0_BUFG/O
                         net (fo=1484, routed)        0.546     0.546    acquireToHDMIwithZynq_i/acquireToDisplay_AXI_0/U0/acquireToDisplay_AXI_slave_lite_v1_0_S00_AXI_inst/oscilloscope_inst/datapath_inst/vc/inst/clk_in1
    MMCME2_ADV_X0Y0      MMCME2_ADV (Prop_mmcme2_adv_CLKIN1_CLKOUT0)
                                                     -1.053    -0.508 r  acquireToHDMIwithZynq_i/acquireToDisplay_AXI_0/U0/acquireToDisplay_AXI_slave_lite_v1_0_S00_AXI_inst/oscilloscope_inst/datapath_inst/vc/inst/mmcm_adv_inst/CLKOUT0
                         net (fo=1, routed)           0.482    -0.026    acquireToHDMIwithZynq_i/acquireToDisplay_AXI_0/U0/acquireToDisplay_AXI_slave_lite_v1_0_S00_AXI_inst/oscilloscope_inst/datapath_inst/vc/inst/clk_out1_clk_wiz_0
    BUFGCTRL_X0Y1        BUFG (Prop_bufg_I_O)         0.026     0.000 r  acquireToHDMIwithZynq_i/acquireToDisplay_AXI_0/U0/acquireToDisplay_AXI_slave_lite_v1_0_S00_AXI_inst/oscilloscope_inst/datapath_inst/vc/inst/clkout1_buf/O
                         net (fo=224, routed)         0.553     0.553    acquireToHDMIwithZynq_i/acquireToDisplay_AXI_0/U0/acquireToDisplay_AXI_slave_lite_v1_0_S00_AXI_inst/oscilloscope_inst/datapath_inst/hdmi0_inst/inst/encg/pix_clk
    SLICE_X35Y21         FDRE                                         r  acquireToHDMIwithZynq_i/acquireToDisplay_AXI_0/U0/acquireToDisplay_AXI_slave_lite_v1_0_S00_AXI_inst/oscilloscope_inst/datapath_inst/hdmi0_inst/inst/encg/vdin_q_reg[3]/C
  -------------------------------------------------------------------    -------------------
    SLICE_X35Y21         FDRE (Prop_fdre_C_Q)         0.141     0.694 r  acquireToHDMIwithZynq_i/acquireToDisplay_AXI_0/U0/acquireToDisplay_AXI_slave_lite_v1_0_S00_AXI_inst/oscilloscope_inst/datapath_inst/hdmi0_inst/inst/encg/vdin_q_reg[3]/Q
                         net (fo=11, routed)          0.126     0.820    acquireToHDMIwithZynq_i/acquireToDisplay_AXI_0/U0/acquireToDisplay_AXI_slave_lite_v1_0_S00_AXI_inst/oscilloscope_inst/datapath_inst/hdmi0_inst/inst/encg/p_0_in3_in
    SLICE_X35Y20         LUT5 (Prop_lut5_I3_O)        0.045     0.865 r  acquireToHDMIwithZynq_i/acquireToDisplay_AXI_0/U0/acquireToDisplay_AXI_slave_lite_v1_0_S00_AXI_inst/oscilloscope_inst/datapath_inst/hdmi0_inst/inst/encg/q_m_reg[5]_i_1__0/O
                         net (fo=1, routed)           0.000     0.865    acquireToHDMIwithZynq_i/acquireToDisplay_AXI_0/U0/acquireToDisplay_AXI_slave_lite_v1_0_S00_AXI_inst/oscilloscope_inst/datapath_inst/hdmi0_inst/inst/encg/q_m_reg[5]_i_1__0_n_0
    SLICE_X35Y20         FDRE                                         r  acquireToHDMIwithZynq_i/acquireToDisplay_AXI_0/U0/acquireToDisplay_AXI_slave_lite_v1_0_S00_AXI_inst/oscilloscope_inst/datapath_inst/hdmi0_inst/inst/encg/q_m_reg_reg[5]/D
  -------------------------------------------------------------------    -------------------

                         (clock clk_out1_clk_wiz_0 rise edge)
                                                      0.000     0.000 r  
    BUFGCTRL_X0Y0        BUFG                         0.000     0.000 r  acquireToHDMIwithZynq_i/processing_system7_0/inst/buffer_fclk_clk_0.FCLK_CLK_0_BUFG/O
                         net (fo=1484, routed)        0.812     0.812    acquireToHDMIwithZynq_i/acquireToDisplay_AXI_0/U0/acquireToDisplay_AXI_slave_lite_v1_0_S00_AXI_inst/oscilloscope_inst/datapath_inst/vc/inst/clk_in1
    MMCME2_ADV_X0Y0      MMCME2_ADV (Prop_mmcme2_adv_CLKIN1_CLKOUT0)
                                                     -1.369    -0.557 r  acquireToHDMIwithZynq_i/acquireToDisplay_AXI_0/U0/acquireToDisplay_AXI_slave_lite_v1_0_S00_AXI_inst/oscilloscope_inst/datapath_inst/vc/inst/mmcm_adv_inst/CLKOUT0
                         net (fo=1, routed)           0.528    -0.029    acquireToHDMIwithZynq_i/acquireToDisplay_AXI_0/U0/acquireToDisplay_AXI_slave_lite_v1_0_S00_AXI_inst/oscilloscope_inst/datapath_inst/vc/inst/clk_out1_clk_wiz_0
    BUFGCTRL_X0Y1        BUFG (Prop_bufg_I_O)         0.029    -0.000 r  acquireToHDMIwithZynq_i/acquireToDisplay_AXI_0/U0/acquireToDisplay_AXI_slave_lite_v1_0_S00_AXI_inst/oscilloscope_inst/datapath_inst/vc/inst/clkout1_buf/O
                         net (fo=224, routed)         0.821     0.821    acquireToHDMIwithZynq_i/acquireToDisplay_AXI_0/U0/acquireToDisplay_AXI_slave_lite_v1_0_S00_AXI_inst/oscilloscope_inst/datapath_inst/hdmi0_inst/inst/encg/pix_clk
    SLICE_X35Y20         FDRE                                         r  acquireToHDMIwithZynq_i/acquireToDisplay_AXI_0/U0/acquireToDisplay_AXI_slave_lite_v1_0_S00_AXI_inst/oscilloscope_inst/datapath_inst/hdmi0_inst/inst/encg/q_m_reg_reg[5]/C
                         clock pessimism             -0.253     0.568    
    SLICE_X35Y20         FDRE (Hold_fdre_C_D)         0.091     0.659    acquireToHDMIwithZynq_i/acquireToDisplay_AXI_0/U0/acquireToDisplay_AXI_slave_lite_v1_0_S00_AXI_inst/oscilloscope_inst/datapath_inst/hdmi0_inst/inst/encg/q_m_reg_reg[5]
  -------------------------------------------------------------------
                         required time                         -0.659    
                         arrival time                           0.865    
  -------------------------------------------------------------------
                         slack                                  0.206    

Slack (MET) :             0.209ns  (arrival time - required time)
  Source:                 acquireToHDMIwithZynq_i/acquireToDisplay_AXI_0/U0/acquireToDisplay_AXI_slave_lite_v1_0_S00_AXI_inst/oscilloscope_inst/datapath_inst/hdmi0_inst/inst/encg/n1d_reg[1]/C
                            (rising edge-triggered cell FDRE clocked by clk_out1_clk_wiz_0  {rise@0.000ns fall@6.737ns period=13.474ns})
  Destination:            acquireToHDMIwithZynq_i/acquireToDisplay_AXI_0/U0/acquireToDisplay_AXI_slave_lite_v1_0_S00_AXI_inst/oscilloscope_inst/datapath_inst/hdmi0_inst/inst/encg/q_m_reg_reg[1]/D
                            (rising edge-triggered cell FDRE clocked by clk_out1_clk_wiz_0  {rise@0.000ns fall@6.737ns period=13.474ns})
  Path Group:             clk_out1_clk_wiz_0
  Path Type:              Hold (Min at Fast Process Corner)
  Requirement:            0.000ns  (clk_out1_clk_wiz_0 rise@0.000ns - clk_out1_clk_wiz_0 rise@0.000ns)
  Data Path Delay:        0.314ns  (logic 0.209ns (66.494%)  route 0.105ns (33.506%))
  Logic Levels:           1  (LUT6=1)
  Clock Path Skew:        0.013ns (DCD - SCD - CPR)
    Destination Clock Delay (DCD):    0.819ns
    Source Clock Delay      (SCD):    0.553ns
    Clock Pessimism Removal (CPR):    0.253ns

    Location             Delay type                Incr(ns)  Path(ns)    Netlist Resource(s)
  -------------------------------------------------------------------    -------------------
                         (clock clk_out1_clk_wiz_0 rise edge)
                                                      0.000     0.000 r  
    BUFGCTRL_X0Y0        BUFG                         0.000     0.000 r  acquireToHDMIwithZynq_i/processing_system7_0/inst/buffer_fclk_clk_0.FCLK_CLK_0_BUFG/O
                         net (fo=1484, routed)        0.546     0.546    acquireToHDMIwithZynq_i/acquireToDisplay_AXI_0/U0/acquireToDisplay_AXI_slave_lite_v1_0_S00_AXI_inst/oscilloscope_inst/datapath_inst/vc/inst/clk_in1
    MMCME2_ADV_X0Y0      MMCME2_ADV (Prop_mmcme2_adv_CLKIN1_CLKOUT0)
                                                     -1.053    -0.508 r  acquireToHDMIwithZynq_i/acquireToDisplay_AXI_0/U0/acquireToDisplay_AXI_slave_lite_v1_0_S00_AXI_inst/oscilloscope_inst/datapath_inst/vc/inst/mmcm_adv_inst/CLKOUT0
                         net (fo=1, routed)           0.482    -0.026    acquireToHDMIwithZynq_i/acquireToDisplay_AXI_0/U0/acquireToDisplay_AXI_slave_lite_v1_0_S00_AXI_inst/oscilloscope_inst/datapath_inst/vc/inst/clk_out1_clk_wiz_0
    BUFGCTRL_X0Y1        BUFG (Prop_bufg_I_O)         0.026     0.000 r  acquireToHDMIwithZynq_i/acquireToDisplay_AXI_0/U0/acquireToDisplay_AXI_slave_lite_v1_0_S00_AXI_inst/oscilloscope_inst/datapath_inst/vc/inst/clkout1_buf/O
                         net (fo=224, routed)         0.553     0.553    acquireToHDMIwithZynq_i/acquireToDisplay_AXI_0/U0/acquireToDisplay_AXI_slave_lite_v1_0_S00_AXI_inst/oscilloscope_inst/datapath_inst/hdmi0_inst/inst/encg/pix_clk
    SLICE_X32Y21         FDRE                                         r  acquireToHDMIwithZynq_i/acquireToDisplay_AXI_0/U0/acquireToDisplay_AXI_slave_lite_v1_0_S00_AXI_inst/oscilloscope_inst/datapath_inst/hdmi0_inst/inst/encg/n1d_reg[1]/C
  -------------------------------------------------------------------    -------------------
    SLICE_X32Y21         FDRE (Prop_fdre_C_Q)         0.164     0.717 r  acquireToHDMIwithZynq_i/acquireToDisplay_AXI_0/U0/acquireToDisplay_AXI_slave_lite_v1_0_S00_AXI_inst/oscilloscope_inst/datapath_inst/hdmi0_inst/inst/encg/n1d_reg[1]/Q
                         net (fo=4, routed)           0.105     0.822    acquireToHDMIwithZynq_i/acquireToDisplay_AXI_0/U0/acquireToDisplay_AXI_slave_lite_v1_0_S00_AXI_inst/oscilloscope_inst/datapath_inst/hdmi0_inst/inst/encg/n1d[1]
    SLICE_X33Y21         LUT6 (Prop_lut6_I2_O)        0.045     0.867 r  acquireToHDMIwithZynq_i/acquireToDisplay_AXI_0/U0/acquireToDisplay_AXI_slave_lite_v1_0_S00_AXI_inst/oscilloscope_inst/datapath_inst/hdmi0_inst/inst/encg/q_m_reg[1]_i_1__0/O
                         net (fo=1, routed)           0.000     0.867    acquireToHDMIwithZynq_i/acquireToDisplay_AXI_0/U0/acquireToDisplay_AXI_slave_lite_v1_0_S00_AXI_inst/oscilloscope_inst/datapath_inst/hdmi0_inst/inst/encg/q_m_1
    SLICE_X33Y21         FDRE                                         r  acquireToHDMIwithZynq_i/acquireToDisplay_AXI_0/U0/acquireToDisplay_AXI_slave_lite_v1_0_S00_AXI_inst/oscilloscope_inst/datapath_inst/hdmi0_inst/inst/encg/q_m_reg_reg[1]/D
  -------------------------------------------------------------------    -------------------

                         (clock clk_out1_clk_wiz_0 rise edge)
                                                      0.000     0.000 r  
    BUFGCTRL_X0Y0        BUFG                         0.000     0.000 r  acquireToHDMIwithZynq_i/processing_system7_0/inst/buffer_fclk_clk_0.FCLK_CLK_0_BUFG/O
                         net (fo=1484, routed)        0.812     0.812    acquireToHDMIwithZynq_i/acquireToDisplay_AXI_0/U0/acquireToDisplay_AXI_slave_lite_v1_0_S00_AXI_inst/oscilloscope_inst/datapath_inst/vc/inst/clk_in1
    MMCME2_ADV_X0Y0      MMCME2_ADV (Prop_mmcme2_adv_CLKIN1_CLKOUT0)
                                                     -1.369    -0.557 r  acquireToHDMIwithZynq_i/acquireToDisplay_AXI_0/U0/acquireToDisplay_AXI_slave_lite_v1_0_S00_AXI_inst/oscilloscope_inst/datapath_inst/vc/inst/mmcm_adv_inst/CLKOUT0
                         net (fo=1, routed)           0.528    -0.029    acquireToHDMIwithZynq_i/acquireToDisplay_AXI_0/U0/acquireToDisplay_AXI_slave_lite_v1_0_S00_AXI_inst/oscilloscope_inst/datapath_inst/vc/inst/clk_out1_clk_wiz_0
    BUFGCTRL_X0Y1        BUFG (Prop_bufg_I_O)         0.029    -0.000 r  acquireToHDMIwithZynq_i/acquireToDisplay_AXI_0/U0/acquireToDisplay_AXI_slave_lite_v1_0_S00_AXI_inst/oscilloscope_inst/datapath_inst/vc/inst/clkout1_buf/O
                         net (fo=224, routed)         0.819     0.819    acquireToHDMIwithZynq_i/acquireToDisplay_AXI_0/U0/acquireToDisplay_AXI_slave_lite_v1_0_S00_AXI_inst/oscilloscope_inst/datapath_inst/hdmi0_inst/inst/encg/pix_clk
    SLICE_X33Y21         FDRE                                         r  acquireToHDMIwithZynq_i/acquireToDisplay_AXI_0/U0/acquireToDisplay_AXI_slave_lite_v1_0_S00_AXI_inst/oscilloscope_inst/datapath_inst/hdmi0_inst/inst/encg/q_m_reg_reg[1]/C
                         clock pessimism             -0.253     0.566    
    SLICE_X33Y21         FDRE (Hold_fdre_C_D)         0.092     0.658    acquireToHDMIwithZynq_i/acquireToDisplay_AXI_0/U0/acquireToDisplay_AXI_slave_lite_v1_0_S00_AXI_inst/oscilloscope_inst/datapath_inst/hdmi0_inst/inst/encg/q_m_reg_reg[1]
  -------------------------------------------------------------------
                         required time                         -0.658    
                         arrival time                           0.867    
  -------------------------------------------------------------------
                         slack                                  0.209    

Slack (MET) :             0.210ns  (arrival time - required time)
  Source:                 acquireToHDMIwithZynq_i/acquireToDisplay_AXI_0/U0/acquireToDisplay_AXI_slave_lite_v1_0_S00_AXI_inst/oscilloscope_inst/datapath_inst/hdmi0_inst/inst/encb/n1d_reg[2]/C
                            (rising edge-triggered cell FDRE clocked by clk_out1_clk_wiz_0  {rise@0.000ns fall@6.737ns period=13.474ns})
  Destination:            acquireToHDMIwithZynq_i/acquireToDisplay_AXI_0/U0/acquireToDisplay_AXI_slave_lite_v1_0_S00_AXI_inst/oscilloscope_inst/datapath_inst/hdmi0_inst/inst/encb/q_m_reg_reg[1]/D
                            (rising edge-triggered cell FDRE clocked by clk_out1_clk_wiz_0  {rise@0.000ns fall@6.737ns period=13.474ns})
  Path Group:             clk_out1_clk_wiz_0
  Path Type:              Hold (Min at Fast Process Corner)
  Requirement:            0.000ns  (clk_out1_clk_wiz_0 rise@0.000ns - clk_out1_clk_wiz_0 rise@0.000ns)
  Data Path Delay:        0.315ns  (logic 0.209ns (66.264%)  route 0.106ns (33.736%))
  Logic Levels:           1  (LUT6=1)
  Clock Path Skew:        0.013ns (DCD - SCD - CPR)
    Destination Clock Delay (DCD):    0.853ns
    Source Clock Delay      (SCD):    0.586ns
    Clock Pessimism Removal (CPR):    0.254ns

    Location             Delay type                Incr(ns)  Path(ns)    Netlist Resource(s)
  -------------------------------------------------------------------    -------------------
                         (clock clk_out1_clk_wiz_0 rise edge)
                                                      0.000     0.000 r  
    BUFGCTRL_X0Y0        BUFG                         0.000     0.000 r  acquireToHDMIwithZynq_i/processing_system7_0/inst/buffer_fclk_clk_0.FCLK_CLK_0_BUFG/O
                         net (fo=1484, routed)        0.546     0.546    acquireToHDMIwithZynq_i/acquireToDisplay_AXI_0/U0/acquireToDisplay_AXI_slave_lite_v1_0_S00_AXI_inst/oscilloscope_inst/datapath_inst/vc/inst/clk_in1
    MMCME2_ADV_X0Y0      MMCME2_ADV (Prop_mmcme2_adv_CLKIN1_CLKOUT0)
                                                     -1.053    -0.508 r  acquireToHDMIwithZynq_i/acquireToDisplay_AXI_0/U0/acquireToDisplay_AXI_slave_lite_v1_0_S00_AXI_inst/oscilloscope_inst/datapath_inst/vc/inst/mmcm_adv_inst/CLKOUT0
                         net (fo=1, routed)           0.482    -0.026    acquireToHDMIwithZynq_i/acquireToDisplay_AXI_0/U0/acquireToDisplay_AXI_slave_lite_v1_0_S00_AXI_inst/oscilloscope_inst/datapath_inst/vc/inst/clk_out1_clk_wiz_0
    BUFGCTRL_X0Y1        BUFG (Prop_bufg_I_O)         0.026     0.000 r  acquireToHDMIwithZynq_i/acquireToDisplay_AXI_0/U0/acquireToDisplay_AXI_slave_lite_v1_0_S00_AXI_inst/oscilloscope_inst/datapath_inst/vc/inst/clkout1_buf/O
                         net (fo=224, routed)         0.586     0.586    acquireToHDMIwithZynq_i/acquireToDisplay_AXI_0/U0/acquireToDisplay_AXI_slave_lite_v1_0_S00_AXI_inst/oscilloscope_inst/datapath_inst/hdmi0_inst/inst/encb/pix_clk
    SLICE_X38Y15         FDRE                                         r  acquireToHDMIwithZynq_i/acquireToDisplay_AXI_0/U0/acquireToDisplay_AXI_slave_lite_v1_0_S00_AXI_inst/oscilloscope_inst/datapath_inst/hdmi0_inst/inst/encb/n1d_reg[2]/C
  -------------------------------------------------------------------    -------------------
    SLICE_X38Y15         FDRE (Prop_fdre_C_Q)         0.164     0.750 r  acquireToHDMIwithZynq_i/acquireToDisplay_AXI_0/U0/acquireToDisplay_AXI_slave_lite_v1_0_S00_AXI_inst/oscilloscope_inst/datapath_inst/hdmi0_inst/inst/encb/n1d_reg[2]/Q
                         net (fo=4, routed)           0.106     0.856    acquireToHDMIwithZynq_i/acquireToDisplay_AXI_0/U0/acquireToDisplay_AXI_slave_lite_v1_0_S00_AXI_inst/oscilloscope_inst/datapath_inst/hdmi0_inst/inst/encb/n1d[2]
    SLICE_X39Y15         LUT6 (Prop_lut6_I0_O)        0.045     0.901 r  acquireToHDMIwithZynq_i/acquireToDisplay_AXI_0/U0/acquireToDisplay_AXI_slave_lite_v1_0_S00_AXI_inst/oscilloscope_inst/datapath_inst/hdmi0_inst/inst/encb/q_m_reg[1]_i_1/O
                         net (fo=1, routed)           0.000     0.901    acquireToHDMIwithZynq_i/acquireToDisplay_AXI_0/U0/acquireToDisplay_AXI_slave_lite_v1_0_S00_AXI_inst/oscilloscope_inst/datapath_inst/hdmi0_inst/inst/encb/q_m_1
    SLICE_X39Y15         FDRE                                         r  acquireToHDMIwithZynq_i/acquireToDisplay_AXI_0/U0/acquireToDisplay_AXI_slave_lite_v1_0_S00_AXI_inst/oscilloscope_inst/datapath_inst/hdmi0_inst/inst/encb/q_m_reg_reg[1]/D
  -------------------------------------------------------------------    -------------------

                         (clock clk_out1_clk_wiz_0 rise edge)
                                                      0.000     0.000 r  
    BUFGCTRL_X0Y0        BUFG                         0.000     0.000 r  acquireToHDMIwithZynq_i/processing_system7_0/inst/buffer_fclk_clk_0.FCLK_CLK_0_BUFG/O
                         net (fo=1484, routed)        0.812     0.812    acquireToHDMIwithZynq_i/acquireToDisplay_AXI_0/U0/acquireToDisplay_AXI_slave_lite_v1_0_S00_AXI_inst/oscilloscope_inst/datapath_inst/vc/inst/clk_in1
    MMCME2_ADV_X0Y0      MMCME2_ADV (Prop_mmcme2_adv_CLKIN1_CLKOUT0)
                                                     -1.369    -0.557 r  acquireToHDMIwithZynq_i/acquireToDisplay_AXI_0/U0/acquireToDisplay_AXI_slave_lite_v1_0_S00_AXI_inst/oscilloscope_inst/datapath_inst/vc/inst/mmcm_adv_inst/CLKOUT0
                         net (fo=1, routed)           0.528    -0.029    acquireToHDMIwithZynq_i/acquireToDisplay_AXI_0/U0/acquireToDisplay_AXI_slave_lite_v1_0_S00_AXI_inst/oscilloscope_inst/datapath_inst/vc/inst/clk_out1_clk_wiz_0
    BUFGCTRL_X0Y1        BUFG (Prop_bufg_I_O)         0.029    -0.000 r  acquireToHDMIwithZynq_i/acquireToDisplay_AXI_0/U0/acquireToDisplay_AXI_slave_lite_v1_0_S00_AXI_inst/oscilloscope_inst/datapath_inst/vc/inst/clkout1_buf/O
                         net (fo=224, routed)         0.853     0.853    acquireToHDMIwithZynq_i/acquireToDisplay_AXI_0/U0/acquireToDisplay_AXI_slave_lite_v1_0_S00_AXI_inst/oscilloscope_inst/datapath_inst/hdmi0_inst/inst/encb/pix_clk
    SLICE_X39Y15         FDRE                                         r  acquireToHDMIwithZynq_i/acquireToDisplay_AXI_0/U0/acquireToDisplay_AXI_slave_lite_v1_0_S00_AXI_inst/oscilloscope_inst/datapath_inst/hdmi0_inst/inst/encb/q_m_reg_reg[1]/C
                         clock pessimism             -0.254     0.599    
    SLICE_X39Y15         FDRE (Hold_fdre_C_D)         0.092     0.691    acquireToHDMIwithZynq_i/acquireToDisplay_AXI_0/U0/acquireToDisplay_AXI_slave_lite_v1_0_S00_AXI_inst/oscilloscope_inst/datapath_inst/hdmi0_inst/inst/encb/q_m_reg_reg[1]
  -------------------------------------------------------------------
                         required time                         -0.691    
                         arrival time                           0.901    
  -------------------------------------------------------------------
                         slack                                  0.210    

Slack (MET) :             0.240ns  (arrival time - required time)
  Source:                 acquireToHDMIwithZynq_i/acquireToDisplay_AXI_0/U0/acquireToDisplay_AXI_slave_lite_v1_0_S00_AXI_inst/oscilloscope_inst/datapath_inst/hdmi0_inst/inst/encb/vdin_q_reg[3]/C
                            (rising edge-triggered cell FDRE clocked by clk_out1_clk_wiz_0  {rise@0.000ns fall@6.737ns period=13.474ns})
  Destination:            acquireToHDMIwithZynq_i/acquireToDisplay_AXI_0/U0/acquireToDisplay_AXI_slave_lite_v1_0_S00_AXI_inst/oscilloscope_inst/datapath_inst/hdmi0_inst/inst/encb/q_m_reg_reg[6]/D
                            (rising edge-triggered cell FDRE clocked by clk_out1_clk_wiz_0  {rise@0.000ns fall@6.737ns period=13.474ns})
  Path Group:             clk_out1_clk_wiz_0
  Path Type:              Hold (Min at Fast Process Corner)
  Requirement:            0.000ns  (clk_out1_clk_wiz_0 rise@0.000ns - clk_out1_clk_wiz_0 rise@0.000ns)
  Data Path Delay:        0.367ns  (logic 0.186ns (50.711%)  route 0.181ns (49.289%))
  Logic Levels:           1  (LUT5=1)
  Clock Path Skew:        0.036ns (DCD - SCD - CPR)
    Destination Clock Delay (DCD):    0.854ns
    Source Clock Delay      (SCD):    0.585ns
    Clock Pessimism Removal (CPR):    0.233ns

    Location             Delay type                Incr(ns)  Path(ns)    Netlist Resource(s)
  -------------------------------------------------------------------    -------------------
                         (clock clk_out1_clk_wiz_0 rise edge)
                                                      0.000     0.000 r  
    BUFGCTRL_X0Y0        BUFG                         0.000     0.000 r  acquireToHDMIwithZynq_i/processing_system7_0/inst/buffer_fclk_clk_0.FCLK_CLK_0_BUFG/O
                         net (fo=1484, routed)        0.546     0.546    acquireToHDMIwithZynq_i/acquireToDisplay_AXI_0/U0/acquireToDisplay_AXI_slave_lite_v1_0_S00_AXI_inst/oscilloscope_inst/datapath_inst/vc/inst/clk_in1
    MMCME2_ADV_X0Y0      MMCME2_ADV (Prop_mmcme2_adv_CLKIN1_CLKOUT0)
                                                     -1.053    -0.508 r  acquireToHDMIwithZynq_i/acquireToDisplay_AXI_0/U0/acquireToDisplay_AXI_slave_lite_v1_0_S00_AXI_inst/oscilloscope_inst/datapath_inst/vc/inst/mmcm_adv_inst/CLKOUT0
                         net (fo=1, routed)           0.482    -0.026    acquireToHDMIwithZynq_i/acquireToDisplay_AXI_0/U0/acquireToDisplay_AXI_slave_lite_v1_0_S00_AXI_inst/oscilloscope_inst/datapath_inst/vc/inst/clk_out1_clk_wiz_0
    BUFGCTRL_X0Y1        BUFG (Prop_bufg_I_O)         0.026     0.000 r  acquireToHDMIwithZynq_i/acquireToDisplay_AXI_0/U0/acquireToDisplay_AXI_slave_lite_v1_0_S00_AXI_inst/oscilloscope_inst/datapath_inst/vc/inst/clkout1_buf/O
                         net (fo=224, routed)         0.585     0.585    acquireToHDMIwithZynq_i/acquireToDisplay_AXI_0/U0/acquireToDisplay_AXI_slave_lite_v1_0_S00_AXI_inst/oscilloscope_inst/datapath_inst/hdmi0_inst/inst/encb/pix_clk
    SLICE_X39Y16         FDRE                                         r  acquireToHDMIwithZynq_i/acquireToDisplay_AXI_0/U0/acquireToDisplay_AXI_slave_lite_v1_0_S00_AXI_inst/oscilloscope_inst/datapath_inst/hdmi0_inst/inst/encb/vdin_q_reg[3]/C
  -------------------------------------------------------------------    -------------------
    SLICE_X39Y16         FDRE (Prop_fdre_C_Q)         0.141     0.726 r  acquireToHDMIwithZynq_i/acquireToDisplay_AXI_0/U0/acquireToDisplay_AXI_slave_lite_v1_0_S00_AXI_inst/oscilloscope_inst/datapath_inst/hdmi0_inst/inst/encb/vdin_q_reg[3]/Q
                         net (fo=11, routed)          0.181     0.906    acquireToHDMIwithZynq_i/acquireToDisplay_AXI_0/U0/acquireToDisplay_AXI_slave_lite_v1_0_S00_AXI_inst/oscilloscope_inst/datapath_inst/hdmi0_inst/inst/encb/p_0_in3_in
    SLICE_X41Y16         LUT5 (Prop_lut5_I1_O)        0.045     0.951 r  acquireToHDMIwithZynq_i/acquireToDisplay_AXI_0/U0/acquireToDisplay_AXI_slave_lite_v1_0_S00_AXI_inst/oscilloscope_inst/datapath_inst/hdmi0_inst/inst/encb/q_m_reg[6]_i_1/O
                         net (fo=1, routed)           0.000     0.951    acquireToHDMIwithZynq_i/acquireToDisplay_AXI_0/U0/acquireToDisplay_AXI_slave_lite_v1_0_S00_AXI_inst/oscilloscope_inst/datapath_inst/hdmi0_inst/inst/encb/q_m_6
    SLICE_X41Y16         FDRE                                         r  acquireToHDMIwithZynq_i/acquireToDisplay_AXI_0/U0/acquireToDisplay_AXI_slave_lite_v1_0_S00_AXI_inst/oscilloscope_inst/datapath_inst/hdmi0_inst/inst/encb/q_m_reg_reg[6]/D
  -------------------------------------------------------------------    -------------------

                         (clock clk_out1_clk_wiz_0 rise edge)
                                                      0.000     0.000 r  
    BUFGCTRL_X0Y0        BUFG                         0.000     0.000 r  acquireToHDMIwithZynq_i/processing_system7_0/inst/buffer_fclk_clk_0.FCLK_CLK_0_BUFG/O
                         net (fo=1484, routed)        0.812     0.812    acquireToHDMIwithZynq_i/acquireToDisplay_AXI_0/U0/acquireToDisplay_AXI_slave_lite_v1_0_S00_AXI_inst/oscilloscope_inst/datapath_inst/vc/inst/clk_in1
    MMCME2_ADV_X0Y0      MMCME2_ADV (Prop_mmcme2_adv_CLKIN1_CLKOUT0)
                                                     -1.369    -0.557 r  acquireToHDMIwithZynq_i/acquireToDisplay_AXI_0/U0/acquireToDisplay_AXI_slave_lite_v1_0_S00_AXI_inst/oscilloscope_inst/datapath_inst/vc/inst/mmcm_adv_inst/CLKOUT0
                         net (fo=1, routed)           0.528    -0.029    acquireToHDMIwithZynq_i/acquireToDisplay_AXI_0/U0/acquireToDisplay_AXI_slave_lite_v1_0_S00_AXI_inst/oscilloscope_inst/datapath_inst/vc/inst/clk_out1_clk_wiz_0
    BUFGCTRL_X0Y1        BUFG (Prop_bufg_I_O)         0.029    -0.000 r  acquireToHDMIwithZynq_i/acquireToDisplay_AXI_0/U0/acquireToDisplay_AXI_slave_lite_v1_0_S00_AXI_inst/oscilloscope_inst/datapath_inst/vc/inst/clkout1_buf/O
                         net (fo=224, routed)         0.854     0.854    acquireToHDMIwithZynq_i/acquireToDisplay_AXI_0/U0/acquireToDisplay_AXI_slave_lite_v1_0_S00_AXI_inst/oscilloscope_inst/datapath_inst/hdmi0_inst/inst/encb/pix_clk
    SLICE_X41Y16         FDRE                                         r  acquireToHDMIwithZynq_i/acquireToDisplay_AXI_0/U0/acquireToDisplay_AXI_slave_lite_v1_0_S00_AXI_inst/oscilloscope_inst/datapath_inst/hdmi0_inst/inst/encb/q_m_reg_reg[6]/C
                         clock pessimism             -0.233     0.621    
    SLICE_X41Y16         FDRE (Hold_fdre_C_D)         0.091     0.712    acquireToHDMIwithZynq_i/acquireToDisplay_AXI_0/U0/acquireToDisplay_AXI_slave_lite_v1_0_S00_AXI_inst/oscilloscope_inst/datapath_inst/hdmi0_inst/inst/encb/q_m_reg_reg[6]
  -------------------------------------------------------------------
                         required time                         -0.712    
                         arrival time                           0.951    
  -------------------------------------------------------------------
                         slack                                  0.240    

Slack (MET) :             0.245ns  (arrival time - required time)
  Source:                 acquireToHDMIwithZynq_i/acquireToDisplay_AXI_0/U0/acquireToDisplay_AXI_slave_lite_v1_0_S00_AXI_inst/oscilloscope_inst/datapath_inst/hdmi0_inst/inst/encr/vdin_q_reg[4]/C
                            (rising edge-triggered cell FDRE clocked by clk_out1_clk_wiz_0  {rise@0.000ns fall@6.737ns period=13.474ns})
  Destination:            acquireToHDMIwithZynq_i/acquireToDisplay_AXI_0/U0/acquireToDisplay_AXI_slave_lite_v1_0_S00_AXI_inst/oscilloscope_inst/datapath_inst/hdmi0_inst/inst/encr/q_m_reg_reg[6]/D
                            (rising edge-triggered cell FDRE clocked by clk_out1_clk_wiz_0  {rise@0.000ns fall@6.737ns period=13.474ns})
  Path Group:             clk_out1_clk_wiz_0
  Path Type:              Hold (Min at Fast Process Corner)
  Requirement:            0.000ns  (clk_out1_clk_wiz_0 rise@0.000ns - clk_out1_clk_wiz_0 rise@0.000ns)
  Data Path Delay:        0.377ns  (logic 0.186ns (49.369%)  route 0.191ns (50.631%))
  Logic Levels:           1  (LUT5=1)
  Clock Path Skew:        0.011ns (DCD - SCD - CPR)
    Destination Clock Delay (DCD):    0.846ns
    Source Clock Delay      (SCD):    0.582ns
    Clock Pessimism Removal (CPR):    0.253ns

    Location             Delay type                Incr(ns)  Path(ns)    Netlist Resource(s)
  -------------------------------------------------------------------    -------------------
                         (clock clk_out1_clk_wiz_0 rise edge)
                                                      0.000     0.000 r  
    BUFGCTRL_X0Y0        BUFG                         0.000     0.000 r  acquireToHDMIwithZynq_i/processing_system7_0/inst/buffer_fclk_clk_0.FCLK_CLK_0_BUFG/O
                         net (fo=1484, routed)        0.546     0.546    acquireToHDMIwithZynq_i/acquireToDisplay_AXI_0/U0/acquireToDisplay_AXI_slave_lite_v1_0_S00_AXI_inst/oscilloscope_inst/datapath_inst/vc/inst/clk_in1
    MMCME2_ADV_X0Y0      MMCME2_ADV (Prop_mmcme2_adv_CLKIN1_CLKOUT0)
                                                     -1.053    -0.508 r  acquireToHDMIwithZynq_i/acquireToDisplay_AXI_0/U0/acquireToDisplay_AXI_slave_lite_v1_0_S00_AXI_inst/oscilloscope_inst/datapath_inst/vc/inst/mmcm_adv_inst/CLKOUT0
                         net (fo=1, routed)           0.482    -0.026    acquireToHDMIwithZynq_i/acquireToDisplay_AXI_0/U0/acquireToDisplay_AXI_slave_lite_v1_0_S00_AXI_inst/oscilloscope_inst/datapath_inst/vc/inst/clk_out1_clk_wiz_0
    BUFGCTRL_X0Y1        BUFG (Prop_bufg_I_O)         0.026     0.000 r  acquireToHDMIwithZynq_i/acquireToDisplay_AXI_0/U0/acquireToDisplay_AXI_slave_lite_v1_0_S00_AXI_inst/oscilloscope_inst/datapath_inst/vc/inst/clkout1_buf/O
                         net (fo=224, routed)         0.582     0.582    acquireToHDMIwithZynq_i/acquireToDisplay_AXI_0/U0/acquireToDisplay_AXI_slave_lite_v1_0_S00_AXI_inst/oscilloscope_inst/datapath_inst/hdmi0_inst/inst/encr/pix_clk
    SLICE_X41Y28         FDRE                                         r  acquireToHDMIwithZynq_i/acquireToDisplay_AXI_0/U0/acquireToDisplay_AXI_slave_lite_v1_0_S00_AXI_inst/oscilloscope_inst/datapath_inst/hdmi0_inst/inst/encr/vdin_q_reg[4]/C
  -------------------------------------------------------------------    -------------------
    SLICE_X41Y28         FDRE (Prop_fdre_C_Q)         0.141     0.723 r  acquireToHDMIwithZynq_i/acquireToDisplay_AXI_0/U0/acquireToDisplay_AXI_slave_lite_v1_0_S00_AXI_inst/oscilloscope_inst/datapath_inst/hdmi0_inst/inst/encr/vdin_q_reg[4]/Q
                         net (fo=6, routed)           0.191     0.913    acquireToHDMIwithZynq_i/acquireToDisplay_AXI_0/U0/acquireToDisplay_AXI_slave_lite_v1_0_S00_AXI_inst/oscilloscope_inst/datapath_inst/hdmi0_inst/inst/encr/p_0_in2_in
    SLICE_X42Y26         LUT5 (Prop_lut5_I2_O)        0.045     0.958 r  acquireToHDMIwithZynq_i/acquireToDisplay_AXI_0/U0/acquireToDisplay_AXI_slave_lite_v1_0_S00_AXI_inst/oscilloscope_inst/datapath_inst/hdmi0_inst/inst/encr/q_m_reg[6]_i_1__1/O
                         net (fo=1, routed)           0.000     0.958    acquireToHDMIwithZynq_i/acquireToDisplay_AXI_0/U0/acquireToDisplay_AXI_slave_lite_v1_0_S00_AXI_inst/oscilloscope_inst/datapath_inst/hdmi0_inst/inst/encr/q_m_6
    SLICE_X42Y26         FDRE                                         r  acquireToHDMIwithZynq_i/acquireToDisplay_AXI_0/U0/acquireToDisplay_AXI_slave_lite_v1_0_S00_AXI_inst/oscilloscope_inst/datapath_inst/hdmi0_inst/inst/encr/q_m_reg_reg[6]/D
  -------------------------------------------------------------------    -------------------

                         (clock clk_out1_clk_wiz_0 rise edge)
                                                      0.000     0.000 r  
    BUFGCTRL_X0Y0        BUFG                         0.000     0.000 r  acquireToHDMIwithZynq_i/processing_system7_0/inst/buffer_fclk_clk_0.FCLK_CLK_0_BUFG/O
                         net (fo=1484, routed)        0.812     0.812    acquireToHDMIwithZynq_i/acquireToDisplay_AXI_0/U0/acquireToDisplay_AXI_slave_lite_v1_0_S00_AXI_inst/oscilloscope_inst/datapath_inst/vc/inst/clk_in1
    MMCME2_ADV_X0Y0      MMCME2_ADV (Prop_mmcme2_adv_CLKIN1_CLKOUT0)
                                                     -1.369    -0.557 r  acquireToHDMIwithZynq_i/acquireToDisplay_AXI_0/U0/acquireToDisplay_AXI_slave_lite_v1_0_S00_AXI_inst/oscilloscope_inst/datapath_inst/vc/inst/mmcm_adv_inst/CLKOUT0
                         net (fo=1, routed)           0.528    -0.029    acquireToHDMIwithZynq_i/acquireToDisplay_AXI_0/U0/acquireToDisplay_AXI_slave_lite_v1_0_S00_AXI_inst/oscilloscope_inst/datapath_inst/vc/inst/clk_out1_clk_wiz_0
    BUFGCTRL_X0Y1        BUFG (Prop_bufg_I_O)         0.029    -0.000 r  acquireToHDMIwithZynq_i/acquireToDisplay_AXI_0/U0/acquireToDisplay_AXI_slave_lite_v1_0_S00_AXI_inst/oscilloscope_inst/datapath_inst/vc/inst/clkout1_buf/O
                         net (fo=224, routed)         0.846     0.846    acquireToHDMIwithZynq_i/acquireToDisplay_AXI_0/U0/acquireToDisplay_AXI_slave_lite_v1_0_S00_AXI_inst/oscilloscope_inst/datapath_inst/hdmi0_inst/inst/encr/pix_clk
    SLICE_X42Y26         FDRE                                         r  acquireToHDMIwithZynq_i/acquireToDisplay_AXI_0/U0/acquireToDisplay_AXI_slave_lite_v1_0_S00_AXI_inst/oscilloscope_inst/datapath_inst/hdmi0_inst/inst/encr/q_m_reg_reg[6]/C
                         clock pessimism             -0.253     0.593    
    SLICE_X42Y26         FDRE (Hold_fdre_C_D)         0.121     0.714    acquireToHDMIwithZynq_i/acquireToDisplay_AXI_0/U0/acquireToDisplay_AXI_slave_lite_v1_0_S00_AXI_inst/oscilloscope_inst/datapath_inst/hdmi0_inst/inst/encr/q_m_reg_reg[6]
  -------------------------------------------------------------------
                         required time                         -0.714    
                         arrival time                           0.958    
  -------------------------------------------------------------------
                         slack                                  0.245    

Slack (MET) :             0.249ns  (arrival time - required time)
  Source:                 acquireToHDMIwithZynq_i/acquireToDisplay_AXI_0/U0/acquireToDisplay_AXI_slave_lite_v1_0_S00_AXI_inst/oscilloscope_inst/datapath_inst/hdmi0_inst/inst/encb/vde_q_reg/C
                            (rising edge-triggered cell FDRE clocked by clk_out1_clk_wiz_0  {rise@0.000ns fall@6.737ns period=13.474ns})
  Destination:            acquireToHDMIwithZynq_i/acquireToDisplay_AXI_0/U0/acquireToDisplay_AXI_slave_lite_v1_0_S00_AXI_inst/oscilloscope_inst/datapath_inst/hdmi0_inst/inst/encb/vde_reg_reg/D
                            (rising edge-triggered cell FDRE clocked by clk_out1_clk_wiz_0  {rise@0.000ns fall@6.737ns period=13.474ns})
  Path Group:             clk_out1_clk_wiz_0
  Path Type:              Hold (Min at Fast Process Corner)
  Requirement:            0.000ns  (clk_out1_clk_wiz_0 rise@0.000ns - clk_out1_clk_wiz_0 rise@0.000ns)
  Data Path Delay:        0.315ns  (logic 0.141ns (44.783%)  route 0.174ns (55.217%))
  Logic Levels:           0  
  Clock Path Skew:        0.000ns (DCD - SCD - CPR)
    Destination Clock Delay (DCD):    0.850ns
    Source Clock Delay      (SCD):    0.583ns
    Clock Pessimism Removal (CPR):    0.267ns

    Location             Delay type                Incr(ns)  Path(ns)    Netlist Resource(s)
  -------------------------------------------------------------------    -------------------
                         (clock clk_out1_clk_wiz_0 rise edge)
                                                      0.000     0.000 r  
    BUFGCTRL_X0Y0        BUFG                         0.000     0.000 r  acquireToHDMIwithZynq_i/processing_system7_0/inst/buffer_fclk_clk_0.FCLK_CLK_0_BUFG/O
                         net (fo=1484, routed)        0.546     0.546    acquireToHDMIwithZynq_i/acquireToDisplay_AXI_0/U0/acquireToDisplay_AXI_slave_lite_v1_0_S00_AXI_inst/oscilloscope_inst/datapath_inst/vc/inst/clk_in1
    MMCME2_ADV_X0Y0      MMCME2_ADV (Prop_mmcme2_adv_CLKIN1_CLKOUT0)
                                                     -1.053    -0.508 r  acquireToHDMIwithZynq_i/acquireToDisplay_AXI_0/U0/acquireToDisplay_AXI_slave_lite_v1_0_S00_AXI_inst/oscilloscope_inst/datapath_inst/vc/inst/mmcm_adv_inst/CLKOUT0
                         net (fo=1, routed)           0.482    -0.026    acquireToHDMIwithZynq_i/acquireToDisplay_AXI_0/U0/acquireToDisplay_AXI_slave_lite_v1_0_S00_AXI_inst/oscilloscope_inst/datapath_inst/vc/inst/clk_out1_clk_wiz_0
    BUFGCTRL_X0Y1        BUFG (Prop_bufg_I_O)         0.026     0.000 r  acquireToHDMIwithZynq_i/acquireToDisplay_AXI_0/U0/acquireToDisplay_AXI_slave_lite_v1_0_S00_AXI_inst/oscilloscope_inst/datapath_inst/vc/inst/clkout1_buf/O
                         net (fo=224, routed)         0.583     0.583    acquireToHDMIwithZynq_i/acquireToDisplay_AXI_0/U0/acquireToDisplay_AXI_slave_lite_v1_0_S00_AXI_inst/oscilloscope_inst/datapath_inst/hdmi0_inst/inst/encb/pix_clk
    SLICE_X36Y18         FDRE                                         r  acquireToHDMIwithZynq_i/acquireToDisplay_AXI_0/U0/acquireToDisplay_AXI_slave_lite_v1_0_S00_AXI_inst/oscilloscope_inst/datapath_inst/hdmi0_inst/inst/encb/vde_q_reg/C
  -------------------------------------------------------------------    -------------------
    SLICE_X36Y18         FDRE (Prop_fdre_C_Q)         0.141     0.724 r  acquireToHDMIwithZynq_i/acquireToDisplay_AXI_0/U0/acquireToDisplay_AXI_slave_lite_v1_0_S00_AXI_inst/oscilloscope_inst/datapath_inst/hdmi0_inst/inst/encb/vde_q_reg/Q
                         net (fo=1, routed)           0.174     0.897    acquireToHDMIwithZynq_i/acquireToDisplay_AXI_0/U0/acquireToDisplay_AXI_slave_lite_v1_0_S00_AXI_inst/oscilloscope_inst/datapath_inst/hdmi0_inst/inst/encb/vde_q
    SLICE_X36Y18         FDRE                                         r  acquireToHDMIwithZynq_i/acquireToDisplay_AXI_0/U0/acquireToDisplay_AXI_slave_lite_v1_0_S00_AXI_inst/oscilloscope_inst/datapath_inst/hdmi0_inst/inst/encb/vde_reg_reg/D
  -------------------------------------------------------------------    -------------------

                         (clock clk_out1_clk_wiz_0 rise edge)
                                                      0.000     0.000 r  
    BUFGCTRL_X0Y0        BUFG                         0.000     0.000 r  acquireToHDMIwithZynq_i/processing_system7_0/inst/buffer_fclk_clk_0.FCLK_CLK_0_BUFG/O
                         net (fo=1484, routed)        0.812     0.812    acquireToHDMIwithZynq_i/acquireToDisplay_AXI_0/U0/acquireToDisplay_AXI_slave_lite_v1_0_S00_AXI_inst/oscilloscope_inst/datapath_inst/vc/inst/clk_in1
    MMCME2_ADV_X0Y0      MMCME2_ADV (Prop_mmcme2_adv_CLKIN1_CLKOUT0)
                                                     -1.369    -0.557 r  acquireToHDMIwithZynq_i/acquireToDisplay_AXI_0/U0/acquireToDisplay_AXI_slave_lite_v1_0_S00_AXI_inst/oscilloscope_inst/datapath_inst/vc/inst/mmcm_adv_inst/CLKOUT0
                         net (fo=1, routed)           0.528    -0.029    acquireToHDMIwithZynq_i/acquireToDisplay_AXI_0/U0/acquireToDisplay_AXI_slave_lite_v1_0_S00_AXI_inst/oscilloscope_inst/datapath_inst/vc/inst/clk_out1_clk_wiz_0
    BUFGCTRL_X0Y1        BUFG (Prop_bufg_I_O)         0.029    -0.000 r  acquireToHDMIwithZynq_i/acquireToDisplay_AXI_0/U0/acquireToDisplay_AXI_slave_lite_v1_0_S00_AXI_inst/oscilloscope_inst/datapath_inst/vc/inst/clkout1_buf/O
                         net (fo=224, routed)         0.850     0.850    acquireToHDMIwithZynq_i/acquireToDisplay_AXI_0/U0/acquireToDisplay_AXI_slave_lite_v1_0_S00_AXI_inst/oscilloscope_inst/datapath_inst/hdmi0_inst/inst/encb/pix_clk
    SLICE_X36Y18         FDRE                                         r  acquireToHDMIwithZynq_i/acquireToDisplay_AXI_0/U0/acquireToDisplay_AXI_slave_lite_v1_0_S00_AXI_inst/oscilloscope_inst/datapath_inst/hdmi0_inst/inst/encb/vde_reg_reg/C
                         clock pessimism             -0.267     0.583    
    SLICE_X36Y18         FDRE (Hold_fdre_C_D)         0.066     0.649    acquireToHDMIwithZynq_i/acquireToDisplay_AXI_0/U0/acquireToDisplay_AXI_slave_lite_v1_0_S00_AXI_inst/oscilloscope_inst/datapath_inst/hdmi0_inst/inst/encb/vde_reg_reg
  -------------------------------------------------------------------
                         required time                         -0.649    
                         arrival time                           0.897    
  -------------------------------------------------------------------
                         slack                                  0.249    





Pulse Width Checks
--------------------------------------------------------------------------------------
Clock Name:         clk_out1_clk_wiz_0
Waveform(ns):       { 0.000 6.737 }
Period(ns):         13.474
Sources:            { acquireToHDMIwithZynq_i/acquireToDisplay_AXI_0/U0/acquireToDisplay_AXI_slave_lite_v1_0_S00_AXI_inst/oscilloscope_inst/datapath_inst/vc/inst/mmcm_adv_inst/CLKOUT0 }

Check Type        Corner  Lib Pin             Reference Pin  Required(ns)  Actual(ns)  Slack(ns)  Location         Pin
Min Period        n/a     RAMB18E1/CLKBWRCLK  n/a            2.576         13.474      10.898     RAMB18_X1Y14     <hidden>
Min Period        n/a     RAMB18E1/CLKBWRCLK  n/a            2.576         13.474      10.898     RAMB18_X1Y12     <hidden>
Min Period        n/a     BUFG/I              n/a            2.155         13.474      11.318     BUFGCTRL_X0Y1    acquireToHDMIwithZynq_i/acquireToDisplay_AXI_0/U0/acquireToDisplay_AXI_slave_lite_v1_0_S00_AXI_inst/oscilloscope_inst/datapath_inst/vc/inst/clkout1_buf/I
Min Period        n/a     OSERDESE2/CLKDIV    n/a            1.667         13.474      11.807     OLOGIC_X0Y18     acquireToHDMIwithZynq_i/acquireToDisplay_AXI_0/U0/acquireToDisplay_AXI_slave_lite_v1_0_S00_AXI_inst/oscilloscope_inst/datapath_inst/hdmi0_inst/inst/serial_b/oserdes_m/CLKDIV
Min Period        n/a     OSERDESE2/CLKDIV    n/a            1.667         13.474      11.807     OLOGIC_X0Y17     acquireToHDMIwithZynq_i/acquireToDisplay_AXI_0/U0/acquireToDisplay_AXI_slave_lite_v1_0_S00_AXI_inst/oscilloscope_inst/datapath_inst/hdmi0_inst/inst/serial_b/oserdes_s/CLKDIV
Min Period        n/a     OSERDESE2/CLKDIV    n/a            1.667         13.474      11.807     OLOGIC_X0Y24     acquireToHDMIwithZynq_i/acquireToDisplay_AXI_0/U0/acquireToDisplay_AXI_slave_lite_v1_0_S00_AXI_inst/oscilloscope_inst/datapath_inst/hdmi0_inst/inst/serial_clk/oserdes_m/CLKDIV
Min Period        n/a     OSERDESE2/CLKDIV    n/a            1.667         13.474      11.807     OLOGIC_X0Y23     acquireToHDMIwithZynq_i/acquireToDisplay_AXI_0/U0/acquireToDisplay_AXI_slave_lite_v1_0_S00_AXI_inst/oscilloscope_inst/datapath_inst/hdmi0_inst/inst/serial_clk/oserdes_s/CLKDIV
Min Period        n/a     OSERDESE2/CLKDIV    n/a            1.667         13.474      11.807     OLOGIC_X0Y20     acquireToHDMIwithZynq_i/acquireToDisplay_AXI_0/U0/acquireToDisplay_AXI_slave_lite_v1_0_S00_AXI_inst/oscilloscope_inst/datapath_inst/hdmi0_inst/inst/serial_g/oserdes_m/CLKDIV
Min Period        n/a     OSERDESE2/CLKDIV    n/a            1.667         13.474      11.807     OLOGIC_X0Y19     acquireToHDMIwithZynq_i/acquireToDisplay_AXI_0/U0/acquireToDisplay_AXI_slave_lite_v1_0_S00_AXI_inst/oscilloscope_inst/datapath_inst/hdmi0_inst/inst/serial_g/oserdes_s/CLKDIV
Min Period        n/a     OSERDESE2/CLKDIV    n/a            1.667         13.474      11.807     OLOGIC_X0Y22     acquireToHDMIwithZynq_i/acquireToDisplay_AXI_0/U0/acquireToDisplay_AXI_slave_lite_v1_0_S00_AXI_inst/oscilloscope_inst/datapath_inst/hdmi0_inst/inst/serial_r/oserdes_m/CLKDIV
Max Period        n/a     MMCME2_ADV/CLKOUT0  n/a            213.360       13.474      199.886    MMCME2_ADV_X0Y0  acquireToHDMIwithZynq_i/acquireToDisplay_AXI_0/U0/acquireToDisplay_AXI_slave_lite_v1_0_S00_AXI_inst/oscilloscope_inst/datapath_inst/vc/inst/mmcm_adv_inst/CLKOUT0
Low Pulse Width   Slow    SRL16E/CLK          n/a            0.980         6.737       5.757      SLICE_X38Y21     acquireToHDMIwithZynq_i/acquireToDisplay_AXI_0/U0/acquireToDisplay_AXI_slave_lite_v1_0_S00_AXI_inst/oscilloscope_inst/datapath_inst/hdmi0_inst/inst/encg/c0_q_reg_srl2/CLK
Low Pulse Width   Fast    SRL16E/CLK          n/a            0.980         6.737       5.757      SLICE_X38Y21     acquireToHDMIwithZynq_i/acquireToDisplay_AXI_0/U0/acquireToDisplay_AXI_slave_lite_v1_0_S00_AXI_inst/oscilloscope_inst/datapath_inst/hdmi0_inst/inst/encg/c0_q_reg_srl2/CLK
Low Pulse Width   Slow    SRL16E/CLK          n/a            0.980         6.737       5.757      SLICE_X38Y28     acquireToHDMIwithZynq_i/acquireToDisplay_AXI_0/U0/acquireToDisplay_AXI_slave_lite_v1_0_S00_AXI_inst/oscilloscope_inst/datapath_inst/hdmi0_inst/inst/srldly_0/srl[16].srl16_i/CLK
Low Pulse Width   Fast    SRL16E/CLK          n/a            0.980         6.737       5.757      SLICE_X38Y28     acquireToHDMIwithZynq_i/acquireToDisplay_AXI_0/U0/acquireToDisplay_AXI_slave_lite_v1_0_S00_AXI_inst/oscilloscope_inst/datapath_inst/hdmi0_inst/inst/srldly_0/srl[16].srl16_i/CLK
Low Pulse Width   Slow    SRL16E/CLK          n/a            0.980         6.737       5.757      SLICE_X38Y28     acquireToHDMIwithZynq_i/acquireToDisplay_AXI_0/U0/acquireToDisplay_AXI_slave_lite_v1_0_S00_AXI_inst/oscilloscope_inst/datapath_inst/hdmi0_inst/inst/srldly_0/srl[17].srl16_i/CLK
Low Pulse Width   Fast    SRL16E/CLK          n/a            0.980         6.737       5.757      SLICE_X38Y28     acquireToHDMIwithZynq_i/acquireToDisplay_AXI_0/U0/acquireToDisplay_AXI_slave_lite_v1_0_S00_AXI_inst/oscilloscope_inst/datapath_inst/hdmi0_inst/inst/srldly_0/srl[17].srl16_i/CLK
Low Pulse Width   Slow    SRL16E/CLK          n/a            0.980         6.737       5.757      SLICE_X38Y28     acquireToHDMIwithZynq_i/acquireToDisplay_AXI_0/U0/acquireToDisplay_AXI_slave_lite_v1_0_S00_AXI_inst/oscilloscope_inst/datapath_inst/hdmi0_inst/inst/srldly_0/srl[18].srl16_i/CLK
Low Pulse Width   Fast    SRL16E/CLK          n/a            0.980         6.737       5.757      SLICE_X38Y28     acquireToHDMIwithZynq_i/acquireToDisplay_AXI_0/U0/acquireToDisplay_AXI_slave_lite_v1_0_S00_AXI_inst/oscilloscope_inst/datapath_inst/hdmi0_inst/inst/srldly_0/srl[18].srl16_i/CLK
Low Pulse Width   Slow    SRL16E/CLK          n/a            0.980         6.737       5.757      SLICE_X38Y28     acquireToHDMIwithZynq_i/acquireToDisplay_AXI_0/U0/acquireToDisplay_AXI_slave_lite_v1_0_S00_AXI_inst/oscilloscope_inst/datapath_inst/hdmi0_inst/inst/srldly_0/srl[19].srl16_i/CLK
Low Pulse Width   Fast    SRL16E/CLK          n/a            0.980         6.737       5.757      SLICE_X38Y28     acquireToHDMIwithZynq_i/acquireToDisplay_AXI_0/U0/acquireToDisplay_AXI_slave_lite_v1_0_S00_AXI_inst/oscilloscope_inst/datapath_inst/hdmi0_inst/inst/srldly_0/srl[19].srl16_i/CLK
High Pulse Width  Slow    SRL16E/CLK          n/a            0.980         6.737       5.757      SLICE_X38Y21     acquireToHDMIwithZynq_i/acquireToDisplay_AXI_0/U0/acquireToDisplay_AXI_slave_lite_v1_0_S00_AXI_inst/oscilloscope_inst/datapath_inst/hdmi0_inst/inst/encg/c0_q_reg_srl2/CLK
High Pulse Width  Fast    SRL16E/CLK          n/a            0.980         6.737       5.757      SLICE_X38Y21     acquireToHDMIwithZynq_i/acquireToDisplay_AXI_0/U0/acquireToDisplay_AXI_slave_lite_v1_0_S00_AXI_inst/oscilloscope_inst/datapath_inst/hdmi0_inst/inst/encg/c0_q_reg_srl2/CLK
High Pulse Width  Slow    SRL16E/CLK          n/a            0.980         6.737       5.757      SLICE_X38Y28     acquireToHDMIwithZynq_i/acquireToDisplay_AXI_0/U0/acquireToDisplay_AXI_slave_lite_v1_0_S00_AXI_inst/oscilloscope_inst/datapath_inst/hdmi0_inst/inst/srldly_0/srl[16].srl16_i/CLK
High Pulse Width  Fast    SRL16E/CLK          n/a            0.980         6.737       5.757      SLICE_X38Y28     acquireToHDMIwithZynq_i/acquireToDisplay_AXI_0/U0/acquireToDisplay_AXI_slave_lite_v1_0_S00_AXI_inst/oscilloscope_inst/datapath_inst/hdmi0_inst/inst/srldly_0/srl[16].srl16_i/CLK
High Pulse Width  Slow    SRL16E/CLK          n/a            0.980         6.737       5.757      SLICE_X38Y28     acquireToHDMIwithZynq_i/acquireToDisplay_AXI_0/U0/acquireToDisplay_AXI_slave_lite_v1_0_S00_AXI_inst/oscilloscope_inst/datapath_inst/hdmi0_inst/inst/srldly_0/srl[17].srl16_i/CLK
High Pulse Width  Fast    SRL16E/CLK          n/a            0.980         6.737       5.757      SLICE_X38Y28     acquireToHDMIwithZynq_i/acquireToDisplay_AXI_0/U0/acquireToDisplay_AXI_slave_lite_v1_0_S00_AXI_inst/oscilloscope_inst/datapath_inst/hdmi0_inst/inst/srldly_0/srl[17].srl16_i/CLK
High Pulse Width  Slow    SRL16E/CLK          n/a            0.980         6.737       5.757      SLICE_X38Y28     acquireToHDMIwithZynq_i/acquireToDisplay_AXI_0/U0/acquireToDisplay_AXI_slave_lite_v1_0_S00_AXI_inst/oscilloscope_inst/datapath_inst/hdmi0_inst/inst/srldly_0/srl[18].srl16_i/CLK
High Pulse Width  Fast    SRL16E/CLK          n/a            0.980         6.737       5.757      SLICE_X38Y28     acquireToHDMIwithZynq_i/acquireToDisplay_AXI_0/U0/acquireToDisplay_AXI_slave_lite_v1_0_S00_AXI_inst/oscilloscope_inst/datapath_inst/hdmi0_inst/inst/srldly_0/srl[18].srl16_i/CLK
High Pulse Width  Slow    SRL16E/CLK          n/a            0.980         6.737       5.757      SLICE_X38Y28     acquireToHDMIwithZynq_i/acquireToDisplay_AXI_0/U0/acquireToDisplay_AXI_slave_lite_v1_0_S00_AXI_inst/oscilloscope_inst/datapath_inst/hdmi0_inst/inst/srldly_0/srl[19].srl16_i/CLK
High Pulse Width  Fast    SRL16E/CLK          n/a            0.980         6.737       5.757      SLICE_X38Y28     acquireToHDMIwithZynq_i/acquireToDisplay_AXI_0/U0/acquireToDisplay_AXI_slave_lite_v1_0_S00_AXI_inst/oscilloscope_inst/datapath_inst/hdmi0_inst/inst/srldly_0/srl[19].srl16_i/CLK



---------------------------------------------------------------------------------------------------
From Clock:  clk_out2_clk_wiz_0
  To Clock:  clk_out2_clk_wiz_0

Setup :           NA  Failing Endpoints,  Worst Slack           NA  ,  Total Violation           NA
Hold  :           NA  Failing Endpoints,  Worst Slack           NA  ,  Total Violation           NA
PW    :            0  Failing Endpoints,  Worst Slack        0.540ns,  Total Violation        0.000ns
---------------------------------------------------------------------------------------------------


Pulse Width Checks
--------------------------------------------------------------------------------------
Clock Name:         clk_out2_clk_wiz_0
Waveform(ns):       { 0.000 1.347 }
Period(ns):         2.695
Sources:            { acquireToHDMIwithZynq_i/acquireToDisplay_AXI_0/U0/acquireToDisplay_AXI_slave_lite_v1_0_S00_AXI_inst/oscilloscope_inst/datapath_inst/vc/inst/mmcm_adv_inst/CLKOUT1 }

Check Type  Corner  Lib Pin             Reference Pin  Required(ns)  Actual(ns)  Slack(ns)  Location         Pin
Min Period  n/a     BUFG/I              n/a            2.155         2.695       0.540      BUFGCTRL_X0Y2    acquireToHDMIwithZynq_i/acquireToDisplay_AXI_0/U0/acquireToDisplay_AXI_slave_lite_v1_0_S00_AXI_inst/oscilloscope_inst/datapath_inst/vc/inst/clkout2_buf/I
Min Period  n/a     OSERDESE2/CLK       n/a            1.667         2.695       1.028      OLOGIC_X0Y18     acquireToHDMIwithZynq_i/acquireToDisplay_AXI_0/U0/acquireToDisplay_AXI_slave_lite_v1_0_S00_AXI_inst/oscilloscope_inst/datapath_inst/hdmi0_inst/inst/serial_b/oserdes_m/CLK
Min Period  n/a     OSERDESE2/CLK       n/a            1.667         2.695       1.028      OLOGIC_X0Y17     acquireToHDMIwithZynq_i/acquireToDisplay_AXI_0/U0/acquireToDisplay_AXI_slave_lite_v1_0_S00_AXI_inst/oscilloscope_inst/datapath_inst/hdmi0_inst/inst/serial_b/oserdes_s/CLK
Min Period  n/a     OSERDESE2/CLK       n/a            1.667         2.695       1.028      OLOGIC_X0Y24     acquireToHDMIwithZynq_i/acquireToDisplay_AXI_0/U0/acquireToDisplay_AXI_slave_lite_v1_0_S00_AXI_inst/oscilloscope_inst/datapath_inst/hdmi0_inst/inst/serial_clk/oserdes_m/CLK
Min Period  n/a     OSERDESE2/CLK       n/a            1.667         2.695       1.028      OLOGIC_X0Y23     acquireToHDMIwithZynq_i/acquireToDisplay_AXI_0/U0/acquireToDisplay_AXI_slave_lite_v1_0_S00_AXI_inst/oscilloscope_inst/datapath_inst/hdmi0_inst/inst/serial_clk/oserdes_s/CLK
Min Period  n/a     OSERDESE2/CLK       n/a            1.667         2.695       1.028      OLOGIC_X0Y20     acquireToHDMIwithZynq_i/acquireToDisplay_AXI_0/U0/acquireToDisplay_AXI_slave_lite_v1_0_S00_AXI_inst/oscilloscope_inst/datapath_inst/hdmi0_inst/inst/serial_g/oserdes_m/CLK
Min Period  n/a     OSERDESE2/CLK       n/a            1.667         2.695       1.028      OLOGIC_X0Y19     acquireToHDMIwithZynq_i/acquireToDisplay_AXI_0/U0/acquireToDisplay_AXI_slave_lite_v1_0_S00_AXI_inst/oscilloscope_inst/datapath_inst/hdmi0_inst/inst/serial_g/oserdes_s/CLK
Min Period  n/a     OSERDESE2/CLK       n/a            1.667         2.695       1.028      OLOGIC_X0Y22     acquireToHDMIwithZynq_i/acquireToDisplay_AXI_0/U0/acquireToDisplay_AXI_slave_lite_v1_0_S00_AXI_inst/oscilloscope_inst/datapath_inst/hdmi0_inst/inst/serial_r/oserdes_m/CLK
Min Period  n/a     OSERDESE2/CLK       n/a            1.667         2.695       1.028      OLOGIC_X0Y21     acquireToHDMIwithZynq_i/acquireToDisplay_AXI_0/U0/acquireToDisplay_AXI_slave_lite_v1_0_S00_AXI_inst/oscilloscope_inst/datapath_inst/hdmi0_inst/inst/serial_r/oserdes_s/CLK
Min Period  n/a     MMCME2_ADV/CLKOUT1  n/a            1.249         2.695       1.446      MMCME2_ADV_X0Y0  acquireToHDMIwithZynq_i/acquireToDisplay_AXI_0/U0/acquireToDisplay_AXI_slave_lite_v1_0_S00_AXI_inst/oscilloscope_inst/datapath_inst/vc/inst/mmcm_adv_inst/CLKOUT1
Max Period  n/a     MMCME2_ADV/CLKOUT1  n/a            213.360       2.695       210.665    MMCME2_ADV_X0Y0  acquireToHDMIwithZynq_i/acquireToDisplay_AXI_0/U0/acquireToDisplay_AXI_slave_lite_v1_0_S00_AXI_inst/oscilloscope_inst/datapath_inst/vc/inst/mmcm_adv_inst/CLKOUT1



---------------------------------------------------------------------------------------------------
From Clock:  clkfbout_clk_wiz_0
  To Clock:  clkfbout_clk_wiz_0

Setup :           NA  Failing Endpoints,  Worst Slack           NA  ,  Total Violation           NA
Hold  :           NA  Failing Endpoints,  Worst Slack           NA  ,  Total Violation           NA
PW    :            0  Failing Endpoints,  Worst Slack       20.000ns,  Total Violation        0.000ns
---------------------------------------------------------------------------------------------------


Pulse Width Checks
--------------------------------------------------------------------------------------
Clock Name:         clkfbout_clk_wiz_0
Waveform(ns):       { 0.000 40.000 }
Period(ns):         80.000
Sources:            { acquireToHDMIwithZynq_i/acquireToDisplay_AXI_0/U0/acquireToDisplay_AXI_slave_lite_v1_0_S00_AXI_inst/oscilloscope_inst/datapath_inst/vc/inst/mmcm_adv_inst/CLKFBOUT }

Check Type  Corner  Lib Pin              Reference Pin  Required(ns)  Actual(ns)  Slack(ns)  Location         Pin
Min Period  n/a     BUFG/I               n/a            2.155         80.000      77.845     BUFGCTRL_X0Y3    acquireToHDMIwithZynq_i/acquireToDisplay_AXI_0/U0/acquireToDisplay_AXI_slave_lite_v1_0_S00_AXI_inst/oscilloscope_inst/datapath_inst/vc/inst/clkf_buf/I
Min Period  n/a     MMCME2_ADV/CLKFBOUT  n/a            1.249         80.000      78.751     MMCME2_ADV_X0Y0  acquireToHDMIwithZynq_i/acquireToDisplay_AXI_0/U0/acquireToDisplay_AXI_slave_lite_v1_0_S00_AXI_inst/oscilloscope_inst/datapath_inst/vc/inst/mmcm_adv_inst/CLKFBOUT
Min Period  n/a     MMCME2_ADV/CLKFBIN   n/a            1.249         80.000      78.751     MMCME2_ADV_X0Y0  acquireToHDMIwithZynq_i/acquireToDisplay_AXI_0/U0/acquireToDisplay_AXI_slave_lite_v1_0_S00_AXI_inst/oscilloscope_inst/datapath_inst/vc/inst/mmcm_adv_inst/CLKFBIN
Max Period  n/a     MMCME2_ADV/CLKFBIN   n/a            100.000       80.000      20.000     MMCME2_ADV_X0Y0  acquireToHDMIwithZynq_i/acquireToDisplay_AXI_0/U0/acquireToDisplay_AXI_slave_lite_v1_0_S00_AXI_inst/oscilloscope_inst/datapath_inst/vc/inst/mmcm_adv_inst/CLKFBIN
Max Period  n/a     MMCME2_ADV/CLKFBOUT  n/a            213.360       80.000      133.360    MMCME2_ADV_X0Y0  acquireToHDMIwithZynq_i/acquireToDisplay_AXI_0/U0/acquireToDisplay_AXI_slave_lite_v1_0_S00_AXI_inst/oscilloscope_inst/datapath_inst/vc/inst/mmcm_adv_inst/CLKFBOUT



---------------------------------------------------------------------------------------------------
From Clock:  clk_fpga_0
  To Clock:  clk_fpga_0

Setup :            0  Failing Endpoints,  Worst Slack       11.416ns,  Total Violation        0.000ns
Hold  :            0  Failing Endpoints,  Worst Slack        0.043ns,  Total Violation        0.000ns
PW    :            0  Failing Endpoints,  Worst Slack        9.020ns,  Total Violation        0.000ns
---------------------------------------------------------------------------------------------------


Max Delay Paths
--------------------------------------------------------------------------------------
Slack (MET) :             11.416ns  (required time - arrival time)
  Source:                 acquireToHDMIwithZynq_i/rst_ps7_0_50M/U0/ACTIVE_LOW_PR_OUT_DFF[0].FDRE_PER_N/C
                            (rising edge-triggered cell FDRE clocked by clk_fpga_0  {rise@0.000ns fall@10.000ns period=20.000ns})
  Destination:            acquireToHDMIwithZynq_i/enhancedPwmAXI_1/U0/enhancedPwmAXI_slave_lite_v1_0_S00_AXI_inst/FSM_onehot_state_write_reg[0]/S
                            (rising edge-triggered cell FDSE clocked by clk_fpga_0  {rise@0.000ns fall@10.000ns period=20.000ns})
  Path Group:             clk_fpga_0
  Path Type:              Setup (Max at Slow Process Corner)
  Requirement:            20.000ns  (clk_fpga_0 rise@20.000ns - clk_fpga_0 rise@0.000ns)
  Data Path Delay:        7.425ns  (logic 0.606ns (8.162%)  route 6.819ns (91.838%))
  Logic Levels:           1  (LUT1=1)
  Clock Path Skew:        -0.132ns (DCD - SCD + CPR)
    Destination Clock Delay (DCD):    2.701ns = ( 22.701 - 20.000 ) 
    Source Clock Delay      (SCD):    2.962ns
    Clock Pessimism Removal (CPR):    0.130ns
  Clock Uncertainty:      0.302ns  ((TSJ^2 + TIJ^2)^1/2 + DJ) / 2 + PE
    Total System Jitter     (TSJ):    0.071ns
    Total Input Jitter      (TIJ):    0.600ns
    Discrete Jitter          (DJ):    0.000ns
    Phase Error              (PE):    0.000ns

    Location             Delay type                Incr(ns)  Path(ns)    Netlist Resource(s)
  -------------------------------------------------------------------    -------------------
                         (clock clk_fpga_0 rise edge)
                                                      0.000     0.000 r  
    PS7_X0Y0             PS7                          0.000     0.000 r  acquireToHDMIwithZynq_i/processing_system7_0/inst/PS7_i/FCLKCLK[0]
                         net (fo=1, routed)           1.207     1.207    acquireToHDMIwithZynq_i/processing_system7_0/inst/FCLK_CLK_unbuffered[0]
    BUFGCTRL_X0Y0        BUFG (Prop_bufg_I_O)         0.101     1.308 r  acquireToHDMIwithZynq_i/processing_system7_0/inst/buffer_fclk_clk_0.FCLK_CLK_0_BUFG/O
                         net (fo=1484, routed)        1.654     2.962    acquireToHDMIwithZynq_i/rst_ps7_0_50M/U0/slowest_sync_clk
    SLICE_X35Y25         FDRE                                         r  acquireToHDMIwithZynq_i/rst_ps7_0_50M/U0/ACTIVE_LOW_PR_OUT_DFF[0].FDRE_PER_N/C
  -------------------------------------------------------------------    -------------------
    SLICE_X35Y25         FDRE (Prop_fdre_C_Q)         0.456     3.418 f  acquireToHDMIwithZynq_i/rst_ps7_0_50M/U0/ACTIVE_LOW_PR_OUT_DFF[0].FDRE_PER_N/Q
                         net (fo=21, routed)          3.561     6.979    acquireToHDMIwithZynq_i/enhancedPwmAXI_1/U0/enhancedPwmAXI_slave_lite_v1_0_S00_AXI_inst/enhancedPwm_inst/counter_inst/s00_axi_aresetn
    SLICE_X13Y36         LUT1 (Prop_lut1_I0_O)        0.150     7.129 r  acquireToHDMIwithZynq_i/enhancedPwmAXI_1/U0/enhancedPwmAXI_slave_lite_v1_0_S00_AXI_inst/enhancedPwm_inst/counter_inst/axi_awready_i_1/O
                         net (fo=123, routed)         3.258    10.387    acquireToHDMIwithZynq_i/enhancedPwmAXI_1/U0/enhancedPwmAXI_slave_lite_v1_0_S00_AXI_inst/enhancedPwm_inst_n_10
    SLICE_X10Y47         FDSE                                         r  acquireToHDMIwithZynq_i/enhancedPwmAXI_1/U0/enhancedPwmAXI_slave_lite_v1_0_S00_AXI_inst/FSM_onehot_state_write_reg[0]/S
  -------------------------------------------------------------------    -------------------

                         (clock clk_fpga_0 rise edge)
                                                     20.000    20.000 r  
    PS7_X0Y0             PS7                          0.000    20.000 r  acquireToHDMIwithZynq_i/processing_system7_0/inst/PS7_i/FCLKCLK[0]
                         net (fo=1, routed)           1.101    21.101    acquireToHDMIwithZynq_i/processing_system7_0/inst/FCLK_CLK_unbuffered[0]
    BUFGCTRL_X0Y0        BUFG (Prop_bufg_I_O)         0.091    21.192 r  acquireToHDMIwithZynq_i/processing_system7_0/inst/buffer_fclk_clk_0.FCLK_CLK_0_BUFG/O
                         net (fo=1484, routed)        1.508    22.701    acquireToHDMIwithZynq_i/enhancedPwmAXI_1/U0/enhancedPwmAXI_slave_lite_v1_0_S00_AXI_inst/s00_axi_aclk
    SLICE_X10Y47         FDSE                                         r  acquireToHDMIwithZynq_i/enhancedPwmAXI_1/U0/enhancedPwmAXI_slave_lite_v1_0_S00_AXI_inst/FSM_onehot_state_write_reg[0]/C
                         clock pessimism              0.130    22.830    
                         clock uncertainty           -0.302    22.528    
    SLICE_X10Y47         FDSE (Setup_fdse_C_S)       -0.726    21.802    acquireToHDMIwithZynq_i/enhancedPwmAXI_1/U0/enhancedPwmAXI_slave_lite_v1_0_S00_AXI_inst/FSM_onehot_state_write_reg[0]
  -------------------------------------------------------------------
                         required time                         21.802    
                         arrival time                         -10.387    
  -------------------------------------------------------------------
                         slack                                 11.416    

Slack (MET) :             11.416ns  (required time - arrival time)
  Source:                 acquireToHDMIwithZynq_i/rst_ps7_0_50M/U0/ACTIVE_LOW_PR_OUT_DFF[0].FDRE_PER_N/C
                            (rising edge-triggered cell FDRE clocked by clk_fpga_0  {rise@0.000ns fall@10.000ns period=20.000ns})
  Destination:            acquireToHDMIwithZynq_i/enhancedPwmAXI_1/U0/enhancedPwmAXI_slave_lite_v1_0_S00_AXI_inst/axi_awready_reg/R
                            (rising edge-triggered cell FDRE clocked by clk_fpga_0  {rise@0.000ns fall@10.000ns period=20.000ns})
  Path Group:             clk_fpga_0
  Path Type:              Setup (Max at Slow Process Corner)
  Requirement:            20.000ns  (clk_fpga_0 rise@20.000ns - clk_fpga_0 rise@0.000ns)
  Data Path Delay:        7.425ns  (logic 0.606ns (8.162%)  route 6.819ns (91.838%))
  Logic Levels:           1  (LUT1=1)
  Clock Path Skew:        -0.132ns (DCD - SCD + CPR)
    Destination Clock Delay (DCD):    2.701ns = ( 22.701 - 20.000 ) 
    Source Clock Delay      (SCD):    2.962ns
    Clock Pessimism Removal (CPR):    0.130ns
  Clock Uncertainty:      0.302ns  ((TSJ^2 + TIJ^2)^1/2 + DJ) / 2 + PE
    Total System Jitter     (TSJ):    0.071ns
    Total Input Jitter      (TIJ):    0.600ns
    Discrete Jitter          (DJ):    0.000ns
    Phase Error              (PE):    0.000ns

    Location             Delay type                Incr(ns)  Path(ns)    Netlist Resource(s)
  -------------------------------------------------------------------    -------------------
                         (clock clk_fpga_0 rise edge)
                                                      0.000     0.000 r  
    PS7_X0Y0             PS7                          0.000     0.000 r  acquireToHDMIwithZynq_i/processing_system7_0/inst/PS7_i/FCLKCLK[0]
                         net (fo=1, routed)           1.207     1.207    acquireToHDMIwithZynq_i/processing_system7_0/inst/FCLK_CLK_unbuffered[0]
    BUFGCTRL_X0Y0        BUFG (Prop_bufg_I_O)         0.101     1.308 r  acquireToHDMIwithZynq_i/processing_system7_0/inst/buffer_fclk_clk_0.FCLK_CLK_0_BUFG/O
                         net (fo=1484, routed)        1.654     2.962    acquireToHDMIwithZynq_i/rst_ps7_0_50M/U0/slowest_sync_clk
    SLICE_X35Y25         FDRE                                         r  acquireToHDMIwithZynq_i/rst_ps7_0_50M/U0/ACTIVE_LOW_PR_OUT_DFF[0].FDRE_PER_N/C
  -------------------------------------------------------------------    -------------------
    SLICE_X35Y25         FDRE (Prop_fdre_C_Q)         0.456     3.418 f  acquireToHDMIwithZynq_i/rst_ps7_0_50M/U0/ACTIVE_LOW_PR_OUT_DFF[0].FDRE_PER_N/Q
                         net (fo=21, routed)          3.561     6.979    acquireToHDMIwithZynq_i/enhancedPwmAXI_1/U0/enhancedPwmAXI_slave_lite_v1_0_S00_AXI_inst/enhancedPwm_inst/counter_inst/s00_axi_aresetn
    SLICE_X13Y36         LUT1 (Prop_lut1_I0_O)        0.150     7.129 r  acquireToHDMIwithZynq_i/enhancedPwmAXI_1/U0/enhancedPwmAXI_slave_lite_v1_0_S00_AXI_inst/enhancedPwm_inst/counter_inst/axi_awready_i_1/O
                         net (fo=123, routed)         3.258    10.387    acquireToHDMIwithZynq_i/enhancedPwmAXI_1/U0/enhancedPwmAXI_slave_lite_v1_0_S00_AXI_inst/enhancedPwm_inst_n_10
    SLICE_X10Y47         FDRE                                         r  acquireToHDMIwithZynq_i/enhancedPwmAXI_1/U0/enhancedPwmAXI_slave_lite_v1_0_S00_AXI_inst/axi_awready_reg/R
  -------------------------------------------------------------------    -------------------

                         (clock clk_fpga_0 rise edge)
                                                     20.000    20.000 r  
    PS7_X0Y0             PS7                          0.000    20.000 r  acquireToHDMIwithZynq_i/processing_system7_0/inst/PS7_i/FCLKCLK[0]
                         net (fo=1, routed)           1.101    21.101    acquireToHDMIwithZynq_i/processing_system7_0/inst/FCLK_CLK_unbuffered[0]
    BUFGCTRL_X0Y0        BUFG (Prop_bufg_I_O)         0.091    21.192 r  acquireToHDMIwithZynq_i/processing_system7_0/inst/buffer_fclk_clk_0.FCLK_CLK_0_BUFG/O
                         net (fo=1484, routed)        1.508    22.701    acquireToHDMIwithZynq_i/enhancedPwmAXI_1/U0/enhancedPwmAXI_slave_lite_v1_0_S00_AXI_inst/s00_axi_aclk
    SLICE_X10Y47         FDRE                                         r  acquireToHDMIwithZynq_i/enhancedPwmAXI_1/U0/enhancedPwmAXI_slave_lite_v1_0_S00_AXI_inst/axi_awready_reg/C
                         clock pessimism              0.130    22.830    
                         clock uncertainty           -0.302    22.528    
    SLICE_X10Y47         FDRE (Setup_fdre_C_R)       -0.726    21.802    acquireToHDMIwithZynq_i/enhancedPwmAXI_1/U0/enhancedPwmAXI_slave_lite_v1_0_S00_AXI_inst/axi_awready_reg
  -------------------------------------------------------------------
                         required time                         21.802    
                         arrival time                         -10.387    
  -------------------------------------------------------------------
                         slack                                 11.416    

Slack (MET) :             11.416ns  (required time - arrival time)
  Source:                 acquireToHDMIwithZynq_i/rst_ps7_0_50M/U0/ACTIVE_LOW_PR_OUT_DFF[0].FDRE_PER_N/C
                            (rising edge-triggered cell FDRE clocked by clk_fpga_0  {rise@0.000ns fall@10.000ns period=20.000ns})
  Destination:            acquireToHDMIwithZynq_i/enhancedPwmAXI_1/U0/enhancedPwmAXI_slave_lite_v1_0_S00_AXI_inst/axi_bvalid_reg/R
                            (rising edge-triggered cell FDRE clocked by clk_fpga_0  {rise@0.000ns fall@10.000ns period=20.000ns})
  Path Group:             clk_fpga_0
  Path Type:              Setup (Max at Slow Process Corner)
  Requirement:            20.000ns  (clk_fpga_0 rise@20.000ns - clk_fpga_0 rise@0.000ns)
  Data Path Delay:        7.425ns  (logic 0.606ns (8.162%)  route 6.819ns (91.838%))
  Logic Levels:           1  (LUT1=1)
  Clock Path Skew:        -0.132ns (DCD - SCD + CPR)
    Destination Clock Delay (DCD):    2.701ns = ( 22.701 - 20.000 ) 
    Source Clock Delay      (SCD):    2.962ns
    Clock Pessimism Removal (CPR):    0.130ns
  Clock Uncertainty:      0.302ns  ((TSJ^2 + TIJ^2)^1/2 + DJ) / 2 + PE
    Total System Jitter     (TSJ):    0.071ns
    Total Input Jitter      (TIJ):    0.600ns
    Discrete Jitter          (DJ):    0.000ns
    Phase Error              (PE):    0.000ns

    Location             Delay type                Incr(ns)  Path(ns)    Netlist Resource(s)
  -------------------------------------------------------------------    -------------------
                         (clock clk_fpga_0 rise edge)
                                                      0.000     0.000 r  
    PS7_X0Y0             PS7                          0.000     0.000 r  acquireToHDMIwithZynq_i/processing_system7_0/inst/PS7_i/FCLKCLK[0]
                         net (fo=1, routed)           1.207     1.207    acquireToHDMIwithZynq_i/processing_system7_0/inst/FCLK_CLK_unbuffered[0]
    BUFGCTRL_X0Y0        BUFG (Prop_bufg_I_O)         0.101     1.308 r  acquireToHDMIwithZynq_i/processing_system7_0/inst/buffer_fclk_clk_0.FCLK_CLK_0_BUFG/O
                         net (fo=1484, routed)        1.654     2.962    acquireToHDMIwithZynq_i/rst_ps7_0_50M/U0/slowest_sync_clk
    SLICE_X35Y25         FDRE                                         r  acquireToHDMIwithZynq_i/rst_ps7_0_50M/U0/ACTIVE_LOW_PR_OUT_DFF[0].FDRE_PER_N/C
  -------------------------------------------------------------------    -------------------
    SLICE_X35Y25         FDRE (Prop_fdre_C_Q)         0.456     3.418 f  acquireToHDMIwithZynq_i/rst_ps7_0_50M/U0/ACTIVE_LOW_PR_OUT_DFF[0].FDRE_PER_N/Q
                         net (fo=21, routed)          3.561     6.979    acquireToHDMIwithZynq_i/enhancedPwmAXI_1/U0/enhancedPwmAXI_slave_lite_v1_0_S00_AXI_inst/enhancedPwm_inst/counter_inst/s00_axi_aresetn
    SLICE_X13Y36         LUT1 (Prop_lut1_I0_O)        0.150     7.129 r  acquireToHDMIwithZynq_i/enhancedPwmAXI_1/U0/enhancedPwmAXI_slave_lite_v1_0_S00_AXI_inst/enhancedPwm_inst/counter_inst/axi_awready_i_1/O
                         net (fo=123, routed)         3.258    10.387    acquireToHDMIwithZynq_i/enhancedPwmAXI_1/U0/enhancedPwmAXI_slave_lite_v1_0_S00_AXI_inst/enhancedPwm_inst_n_10
    SLICE_X10Y47         FDRE                                         r  acquireToHDMIwithZynq_i/enhancedPwmAXI_1/U0/enhancedPwmAXI_slave_lite_v1_0_S00_AXI_inst/axi_bvalid_reg/R
  -------------------------------------------------------------------    -------------------

                         (clock clk_fpga_0 rise edge)
                                                     20.000    20.000 r  
    PS7_X0Y0             PS7                          0.000    20.000 r  acquireToHDMIwithZynq_i/processing_system7_0/inst/PS7_i/FCLKCLK[0]
                         net (fo=1, routed)           1.101    21.101    acquireToHDMIwithZynq_i/processing_system7_0/inst/FCLK_CLK_unbuffered[0]
    BUFGCTRL_X0Y0        BUFG (Prop_bufg_I_O)         0.091    21.192 r  acquireToHDMIwithZynq_i/processing_system7_0/inst/buffer_fclk_clk_0.FCLK_CLK_0_BUFG/O
                         net (fo=1484, routed)        1.508    22.701    acquireToHDMIwithZynq_i/enhancedPwmAXI_1/U0/enhancedPwmAXI_slave_lite_v1_0_S00_AXI_inst/s00_axi_aclk
    SLICE_X10Y47         FDRE                                         r  acquireToHDMIwithZynq_i/enhancedPwmAXI_1/U0/enhancedPwmAXI_slave_lite_v1_0_S00_AXI_inst/axi_bvalid_reg/C
                         clock pessimism              0.130    22.830    
                         clock uncertainty           -0.302    22.528    
    SLICE_X10Y47         FDRE (Setup_fdre_C_R)       -0.726    21.802    acquireToHDMIwithZynq_i/enhancedPwmAXI_1/U0/enhancedPwmAXI_slave_lite_v1_0_S00_AXI_inst/axi_bvalid_reg
  -------------------------------------------------------------------
                         required time                         21.802    
                         arrival time                         -10.387    
  -------------------------------------------------------------------
                         slack                                 11.416    

Slack (MET) :             11.511ns  (required time - arrival time)
  Source:                 acquireToHDMIwithZynq_i/rst_ps7_0_50M/U0/ACTIVE_LOW_PR_OUT_DFF[0].FDRE_PER_N/C
                            (rising edge-triggered cell FDRE clocked by clk_fpga_0  {rise@0.000ns fall@10.000ns period=20.000ns})
  Destination:            acquireToHDMIwithZynq_i/enhancedPwmAXI_1/U0/enhancedPwmAXI_slave_lite_v1_0_S00_AXI_inst/FSM_onehot_state_write_reg[1]/R
                            (rising edge-triggered cell FDRE clocked by clk_fpga_0  {rise@0.000ns fall@10.000ns period=20.000ns})
  Path Group:             clk_fpga_0
  Path Type:              Setup (Max at Slow Process Corner)
  Requirement:            20.000ns  (clk_fpga_0 rise@20.000ns - clk_fpga_0 rise@0.000ns)
  Data Path Delay:        7.425ns  (logic 0.606ns (8.162%)  route 6.819ns (91.838%))
  Logic Levels:           1  (LUT1=1)
  Clock Path Skew:        -0.132ns (DCD - SCD + CPR)
    Destination Clock Delay (DCD):    2.701ns = ( 22.701 - 20.000 ) 
    Source Clock Delay      (SCD):    2.962ns
    Clock Pessimism Removal (CPR):    0.130ns
  Clock Uncertainty:      0.302ns  ((TSJ^2 + TIJ^2)^1/2 + DJ) / 2 + PE
    Total System Jitter     (TSJ):    0.071ns
    Total Input Jitter      (TIJ):    0.600ns
    Discrete Jitter          (DJ):    0.000ns
    Phase Error              (PE):    0.000ns

    Location             Delay type                Incr(ns)  Path(ns)    Netlist Resource(s)
  -------------------------------------------------------------------    -------------------
                         (clock clk_fpga_0 rise edge)
                                                      0.000     0.000 r  
    PS7_X0Y0             PS7                          0.000     0.000 r  acquireToHDMIwithZynq_i/processing_system7_0/inst/PS7_i/FCLKCLK[0]
                         net (fo=1, routed)           1.207     1.207    acquireToHDMIwithZynq_i/processing_system7_0/inst/FCLK_CLK_unbuffered[0]
    BUFGCTRL_X0Y0        BUFG (Prop_bufg_I_O)         0.101     1.308 r  acquireToHDMIwithZynq_i/processing_system7_0/inst/buffer_fclk_clk_0.FCLK_CLK_0_BUFG/O
                         net (fo=1484, routed)        1.654     2.962    acquireToHDMIwithZynq_i/rst_ps7_0_50M/U0/slowest_sync_clk
    SLICE_X35Y25         FDRE                                         r  acquireToHDMIwithZynq_i/rst_ps7_0_50M/U0/ACTIVE_LOW_PR_OUT_DFF[0].FDRE_PER_N/C
  -------------------------------------------------------------------    -------------------
    SLICE_X35Y25         FDRE (Prop_fdre_C_Q)         0.456     3.418 f  acquireToHDMIwithZynq_i/rst_ps7_0_50M/U0/ACTIVE_LOW_PR_OUT_DFF[0].FDRE_PER_N/Q
                         net (fo=21, routed)          3.561     6.979    acquireToHDMIwithZynq_i/enhancedPwmAXI_1/U0/enhancedPwmAXI_slave_lite_v1_0_S00_AXI_inst/enhancedPwm_inst/counter_inst/s00_axi_aresetn
    SLICE_X13Y36         LUT1 (Prop_lut1_I0_O)        0.150     7.129 r  acquireToHDMIwithZynq_i/enhancedPwmAXI_1/U0/enhancedPwmAXI_slave_lite_v1_0_S00_AXI_inst/enhancedPwm_inst/counter_inst/axi_awready_i_1/O
                         net (fo=123, routed)         3.258    10.387    acquireToHDMIwithZynq_i/enhancedPwmAXI_1/U0/enhancedPwmAXI_slave_lite_v1_0_S00_AXI_inst/enhancedPwm_inst_n_10
    SLICE_X11Y47         FDRE                                         r  acquireToHDMIwithZynq_i/enhancedPwmAXI_1/U0/enhancedPwmAXI_slave_lite_v1_0_S00_AXI_inst/FSM_onehot_state_write_reg[1]/R
  -------------------------------------------------------------------    -------------------

                         (clock clk_fpga_0 rise edge)
                                                     20.000    20.000 r  
    PS7_X0Y0             PS7                          0.000    20.000 r  acquireToHDMIwithZynq_i/processing_system7_0/inst/PS7_i/FCLKCLK[0]
                         net (fo=1, routed)           1.101    21.101    acquireToHDMIwithZynq_i/processing_system7_0/inst/FCLK_CLK_unbuffered[0]
    BUFGCTRL_X0Y0        BUFG (Prop_bufg_I_O)         0.091    21.192 r  acquireToHDMIwithZynq_i/processing_system7_0/inst/buffer_fclk_clk_0.FCLK_CLK_0_BUFG/O
                         net (fo=1484, routed)        1.508    22.701    acquireToHDMIwithZynq_i/enhancedPwmAXI_1/U0/enhancedPwmAXI_slave_lite_v1_0_S00_AXI_inst/s00_axi_aclk
    SLICE_X11Y47         FDRE                                         r  acquireToHDMIwithZynq_i/enhancedPwmAXI_1/U0/enhancedPwmAXI_slave_lite_v1_0_S00_AXI_inst/FSM_onehot_state_write_reg[1]/C
                         clock pessimism              0.130    22.830    
                         clock uncertainty           -0.302    22.528    
    SLICE_X11Y47         FDRE (Setup_fdre_C_R)       -0.631    21.897    acquireToHDMIwithZynq_i/enhancedPwmAXI_1/U0/enhancedPwmAXI_slave_lite_v1_0_S00_AXI_inst/FSM_onehot_state_write_reg[1]
  -------------------------------------------------------------------
                         required time                         21.897    
                         arrival time                         -10.387    
  -------------------------------------------------------------------
                         slack                                 11.511    

Slack (MET) :             11.511ns  (required time - arrival time)
  Source:                 acquireToHDMIwithZynq_i/rst_ps7_0_50M/U0/ACTIVE_LOW_PR_OUT_DFF[0].FDRE_PER_N/C
                            (rising edge-triggered cell FDRE clocked by clk_fpga_0  {rise@0.000ns fall@10.000ns period=20.000ns})
  Destination:            acquireToHDMIwithZynq_i/enhancedPwmAXI_1/U0/enhancedPwmAXI_slave_lite_v1_0_S00_AXI_inst/FSM_onehot_state_write_reg[2]/R
                            (rising edge-triggered cell FDRE clocked by clk_fpga_0  {rise@0.000ns fall@10.000ns period=20.000ns})
  Path Group:             clk_fpga_0
  Path Type:              Setup (Max at Slow Process Corner)
  Requirement:            20.000ns  (clk_fpga_0 rise@20.000ns - clk_fpga_0 rise@0.000ns)
  Data Path Delay:        7.425ns  (logic 0.606ns (8.162%)  route 6.819ns (91.838%))
  Logic Levels:           1  (LUT1=1)
  Clock Path Skew:        -0.132ns (DCD - SCD + CPR)
    Destination Clock Delay (DCD):    2.701ns = ( 22.701 - 20.000 ) 
    Source Clock Delay      (SCD):    2.962ns
    Clock Pessimism Removal (CPR):    0.130ns
  Clock Uncertainty:      0.302ns  ((TSJ^2 + TIJ^2)^1/2 + DJ) / 2 + PE
    Total System Jitter     (TSJ):    0.071ns
    Total Input Jitter      (TIJ):    0.600ns
    Discrete Jitter          (DJ):    0.000ns
    Phase Error              (PE):    0.000ns

    Location             Delay type                Incr(ns)  Path(ns)    Netlist Resource(s)
  -------------------------------------------------------------------    -------------------
                         (clock clk_fpga_0 rise edge)
                                                      0.000     0.000 r  
    PS7_X0Y0             PS7                          0.000     0.000 r  acquireToHDMIwithZynq_i/processing_system7_0/inst/PS7_i/FCLKCLK[0]
                         net (fo=1, routed)           1.207     1.207    acquireToHDMIwithZynq_i/processing_system7_0/inst/FCLK_CLK_unbuffered[0]
    BUFGCTRL_X0Y0        BUFG (Prop_bufg_I_O)         0.101     1.308 r  acquireToHDMIwithZynq_i/processing_system7_0/inst/buffer_fclk_clk_0.FCLK_CLK_0_BUFG/O
                         net (fo=1484, routed)        1.654     2.962    acquireToHDMIwithZynq_i/rst_ps7_0_50M/U0/slowest_sync_clk
    SLICE_X35Y25         FDRE                                         r  acquireToHDMIwithZynq_i/rst_ps7_0_50M/U0/ACTIVE_LOW_PR_OUT_DFF[0].FDRE_PER_N/C
  -------------------------------------------------------------------    -------------------
    SLICE_X35Y25         FDRE (Prop_fdre_C_Q)         0.456     3.418 f  acquireToHDMIwithZynq_i/rst_ps7_0_50M/U0/ACTIVE_LOW_PR_OUT_DFF[0].FDRE_PER_N/Q
                         net (fo=21, routed)          3.561     6.979    acquireToHDMIwithZynq_i/enhancedPwmAXI_1/U0/enhancedPwmAXI_slave_lite_v1_0_S00_AXI_inst/enhancedPwm_inst/counter_inst/s00_axi_aresetn
    SLICE_X13Y36         LUT1 (Prop_lut1_I0_O)        0.150     7.129 r  acquireToHDMIwithZynq_i/enhancedPwmAXI_1/U0/enhancedPwmAXI_slave_lite_v1_0_S00_AXI_inst/enhancedPwm_inst/counter_inst/axi_awready_i_1/O
                         net (fo=123, routed)         3.258    10.387    acquireToHDMIwithZynq_i/enhancedPwmAXI_1/U0/enhancedPwmAXI_slave_lite_v1_0_S00_AXI_inst/enhancedPwm_inst_n_10
    SLICE_X11Y47         FDRE                                         r  acquireToHDMIwithZynq_i/enhancedPwmAXI_1/U0/enhancedPwmAXI_slave_lite_v1_0_S00_AXI_inst/FSM_onehot_state_write_reg[2]/R
  -------------------------------------------------------------------    -------------------

                         (clock clk_fpga_0 rise edge)
                                                     20.000    20.000 r  
    PS7_X0Y0             PS7                          0.000    20.000 r  acquireToHDMIwithZynq_i/processing_system7_0/inst/PS7_i/FCLKCLK[0]
                         net (fo=1, routed)           1.101    21.101    acquireToHDMIwithZynq_i/processing_system7_0/inst/FCLK_CLK_unbuffered[0]
    BUFGCTRL_X0Y0        BUFG (Prop_bufg_I_O)         0.091    21.192 r  acquireToHDMIwithZynq_i/processing_system7_0/inst/buffer_fclk_clk_0.FCLK_CLK_0_BUFG/O
                         net (fo=1484, routed)        1.508    22.701    acquireToHDMIwithZynq_i/enhancedPwmAXI_1/U0/enhancedPwmAXI_slave_lite_v1_0_S00_AXI_inst/s00_axi_aclk
    SLICE_X11Y47         FDRE                                         r  acquireToHDMIwithZynq_i/enhancedPwmAXI_1/U0/enhancedPwmAXI_slave_lite_v1_0_S00_AXI_inst/FSM_onehot_state_write_reg[2]/C
                         clock pessimism              0.130    22.830    
                         clock uncertainty           -0.302    22.528    
    SLICE_X11Y47         FDRE (Setup_fdre_C_R)       -0.631    21.897    acquireToHDMIwithZynq_i/enhancedPwmAXI_1/U0/enhancedPwmAXI_slave_lite_v1_0_S00_AXI_inst/FSM_onehot_state_write_reg[2]
  -------------------------------------------------------------------
                         required time                         21.897    
                         arrival time                         -10.387    
  -------------------------------------------------------------------
                         slack                                 11.511    

Slack (MET) :             11.511ns  (required time - arrival time)
  Source:                 acquireToHDMIwithZynq_i/rst_ps7_0_50M/U0/ACTIVE_LOW_PR_OUT_DFF[0].FDRE_PER_N/C
                            (rising edge-triggered cell FDRE clocked by clk_fpga_0  {rise@0.000ns fall@10.000ns period=20.000ns})
  Destination:            acquireToHDMIwithZynq_i/enhancedPwmAXI_1/U0/enhancedPwmAXI_slave_lite_v1_0_S00_AXI_inst/axi_wready_reg/R
                            (rising edge-triggered cell FDRE clocked by clk_fpga_0  {rise@0.000ns fall@10.000ns period=20.000ns})
  Path Group:             clk_fpga_0
  Path Type:              Setup (Max at Slow Process Corner)
  Requirement:            20.000ns  (clk_fpga_0 rise@20.000ns - clk_fpga_0 rise@0.000ns)
  Data Path Delay:        7.425ns  (logic 0.606ns (8.162%)  route 6.819ns (91.838%))
  Logic Levels:           1  (LUT1=1)
  Clock Path Skew:        -0.132ns (DCD - SCD + CPR)
    Destination Clock Delay (DCD):    2.701ns = ( 22.701 - 20.000 ) 
    Source Clock Delay      (SCD):    2.962ns
    Clock Pessimism Removal (CPR):    0.130ns
  Clock Uncertainty:      0.302ns  ((TSJ^2 + TIJ^2)^1/2 + DJ) / 2 + PE
    Total System Jitter     (TSJ):    0.071ns
    Total Input Jitter      (TIJ):    0.600ns
    Discrete Jitter          (DJ):    0.000ns
    Phase Error              (PE):    0.000ns

    Location             Delay type                Incr(ns)  Path(ns)    Netlist Resource(s)
  -------------------------------------------------------------------    -------------------
                         (clock clk_fpga_0 rise edge)
                                                      0.000     0.000 r  
    PS7_X0Y0             PS7                          0.000     0.000 r  acquireToHDMIwithZynq_i/processing_system7_0/inst/PS7_i/FCLKCLK[0]
                         net (fo=1, routed)           1.207     1.207    acquireToHDMIwithZynq_i/processing_system7_0/inst/FCLK_CLK_unbuffered[0]
    BUFGCTRL_X0Y0        BUFG (Prop_bufg_I_O)         0.101     1.308 r  acquireToHDMIwithZynq_i/processing_system7_0/inst/buffer_fclk_clk_0.FCLK_CLK_0_BUFG/O
                         net (fo=1484, routed)        1.654     2.962    acquireToHDMIwithZynq_i/rst_ps7_0_50M/U0/slowest_sync_clk
    SLICE_X35Y25         FDRE                                         r  acquireToHDMIwithZynq_i/rst_ps7_0_50M/U0/ACTIVE_LOW_PR_OUT_DFF[0].FDRE_PER_N/C
  -------------------------------------------------------------------    -------------------
    SLICE_X35Y25         FDRE (Prop_fdre_C_Q)         0.456     3.418 f  acquireToHDMIwithZynq_i/rst_ps7_0_50M/U0/ACTIVE_LOW_PR_OUT_DFF[0].FDRE_PER_N/Q
                         net (fo=21, routed)          3.561     6.979    acquireToHDMIwithZynq_i/enhancedPwmAXI_1/U0/enhancedPwmAXI_slave_lite_v1_0_S00_AXI_inst/enhancedPwm_inst/counter_inst/s00_axi_aresetn
    SLICE_X13Y36         LUT1 (Prop_lut1_I0_O)        0.150     7.129 r  acquireToHDMIwithZynq_i/enhancedPwmAXI_1/U0/enhancedPwmAXI_slave_lite_v1_0_S00_AXI_inst/enhancedPwm_inst/counter_inst/axi_awready_i_1/O
                         net (fo=123, routed)         3.258    10.387    acquireToHDMIwithZynq_i/enhancedPwmAXI_1/U0/enhancedPwmAXI_slave_lite_v1_0_S00_AXI_inst/enhancedPwm_inst_n_10
    SLICE_X11Y47         FDRE                                         r  acquireToHDMIwithZynq_i/enhancedPwmAXI_1/U0/enhancedPwmAXI_slave_lite_v1_0_S00_AXI_inst/axi_wready_reg/R
  -------------------------------------------------------------------    -------------------

                         (clock clk_fpga_0 rise edge)
                                                     20.000    20.000 r  
    PS7_X0Y0             PS7                          0.000    20.000 r  acquireToHDMIwithZynq_i/processing_system7_0/inst/PS7_i/FCLKCLK[0]
                         net (fo=1, routed)           1.101    21.101    acquireToHDMIwithZynq_i/processing_system7_0/inst/FCLK_CLK_unbuffered[0]
    BUFGCTRL_X0Y0        BUFG (Prop_bufg_I_O)         0.091    21.192 r  acquireToHDMIwithZynq_i/processing_system7_0/inst/buffer_fclk_clk_0.FCLK_CLK_0_BUFG/O
                         net (fo=1484, routed)        1.508    22.701    acquireToHDMIwithZynq_i/enhancedPwmAXI_1/U0/enhancedPwmAXI_slave_lite_v1_0_S00_AXI_inst/s00_axi_aclk
    SLICE_X11Y47         FDRE                                         r  acquireToHDMIwithZynq_i/enhancedPwmAXI_1/U0/enhancedPwmAXI_slave_lite_v1_0_S00_AXI_inst/axi_wready_reg/C
                         clock pessimism              0.130    22.830    
                         clock uncertainty           -0.302    22.528    
    SLICE_X11Y47         FDRE (Setup_fdre_C_R)       -0.631    21.897    acquireToHDMIwithZynq_i/enhancedPwmAXI_1/U0/enhancedPwmAXI_slave_lite_v1_0_S00_AXI_inst/axi_wready_reg
  -------------------------------------------------------------------
                         required time                         21.897    
                         arrival time                         -10.387    
  -------------------------------------------------------------------
                         slack                                 11.511    

Slack (MET) :             11.779ns  (required time - arrival time)
  Source:                 acquireToHDMIwithZynq_i/rst_ps7_0_50M/U0/ACTIVE_LOW_PR_OUT_DFF[0].FDRE_PER_N/C
                            (rising edge-triggered cell FDRE clocked by clk_fpga_0  {rise@0.000ns fall@10.000ns period=20.000ns})
  Destination:            acquireToHDMIwithZynq_i/enhancedPwmAXI_1/U0/enhancedPwmAXI_slave_lite_v1_0_S00_AXI_inst/slv_reg2_reg[24]/R
                            (rising edge-triggered cell FDRE clocked by clk_fpga_0  {rise@0.000ns fall@10.000ns period=20.000ns})
  Path Group:             clk_fpga_0
  Path Type:              Setup (Max at Slow Process Corner)
  Requirement:            20.000ns  (clk_fpga_0 rise@20.000ns - clk_fpga_0 rise@0.000ns)
  Data Path Delay:        7.149ns  (logic 0.606ns (8.476%)  route 6.543ns (91.524%))
  Logic Levels:           1  (LUT1=1)
  Clock Path Skew:        -0.139ns (DCD - SCD + CPR)
    Destination Clock Delay (DCD):    2.693ns = ( 22.694 - 20.000 ) 
    Source Clock Delay      (SCD):    2.962ns
    Clock Pessimism Removal (CPR):    0.130ns
  Clock Uncertainty:      0.302ns  ((TSJ^2 + TIJ^2)^1/2 + DJ) / 2 + PE
    Total System Jitter     (TSJ):    0.071ns
    Total Input Jitter      (TIJ):    0.600ns
    Discrete Jitter          (DJ):    0.000ns
    Phase Error              (PE):    0.000ns

    Location             Delay type                Incr(ns)  Path(ns)    Netlist Resource(s)
  -------------------------------------------------------------------    -------------------
                         (clock clk_fpga_0 rise edge)
                                                      0.000     0.000 r  
    PS7_X0Y0             PS7                          0.000     0.000 r  acquireToHDMIwithZynq_i/processing_system7_0/inst/PS7_i/FCLKCLK[0]
                         net (fo=1, routed)           1.207     1.207    acquireToHDMIwithZynq_i/processing_system7_0/inst/FCLK_CLK_unbuffered[0]
    BUFGCTRL_X0Y0        BUFG (Prop_bufg_I_O)         0.101     1.308 r  acquireToHDMIwithZynq_i/processing_system7_0/inst/buffer_fclk_clk_0.FCLK_CLK_0_BUFG/O
                         net (fo=1484, routed)        1.654     2.962    acquireToHDMIwithZynq_i/rst_ps7_0_50M/U0/slowest_sync_clk
    SLICE_X35Y25         FDRE                                         r  acquireToHDMIwithZynq_i/rst_ps7_0_50M/U0/ACTIVE_LOW_PR_OUT_DFF[0].FDRE_PER_N/C
  -------------------------------------------------------------------    -------------------
    SLICE_X35Y25         FDRE (Prop_fdre_C_Q)         0.456     3.418 f  acquireToHDMIwithZynq_i/rst_ps7_0_50M/U0/ACTIVE_LOW_PR_OUT_DFF[0].FDRE_PER_N/Q
                         net (fo=21, routed)          3.561     6.979    acquireToHDMIwithZynq_i/enhancedPwmAXI_1/U0/enhancedPwmAXI_slave_lite_v1_0_S00_AXI_inst/enhancedPwm_inst/counter_inst/s00_axi_aresetn
    SLICE_X13Y36         LUT1 (Prop_lut1_I0_O)        0.150     7.129 r  acquireToHDMIwithZynq_i/enhancedPwmAXI_1/U0/enhancedPwmAXI_slave_lite_v1_0_S00_AXI_inst/enhancedPwm_inst/counter_inst/axi_awready_i_1/O
                         net (fo=123, routed)         2.982    10.111    acquireToHDMIwithZynq_i/enhancedPwmAXI_1/U0/enhancedPwmAXI_slave_lite_v1_0_S00_AXI_inst/enhancedPwm_inst_n_10
    SLICE_X17Y48         FDRE                                         r  acquireToHDMIwithZynq_i/enhancedPwmAXI_1/U0/enhancedPwmAXI_slave_lite_v1_0_S00_AXI_inst/slv_reg2_reg[24]/R
  -------------------------------------------------------------------    -------------------

                         (clock clk_fpga_0 rise edge)
                                                     20.000    20.000 r  
    PS7_X0Y0             PS7                          0.000    20.000 r  acquireToHDMIwithZynq_i/processing_system7_0/inst/PS7_i/FCLKCLK[0]
                         net (fo=1, routed)           1.101    21.101    acquireToHDMIwithZynq_i/processing_system7_0/inst/FCLK_CLK_unbuffered[0]
    BUFGCTRL_X0Y0        BUFG (Prop_bufg_I_O)         0.091    21.192 r  acquireToHDMIwithZynq_i/processing_system7_0/inst/buffer_fclk_clk_0.FCLK_CLK_0_BUFG/O
                         net (fo=1484, routed)        1.501    22.694    acquireToHDMIwithZynq_i/enhancedPwmAXI_1/U0/enhancedPwmAXI_slave_lite_v1_0_S00_AXI_inst/s00_axi_aclk
    SLICE_X17Y48         FDRE                                         r  acquireToHDMIwithZynq_i/enhancedPwmAXI_1/U0/enhancedPwmAXI_slave_lite_v1_0_S00_AXI_inst/slv_reg2_reg[24]/C
                         clock pessimism              0.130    22.823    
                         clock uncertainty           -0.302    22.521    
    SLICE_X17Y48         FDRE (Setup_fdre_C_R)       -0.631    21.890    acquireToHDMIwithZynq_i/enhancedPwmAXI_1/U0/enhancedPwmAXI_slave_lite_v1_0_S00_AXI_inst/slv_reg2_reg[24]
  -------------------------------------------------------------------
                         required time                         21.890    
                         arrival time                         -10.111    
  -------------------------------------------------------------------
                         slack                                 11.779    

Slack (MET) :             11.779ns  (required time - arrival time)
  Source:                 acquireToHDMIwithZynq_i/rst_ps7_0_50M/U0/ACTIVE_LOW_PR_OUT_DFF[0].FDRE_PER_N/C
                            (rising edge-triggered cell FDRE clocked by clk_fpga_0  {rise@0.000ns fall@10.000ns period=20.000ns})
  Destination:            acquireToHDMIwithZynq_i/enhancedPwmAXI_1/U0/enhancedPwmAXI_slave_lite_v1_0_S00_AXI_inst/slv_reg2_reg[25]/R
                            (rising edge-triggered cell FDRE clocked by clk_fpga_0  {rise@0.000ns fall@10.000ns period=20.000ns})
  Path Group:             clk_fpga_0
  Path Type:              Setup (Max at Slow Process Corner)
  Requirement:            20.000ns  (clk_fpga_0 rise@20.000ns - clk_fpga_0 rise@0.000ns)
  Data Path Delay:        7.149ns  (logic 0.606ns (8.476%)  route 6.543ns (91.524%))
  Logic Levels:           1  (LUT1=1)
  Clock Path Skew:        -0.139ns (DCD - SCD + CPR)
    Destination Clock Delay (DCD):    2.693ns = ( 22.694 - 20.000 ) 
    Source Clock Delay      (SCD):    2.962ns
    Clock Pessimism Removal (CPR):    0.130ns
  Clock Uncertainty:      0.302ns  ((TSJ^2 + TIJ^2)^1/2 + DJ) / 2 + PE
    Total System Jitter     (TSJ):    0.071ns
    Total Input Jitter      (TIJ):    0.600ns
    Discrete Jitter          (DJ):    0.000ns
    Phase Error              (PE):    0.000ns

    Location             Delay type                Incr(ns)  Path(ns)    Netlist Resource(s)
  -------------------------------------------------------------------    -------------------
                         (clock clk_fpga_0 rise edge)
                                                      0.000     0.000 r  
    PS7_X0Y0             PS7                          0.000     0.000 r  acquireToHDMIwithZynq_i/processing_system7_0/inst/PS7_i/FCLKCLK[0]
                         net (fo=1, routed)           1.207     1.207    acquireToHDMIwithZynq_i/processing_system7_0/inst/FCLK_CLK_unbuffered[0]
    BUFGCTRL_X0Y0        BUFG (Prop_bufg_I_O)         0.101     1.308 r  acquireToHDMIwithZynq_i/processing_system7_0/inst/buffer_fclk_clk_0.FCLK_CLK_0_BUFG/O
                         net (fo=1484, routed)        1.654     2.962    acquireToHDMIwithZynq_i/rst_ps7_0_50M/U0/slowest_sync_clk
    SLICE_X35Y25         FDRE                                         r  acquireToHDMIwithZynq_i/rst_ps7_0_50M/U0/ACTIVE_LOW_PR_OUT_DFF[0].FDRE_PER_N/C
  -------------------------------------------------------------------    -------------------
    SLICE_X35Y25         FDRE (Prop_fdre_C_Q)         0.456     3.418 f  acquireToHDMIwithZynq_i/rst_ps7_0_50M/U0/ACTIVE_LOW_PR_OUT_DFF[0].FDRE_PER_N/Q
                         net (fo=21, routed)          3.561     6.979    acquireToHDMIwithZynq_i/enhancedPwmAXI_1/U0/enhancedPwmAXI_slave_lite_v1_0_S00_AXI_inst/enhancedPwm_inst/counter_inst/s00_axi_aresetn
    SLICE_X13Y36         LUT1 (Prop_lut1_I0_O)        0.150     7.129 r  acquireToHDMIwithZynq_i/enhancedPwmAXI_1/U0/enhancedPwmAXI_slave_lite_v1_0_S00_AXI_inst/enhancedPwm_inst/counter_inst/axi_awready_i_1/O
                         net (fo=123, routed)         2.982    10.111    acquireToHDMIwithZynq_i/enhancedPwmAXI_1/U0/enhancedPwmAXI_slave_lite_v1_0_S00_AXI_inst/enhancedPwm_inst_n_10
    SLICE_X17Y48         FDRE                                         r  acquireToHDMIwithZynq_i/enhancedPwmAXI_1/U0/enhancedPwmAXI_slave_lite_v1_0_S00_AXI_inst/slv_reg2_reg[25]/R
  -------------------------------------------------------------------    -------------------

                         (clock clk_fpga_0 rise edge)
                                                     20.000    20.000 r  
    PS7_X0Y0             PS7                          0.000    20.000 r  acquireToHDMIwithZynq_i/processing_system7_0/inst/PS7_i/FCLKCLK[0]
                         net (fo=1, routed)           1.101    21.101    acquireToHDMIwithZynq_i/processing_system7_0/inst/FCLK_CLK_unbuffered[0]
    BUFGCTRL_X0Y0        BUFG (Prop_bufg_I_O)         0.091    21.192 r  acquireToHDMIwithZynq_i/processing_system7_0/inst/buffer_fclk_clk_0.FCLK_CLK_0_BUFG/O
                         net (fo=1484, routed)        1.501    22.694    acquireToHDMIwithZynq_i/enhancedPwmAXI_1/U0/enhancedPwmAXI_slave_lite_v1_0_S00_AXI_inst/s00_axi_aclk
    SLICE_X17Y48         FDRE                                         r  acquireToHDMIwithZynq_i/enhancedPwmAXI_1/U0/enhancedPwmAXI_slave_lite_v1_0_S00_AXI_inst/slv_reg2_reg[25]/C
                         clock pessimism              0.130    22.823    
                         clock uncertainty           -0.302    22.521    
    SLICE_X17Y48         FDRE (Setup_fdre_C_R)       -0.631    21.890    acquireToHDMIwithZynq_i/enhancedPwmAXI_1/U0/enhancedPwmAXI_slave_lite_v1_0_S00_AXI_inst/slv_reg2_reg[25]
  -------------------------------------------------------------------
                         required time                         21.890    
                         arrival time                         -10.111    
  -------------------------------------------------------------------
                         slack                                 11.779    

Slack (MET) :             11.779ns  (required time - arrival time)
  Source:                 acquireToHDMIwithZynq_i/rst_ps7_0_50M/U0/ACTIVE_LOW_PR_OUT_DFF[0].FDRE_PER_N/C
                            (rising edge-triggered cell FDRE clocked by clk_fpga_0  {rise@0.000ns fall@10.000ns period=20.000ns})
  Destination:            acquireToHDMIwithZynq_i/enhancedPwmAXI_1/U0/enhancedPwmAXI_slave_lite_v1_0_S00_AXI_inst/slv_reg2_reg[27]/R
                            (rising edge-triggered cell FDRE clocked by clk_fpga_0  {rise@0.000ns fall@10.000ns period=20.000ns})
  Path Group:             clk_fpga_0
  Path Type:              Setup (Max at Slow Process Corner)
  Requirement:            20.000ns  (clk_fpga_0 rise@20.000ns - clk_fpga_0 rise@0.000ns)
  Data Path Delay:        7.149ns  (logic 0.606ns (8.476%)  route 6.543ns (91.524%))
  Logic Levels:           1  (LUT1=1)
  Clock Path Skew:        -0.139ns (DCD - SCD + CPR)
    Destination Clock Delay (DCD):    2.693ns = ( 22.694 - 20.000 ) 
    Source Clock Delay      (SCD):    2.962ns
    Clock Pessimism Removal (CPR):    0.130ns
  Clock Uncertainty:      0.302ns  ((TSJ^2 + TIJ^2)^1/2 + DJ) / 2 + PE
    Total System Jitter     (TSJ):    0.071ns
    Total Input Jitter      (TIJ):    0.600ns
    Discrete Jitter          (DJ):    0.000ns
    Phase Error              (PE):    0.000ns

    Location             Delay type                Incr(ns)  Path(ns)    Netlist Resource(s)
  -------------------------------------------------------------------    -------------------
                         (clock clk_fpga_0 rise edge)
                                                      0.000     0.000 r  
    PS7_X0Y0             PS7                          0.000     0.000 r  acquireToHDMIwithZynq_i/processing_system7_0/inst/PS7_i/FCLKCLK[0]
                         net (fo=1, routed)           1.207     1.207    acquireToHDMIwithZynq_i/processing_system7_0/inst/FCLK_CLK_unbuffered[0]
    BUFGCTRL_X0Y0        BUFG (Prop_bufg_I_O)         0.101     1.308 r  acquireToHDMIwithZynq_i/processing_system7_0/inst/buffer_fclk_clk_0.FCLK_CLK_0_BUFG/O
                         net (fo=1484, routed)        1.654     2.962    acquireToHDMIwithZynq_i/rst_ps7_0_50M/U0/slowest_sync_clk
    SLICE_X35Y25         FDRE                                         r  acquireToHDMIwithZynq_i/rst_ps7_0_50M/U0/ACTIVE_LOW_PR_OUT_DFF[0].FDRE_PER_N/C
  -------------------------------------------------------------------    -------------------
    SLICE_X35Y25         FDRE (Prop_fdre_C_Q)         0.456     3.418 f  acquireToHDMIwithZynq_i/rst_ps7_0_50M/U0/ACTIVE_LOW_PR_OUT_DFF[0].FDRE_PER_N/Q
                         net (fo=21, routed)          3.561     6.979    acquireToHDMIwithZynq_i/enhancedPwmAXI_1/U0/enhancedPwmAXI_slave_lite_v1_0_S00_AXI_inst/enhancedPwm_inst/counter_inst/s00_axi_aresetn
    SLICE_X13Y36         LUT1 (Prop_lut1_I0_O)        0.150     7.129 r  acquireToHDMIwithZynq_i/enhancedPwmAXI_1/U0/enhancedPwmAXI_slave_lite_v1_0_S00_AXI_inst/enhancedPwm_inst/counter_inst/axi_awready_i_1/O
                         net (fo=123, routed)         2.982    10.111    acquireToHDMIwithZynq_i/enhancedPwmAXI_1/U0/enhancedPwmAXI_slave_lite_v1_0_S00_AXI_inst/enhancedPwm_inst_n_10
    SLICE_X17Y48         FDRE                                         r  acquireToHDMIwithZynq_i/enhancedPwmAXI_1/U0/enhancedPwmAXI_slave_lite_v1_0_S00_AXI_inst/slv_reg2_reg[27]/R
  -------------------------------------------------------------------    -------------------

                         (clock clk_fpga_0 rise edge)
                                                     20.000    20.000 r  
    PS7_X0Y0             PS7                          0.000    20.000 r  acquireToHDMIwithZynq_i/processing_system7_0/inst/PS7_i/FCLKCLK[0]
                         net (fo=1, routed)           1.101    21.101    acquireToHDMIwithZynq_i/processing_system7_0/inst/FCLK_CLK_unbuffered[0]
    BUFGCTRL_X0Y0        BUFG (Prop_bufg_I_O)         0.091    21.192 r  acquireToHDMIwithZynq_i/processing_system7_0/inst/buffer_fclk_clk_0.FCLK_CLK_0_BUFG/O
                         net (fo=1484, routed)        1.501    22.694    acquireToHDMIwithZynq_i/enhancedPwmAXI_1/U0/enhancedPwmAXI_slave_lite_v1_0_S00_AXI_inst/s00_axi_aclk
    SLICE_X17Y48         FDRE                                         r  acquireToHDMIwithZynq_i/enhancedPwmAXI_1/U0/enhancedPwmAXI_slave_lite_v1_0_S00_AXI_inst/slv_reg2_reg[27]/C
                         clock pessimism              0.130    22.823    
                         clock uncertainty           -0.302    22.521    
    SLICE_X17Y48         FDRE (Setup_fdre_C_R)       -0.631    21.890    acquireToHDMIwithZynq_i/enhancedPwmAXI_1/U0/enhancedPwmAXI_slave_lite_v1_0_S00_AXI_inst/slv_reg2_reg[27]
  -------------------------------------------------------------------
                         required time                         21.890    
                         arrival time                         -10.111    
  -------------------------------------------------------------------
                         slack                                 11.779    

Slack (MET) :             11.779ns  (required time - arrival time)
  Source:                 acquireToHDMIwithZynq_i/rst_ps7_0_50M/U0/ACTIVE_LOW_PR_OUT_DFF[0].FDRE_PER_N/C
                            (rising edge-triggered cell FDRE clocked by clk_fpga_0  {rise@0.000ns fall@10.000ns period=20.000ns})
  Destination:            acquireToHDMIwithZynq_i/enhancedPwmAXI_1/U0/enhancedPwmAXI_slave_lite_v1_0_S00_AXI_inst/slv_reg2_reg[28]/R
                            (rising edge-triggered cell FDRE clocked by clk_fpga_0  {rise@0.000ns fall@10.000ns period=20.000ns})
  Path Group:             clk_fpga_0
  Path Type:              Setup (Max at Slow Process Corner)
  Requirement:            20.000ns  (clk_fpga_0 rise@20.000ns - clk_fpga_0 rise@0.000ns)
  Data Path Delay:        7.149ns  (logic 0.606ns (8.476%)  route 6.543ns (91.524%))
  Logic Levels:           1  (LUT1=1)
  Clock Path Skew:        -0.139ns (DCD - SCD + CPR)
    Destination Clock Delay (DCD):    2.693ns = ( 22.694 - 20.000 ) 
    Source Clock Delay      (SCD):    2.962ns
    Clock Pessimism Removal (CPR):    0.130ns
  Clock Uncertainty:      0.302ns  ((TSJ^2 + TIJ^2)^1/2 + DJ) / 2 + PE
    Total System Jitter     (TSJ):    0.071ns
    Total Input Jitter      (TIJ):    0.600ns
    Discrete Jitter          (DJ):    0.000ns
    Phase Error              (PE):    0.000ns

    Location             Delay type                Incr(ns)  Path(ns)    Netlist Resource(s)
  -------------------------------------------------------------------    -------------------
                         (clock clk_fpga_0 rise edge)
                                                      0.000     0.000 r  
    PS7_X0Y0             PS7                          0.000     0.000 r  acquireToHDMIwithZynq_i/processing_system7_0/inst/PS7_i/FCLKCLK[0]
                         net (fo=1, routed)           1.207     1.207    acquireToHDMIwithZynq_i/processing_system7_0/inst/FCLK_CLK_unbuffered[0]
    BUFGCTRL_X0Y0        BUFG (Prop_bufg_I_O)         0.101     1.308 r  acquireToHDMIwithZynq_i/processing_system7_0/inst/buffer_fclk_clk_0.FCLK_CLK_0_BUFG/O
                         net (fo=1484, routed)        1.654     2.962    acquireToHDMIwithZynq_i/rst_ps7_0_50M/U0/slowest_sync_clk
    SLICE_X35Y25         FDRE                                         r  acquireToHDMIwithZynq_i/rst_ps7_0_50M/U0/ACTIVE_LOW_PR_OUT_DFF[0].FDRE_PER_N/C
  -------------------------------------------------------------------    -------------------
    SLICE_X35Y25         FDRE (Prop_fdre_C_Q)         0.456     3.418 f  acquireToHDMIwithZynq_i/rst_ps7_0_50M/U0/ACTIVE_LOW_PR_OUT_DFF[0].FDRE_PER_N/Q
                         net (fo=21, routed)          3.561     6.979    acquireToHDMIwithZynq_i/enhancedPwmAXI_1/U0/enhancedPwmAXI_slave_lite_v1_0_S00_AXI_inst/enhancedPwm_inst/counter_inst/s00_axi_aresetn
    SLICE_X13Y36         LUT1 (Prop_lut1_I0_O)        0.150     7.129 r  acquireToHDMIwithZynq_i/enhancedPwmAXI_1/U0/enhancedPwmAXI_slave_lite_v1_0_S00_AXI_inst/enhancedPwm_inst/counter_inst/axi_awready_i_1/O
                         net (fo=123, routed)         2.982    10.111    acquireToHDMIwithZynq_i/enhancedPwmAXI_1/U0/enhancedPwmAXI_slave_lite_v1_0_S00_AXI_inst/enhancedPwm_inst_n_10
    SLICE_X17Y48         FDRE                                         r  acquireToHDMIwithZynq_i/enhancedPwmAXI_1/U0/enhancedPwmAXI_slave_lite_v1_0_S00_AXI_inst/slv_reg2_reg[28]/R
  -------------------------------------------------------------------    -------------------

                         (clock clk_fpga_0 rise edge)
                                                     20.000    20.000 r  
    PS7_X0Y0             PS7                          0.000    20.000 r  acquireToHDMIwithZynq_i/processing_system7_0/inst/PS7_i/FCLKCLK[0]
                         net (fo=1, routed)           1.101    21.101    acquireToHDMIwithZynq_i/processing_system7_0/inst/FCLK_CLK_unbuffered[0]
    BUFGCTRL_X0Y0        BUFG (Prop_bufg_I_O)         0.091    21.192 r  acquireToHDMIwithZynq_i/processing_system7_0/inst/buffer_fclk_clk_0.FCLK_CLK_0_BUFG/O
                         net (fo=1484, routed)        1.501    22.694    acquireToHDMIwithZynq_i/enhancedPwmAXI_1/U0/enhancedPwmAXI_slave_lite_v1_0_S00_AXI_inst/s00_axi_aclk
    SLICE_X17Y48         FDRE                                         r  acquireToHDMIwithZynq_i/enhancedPwmAXI_1/U0/enhancedPwmAXI_slave_lite_v1_0_S00_AXI_inst/slv_reg2_reg[28]/C
                         clock pessimism              0.130    22.823    
                         clock uncertainty           -0.302    22.521    
    SLICE_X17Y48         FDRE (Setup_fdre_C_R)       -0.631    21.890    acquireToHDMIwithZynq_i/enhancedPwmAXI_1/U0/enhancedPwmAXI_slave_lite_v1_0_S00_AXI_inst/slv_reg2_reg[28]
  -------------------------------------------------------------------
                         required time                         21.890    
                         arrival time                         -10.111    
  -------------------------------------------------------------------
                         slack                                 11.779    





Min Delay Paths
--------------------------------------------------------------------------------------
Slack (MET) :             0.043ns  (arrival time - required time)
  Source:                 <hidden>
                            (rising edge-triggered cell FDRE clocked by clk_fpga_0  {rise@0.000ns fall@10.000ns period=20.000ns})
  Destination:            <hidden>
                            (rising edge-triggered cell FDRE clocked by clk_fpga_0  {rise@0.000ns fall@10.000ns period=20.000ns})
  Path Group:             clk_fpga_0
  Path Type:              Hold (Min at Fast Process Corner)
  Requirement:            0.000ns  (clk_fpga_0 rise@0.000ns - clk_fpga_0 rise@0.000ns)
  Data Path Delay:        0.403ns  (logic 0.186ns (46.167%)  route 0.217ns (53.833%))
  Logic Levels:           1  (LUT6=1)
  Clock Path Skew:        0.268ns (DCD - SCD - CPR)
    Destination Clock Delay (DCD):    1.204ns
    Source Clock Delay      (SCD):    0.907ns
    Clock Pessimism Removal (CPR):    0.029ns

    Location             Delay type                Incr(ns)  Path(ns)    Netlist Resource(s)
  -------------------------------------------------------------------    -------------------
                         (clock clk_fpga_0 rise edge)
                                                      0.000     0.000 r  
    PS7_X0Y0             PS7                          0.000     0.000 r  acquireToHDMIwithZynq_i/processing_system7_0/inst/PS7_i/FCLKCLK[0]
                         net (fo=1, routed)           0.315     0.315    acquireToHDMIwithZynq_i/processing_system7_0/inst/FCLK_CLK_unbuffered[0]
    BUFGCTRL_X0Y0        BUFG (Prop_bufg_I_O)         0.026     0.341 r  acquireToHDMIwithZynq_i/processing_system7_0/inst/buffer_fclk_clk_0.FCLK_CLK_0_BUFG/O
                         net (fo=1484, routed)        0.566     0.907    <hidden>
    SLICE_X13Y46         FDRE                                         r  <hidden>
  -------------------------------------------------------------------    -------------------
    SLICE_X13Y46         FDRE (Prop_fdre_C_Q)         0.141     1.048 r  <hidden>
                         net (fo=3, routed)           0.217     1.264    <hidden>
    SLICE_X13Y50         LUT6 (Prop_lut6_I5_O)        0.045     1.309 r  <hidden>
                         net (fo=1, routed)           0.000     1.309    <hidden>
    SLICE_X13Y50         FDRE                                         r  <hidden>
  -------------------------------------------------------------------    -------------------

                         (clock clk_fpga_0 rise edge)
                                                      0.000     0.000 r  
    PS7_X0Y0             PS7                          0.000     0.000 r  acquireToHDMIwithZynq_i/processing_system7_0/inst/PS7_i/FCLKCLK[0]
                         net (fo=1, routed)           0.341     0.341    acquireToHDMIwithZynq_i/processing_system7_0/inst/FCLK_CLK_unbuffered[0]
    BUFGCTRL_X0Y0        BUFG (Prop_bufg_I_O)         0.029     0.370 r  acquireToHDMIwithZynq_i/processing_system7_0/inst/buffer_fclk_clk_0.FCLK_CLK_0_BUFG/O
                         net (fo=1484, routed)        0.834     1.204    <hidden>
    SLICE_X13Y50         FDRE                                         r  <hidden>
                         clock pessimism             -0.029     1.175    
    SLICE_X13Y50         FDRE (Hold_fdre_C_D)         0.091     1.266    <hidden>
  -------------------------------------------------------------------
                         required time                         -1.266    
                         arrival time                           1.309    
  -------------------------------------------------------------------
                         slack                                  0.043    

Slack (MET) :             0.053ns  (arrival time - required time)
  Source:                 <hidden>
                            (rising edge-triggered cell FDRE clocked by clk_fpga_0  {rise@0.000ns fall@10.000ns period=20.000ns})
  Destination:            <hidden>
                            (rising edge-triggered cell FDRE clocked by clk_fpga_0  {rise@0.000ns fall@10.000ns period=20.000ns})
  Path Group:             clk_fpga_0
  Path Type:              Hold (Min at Fast Process Corner)
  Requirement:            0.000ns  (clk_fpga_0 rise@0.000ns - clk_fpga_0 rise@0.000ns)
  Data Path Delay:        0.415ns  (logic 0.186ns (44.794%)  route 0.229ns (55.206%))
  Logic Levels:           1  (LUT3=1)
  Clock Path Skew:        0.270ns (DCD - SCD - CPR)
    Destination Clock Delay (DCD):    1.224ns
    Source Clock Delay      (SCD):    0.925ns
    Clock Pessimism Removal (CPR):    0.029ns

    Location             Delay type                Incr(ns)  Path(ns)    Netlist Resource(s)
  -------------------------------------------------------------------    -------------------
                         (clock clk_fpga_0 rise edge)
                                                      0.000     0.000 r  
    PS7_X0Y0             PS7                          0.000     0.000 r  acquireToHDMIwithZynq_i/processing_system7_0/inst/PS7_i/FCLKCLK[0]
                         net (fo=1, routed)           0.315     0.315    acquireToHDMIwithZynq_i/processing_system7_0/inst/FCLK_CLK_unbuffered[0]
    BUFGCTRL_X0Y0        BUFG (Prop_bufg_I_O)         0.026     0.341 r  acquireToHDMIwithZynq_i/processing_system7_0/inst/buffer_fclk_clk_0.FCLK_CLK_0_BUFG/O
                         net (fo=1484, routed)        0.584     0.925    <hidden>
    SLICE_X2Y50          FDRE                                         r  <hidden>
  -------------------------------------------------------------------    -------------------
    SLICE_X2Y50          FDRE (Prop_fdre_C_Q)         0.141     1.066 r  <hidden>
                         net (fo=1, routed)           0.229     1.295    <hidden>
    SLICE_X2Y49          LUT3 (Prop_lut3_I0_O)        0.045     1.340 r  <hidden>
                         net (fo=1, routed)           0.000     1.340    <hidden>
    SLICE_X2Y49          FDRE                                         r  <hidden>
  -------------------------------------------------------------------    -------------------

                         (clock clk_fpga_0 rise edge)
                                                      0.000     0.000 r  
    PS7_X0Y0             PS7                          0.000     0.000 r  acquireToHDMIwithZynq_i/processing_system7_0/inst/PS7_i/FCLKCLK[0]
                         net (fo=1, routed)           0.341     0.341    acquireToHDMIwithZynq_i/processing_system7_0/inst/FCLK_CLK_unbuffered[0]
    BUFGCTRL_X0Y0        BUFG (Prop_bufg_I_O)         0.029     0.370 r  acquireToHDMIwithZynq_i/processing_system7_0/inst/buffer_fclk_clk_0.FCLK_CLK_0_BUFG/O
                         net (fo=1484, routed)        0.854     1.224    <hidden>
    SLICE_X2Y49          FDRE                                         r  <hidden>
                         clock pessimism             -0.029     1.195    
    SLICE_X2Y49          FDRE (Hold_fdre_C_D)         0.092     1.287    <hidden>
  -------------------------------------------------------------------
                         required time                         -1.287    
                         arrival time                           1.340    
  -------------------------------------------------------------------
                         slack                                  0.053    

Slack (MET) :             0.058ns  (arrival time - required time)
  Source:                 <hidden>
                            (rising edge-triggered cell FDRE clocked by clk_fpga_0  {rise@0.000ns fall@10.000ns period=20.000ns})
  Destination:            <hidden>
                            (rising edge-triggered cell FDRE clocked by clk_fpga_0  {rise@0.000ns fall@10.000ns period=20.000ns})
  Path Group:             clk_fpga_0
  Path Type:              Hold (Min at Fast Process Corner)
  Requirement:            0.000ns  (clk_fpga_0 rise@0.000ns - clk_fpga_0 rise@0.000ns)
  Data Path Delay:        0.343ns  (logic 0.128ns (37.361%)  route 0.215ns (62.639%))
  Logic Levels:           0  
  Clock Path Skew:        0.267ns (DCD - SCD - CPR)
    Destination Clock Delay (DCD):    1.223ns
    Source Clock Delay      (SCD):    0.927ns
    Clock Pessimism Removal (CPR):    0.029ns

    Location             Delay type                Incr(ns)  Path(ns)    Netlist Resource(s)
  -------------------------------------------------------------------    -------------------
                         (clock clk_fpga_0 rise edge)
                                                      0.000     0.000 r  
    PS7_X0Y0             PS7                          0.000     0.000 r  acquireToHDMIwithZynq_i/processing_system7_0/inst/PS7_i/FCLKCLK[0]
                         net (fo=1, routed)           0.315     0.315    acquireToHDMIwithZynq_i/processing_system7_0/inst/FCLK_CLK_unbuffered[0]
    BUFGCTRL_X0Y0        BUFG (Prop_bufg_I_O)         0.026     0.341 r  acquireToHDMIwithZynq_i/processing_system7_0/inst/buffer_fclk_clk_0.FCLK_CLK_0_BUFG/O
                         net (fo=1484, routed)        0.586     0.927    <hidden>
    SLICE_X2Y49          FDRE                                         r  <hidden>
  -------------------------------------------------------------------    -------------------
    SLICE_X2Y49          FDRE (Prop_fdre_C_Q)         0.128     1.055 r  <hidden>
                         net (fo=2, routed)           0.215     1.269    <hidden>
    SLICE_X3Y50          FDRE                                         r  <hidden>
  -------------------------------------------------------------------    -------------------

                         (clock clk_fpga_0 rise edge)
                                                      0.000     0.000 r  
    PS7_X0Y0             PS7                          0.000     0.000 r  acquireToHDMIwithZynq_i/processing_system7_0/inst/PS7_i/FCLKCLK[0]
                         net (fo=1, routed)           0.341     0.341    acquireToHDMIwithZynq_i/processing_system7_0/inst/FCLK_CLK_unbuffered[0]
    BUFGCTRL_X0Y0        BUFG (Prop_bufg_I_O)         0.029     0.370 r  acquireToHDMIwithZynq_i/processing_system7_0/inst/buffer_fclk_clk_0.FCLK_CLK_0_BUFG/O
                         net (fo=1484, routed)        0.853     1.223    <hidden>
    SLICE_X3Y50          FDRE                                         r  <hidden>
                         clock pessimism             -0.029     1.194    
    SLICE_X3Y50          FDRE (Hold_fdre_C_D)         0.017     1.211    <hidden>
  -------------------------------------------------------------------
                         required time                         -1.211    
                         arrival time                           1.269    
  -------------------------------------------------------------------
                         slack                                  0.058    

Slack (MET) :             0.093ns  (arrival time - required time)
  Source:                 <hidden>
                            (rising edge-triggered cell FDRE clocked by clk_fpga_0  {rise@0.000ns fall@10.000ns period=20.000ns})
  Destination:            <hidden>
                            (rising edge-triggered cell FDRE clocked by clk_fpga_0  {rise@0.000ns fall@10.000ns period=20.000ns})
  Path Group:             clk_fpga_0
  Path Type:              Hold (Min at Fast Process Corner)
  Requirement:            0.000ns  (clk_fpga_0 rise@0.000ns - clk_fpga_0 rise@0.000ns)
  Data Path Delay:        0.470ns  (logic 0.187ns (39.774%)  route 0.283ns (60.226%))
  Logic Levels:           1  (LUT3=1)
  Clock Path Skew:        0.270ns (DCD - SCD - CPR)
    Destination Clock Delay (DCD):    1.224ns
    Source Clock Delay      (SCD):    0.925ns
    Clock Pessimism Removal (CPR):    0.029ns

    Location             Delay type                Incr(ns)  Path(ns)    Netlist Resource(s)
  -------------------------------------------------------------------    -------------------
                         (clock clk_fpga_0 rise edge)
                                                      0.000     0.000 r  
    PS7_X0Y0             PS7                          0.000     0.000 r  acquireToHDMIwithZynq_i/processing_system7_0/inst/PS7_i/FCLKCLK[0]
                         net (fo=1, routed)           0.315     0.315    acquireToHDMIwithZynq_i/processing_system7_0/inst/FCLK_CLK_unbuffered[0]
    BUFGCTRL_X0Y0        BUFG (Prop_bufg_I_O)         0.026     0.341 r  acquireToHDMIwithZynq_i/processing_system7_0/inst/buffer_fclk_clk_0.FCLK_CLK_0_BUFG/O
                         net (fo=1484, routed)        0.584     0.925    <hidden>
    SLICE_X2Y50          FDRE                                         r  <hidden>
  -------------------------------------------------------------------    -------------------
    SLICE_X2Y50          FDRE (Prop_fdre_C_Q)         0.141     1.066 r  <hidden>
                         net (fo=1, routed)           0.283     1.349    <hidden>
    SLICE_X2Y49          LUT3 (Prop_lut3_I0_O)        0.046     1.395 r  <hidden>
                         net (fo=1, routed)           0.000     1.395    <hidden>
    SLICE_X2Y49          FDRE                                         r  <hidden>
  -------------------------------------------------------------------    -------------------

                         (clock clk_fpga_0 rise edge)
                                                      0.000     0.000 r  
    PS7_X0Y0             PS7                          0.000     0.000 r  acquireToHDMIwithZynq_i/processing_system7_0/inst/PS7_i/FCLKCLK[0]
                         net (fo=1, routed)           0.341     0.341    acquireToHDMIwithZynq_i/processing_system7_0/inst/FCLK_CLK_unbuffered[0]
    BUFGCTRL_X0Y0        BUFG (Prop_bufg_I_O)         0.029     0.370 r  acquireToHDMIwithZynq_i/processing_system7_0/inst/buffer_fclk_clk_0.FCLK_CLK_0_BUFG/O
                         net (fo=1484, routed)        0.854     1.224    <hidden>
    SLICE_X2Y49          FDRE                                         r  <hidden>
                         clock pessimism             -0.029     1.195    
    SLICE_X2Y49          FDRE (Hold_fdre_C_D)         0.107     1.302    <hidden>
  -------------------------------------------------------------------
                         required time                         -1.302    
                         arrival time                           1.395    
  -------------------------------------------------------------------
                         slack                                  0.093    

Slack (MET) :             0.097ns  (arrival time - required time)
  Source:                 acquireToHDMIwithZynq_i/acquireToDisplay_AXI_0/U0/acquireToDisplay_AXI_slave_lite_v1_0_S00_AXI_inst/oscilloscope_inst/datapath_inst/ch1TriggerRegCurr_inst/q_reg[15]/C
                            (rising edge-triggered cell FDRE clocked by clk_fpga_0  {rise@0.000ns fall@10.000ns period=20.000ns})
  Destination:            acquireToHDMIwithZynq_i/acquireToDisplay_AXI_0/U0/acquireToDisplay_AXI_slave_lite_v1_0_S00_AXI_inst/oscilloscope_inst/datapath_inst/ch1TriggerRegPrev_inst/q_reg[15]/D
                            (rising edge-triggered cell FDRE clocked by clk_fpga_0  {rise@0.000ns fall@10.000ns period=20.000ns})
  Path Group:             clk_fpga_0
  Path Type:              Hold (Min at Fast Process Corner)
  Requirement:            0.000ns  (clk_fpga_0 rise@0.000ns - clk_fpga_0 rise@0.000ns)
  Data Path Delay:        0.438ns  (logic 0.141ns (32.227%)  route 0.297ns (67.773%))
  Logic Levels:           0  
  Clock Path Skew:        0.268ns (DCD - SCD - CPR)
    Destination Clock Delay (DCD):    1.199ns
    Source Clock Delay      (SCD):    0.897ns
    Clock Pessimism Removal (CPR):    0.034ns

    Location             Delay type                Incr(ns)  Path(ns)    Netlist Resource(s)
  -------------------------------------------------------------------    -------------------
                         (clock clk_fpga_0 rise edge)
                                                      0.000     0.000 r  
    PS7_X0Y0             PS7                          0.000     0.000 r  acquireToHDMIwithZynq_i/processing_system7_0/inst/PS7_i/FCLKCLK[0]
                         net (fo=1, routed)           0.315     0.315    acquireToHDMIwithZynq_i/processing_system7_0/inst/FCLK_CLK_unbuffered[0]
    BUFGCTRL_X0Y0        BUFG (Prop_bufg_I_O)         0.026     0.341 r  acquireToHDMIwithZynq_i/processing_system7_0/inst/buffer_fclk_clk_0.FCLK_CLK_0_BUFG/O
                         net (fo=1484, routed)        0.556     0.897    acquireToHDMIwithZynq_i/acquireToDisplay_AXI_0/U0/acquireToDisplay_AXI_slave_lite_v1_0_S00_AXI_inst/oscilloscope_inst/datapath_inst/ch1TriggerRegCurr_inst/s00_axi_aclk
    SLICE_X22Y36         FDRE                                         r  acquireToHDMIwithZynq_i/acquireToDisplay_AXI_0/U0/acquireToDisplay_AXI_slave_lite_v1_0_S00_AXI_inst/oscilloscope_inst/datapath_inst/ch1TriggerRegCurr_inst/q_reg[15]/C
  -------------------------------------------------------------------    -------------------
    SLICE_X22Y36         FDRE (Prop_fdre_C_Q)         0.141     1.038 r  acquireToHDMIwithZynq_i/acquireToDisplay_AXI_0/U0/acquireToDisplay_AXI_slave_lite_v1_0_S00_AXI_inst/oscilloscope_inst/datapath_inst/ch1TriggerRegCurr_inst/q_reg[15]/Q
                         net (fo=4, routed)           0.297     1.334    acquireToHDMIwithZynq_i/acquireToDisplay_AXI_0/U0/acquireToDisplay_AXI_slave_lite_v1_0_S00_AXI_inst/oscilloscope_inst/datapath_inst/ch1TriggerRegPrev_inst/q_reg[15]_0[15]
    SLICE_X19Y38         FDRE                                         r  acquireToHDMIwithZynq_i/acquireToDisplay_AXI_0/U0/acquireToDisplay_AXI_slave_lite_v1_0_S00_AXI_inst/oscilloscope_inst/datapath_inst/ch1TriggerRegPrev_inst/q_reg[15]/D
  -------------------------------------------------------------------    -------------------

                         (clock clk_fpga_0 rise edge)
                                                      0.000     0.000 r  
    PS7_X0Y0             PS7                          0.000     0.000 r  acquireToHDMIwithZynq_i/processing_system7_0/inst/PS7_i/FCLKCLK[0]
                         net (fo=1, routed)           0.341     0.341    acquireToHDMIwithZynq_i/processing_system7_0/inst/FCLK_CLK_unbuffered[0]
    BUFGCTRL_X0Y0        BUFG (Prop_bufg_I_O)         0.029     0.370 r  acquireToHDMIwithZynq_i/processing_system7_0/inst/buffer_fclk_clk_0.FCLK_CLK_0_BUFG/O
                         net (fo=1484, routed)        0.829     1.199    acquireToHDMIwithZynq_i/acquireToDisplay_AXI_0/U0/acquireToDisplay_AXI_slave_lite_v1_0_S00_AXI_inst/oscilloscope_inst/datapath_inst/ch1TriggerRegPrev_inst/s00_axi_aclk
    SLICE_X19Y38         FDRE                                         r  acquireToHDMIwithZynq_i/acquireToDisplay_AXI_0/U0/acquireToDisplay_AXI_slave_lite_v1_0_S00_AXI_inst/oscilloscope_inst/datapath_inst/ch1TriggerRegPrev_inst/q_reg[15]/C
                         clock pessimism             -0.034     1.165    
    SLICE_X19Y38         FDRE (Hold_fdre_C_D)         0.072     1.237    acquireToHDMIwithZynq_i/acquireToDisplay_AXI_0/U0/acquireToDisplay_AXI_slave_lite_v1_0_S00_AXI_inst/oscilloscope_inst/datapath_inst/ch1TriggerRegPrev_inst/q_reg[15]
  -------------------------------------------------------------------
                         required time                         -1.237    
                         arrival time                           1.334    
  -------------------------------------------------------------------
                         slack                                  0.097    

Slack (MET) :             0.099ns  (arrival time - required time)
  Source:                 acquireToHDMIwithZynq_i/acquireToDisplay_AXI_0/U0/acquireToDisplay_AXI_slave_lite_v1_0_S00_AXI_inst/oscilloscope_inst/datapath_inst/ch1TriggerRegCurr_inst/q_reg[12]/C
                            (rising edge-triggered cell FDRE clocked by clk_fpga_0  {rise@0.000ns fall@10.000ns period=20.000ns})
  Destination:            acquireToHDMIwithZynq_i/acquireToDisplay_AXI_0/U0/acquireToDisplay_AXI_slave_lite_v1_0_S00_AXI_inst/oscilloscope_inst/datapath_inst/ch1TriggerRegPrev_inst/q_reg[12]/D
                            (rising edge-triggered cell FDRE clocked by clk_fpga_0  {rise@0.000ns fall@10.000ns period=20.000ns})
  Path Group:             clk_fpga_0
  Path Type:              Hold (Min at Fast Process Corner)
  Requirement:            0.000ns  (clk_fpga_0 rise@0.000ns - clk_fpga_0 rise@0.000ns)
  Data Path Delay:        0.434ns  (logic 0.141ns (32.467%)  route 0.293ns (67.533%))
  Logic Levels:           0  
  Clock Path Skew:        0.265ns (DCD - SCD - CPR)
    Destination Clock Delay (DCD):    1.199ns
    Source Clock Delay      (SCD):    0.900ns
    Clock Pessimism Removal (CPR):    0.034ns

    Location             Delay type                Incr(ns)  Path(ns)    Netlist Resource(s)
  -------------------------------------------------------------------    -------------------
                         (clock clk_fpga_0 rise edge)
                                                      0.000     0.000 r  
    PS7_X0Y0             PS7                          0.000     0.000 r  acquireToHDMIwithZynq_i/processing_system7_0/inst/PS7_i/FCLKCLK[0]
                         net (fo=1, routed)           0.315     0.315    acquireToHDMIwithZynq_i/processing_system7_0/inst/FCLK_CLK_unbuffered[0]
    BUFGCTRL_X0Y0        BUFG (Prop_bufg_I_O)         0.026     0.341 r  acquireToHDMIwithZynq_i/processing_system7_0/inst/buffer_fclk_clk_0.FCLK_CLK_0_BUFG/O
                         net (fo=1484, routed)        0.559     0.900    acquireToHDMIwithZynq_i/acquireToDisplay_AXI_0/U0/acquireToDisplay_AXI_slave_lite_v1_0_S00_AXI_inst/oscilloscope_inst/datapath_inst/ch1TriggerRegCurr_inst/s00_axi_aclk
    SLICE_X23Y40         FDRE                                         r  acquireToHDMIwithZynq_i/acquireToDisplay_AXI_0/U0/acquireToDisplay_AXI_slave_lite_v1_0_S00_AXI_inst/oscilloscope_inst/datapath_inst/ch1TriggerRegCurr_inst/q_reg[12]/C
  -------------------------------------------------------------------    -------------------
    SLICE_X23Y40         FDRE (Prop_fdre_C_Q)         0.141     1.041 r  acquireToHDMIwithZynq_i/acquireToDisplay_AXI_0/U0/acquireToDisplay_AXI_slave_lite_v1_0_S00_AXI_inst/oscilloscope_inst/datapath_inst/ch1TriggerRegCurr_inst/q_reg[12]/Q
                         net (fo=4, routed)           0.293     1.334    acquireToHDMIwithZynq_i/acquireToDisplay_AXI_0/U0/acquireToDisplay_AXI_slave_lite_v1_0_S00_AXI_inst/oscilloscope_inst/datapath_inst/ch1TriggerRegPrev_inst/q_reg[15]_0[12]
    SLICE_X18Y38         FDRE                                         r  acquireToHDMIwithZynq_i/acquireToDisplay_AXI_0/U0/acquireToDisplay_AXI_slave_lite_v1_0_S00_AXI_inst/oscilloscope_inst/datapath_inst/ch1TriggerRegPrev_inst/q_reg[12]/D
  -------------------------------------------------------------------    -------------------

                         (clock clk_fpga_0 rise edge)
                                                      0.000     0.000 r  
    PS7_X0Y0             PS7                          0.000     0.000 r  acquireToHDMIwithZynq_i/processing_system7_0/inst/PS7_i/FCLKCLK[0]
                         net (fo=1, routed)           0.341     0.341    acquireToHDMIwithZynq_i/processing_system7_0/inst/FCLK_CLK_unbuffered[0]
    BUFGCTRL_X0Y0        BUFG (Prop_bufg_I_O)         0.029     0.370 r  acquireToHDMIwithZynq_i/processing_system7_0/inst/buffer_fclk_clk_0.FCLK_CLK_0_BUFG/O
                         net (fo=1484, routed)        0.829     1.199    acquireToHDMIwithZynq_i/acquireToDisplay_AXI_0/U0/acquireToDisplay_AXI_slave_lite_v1_0_S00_AXI_inst/oscilloscope_inst/datapath_inst/ch1TriggerRegPrev_inst/s00_axi_aclk
    SLICE_X18Y38         FDRE                                         r  acquireToHDMIwithZynq_i/acquireToDisplay_AXI_0/U0/acquireToDisplay_AXI_slave_lite_v1_0_S00_AXI_inst/oscilloscope_inst/datapath_inst/ch1TriggerRegPrev_inst/q_reg[12]/C
                         clock pessimism             -0.034     1.165    
    SLICE_X18Y38         FDRE (Hold_fdre_C_D)         0.070     1.235    acquireToHDMIwithZynq_i/acquireToDisplay_AXI_0/U0/acquireToDisplay_AXI_slave_lite_v1_0_S00_AXI_inst/oscilloscope_inst/datapath_inst/ch1TriggerRegPrev_inst/q_reg[12]
  -------------------------------------------------------------------
                         required time                         -1.235    
                         arrival time                           1.334    
  -------------------------------------------------------------------
                         slack                                  0.099    

Slack (MET) :             0.103ns  (arrival time - required time)
  Source:                 acquireToHDMIwithZynq_i/acquireToDisplay_AXI_0/U0/acquireToDisplay_AXI_slave_lite_v1_0_S00_AXI_inst/oscilloscope_inst/datapath_inst/ch1TriggerRegCurr_inst/q_reg[1]/C
                            (rising edge-triggered cell FDRE clocked by clk_fpga_0  {rise@0.000ns fall@10.000ns period=20.000ns})
  Destination:            acquireToHDMIwithZynq_i/acquireToDisplay_AXI_0/U0/acquireToDisplay_AXI_slave_lite_v1_0_S00_AXI_inst/oscilloscope_inst/datapath_inst/ch1TriggerRegPrev_inst/q_reg[1]/D
                            (rising edge-triggered cell FDRE clocked by clk_fpga_0  {rise@0.000ns fall@10.000ns period=20.000ns})
  Path Group:             clk_fpga_0
  Path Type:              Hold (Min at Fast Process Corner)
  Requirement:            0.000ns  (clk_fpga_0 rise@0.000ns - clk_fpga_0 rise@0.000ns)
  Data Path Delay:        0.439ns  (logic 0.141ns (32.094%)  route 0.298ns (67.906%))
  Logic Levels:           0  
  Clock Path Skew:        0.266ns (DCD - SCD - CPR)
    Destination Clock Delay (DCD):    1.197ns
    Source Clock Delay      (SCD):    0.897ns
    Clock Pessimism Removal (CPR):    0.034ns

    Location             Delay type                Incr(ns)  Path(ns)    Netlist Resource(s)
  -------------------------------------------------------------------    -------------------
                         (clock clk_fpga_0 rise edge)
                                                      0.000     0.000 r  
    PS7_X0Y0             PS7                          0.000     0.000 r  acquireToHDMIwithZynq_i/processing_system7_0/inst/PS7_i/FCLKCLK[0]
                         net (fo=1, routed)           0.315     0.315    acquireToHDMIwithZynq_i/processing_system7_0/inst/FCLK_CLK_unbuffered[0]
    BUFGCTRL_X0Y0        BUFG (Prop_bufg_I_O)         0.026     0.341 r  acquireToHDMIwithZynq_i/processing_system7_0/inst/buffer_fclk_clk_0.FCLK_CLK_0_BUFG/O
                         net (fo=1484, routed)        0.556     0.897    acquireToHDMIwithZynq_i/acquireToDisplay_AXI_0/U0/acquireToDisplay_AXI_slave_lite_v1_0_S00_AXI_inst/oscilloscope_inst/datapath_inst/ch1TriggerRegCurr_inst/s00_axi_aclk
    SLICE_X22Y35         FDRE                                         r  acquireToHDMIwithZynq_i/acquireToDisplay_AXI_0/U0/acquireToDisplay_AXI_slave_lite_v1_0_S00_AXI_inst/oscilloscope_inst/datapath_inst/ch1TriggerRegCurr_inst/q_reg[1]/C
  -------------------------------------------------------------------    -------------------
    SLICE_X22Y35         FDRE (Prop_fdre_C_Q)         0.141     1.038 r  acquireToHDMIwithZynq_i/acquireToDisplay_AXI_0/U0/acquireToDisplay_AXI_slave_lite_v1_0_S00_AXI_inst/oscilloscope_inst/datapath_inst/ch1TriggerRegCurr_inst/q_reg[1]/Q
                         net (fo=4, routed)           0.298     1.336    acquireToHDMIwithZynq_i/acquireToDisplay_AXI_0/U0/acquireToDisplay_AXI_slave_lite_v1_0_S00_AXI_inst/oscilloscope_inst/datapath_inst/ch1TriggerRegPrev_inst/q_reg[15]_0[1]
    SLICE_X19Y37         FDRE                                         r  acquireToHDMIwithZynq_i/acquireToDisplay_AXI_0/U0/acquireToDisplay_AXI_slave_lite_v1_0_S00_AXI_inst/oscilloscope_inst/datapath_inst/ch1TriggerRegPrev_inst/q_reg[1]/D
  -------------------------------------------------------------------    -------------------

                         (clock clk_fpga_0 rise edge)
                                                      0.000     0.000 r  
    PS7_X0Y0             PS7                          0.000     0.000 r  acquireToHDMIwithZynq_i/processing_system7_0/inst/PS7_i/FCLKCLK[0]
                         net (fo=1, routed)           0.341     0.341    acquireToHDMIwithZynq_i/processing_system7_0/inst/FCLK_CLK_unbuffered[0]
    BUFGCTRL_X0Y0        BUFG (Prop_bufg_I_O)         0.029     0.370 r  acquireToHDMIwithZynq_i/processing_system7_0/inst/buffer_fclk_clk_0.FCLK_CLK_0_BUFG/O
                         net (fo=1484, routed)        0.827     1.197    acquireToHDMIwithZynq_i/acquireToDisplay_AXI_0/U0/acquireToDisplay_AXI_slave_lite_v1_0_S00_AXI_inst/oscilloscope_inst/datapath_inst/ch1TriggerRegPrev_inst/s00_axi_aclk
    SLICE_X19Y37         FDRE                                         r  acquireToHDMIwithZynq_i/acquireToDisplay_AXI_0/U0/acquireToDisplay_AXI_slave_lite_v1_0_S00_AXI_inst/oscilloscope_inst/datapath_inst/ch1TriggerRegPrev_inst/q_reg[1]/C
                         clock pessimism             -0.034     1.163    
    SLICE_X19Y37         FDRE (Hold_fdre_C_D)         0.070     1.233    acquireToHDMIwithZynq_i/acquireToDisplay_AXI_0/U0/acquireToDisplay_AXI_slave_lite_v1_0_S00_AXI_inst/oscilloscope_inst/datapath_inst/ch1TriggerRegPrev_inst/q_reg[1]
  -------------------------------------------------------------------
                         required time                         -1.233    
                         arrival time                           1.336    
  -------------------------------------------------------------------
                         slack                                  0.103    

Slack (MET) :             0.106ns  (arrival time - required time)
  Source:                 acquireToHDMIwithZynq_i/acquireToDisplay_AXI_0/U0/acquireToDisplay_AXI_slave_lite_v1_0_S00_AXI_inst/oscilloscope_inst/datapath_inst/dataStorageCounter_inst/tmp_reg[5]/C
                            (rising edge-triggered cell FDRE clocked by clk_fpga_0  {rise@0.000ns fall@10.000ns period=20.000ns})
  Destination:            <hidden>
                            (rising edge-triggered cell RAMB18E1 clocked by clk_fpga_0  {rise@0.000ns fall@10.000ns period=20.000ns})
  Path Group:             clk_fpga_0
  Path Type:              Hold (Min at Fast Process Corner)
  Requirement:            0.000ns  (clk_fpga_0 rise@0.000ns - clk_fpga_0 rise@0.000ns)
  Data Path Delay:        0.347ns  (logic 0.141ns (40.607%)  route 0.206ns (59.393%))
  Logic Levels:           0  
  Clock Path Skew:        0.058ns (DCD - SCD - CPR)
    Destination Clock Delay (DCD):    1.236ns
    Source Clock Delay      (SCD):    0.897ns
    Clock Pessimism Removal (CPR):    0.281ns

    Location             Delay type                Incr(ns)  Path(ns)    Netlist Resource(s)
  -------------------------------------------------------------------    -------------------
                         (clock clk_fpga_0 rise edge)
                                                      0.000     0.000 r  
    PS7_X0Y0             PS7                          0.000     0.000 r  acquireToHDMIwithZynq_i/processing_system7_0/inst/PS7_i/FCLKCLK[0]
                         net (fo=1, routed)           0.315     0.315    acquireToHDMIwithZynq_i/processing_system7_0/inst/FCLK_CLK_unbuffered[0]
    BUFGCTRL_X0Y0        BUFG (Prop_bufg_I_O)         0.026     0.341 r  acquireToHDMIwithZynq_i/processing_system7_0/inst/buffer_fclk_clk_0.FCLK_CLK_0_BUFG/O
                         net (fo=1484, routed)        0.556     0.896    acquireToHDMIwithZynq_i/acquireToDisplay_AXI_0/U0/acquireToDisplay_AXI_slave_lite_v1_0_S00_AXI_inst/oscilloscope_inst/datapath_inst/dataStorageCounter_inst/s00_axi_aclk
    SLICE_X27Y31         FDRE                                         r  acquireToHDMIwithZynq_i/acquireToDisplay_AXI_0/U0/acquireToDisplay_AXI_slave_lite_v1_0_S00_AXI_inst/oscilloscope_inst/datapath_inst/dataStorageCounter_inst/tmp_reg[5]/C
  -------------------------------------------------------------------    -------------------
    SLICE_X27Y31         FDRE (Prop_fdre_C_Q)         0.141     1.038 r  acquireToHDMIwithZynq_i/acquireToDisplay_AXI_0/U0/acquireToDisplay_AXI_slave_lite_v1_0_S00_AXI_inst/oscilloscope_inst/datapath_inst/dataStorageCounter_inst/tmp_reg[5]/Q
                         net (fo=8, routed)           0.206     1.244    <hidden>
    RAMB18_X1Y12         RAMB18E1                                     r  <hidden>
  -------------------------------------------------------------------    -------------------

                         (clock clk_fpga_0 rise edge)
                                                      0.000     0.000 r  
    PS7_X0Y0             PS7                          0.000     0.000 r  acquireToHDMIwithZynq_i/processing_system7_0/inst/PS7_i/FCLKCLK[0]
                         net (fo=1, routed)           0.341     0.341    acquireToHDMIwithZynq_i/processing_system7_0/inst/FCLK_CLK_unbuffered[0]
    BUFGCTRL_X0Y0        BUFG (Prop_bufg_I_O)         0.029     0.370 r  acquireToHDMIwithZynq_i/processing_system7_0/inst/buffer_fclk_clk_0.FCLK_CLK_0_BUFG/O
                         net (fo=1484, routed)        0.866     1.236    <hidden>
    RAMB18_X1Y12         RAMB18E1                                     r  <hidden>
                         clock pessimism             -0.281     0.955    
    RAMB18_X1Y12         RAMB18E1 (Hold_ramb18e1_CLKARDCLK_ADDRARDADDR[9])
                                                      0.183     1.138    <hidden>
  -------------------------------------------------------------------
                         required time                         -1.138    
                         arrival time                           1.244    
  -------------------------------------------------------------------
                         slack                                  0.106    

Slack (MET) :             0.116ns  (arrival time - required time)
  Source:                 <hidden>
                            (rising edge-triggered cell FDRE clocked by clk_fpga_0  {rise@0.000ns fall@10.000ns period=20.000ns})
  Destination:            acquireToHDMIwithZynq_i/enhancedPwmAXI_0/U0/enhancedPwmAXI_slave_lite_v1_0_S00_AXI_inst/slv_reg3_reg[26]/D
                            (rising edge-triggered cell FDRE clocked by clk_fpga_0  {rise@0.000ns fall@10.000ns period=20.000ns})
  Path Group:             clk_fpga_0
  Path Type:              Hold (Min at Fast Process Corner)
  Requirement:            0.000ns  (clk_fpga_0 rise@0.000ns - clk_fpga_0 rise@0.000ns)
  Data Path Delay:        0.449ns  (logic 0.141ns (31.390%)  route 0.308ns (68.610%))
  Logic Levels:           0  
  Clock Path Skew:        0.267ns (DCD - SCD - CPR)
    Destination Clock Delay (DCD):    1.202ns
    Source Clock Delay      (SCD):    0.906ns
    Clock Pessimism Removal (CPR):    0.029ns

    Location             Delay type                Incr(ns)  Path(ns)    Netlist Resource(s)
  -------------------------------------------------------------------    -------------------
                         (clock clk_fpga_0 rise edge)
                                                      0.000     0.000 r  
    PS7_X0Y0             PS7                          0.000     0.000 r  acquireToHDMIwithZynq_i/processing_system7_0/inst/PS7_i/FCLKCLK[0]
                         net (fo=1, routed)           0.315     0.315    acquireToHDMIwithZynq_i/processing_system7_0/inst/FCLK_CLK_unbuffered[0]
    BUFGCTRL_X0Y0        BUFG (Prop_bufg_I_O)         0.026     0.341 r  acquireToHDMIwithZynq_i/processing_system7_0/inst/buffer_fclk_clk_0.FCLK_CLK_0_BUFG/O
                         net (fo=1484, routed)        0.565     0.906    <hidden>
    SLICE_X11Y50         FDRE                                         r  <hidden>
  -------------------------------------------------------------------    -------------------
    SLICE_X11Y50         FDRE (Prop_fdre_C_Q)         0.141     1.047 r  <hidden>
                         net (fo=14, routed)          0.308     1.355    acquireToHDMIwithZynq_i/enhancedPwmAXI_0/U0/enhancedPwmAXI_slave_lite_v1_0_S00_AXI_inst/s00_axi_wdata[26]
    SLICE_X15Y49         FDRE                                         r  acquireToHDMIwithZynq_i/enhancedPwmAXI_0/U0/enhancedPwmAXI_slave_lite_v1_0_S00_AXI_inst/slv_reg3_reg[26]/D
  -------------------------------------------------------------------    -------------------

                         (clock clk_fpga_0 rise edge)
                                                      0.000     0.000 r  
    PS7_X0Y0             PS7                          0.000     0.000 r  acquireToHDMIwithZynq_i/processing_system7_0/inst/PS7_i/FCLKCLK[0]
                         net (fo=1, routed)           0.341     0.341    acquireToHDMIwithZynq_i/processing_system7_0/inst/FCLK_CLK_unbuffered[0]
    BUFGCTRL_X0Y0        BUFG (Prop_bufg_I_O)         0.029     0.370 r  acquireToHDMIwithZynq_i/processing_system7_0/inst/buffer_fclk_clk_0.FCLK_CLK_0_BUFG/O
                         net (fo=1484, routed)        0.832     1.202    acquireToHDMIwithZynq_i/enhancedPwmAXI_0/U0/enhancedPwmAXI_slave_lite_v1_0_S00_AXI_inst/s00_axi_aclk
    SLICE_X15Y49         FDRE                                         r  acquireToHDMIwithZynq_i/enhancedPwmAXI_0/U0/enhancedPwmAXI_slave_lite_v1_0_S00_AXI_inst/slv_reg3_reg[26]/C
                         clock pessimism             -0.029     1.173    
    SLICE_X15Y49         FDRE (Hold_fdre_C_D)         0.066     1.239    acquireToHDMIwithZynq_i/enhancedPwmAXI_0/U0/enhancedPwmAXI_slave_lite_v1_0_S00_AXI_inst/slv_reg3_reg[26]
  -------------------------------------------------------------------
                         required time                         -1.239    
                         arrival time                           1.355    
  -------------------------------------------------------------------
                         slack                                  0.116    

Slack (MET) :             0.116ns  (arrival time - required time)
  Source:                 <hidden>
                            (rising edge-triggered cell FDRE clocked by clk_fpga_0  {rise@0.000ns fall@10.000ns period=20.000ns})
  Destination:            <hidden>
                            (rising edge-triggered cell FDRE clocked by clk_fpga_0  {rise@0.000ns fall@10.000ns period=20.000ns})
  Path Group:             clk_fpga_0
  Path Type:              Hold (Min at Fast Process Corner)
  Requirement:            0.000ns  (clk_fpga_0 rise@0.000ns - clk_fpga_0 rise@0.000ns)
  Data Path Delay:        0.250ns  (logic 0.186ns (74.310%)  route 0.064ns (25.690%))
  Logic Levels:           1  (LUT6=1)
  Clock Path Skew:        0.013ns (DCD - SCD - CPR)
    Destination Clock Delay (DCD):    1.217ns
    Source Clock Delay      (SCD):    0.922ns
    Clock Pessimism Removal (CPR):    0.282ns

    Location             Delay type                Incr(ns)  Path(ns)    Netlist Resource(s)
  -------------------------------------------------------------------    -------------------
                         (clock clk_fpga_0 rise edge)
                                                      0.000     0.000 r  
    PS7_X0Y0             PS7                          0.000     0.000 r  acquireToHDMIwithZynq_i/processing_system7_0/inst/PS7_i/FCLKCLK[0]
                         net (fo=1, routed)           0.315     0.315    acquireToHDMIwithZynq_i/processing_system7_0/inst/FCLK_CLK_unbuffered[0]
    BUFGCTRL_X0Y0        BUFG (Prop_bufg_I_O)         0.026     0.341 r  acquireToHDMIwithZynq_i/processing_system7_0/inst/buffer_fclk_clk_0.FCLK_CLK_0_BUFG/O
                         net (fo=1484, routed)        0.581     0.922    <hidden>
    SLICE_X5Y34          FDRE                                         r  <hidden>
  -------------------------------------------------------------------    -------------------
    SLICE_X5Y34          FDRE (Prop_fdre_C_Q)         0.141     1.063 r  <hidden>
                         net (fo=3, routed)           0.064     1.127    <hidden>
    SLICE_X4Y34          LUT6 (Prop_lut6_I5_O)        0.045     1.172 r  <hidden>
                         net (fo=1, routed)           0.000     1.172    <hidden>
    SLICE_X4Y34          FDRE                                         r  <hidden>
  -------------------------------------------------------------------    -------------------

                         (clock clk_fpga_0 rise edge)
                                                      0.000     0.000 r  
    PS7_X0Y0             PS7                          0.000     0.000 r  acquireToHDMIwithZynq_i/processing_system7_0/inst/PS7_i/FCLKCLK[0]
                         net (fo=1, routed)           0.341     0.341    acquireToHDMIwithZynq_i/processing_system7_0/inst/FCLK_CLK_unbuffered[0]
    BUFGCTRL_X0Y0        BUFG (Prop_bufg_I_O)         0.029     0.370 r  acquireToHDMIwithZynq_i/processing_system7_0/inst/buffer_fclk_clk_0.FCLK_CLK_0_BUFG/O
                         net (fo=1484, routed)        0.847     1.217    <hidden>
    SLICE_X4Y34          FDRE                                         r  <hidden>
                         clock pessimism             -0.282     0.935    
    SLICE_X4Y34          FDRE (Hold_fdre_C_D)         0.121     1.056    <hidden>
  -------------------------------------------------------------------
                         required time                         -1.056    
                         arrival time                           1.172    
  -------------------------------------------------------------------
                         slack                                  0.116    





Pulse Width Checks
--------------------------------------------------------------------------------------
Clock Name:         clk_fpga_0
Waveform(ns):       { 0.000 10.000 }
Period(ns):         20.000
Sources:            { acquireToHDMIwithZynq_i/processing_system7_0/inst/PS7_i/FCLKCLK[0] }

Check Type        Corner  Lib Pin             Reference Pin  Required(ns)  Actual(ns)  Slack(ns)  Location       Pin
Min Period        n/a     RAMB18E1/CLKARDCLK  n/a            2.576         20.000      17.424     RAMB18_X1Y14   <hidden>
Min Period        n/a     RAMB18E1/CLKARDCLK  n/a            2.576         20.000      17.424     RAMB18_X1Y12   <hidden>
Min Period        n/a     BUFG/I              n/a            2.155         20.000      17.845     BUFGCTRL_X0Y0  acquireToHDMIwithZynq_i/processing_system7_0/inst/buffer_fclk_clk_0.FCLK_CLK_0_BUFG/I
Min Period        n/a     FDSE/C              n/a            1.000         20.000      19.000     SLICE_X15Y50   acquireToHDMIwithZynq_i/acquireToDisplay_AXI_0/U0/acquireToDisplay_AXI_slave_lite_v1_0_S00_AXI_inst/FSM_onehot_state_write_reg[0]/C
Min Period        n/a     FDRE/C              n/a            1.000         20.000      19.000     SLICE_X15Y50   acquireToHDMIwithZynq_i/acquireToDisplay_AXI_0/U0/acquireToDisplay_AXI_slave_lite_v1_0_S00_AXI_inst/FSM_onehot_state_write_reg[1]/C
Min Period        n/a     FDRE/C              n/a            1.000         20.000      19.000     SLICE_X14Y50   acquireToHDMIwithZynq_i/acquireToDisplay_AXI_0/U0/acquireToDisplay_AXI_slave_lite_v1_0_S00_AXI_inst/FSM_onehot_state_write_reg[2]/C
Min Period        n/a     FDRE/C              n/a            1.000         20.000      19.000     SLICE_X14Y36   acquireToHDMIwithZynq_i/acquireToDisplay_AXI_0/U0/acquireToDisplay_AXI_slave_lite_v1_0_S00_AXI_inst/FSM_sequential_state_read_reg[0]/C
Min Period        n/a     FDRE/C              n/a            1.000         20.000      19.000     SLICE_X14Y36   acquireToHDMIwithZynq_i/acquireToDisplay_AXI_0/U0/acquireToDisplay_AXI_slave_lite_v1_0_S00_AXI_inst/FSM_sequential_state_read_reg[1]/C
Min Period        n/a     FDRE/C              n/a            1.000         20.000      19.000     SLICE_X15Y36   acquireToHDMIwithZynq_i/acquireToDisplay_AXI_0/U0/acquireToDisplay_AXI_slave_lite_v1_0_S00_AXI_inst/axi_araddr_reg[2]/C
Min Period        n/a     FDRE/C              n/a            1.000         20.000      19.000     SLICE_X15Y36   acquireToHDMIwithZynq_i/acquireToDisplay_AXI_0/U0/acquireToDisplay_AXI_slave_lite_v1_0_S00_AXI_inst/axi_araddr_reg[3]/C
Low Pulse Width   Slow    SRL16E/CLK          n/a            0.980         10.000      9.020      SLICE_X20Y54   acquireToHDMIwithZynq_i/axi_smc/inst/clk_map/psr_aclk/U0/EXT_LPF/POR_SRL_I/CLK
Low Pulse Width   Fast    SRL16E/CLK          n/a            0.980         10.000      9.020      SLICE_X20Y54   acquireToHDMIwithZynq_i/axi_smc/inst/clk_map/psr_aclk/U0/EXT_LPF/POR_SRL_I/CLK
Low Pulse Width   Slow    SRL16E/CLK          n/a            0.980         10.000      9.020      SLICE_X30Y27   acquireToHDMIwithZynq_i/rst_ps7_0_50M/U0/EXT_LPF/POR_SRL_I/CLK
Low Pulse Width   Fast    SRL16E/CLK          n/a            0.980         10.000      9.020      SLICE_X30Y27   acquireToHDMIwithZynq_i/rst_ps7_0_50M/U0/EXT_LPF/POR_SRL_I/CLK
Low Pulse Width   Slow    FDSE/C              n/a            0.500         10.000      9.500      SLICE_X15Y50   acquireToHDMIwithZynq_i/acquireToDisplay_AXI_0/U0/acquireToDisplay_AXI_slave_lite_v1_0_S00_AXI_inst/FSM_onehot_state_write_reg[0]/C
Low Pulse Width   Fast    FDSE/C              n/a            0.500         10.000      9.500      SLICE_X15Y50   acquireToHDMIwithZynq_i/acquireToDisplay_AXI_0/U0/acquireToDisplay_AXI_slave_lite_v1_0_S00_AXI_inst/FSM_onehot_state_write_reg[0]/C
Low Pulse Width   Slow    FDRE/C              n/a            0.500         10.000      9.500      SLICE_X15Y50   acquireToHDMIwithZynq_i/acquireToDisplay_AXI_0/U0/acquireToDisplay_AXI_slave_lite_v1_0_S00_AXI_inst/FSM_onehot_state_write_reg[1]/C
Low Pulse Width   Fast    FDRE/C              n/a            0.500         10.000      9.500      SLICE_X15Y50   acquireToHDMIwithZynq_i/acquireToDisplay_AXI_0/U0/acquireToDisplay_AXI_slave_lite_v1_0_S00_AXI_inst/FSM_onehot_state_write_reg[1]/C
Low Pulse Width   Slow    FDRE/C              n/a            0.500         10.000      9.500      SLICE_X14Y50   acquireToHDMIwithZynq_i/acquireToDisplay_AXI_0/U0/acquireToDisplay_AXI_slave_lite_v1_0_S00_AXI_inst/FSM_onehot_state_write_reg[2]/C
Low Pulse Width   Fast    FDRE/C              n/a            0.500         10.000      9.500      SLICE_X14Y50   acquireToHDMIwithZynq_i/acquireToDisplay_AXI_0/U0/acquireToDisplay_AXI_slave_lite_v1_0_S00_AXI_inst/FSM_onehot_state_write_reg[2]/C
High Pulse Width  Slow    SRL16E/CLK          n/a            0.980         10.000      9.020      SLICE_X20Y54   acquireToHDMIwithZynq_i/axi_smc/inst/clk_map/psr_aclk/U0/EXT_LPF/POR_SRL_I/CLK
High Pulse Width  Fast    SRL16E/CLK          n/a            0.980         10.000      9.020      SLICE_X20Y54   acquireToHDMIwithZynq_i/axi_smc/inst/clk_map/psr_aclk/U0/EXT_LPF/POR_SRL_I/CLK
High Pulse Width  Slow    SRL16E/CLK          n/a            0.980         10.000      9.020      SLICE_X30Y27   acquireToHDMIwithZynq_i/rst_ps7_0_50M/U0/EXT_LPF/POR_SRL_I/CLK
High Pulse Width  Fast    SRL16E/CLK          n/a            0.980         10.000      9.020      SLICE_X30Y27   acquireToHDMIwithZynq_i/rst_ps7_0_50M/U0/EXT_LPF/POR_SRL_I/CLK
High Pulse Width  Slow    FDSE/C              n/a            0.500         10.000      9.500      SLICE_X15Y50   acquireToHDMIwithZynq_i/acquireToDisplay_AXI_0/U0/acquireToDisplay_AXI_slave_lite_v1_0_S00_AXI_inst/FSM_onehot_state_write_reg[0]/C
High Pulse Width  Fast    FDSE/C              n/a            0.500         10.000      9.500      SLICE_X15Y50   acquireToHDMIwithZynq_i/acquireToDisplay_AXI_0/U0/acquireToDisplay_AXI_slave_lite_v1_0_S00_AXI_inst/FSM_onehot_state_write_reg[0]/C
High Pulse Width  Slow    FDRE/C              n/a            0.500         10.000      9.500      SLICE_X15Y50   acquireToHDMIwithZynq_i/acquireToDisplay_AXI_0/U0/acquireToDisplay_AXI_slave_lite_v1_0_S00_AXI_inst/FSM_onehot_state_write_reg[1]/C
High Pulse Width  Fast    FDRE/C              n/a            0.500         10.000      9.500      SLICE_X15Y50   acquireToHDMIwithZynq_i/acquireToDisplay_AXI_0/U0/acquireToDisplay_AXI_slave_lite_v1_0_S00_AXI_inst/FSM_onehot_state_write_reg[1]/C
High Pulse Width  Slow    FDRE/C              n/a            0.500         10.000      9.500      SLICE_X14Y50   acquireToHDMIwithZynq_i/acquireToDisplay_AXI_0/U0/acquireToDisplay_AXI_slave_lite_v1_0_S00_AXI_inst/FSM_onehot_state_write_reg[2]/C
High Pulse Width  Fast    FDRE/C              n/a            0.500         10.000      9.500      SLICE_X14Y50   acquireToHDMIwithZynq_i/acquireToDisplay_AXI_0/U0/acquireToDisplay_AXI_slave_lite_v1_0_S00_AXI_inst/FSM_onehot_state_write_reg[2]/C



---------------------------------------------------------------------------------------------------
From Clock:  clk_fpga_0
  To Clock:  clk_out1_clk_wiz_0

Setup :           68  Failing Endpoints,  Worst Slack      -12.355ns,  Total Violation     -446.960ns
Hold  :            0  Failing Endpoints,  Worst Slack        0.110ns,  Total Violation        0.000ns
---------------------------------------------------------------------------------------------------


Max Delay Paths
--------------------------------------------------------------------------------------
Slack (VIOLATED) :        -12.355ns  (required time - arrival time)
  Source:                 acquireToHDMIwithZynq_i/acquireToDisplay_AXI_0/U0/acquireToDisplay_AXI_slave_lite_v1_0_S00_AXI_inst/slv_reg8_reg[13]/C
                            (rising edge-triggered cell FDRE clocked by clk_fpga_0  {rise@0.000ns fall@10.000ns period=20.000ns})
  Destination:            acquireToHDMIwithZynq_i/acquireToDisplay_AXI_0/U0/acquireToDisplay_AXI_slave_lite_v1_0_S00_AXI_inst/oscilloscope_inst/datapath_inst/scopeFace_inst/blue_reg[3]/D
                            (rising edge-triggered cell FDRE clocked by clk_out1_clk_wiz_0  {rise@0.000ns fall@6.737ns period=13.474ns})
  Path Group:             clk_out1_clk_wiz_0
  Path Type:              Setup (Max at Slow Process Corner)
  Requirement:            0.211ns  (clk_out1_clk_wiz_0 rise@660.211ns - clk_fpga_0 rise@660.000ns)
  Data Path Delay:        10.169ns  (logic 5.603ns (55.101%)  route 4.566ns (44.899%))
  Logic Levels:           9  (CARRY4=1 DSP48E1=1 LUT3=1 LUT4=2 LUT5=1 LUT6=3)
  Clock Path Skew:        -1.485ns (DCD - SCD + CPR)
    Destination Clock Delay (DCD):    1.489ns = ( 661.700 - 660.211 ) 
    Source Clock Delay      (SCD):    2.974ns = ( 662.974 - 660.000 ) 
    Clock Pessimism Removal (CPR):    0.000ns
  Clock Uncertainty:      0.991ns  ((TSJ^2 + TIJ^2 + DJ^2)^1/2) / 2 + PE
    Total System Jitter     (TSJ):    0.071ns
    Total Input Jitter      (TIJ):    0.600ns
    Discrete Jitter          (DJ):    0.462ns
    Phase Error              (PE):    0.611ns
  Clock Domain Crossing:  Inter clock paths are considered valid unless explicitly excluded by timing constraints such as set_clock_groups or set_false_path.

    Location             Delay type                Incr(ns)  Path(ns)    Netlist Resource(s)
  -------------------------------------------------------------------    -------------------
                         (clock clk_fpga_0 rise edge)
                                                    660.000   660.000 r  
    PS7_X0Y0             PS7                          0.000   660.000 r  acquireToHDMIwithZynq_i/processing_system7_0/inst/PS7_i/FCLKCLK[0]
                         net (fo=1, routed)           1.207   661.207    acquireToHDMIwithZynq_i/processing_system7_0/inst/FCLK_CLK_unbuffered[0]
    BUFGCTRL_X0Y0        BUFG (Prop_bufg_I_O)         0.101   661.308 r  acquireToHDMIwithZynq_i/processing_system7_0/inst/buffer_fclk_clk_0.FCLK_CLK_0_BUFG/O
                         net (fo=1484, routed)        1.666   662.974    acquireToHDMIwithZynq_i/acquireToDisplay_AXI_0/U0/acquireToDisplay_AXI_slave_lite_v1_0_S00_AXI_inst/s00_axi_aclk
    SLICE_X32Y33         FDRE                                         r  acquireToHDMIwithZynq_i/acquireToDisplay_AXI_0/U0/acquireToDisplay_AXI_slave_lite_v1_0_S00_AXI_inst/slv_reg8_reg[13]/C
  -------------------------------------------------------------------    -------------------
    SLICE_X32Y33         FDRE (Prop_fdre_C_Q)         0.518   663.492 r  acquireToHDMIwithZynq_i/acquireToDisplay_AXI_0/U0/acquireToDisplay_AXI_slave_lite_v1_0_S00_AXI_inst/slv_reg8_reg[13]/Q
                         net (fo=14, routed)          0.580   664.072    acquireToHDMIwithZynq_i/acquireToDisplay_AXI_0/U0/acquireToDisplay_AXI_slave_lite_v1_0_S00_AXI_inst/oscilloscope_inst/datapath_inst/triggerVoltToPixel_inst/x_SIGNED32_7[13]
    DSP48_X1Y13          DSP48E1 (Prop_dsp48e1_A[13]_P[21])
                                                      3.841   667.913 r  acquireToHDMIwithZynq_i/acquireToDisplay_AXI_0/U0/acquireToDisplay_AXI_slave_lite_v1_0_S00_AXI_inst/oscilloscope_inst/datapath_inst/triggerVoltToPixel_inst/x_SIGNED32/P[21]
                         net (fo=26, routed)          0.865   668.777    acquireToHDMIwithZynq_i/acquireToDisplay_AXI_0/U0/acquireToDisplay_AXI_slave_lite_v1_0_S00_AXI_inst/oscilloscope_inst/datapath_inst/triggerVoltToPixel_inst/x_SIGNED32__0[21]
    SLICE_X35Y30         LUT3 (Prop_lut3_I0_O)        0.124   668.901 r  acquireToHDMIwithZynq_i/acquireToDisplay_AXI_0/U0/acquireToDisplay_AXI_slave_lite_v1_0_S00_AXI_inst/oscilloscope_inst/datapath_inst/triggerVoltToPixel_inst/i__carry__0_i_9/O
                         net (fo=11, routed)          0.211   669.112    acquireToHDMIwithZynq_i/acquireToDisplay_AXI_0/U0/acquireToDisplay_AXI_slave_lite_v1_0_S00_AXI_inst/oscilloscope_inst/datapath_inst/triggerVoltToPixel_inst/i__carry__0_i_9_n_0
    SLICE_X35Y30         LUT5 (Prop_lut5_I1_O)        0.124   669.236 r  acquireToHDMIwithZynq_i/acquireToDisplay_AXI_0/U0/acquireToDisplay_AXI_slave_lite_v1_0_S00_AXI_inst/oscilloscope_inst/datapath_inst/triggerVoltToPixel_inst/i__carry_i_6__7/O
                         net (fo=3, routed)           0.713   669.949    acquireToHDMIwithZynq_i/acquireToDisplay_AXI_0/U0/acquireToDisplay_AXI_slave_lite_v1_0_S00_AXI_inst/oscilloscope_inst/datapath_inst/triggerVoltToPixel_inst/i__carry_i_6__7_n_0
    SLICE_X30Y30         LUT4 (Prop_lut4_I2_O)        0.124   670.073 r  acquireToHDMIwithZynq_i/acquireToDisplay_AXI_0/U0/acquireToDisplay_AXI_slave_lite_v1_0_S00_AXI_inst/oscilloscope_inst/datapath_inst/triggerVoltToPixel_inst/i__carry_i_1__9/O
                         net (fo=1, routed)           0.000   670.073    acquireToHDMIwithZynq_i/acquireToDisplay_AXI_0/U0/acquireToDisplay_AXI_slave_lite_v1_0_S00_AXI_inst/oscilloscope_inst/datapath_inst/scopeFace_inst/blue[0]_i_9[3]
    SLICE_X30Y30         CARRY4 (Prop_carry4_S[3]_CO[3])
                                                      0.376   670.449 r  acquireToHDMIwithZynq_i/acquireToDisplay_AXI_0/U0/acquireToDisplay_AXI_slave_lite_v1_0_S00_AXI_inst/oscilloscope_inst/datapath_inst/scopeFace_inst/eqOp_inferred__1/i__carry/CO[3]
                         net (fo=1, routed)           0.795   671.245    acquireToHDMIwithZynq_i/acquireToDisplay_AXI_0/U0/acquireToDisplay_AXI_slave_lite_v1_0_S00_AXI_inst/oscilloscope_inst/datapath_inst/videoSigGen_inst/blue[0]_i_4_0[0]
    SLICE_X27Y30         LUT6 (Prop_lut6_I5_O)        0.124   671.369 r  acquireToHDMIwithZynq_i/acquireToDisplay_AXI_0/U0/acquireToDisplay_AXI_slave_lite_v1_0_S00_AXI_inst/oscilloscope_inst/datapath_inst/videoSigGen_inst/blue[0]_i_10_comp_2/O
                         net (fo=1, routed)           0.642   672.011    acquireToHDMIwithZynq_i/acquireToDisplay_AXI_0/U0/acquireToDisplay_AXI_slave_lite_v1_0_S00_AXI_inst/oscilloscope_inst/datapath_inst/videoSigGen_inst/blue[0]_i_10_n_0_repN
    SLICE_X29Y30         LUT6 (Prop_lut6_I5_O)        0.124   672.135 r  acquireToHDMIwithZynq_i/acquireToDisplay_AXI_0/U0/acquireToDisplay_AXI_slave_lite_v1_0_S00_AXI_inst/oscilloscope_inst/datapath_inst/videoSigGen_inst/blue[0]_i_4_comp/O
                         net (fo=2, routed)           0.314   672.449    acquireToHDMIwithZynq_i/acquireToDisplay_AXI_0/U0/acquireToDisplay_AXI_slave_lite_v1_0_S00_AXI_inst/oscilloscope_inst/datapath_inst/videoSigGen_inst/blue[0]_i_4_n_0
    SLICE_X28Y31         LUT6 (Prop_lut6_I5_O)        0.124   672.573 r  acquireToHDMIwithZynq_i/acquireToDisplay_AXI_0/U0/acquireToDisplay_AXI_slave_lite_v1_0_S00_AXI_inst/oscilloscope_inst/datapath_inst/videoSigGen_inst/blue[0]_i_1/O
                         net (fo=5, routed)           0.446   673.019    acquireToHDMIwithZynq_i/acquireToDisplay_AXI_0/U0/acquireToDisplay_AXI_slave_lite_v1_0_S00_AXI_inst/oscilloscope_inst/datapath_inst/videoSigGen_inst/pixelHorz_reg[4]_0[0]
    SLICE_X28Y31         LUT4 (Prop_lut4_I0_O)        0.124   673.143 r  acquireToHDMIwithZynq_i/acquireToDisplay_AXI_0/U0/acquireToDisplay_AXI_slave_lite_v1_0_S00_AXI_inst/oscilloscope_inst/datapath_inst/videoSigGen_inst/blue[3]_i_1/O
                         net (fo=1, routed)           0.000   673.143    acquireToHDMIwithZynq_i/acquireToDisplay_AXI_0/U0/acquireToDisplay_AXI_slave_lite_v1_0_S00_AXI_inst/oscilloscope_inst/datapath_inst/scopeFace_inst/blue_reg[3]_1[1]
    SLICE_X28Y31         FDRE                                         r  acquireToHDMIwithZynq_i/acquireToDisplay_AXI_0/U0/acquireToDisplay_AXI_slave_lite_v1_0_S00_AXI_inst/oscilloscope_inst/datapath_inst/scopeFace_inst/blue_reg[3]/D
  -------------------------------------------------------------------    -------------------

                         (clock clk_out1_clk_wiz_0 rise edge)
                                                    660.211   660.211 r  
    BUFGCTRL_X0Y0        BUFG                         0.000   660.211 r  acquireToHDMIwithZynq_i/processing_system7_0/inst/buffer_fclk_clk_0.FCLK_CLK_0_BUFG/O
                         net (fo=1484, routed)        1.487   661.698    acquireToHDMIwithZynq_i/acquireToDisplay_AXI_0/U0/acquireToDisplay_AXI_slave_lite_v1_0_S00_AXI_inst/oscilloscope_inst/datapath_inst/vc/inst/clk_in1
    MMCME2_ADV_X0Y0      MMCME2_ADV (Prop_mmcme2_adv_CLKIN1_CLKOUT0)
                                                     -3.177   658.521 r  acquireToHDMIwithZynq_i/acquireToDisplay_AXI_0/U0/acquireToDisplay_AXI_slave_lite_v1_0_S00_AXI_inst/oscilloscope_inst/datapath_inst/vc/inst/mmcm_adv_inst/CLKOUT0
                         net (fo=1, routed)           1.599   660.120    acquireToHDMIwithZynq_i/acquireToDisplay_AXI_0/U0/acquireToDisplay_AXI_slave_lite_v1_0_S00_AXI_inst/oscilloscope_inst/datapath_inst/vc/inst/clk_out1_clk_wiz_0
    BUFGCTRL_X0Y1        BUFG (Prop_bufg_I_O)         0.091   660.211 r  acquireToHDMIwithZynq_i/acquireToDisplay_AXI_0/U0/acquireToDisplay_AXI_slave_lite_v1_0_S00_AXI_inst/oscilloscope_inst/datapath_inst/vc/inst/clkout1_buf/O
                         net (fo=224, routed)         1.489   661.700    acquireToHDMIwithZynq_i/acquireToDisplay_AXI_0/U0/acquireToDisplay_AXI_slave_lite_v1_0_S00_AXI_inst/oscilloscope_inst/datapath_inst/scopeFace_inst/CLK
    SLICE_X28Y31         FDRE                                         r  acquireToHDMIwithZynq_i/acquireToDisplay_AXI_0/U0/acquireToDisplay_AXI_slave_lite_v1_0_S00_AXI_inst/oscilloscope_inst/datapath_inst/scopeFace_inst/blue_reg[3]/C
                         clock pessimism              0.000   661.700    
                         clock uncertainty           -0.991   660.709    
    SLICE_X28Y31         FDRE (Setup_fdre_C_D)        0.079   660.788    acquireToHDMIwithZynq_i/acquireToDisplay_AXI_0/U0/acquireToDisplay_AXI_slave_lite_v1_0_S00_AXI_inst/oscilloscope_inst/datapath_inst/scopeFace_inst/blue_reg[3]
  -------------------------------------------------------------------
                         required time                        660.788    
                         arrival time                        -673.143    
  -------------------------------------------------------------------
                         slack                                -12.355    

Slack (VIOLATED) :        -12.278ns  (required time - arrival time)
  Source:                 acquireToHDMIwithZynq_i/acquireToDisplay_AXI_0/U0/acquireToDisplay_AXI_slave_lite_v1_0_S00_AXI_inst/slv_reg8_reg[13]/C
                            (rising edge-triggered cell FDRE clocked by clk_fpga_0  {rise@0.000ns fall@10.000ns period=20.000ns})
  Destination:            acquireToHDMIwithZynq_i/acquireToDisplay_AXI_0/U0/acquireToDisplay_AXI_slave_lite_v1_0_S00_AXI_inst/oscilloscope_inst/datapath_inst/scopeFace_inst/green_reg[3]/D
                            (rising edge-triggered cell FDRE clocked by clk_out1_clk_wiz_0  {rise@0.000ns fall@6.737ns period=13.474ns})
  Path Group:             clk_out1_clk_wiz_0
  Path Type:              Setup (Max at Slow Process Corner)
  Requirement:            0.211ns  (clk_out1_clk_wiz_0 rise@660.211ns - clk_fpga_0 rise@660.000ns)
  Data Path Delay:        10.042ns  (logic 5.603ns (55.798%)  route 4.439ns (44.202%))
  Logic Levels:           9  (CARRY4=1 DSP48E1=1 LUT3=1 LUT4=1 LUT5=1 LUT6=4)
  Clock Path Skew:        -1.485ns (DCD - SCD + CPR)
    Destination Clock Delay (DCD):    1.489ns = ( 661.700 - 660.211 ) 
    Source Clock Delay      (SCD):    2.974ns = ( 662.974 - 660.000 ) 
    Clock Pessimism Removal (CPR):    0.000ns
  Clock Uncertainty:      0.991ns  ((TSJ^2 + TIJ^2 + DJ^2)^1/2) / 2 + PE
    Total System Jitter     (TSJ):    0.071ns
    Total Input Jitter      (TIJ):    0.600ns
    Discrete Jitter          (DJ):    0.462ns
    Phase Error              (PE):    0.611ns
  Clock Domain Crossing:  Inter clock paths are considered valid unless explicitly excluded by timing constraints such as set_clock_groups or set_false_path.

    Location             Delay type                Incr(ns)  Path(ns)    Netlist Resource(s)
  -------------------------------------------------------------------    -------------------
                         (clock clk_fpga_0 rise edge)
                                                    660.000   660.000 r  
    PS7_X0Y0             PS7                          0.000   660.000 r  acquireToHDMIwithZynq_i/processing_system7_0/inst/PS7_i/FCLKCLK[0]
                         net (fo=1, routed)           1.207   661.207    acquireToHDMIwithZynq_i/processing_system7_0/inst/FCLK_CLK_unbuffered[0]
    BUFGCTRL_X0Y0        BUFG (Prop_bufg_I_O)         0.101   661.308 r  acquireToHDMIwithZynq_i/processing_system7_0/inst/buffer_fclk_clk_0.FCLK_CLK_0_BUFG/O
                         net (fo=1484, routed)        1.666   662.974    acquireToHDMIwithZynq_i/acquireToDisplay_AXI_0/U0/acquireToDisplay_AXI_slave_lite_v1_0_S00_AXI_inst/s00_axi_aclk
    SLICE_X32Y33         FDRE                                         r  acquireToHDMIwithZynq_i/acquireToDisplay_AXI_0/U0/acquireToDisplay_AXI_slave_lite_v1_0_S00_AXI_inst/slv_reg8_reg[13]/C
  -------------------------------------------------------------------    -------------------
    SLICE_X32Y33         FDRE (Prop_fdre_C_Q)         0.518   663.492 r  acquireToHDMIwithZynq_i/acquireToDisplay_AXI_0/U0/acquireToDisplay_AXI_slave_lite_v1_0_S00_AXI_inst/slv_reg8_reg[13]/Q
                         net (fo=14, routed)          0.580   664.072    acquireToHDMIwithZynq_i/acquireToDisplay_AXI_0/U0/acquireToDisplay_AXI_slave_lite_v1_0_S00_AXI_inst/oscilloscope_inst/datapath_inst/triggerVoltToPixel_inst/x_SIGNED32_7[13]
    DSP48_X1Y13          DSP48E1 (Prop_dsp48e1_A[13]_P[21])
                                                      3.841   667.913 r  acquireToHDMIwithZynq_i/acquireToDisplay_AXI_0/U0/acquireToDisplay_AXI_slave_lite_v1_0_S00_AXI_inst/oscilloscope_inst/datapath_inst/triggerVoltToPixel_inst/x_SIGNED32/P[21]
                         net (fo=26, routed)          0.865   668.777    acquireToHDMIwithZynq_i/acquireToDisplay_AXI_0/U0/acquireToDisplay_AXI_slave_lite_v1_0_S00_AXI_inst/oscilloscope_inst/datapath_inst/triggerVoltToPixel_inst/x_SIGNED32__0[21]
    SLICE_X35Y30         LUT3 (Prop_lut3_I0_O)        0.124   668.901 r  acquireToHDMIwithZynq_i/acquireToDisplay_AXI_0/U0/acquireToDisplay_AXI_slave_lite_v1_0_S00_AXI_inst/oscilloscope_inst/datapath_inst/triggerVoltToPixel_inst/i__carry__0_i_9/O
                         net (fo=11, routed)          0.211   669.112    acquireToHDMIwithZynq_i/acquireToDisplay_AXI_0/U0/acquireToDisplay_AXI_slave_lite_v1_0_S00_AXI_inst/oscilloscope_inst/datapath_inst/triggerVoltToPixel_inst/i__carry__0_i_9_n_0
    SLICE_X35Y30         LUT5 (Prop_lut5_I1_O)        0.124   669.236 r  acquireToHDMIwithZynq_i/acquireToDisplay_AXI_0/U0/acquireToDisplay_AXI_slave_lite_v1_0_S00_AXI_inst/oscilloscope_inst/datapath_inst/triggerVoltToPixel_inst/i__carry_i_6__7/O
                         net (fo=3, routed)           0.713   669.949    acquireToHDMIwithZynq_i/acquireToDisplay_AXI_0/U0/acquireToDisplay_AXI_slave_lite_v1_0_S00_AXI_inst/oscilloscope_inst/datapath_inst/triggerVoltToPixel_inst/i__carry_i_6__7_n_0
    SLICE_X30Y30         LUT4 (Prop_lut4_I2_O)        0.124   670.073 r  acquireToHDMIwithZynq_i/acquireToDisplay_AXI_0/U0/acquireToDisplay_AXI_slave_lite_v1_0_S00_AXI_inst/oscilloscope_inst/datapath_inst/triggerVoltToPixel_inst/i__carry_i_1__9/O
                         net (fo=1, routed)           0.000   670.073    acquireToHDMIwithZynq_i/acquireToDisplay_AXI_0/U0/acquireToDisplay_AXI_slave_lite_v1_0_S00_AXI_inst/oscilloscope_inst/datapath_inst/scopeFace_inst/blue[0]_i_9[3]
    SLICE_X30Y30         CARRY4 (Prop_carry4_S[3]_CO[3])
                                                      0.376   670.449 r  acquireToHDMIwithZynq_i/acquireToDisplay_AXI_0/U0/acquireToDisplay_AXI_slave_lite_v1_0_S00_AXI_inst/oscilloscope_inst/datapath_inst/scopeFace_inst/eqOp_inferred__1/i__carry/CO[3]
                         net (fo=1, routed)           0.795   671.245    acquireToHDMIwithZynq_i/acquireToDisplay_AXI_0/U0/acquireToDisplay_AXI_slave_lite_v1_0_S00_AXI_inst/oscilloscope_inst/datapath_inst/videoSigGen_inst/blue[0]_i_4_0[0]
    SLICE_X27Y30         LUT6 (Prop_lut6_I5_O)        0.124   671.369 r  acquireToHDMIwithZynq_i/acquireToDisplay_AXI_0/U0/acquireToDisplay_AXI_slave_lite_v1_0_S00_AXI_inst/oscilloscope_inst/datapath_inst/videoSigGen_inst/blue[0]_i_10_comp_2/O
                         net (fo=1, routed)           0.642   672.011    acquireToHDMIwithZynq_i/acquireToDisplay_AXI_0/U0/acquireToDisplay_AXI_slave_lite_v1_0_S00_AXI_inst/oscilloscope_inst/datapath_inst/videoSigGen_inst/blue[0]_i_10_n_0_repN
    SLICE_X29Y30         LUT6 (Prop_lut6_I5_O)        0.124   672.135 r  acquireToHDMIwithZynq_i/acquireToDisplay_AXI_0/U0/acquireToDisplay_AXI_slave_lite_v1_0_S00_AXI_inst/oscilloscope_inst/datapath_inst/videoSigGen_inst/blue[0]_i_4_comp/O
                         net (fo=2, routed)           0.314   672.449    acquireToHDMIwithZynq_i/acquireToDisplay_AXI_0/U0/acquireToDisplay_AXI_slave_lite_v1_0_S00_AXI_inst/oscilloscope_inst/datapath_inst/videoSigGen_inst/blue[0]_i_4_n_0
    SLICE_X28Y31         LUT6 (Prop_lut6_I5_O)        0.124   672.573 r  acquireToHDMIwithZynq_i/acquireToDisplay_AXI_0/U0/acquireToDisplay_AXI_slave_lite_v1_0_S00_AXI_inst/oscilloscope_inst/datapath_inst/videoSigGen_inst/blue[0]_i_1/O
                         net (fo=5, routed)           0.319   672.892    acquireToHDMIwithZynq_i/acquireToDisplay_AXI_0/U0/acquireToDisplay_AXI_slave_lite_v1_0_S00_AXI_inst/oscilloscope_inst/datapath_inst/videoSigGen_inst/pixelHorz_reg[4]_0[0]
    SLICE_X31Y31         LUT6 (Prop_lut6_I5_O)        0.124   673.016 r  acquireToHDMIwithZynq_i/acquireToDisplay_AXI_0/U0/acquireToDisplay_AXI_slave_lite_v1_0_S00_AXI_inst/oscilloscope_inst/datapath_inst/videoSigGen_inst/green[3]_i_1/O
                         net (fo=1, routed)           0.000   673.016    acquireToHDMIwithZynq_i/acquireToDisplay_AXI_0/U0/acquireToDisplay_AXI_slave_lite_v1_0_S00_AXI_inst/oscilloscope_inst/datapath_inst/scopeFace_inst/green_reg[7]_1[1]
    SLICE_X31Y31         FDRE                                         r  acquireToHDMIwithZynq_i/acquireToDisplay_AXI_0/U0/acquireToDisplay_AXI_slave_lite_v1_0_S00_AXI_inst/oscilloscope_inst/datapath_inst/scopeFace_inst/green_reg[3]/D
  -------------------------------------------------------------------    -------------------

                         (clock clk_out1_clk_wiz_0 rise edge)
                                                    660.211   660.211 r  
    BUFGCTRL_X0Y0        BUFG                         0.000   660.211 r  acquireToHDMIwithZynq_i/processing_system7_0/inst/buffer_fclk_clk_0.FCLK_CLK_0_BUFG/O
                         net (fo=1484, routed)        1.487   661.698    acquireToHDMIwithZynq_i/acquireToDisplay_AXI_0/U0/acquireToDisplay_AXI_slave_lite_v1_0_S00_AXI_inst/oscilloscope_inst/datapath_inst/vc/inst/clk_in1
    MMCME2_ADV_X0Y0      MMCME2_ADV (Prop_mmcme2_adv_CLKIN1_CLKOUT0)
                                                     -3.177   658.521 r  acquireToHDMIwithZynq_i/acquireToDisplay_AXI_0/U0/acquireToDisplay_AXI_slave_lite_v1_0_S00_AXI_inst/oscilloscope_inst/datapath_inst/vc/inst/mmcm_adv_inst/CLKOUT0
                         net (fo=1, routed)           1.599   660.120    acquireToHDMIwithZynq_i/acquireToDisplay_AXI_0/U0/acquireToDisplay_AXI_slave_lite_v1_0_S00_AXI_inst/oscilloscope_inst/datapath_inst/vc/inst/clk_out1_clk_wiz_0
    BUFGCTRL_X0Y1        BUFG (Prop_bufg_I_O)         0.091   660.211 r  acquireToHDMIwithZynq_i/acquireToDisplay_AXI_0/U0/acquireToDisplay_AXI_slave_lite_v1_0_S00_AXI_inst/oscilloscope_inst/datapath_inst/vc/inst/clkout1_buf/O
                         net (fo=224, routed)         1.489   661.700    acquireToHDMIwithZynq_i/acquireToDisplay_AXI_0/U0/acquireToDisplay_AXI_slave_lite_v1_0_S00_AXI_inst/oscilloscope_inst/datapath_inst/scopeFace_inst/CLK
    SLICE_X31Y31         FDRE                                         r  acquireToHDMIwithZynq_i/acquireToDisplay_AXI_0/U0/acquireToDisplay_AXI_slave_lite_v1_0_S00_AXI_inst/oscilloscope_inst/datapath_inst/scopeFace_inst/green_reg[3]/C
                         clock pessimism              0.000   661.700    
                         clock uncertainty           -0.991   660.709    
    SLICE_X31Y31         FDRE (Setup_fdre_C_D)        0.029   660.738    acquireToHDMIwithZynq_i/acquireToDisplay_AXI_0/U0/acquireToDisplay_AXI_slave_lite_v1_0_S00_AXI_inst/oscilloscope_inst/datapath_inst/scopeFace_inst/green_reg[3]
  -------------------------------------------------------------------
                         required time                        660.738    
                         arrival time                        -673.016    
  -------------------------------------------------------------------
                         slack                                -12.278    

Slack (VIOLATED) :        -12.273ns  (required time - arrival time)
  Source:                 acquireToHDMIwithZynq_i/acquireToDisplay_AXI_0/U0/acquireToDisplay_AXI_slave_lite_v1_0_S00_AXI_inst/slv_reg8_reg[13]/C
                            (rising edge-triggered cell FDRE clocked by clk_fpga_0  {rise@0.000ns fall@10.000ns period=20.000ns})
  Destination:            acquireToHDMIwithZynq_i/acquireToDisplay_AXI_0/U0/acquireToDisplay_AXI_slave_lite_v1_0_S00_AXI_inst/oscilloscope_inst/datapath_inst/scopeFace_inst/green_reg[7]/D
                            (rising edge-triggered cell FDRE clocked by clk_out1_clk_wiz_0  {rise@0.000ns fall@6.737ns period=13.474ns})
  Path Group:             clk_out1_clk_wiz_0
  Path Type:              Setup (Max at Slow Process Corner)
  Requirement:            0.211ns  (clk_out1_clk_wiz_0 rise@660.211ns - clk_fpga_0 rise@660.000ns)
  Data Path Delay:        10.039ns  (logic 5.603ns (55.814%)  route 4.436ns (44.186%))
  Logic Levels:           9  (CARRY4=1 DSP48E1=1 LUT3=1 LUT4=1 LUT5=1 LUT6=4)
  Clock Path Skew:        -1.485ns (DCD - SCD + CPR)
    Destination Clock Delay (DCD):    1.489ns = ( 661.700 - 660.211 ) 
    Source Clock Delay      (SCD):    2.974ns = ( 662.974 - 660.000 ) 
    Clock Pessimism Removal (CPR):    0.000ns
  Clock Uncertainty:      0.991ns  ((TSJ^2 + TIJ^2 + DJ^2)^1/2) / 2 + PE
    Total System Jitter     (TSJ):    0.071ns
    Total Input Jitter      (TIJ):    0.600ns
    Discrete Jitter          (DJ):    0.462ns
    Phase Error              (PE):    0.611ns
  Clock Domain Crossing:  Inter clock paths are considered valid unless explicitly excluded by timing constraints such as set_clock_groups or set_false_path.

    Location             Delay type                Incr(ns)  Path(ns)    Netlist Resource(s)
  -------------------------------------------------------------------    -------------------
                         (clock clk_fpga_0 rise edge)
                                                    660.000   660.000 r  
    PS7_X0Y0             PS7                          0.000   660.000 r  acquireToHDMIwithZynq_i/processing_system7_0/inst/PS7_i/FCLKCLK[0]
                         net (fo=1, routed)           1.207   661.207    acquireToHDMIwithZynq_i/processing_system7_0/inst/FCLK_CLK_unbuffered[0]
    BUFGCTRL_X0Y0        BUFG (Prop_bufg_I_O)         0.101   661.308 r  acquireToHDMIwithZynq_i/processing_system7_0/inst/buffer_fclk_clk_0.FCLK_CLK_0_BUFG/O
                         net (fo=1484, routed)        1.666   662.974    acquireToHDMIwithZynq_i/acquireToDisplay_AXI_0/U0/acquireToDisplay_AXI_slave_lite_v1_0_S00_AXI_inst/s00_axi_aclk
    SLICE_X32Y33         FDRE                                         r  acquireToHDMIwithZynq_i/acquireToDisplay_AXI_0/U0/acquireToDisplay_AXI_slave_lite_v1_0_S00_AXI_inst/slv_reg8_reg[13]/C
  -------------------------------------------------------------------    -------------------
    SLICE_X32Y33         FDRE (Prop_fdre_C_Q)         0.518   663.492 r  acquireToHDMIwithZynq_i/acquireToDisplay_AXI_0/U0/acquireToDisplay_AXI_slave_lite_v1_0_S00_AXI_inst/slv_reg8_reg[13]/Q
                         net (fo=14, routed)          0.580   664.072    acquireToHDMIwithZynq_i/acquireToDisplay_AXI_0/U0/acquireToDisplay_AXI_slave_lite_v1_0_S00_AXI_inst/oscilloscope_inst/datapath_inst/triggerVoltToPixel_inst/x_SIGNED32_7[13]
    DSP48_X1Y13          DSP48E1 (Prop_dsp48e1_A[13]_P[21])
                                                      3.841   667.913 r  acquireToHDMIwithZynq_i/acquireToDisplay_AXI_0/U0/acquireToDisplay_AXI_slave_lite_v1_0_S00_AXI_inst/oscilloscope_inst/datapath_inst/triggerVoltToPixel_inst/x_SIGNED32/P[21]
                         net (fo=26, routed)          0.865   668.777    acquireToHDMIwithZynq_i/acquireToDisplay_AXI_0/U0/acquireToDisplay_AXI_slave_lite_v1_0_S00_AXI_inst/oscilloscope_inst/datapath_inst/triggerVoltToPixel_inst/x_SIGNED32__0[21]
    SLICE_X35Y30         LUT3 (Prop_lut3_I0_O)        0.124   668.901 r  acquireToHDMIwithZynq_i/acquireToDisplay_AXI_0/U0/acquireToDisplay_AXI_slave_lite_v1_0_S00_AXI_inst/oscilloscope_inst/datapath_inst/triggerVoltToPixel_inst/i__carry__0_i_9/O
                         net (fo=11, routed)          0.211   669.112    acquireToHDMIwithZynq_i/acquireToDisplay_AXI_0/U0/acquireToDisplay_AXI_slave_lite_v1_0_S00_AXI_inst/oscilloscope_inst/datapath_inst/triggerVoltToPixel_inst/i__carry__0_i_9_n_0
    SLICE_X35Y30         LUT5 (Prop_lut5_I1_O)        0.124   669.236 r  acquireToHDMIwithZynq_i/acquireToDisplay_AXI_0/U0/acquireToDisplay_AXI_slave_lite_v1_0_S00_AXI_inst/oscilloscope_inst/datapath_inst/triggerVoltToPixel_inst/i__carry_i_6__7/O
                         net (fo=3, routed)           0.713   669.949    acquireToHDMIwithZynq_i/acquireToDisplay_AXI_0/U0/acquireToDisplay_AXI_slave_lite_v1_0_S00_AXI_inst/oscilloscope_inst/datapath_inst/triggerVoltToPixel_inst/i__carry_i_6__7_n_0
    SLICE_X30Y30         LUT4 (Prop_lut4_I2_O)        0.124   670.073 r  acquireToHDMIwithZynq_i/acquireToDisplay_AXI_0/U0/acquireToDisplay_AXI_slave_lite_v1_0_S00_AXI_inst/oscilloscope_inst/datapath_inst/triggerVoltToPixel_inst/i__carry_i_1__9/O
                         net (fo=1, routed)           0.000   670.073    acquireToHDMIwithZynq_i/acquireToDisplay_AXI_0/U0/acquireToDisplay_AXI_slave_lite_v1_0_S00_AXI_inst/oscilloscope_inst/datapath_inst/scopeFace_inst/blue[0]_i_9[3]
    SLICE_X30Y30         CARRY4 (Prop_carry4_S[3]_CO[3])
                                                      0.376   670.449 r  acquireToHDMIwithZynq_i/acquireToDisplay_AXI_0/U0/acquireToDisplay_AXI_slave_lite_v1_0_S00_AXI_inst/oscilloscope_inst/datapath_inst/scopeFace_inst/eqOp_inferred__1/i__carry/CO[3]
                         net (fo=1, routed)           0.795   671.245    acquireToHDMIwithZynq_i/acquireToDisplay_AXI_0/U0/acquireToDisplay_AXI_slave_lite_v1_0_S00_AXI_inst/oscilloscope_inst/datapath_inst/videoSigGen_inst/blue[0]_i_4_0[0]
    SLICE_X27Y30         LUT6 (Prop_lut6_I5_O)        0.124   671.369 r  acquireToHDMIwithZynq_i/acquireToDisplay_AXI_0/U0/acquireToDisplay_AXI_slave_lite_v1_0_S00_AXI_inst/oscilloscope_inst/datapath_inst/videoSigGen_inst/blue[0]_i_10_comp_2/O
                         net (fo=1, routed)           0.642   672.011    acquireToHDMIwithZynq_i/acquireToDisplay_AXI_0/U0/acquireToDisplay_AXI_slave_lite_v1_0_S00_AXI_inst/oscilloscope_inst/datapath_inst/videoSigGen_inst/blue[0]_i_10_n_0_repN
    SLICE_X29Y30         LUT6 (Prop_lut6_I5_O)        0.124   672.135 r  acquireToHDMIwithZynq_i/acquireToDisplay_AXI_0/U0/acquireToDisplay_AXI_slave_lite_v1_0_S00_AXI_inst/oscilloscope_inst/datapath_inst/videoSigGen_inst/blue[0]_i_4_comp/O
                         net (fo=2, routed)           0.314   672.449    acquireToHDMIwithZynq_i/acquireToDisplay_AXI_0/U0/acquireToDisplay_AXI_slave_lite_v1_0_S00_AXI_inst/oscilloscope_inst/datapath_inst/videoSigGen_inst/blue[0]_i_4_n_0
    SLICE_X28Y31         LUT6 (Prop_lut6_I5_O)        0.124   672.573 r  acquireToHDMIwithZynq_i/acquireToDisplay_AXI_0/U0/acquireToDisplay_AXI_slave_lite_v1_0_S00_AXI_inst/oscilloscope_inst/datapath_inst/videoSigGen_inst/blue[0]_i_1/O
                         net (fo=5, routed)           0.316   672.889    acquireToHDMIwithZynq_i/acquireToDisplay_AXI_0/U0/acquireToDisplay_AXI_slave_lite_v1_0_S00_AXI_inst/oscilloscope_inst/datapath_inst/videoSigGen_inst/pixelHorz_reg[4]_0[0]
    SLICE_X31Y31         LUT6 (Prop_lut6_I4_O)        0.124   673.013 r  acquireToHDMIwithZynq_i/acquireToDisplay_AXI_0/U0/acquireToDisplay_AXI_slave_lite_v1_0_S00_AXI_inst/oscilloscope_inst/datapath_inst/videoSigGen_inst/green[7]_i_1/O
                         net (fo=1, routed)           0.000   673.013    acquireToHDMIwithZynq_i/acquireToDisplay_AXI_0/U0/acquireToDisplay_AXI_slave_lite_v1_0_S00_AXI_inst/oscilloscope_inst/datapath_inst/scopeFace_inst/green_reg[7]_1[2]
    SLICE_X31Y31         FDRE                                         r  acquireToHDMIwithZynq_i/acquireToDisplay_AXI_0/U0/acquireToDisplay_AXI_slave_lite_v1_0_S00_AXI_inst/oscilloscope_inst/datapath_inst/scopeFace_inst/green_reg[7]/D
  -------------------------------------------------------------------    -------------------

                         (clock clk_out1_clk_wiz_0 rise edge)
                                                    660.211   660.211 r  
    BUFGCTRL_X0Y0        BUFG                         0.000   660.211 r  acquireToHDMIwithZynq_i/processing_system7_0/inst/buffer_fclk_clk_0.FCLK_CLK_0_BUFG/O
                         net (fo=1484, routed)        1.487   661.698    acquireToHDMIwithZynq_i/acquireToDisplay_AXI_0/U0/acquireToDisplay_AXI_slave_lite_v1_0_S00_AXI_inst/oscilloscope_inst/datapath_inst/vc/inst/clk_in1
    MMCME2_ADV_X0Y0      MMCME2_ADV (Prop_mmcme2_adv_CLKIN1_CLKOUT0)
                                                     -3.177   658.521 r  acquireToHDMIwithZynq_i/acquireToDisplay_AXI_0/U0/acquireToDisplay_AXI_slave_lite_v1_0_S00_AXI_inst/oscilloscope_inst/datapath_inst/vc/inst/mmcm_adv_inst/CLKOUT0
                         net (fo=1, routed)           1.599   660.120    acquireToHDMIwithZynq_i/acquireToDisplay_AXI_0/U0/acquireToDisplay_AXI_slave_lite_v1_0_S00_AXI_inst/oscilloscope_inst/datapath_inst/vc/inst/clk_out1_clk_wiz_0
    BUFGCTRL_X0Y1        BUFG (Prop_bufg_I_O)         0.091   660.211 r  acquireToHDMIwithZynq_i/acquireToDisplay_AXI_0/U0/acquireToDisplay_AXI_slave_lite_v1_0_S00_AXI_inst/oscilloscope_inst/datapath_inst/vc/inst/clkout1_buf/O
                         net (fo=224, routed)         1.489   661.700    acquireToHDMIwithZynq_i/acquireToDisplay_AXI_0/U0/acquireToDisplay_AXI_slave_lite_v1_0_S00_AXI_inst/oscilloscope_inst/datapath_inst/scopeFace_inst/CLK
    SLICE_X31Y31         FDRE                                         r  acquireToHDMIwithZynq_i/acquireToDisplay_AXI_0/U0/acquireToDisplay_AXI_slave_lite_v1_0_S00_AXI_inst/oscilloscope_inst/datapath_inst/scopeFace_inst/green_reg[7]/C
                         clock pessimism              0.000   661.700    
                         clock uncertainty           -0.991   660.709    
    SLICE_X31Y31         FDRE (Setup_fdre_C_D)        0.031   660.740    acquireToHDMIwithZynq_i/acquireToDisplay_AXI_0/U0/acquireToDisplay_AXI_slave_lite_v1_0_S00_AXI_inst/oscilloscope_inst/datapath_inst/scopeFace_inst/green_reg[7]
  -------------------------------------------------------------------
                         required time                        660.740    
                         arrival time                        -673.013    
  -------------------------------------------------------------------
                         slack                                -12.273    

Slack (VIOLATED) :        -12.270ns  (required time - arrival time)
  Source:                 acquireToHDMIwithZynq_i/acquireToDisplay_AXI_0/U0/acquireToDisplay_AXI_slave_lite_v1_0_S00_AXI_inst/slv_reg8_reg[13]/C
                            (rising edge-triggered cell FDRE clocked by clk_fpga_0  {rise@0.000ns fall@10.000ns period=20.000ns})
  Destination:            acquireToHDMIwithZynq_i/acquireToDisplay_AXI_0/U0/acquireToDisplay_AXI_slave_lite_v1_0_S00_AXI_inst/oscilloscope_inst/datapath_inst/scopeFace_inst/green_reg[0]/D
                            (rising edge-triggered cell FDRE clocked by clk_out1_clk_wiz_0  {rise@0.000ns fall@6.737ns period=13.474ns})
  Path Group:             clk_out1_clk_wiz_0
  Path Type:              Setup (Max at Slow Process Corner)
  Requirement:            0.211ns  (clk_out1_clk_wiz_0 rise@660.211ns - clk_fpga_0 rise@660.000ns)
  Data Path Delay:        10.038ns  (logic 5.603ns (55.820%)  route 4.435ns (44.180%))
  Logic Levels:           9  (CARRY4=1 DSP48E1=1 LUT3=1 LUT4=1 LUT5=2 LUT6=3)
  Clock Path Skew:        -1.483ns (DCD - SCD + CPR)
    Destination Clock Delay (DCD):    1.491ns = ( 661.702 - 660.211 ) 
    Source Clock Delay      (SCD):    2.974ns = ( 662.974 - 660.000 ) 
    Clock Pessimism Removal (CPR):    0.000ns
  Clock Uncertainty:      0.991ns  ((TSJ^2 + TIJ^2 + DJ^2)^1/2) / 2 + PE
    Total System Jitter     (TSJ):    0.071ns
    Total Input Jitter      (TIJ):    0.600ns
    Discrete Jitter          (DJ):    0.462ns
    Phase Error              (PE):    0.611ns
  Clock Domain Crossing:  Inter clock paths are considered valid unless explicitly excluded by timing constraints such as set_clock_groups or set_false_path.

    Location             Delay type                Incr(ns)  Path(ns)    Netlist Resource(s)
  -------------------------------------------------------------------    -------------------
                         (clock clk_fpga_0 rise edge)
                                                    660.000   660.000 r  
    PS7_X0Y0             PS7                          0.000   660.000 r  acquireToHDMIwithZynq_i/processing_system7_0/inst/PS7_i/FCLKCLK[0]
                         net (fo=1, routed)           1.207   661.207    acquireToHDMIwithZynq_i/processing_system7_0/inst/FCLK_CLK_unbuffered[0]
    BUFGCTRL_X0Y0        BUFG (Prop_bufg_I_O)         0.101   661.308 r  acquireToHDMIwithZynq_i/processing_system7_0/inst/buffer_fclk_clk_0.FCLK_CLK_0_BUFG/O
                         net (fo=1484, routed)        1.666   662.974    acquireToHDMIwithZynq_i/acquireToDisplay_AXI_0/U0/acquireToDisplay_AXI_slave_lite_v1_0_S00_AXI_inst/s00_axi_aclk
    SLICE_X32Y33         FDRE                                         r  acquireToHDMIwithZynq_i/acquireToDisplay_AXI_0/U0/acquireToDisplay_AXI_slave_lite_v1_0_S00_AXI_inst/slv_reg8_reg[13]/C
  -------------------------------------------------------------------    -------------------
    SLICE_X32Y33         FDRE (Prop_fdre_C_Q)         0.518   663.492 r  acquireToHDMIwithZynq_i/acquireToDisplay_AXI_0/U0/acquireToDisplay_AXI_slave_lite_v1_0_S00_AXI_inst/slv_reg8_reg[13]/Q
                         net (fo=14, routed)          0.580   664.072    acquireToHDMIwithZynq_i/acquireToDisplay_AXI_0/U0/acquireToDisplay_AXI_slave_lite_v1_0_S00_AXI_inst/oscilloscope_inst/datapath_inst/triggerVoltToPixel_inst/x_SIGNED32_7[13]
    DSP48_X1Y13          DSP48E1 (Prop_dsp48e1_A[13]_P[21])
                                                      3.841   667.913 r  acquireToHDMIwithZynq_i/acquireToDisplay_AXI_0/U0/acquireToDisplay_AXI_slave_lite_v1_0_S00_AXI_inst/oscilloscope_inst/datapath_inst/triggerVoltToPixel_inst/x_SIGNED32/P[21]
                         net (fo=26, routed)          0.865   668.777    acquireToHDMIwithZynq_i/acquireToDisplay_AXI_0/U0/acquireToDisplay_AXI_slave_lite_v1_0_S00_AXI_inst/oscilloscope_inst/datapath_inst/triggerVoltToPixel_inst/x_SIGNED32__0[21]
    SLICE_X35Y30         LUT3 (Prop_lut3_I0_O)        0.124   668.901 r  acquireToHDMIwithZynq_i/acquireToDisplay_AXI_0/U0/acquireToDisplay_AXI_slave_lite_v1_0_S00_AXI_inst/oscilloscope_inst/datapath_inst/triggerVoltToPixel_inst/i__carry__0_i_9/O
                         net (fo=11, routed)          0.211   669.112    acquireToHDMIwithZynq_i/acquireToDisplay_AXI_0/U0/acquireToDisplay_AXI_slave_lite_v1_0_S00_AXI_inst/oscilloscope_inst/datapath_inst/triggerVoltToPixel_inst/i__carry__0_i_9_n_0
    SLICE_X35Y30         LUT5 (Prop_lut5_I1_O)        0.124   669.236 r  acquireToHDMIwithZynq_i/acquireToDisplay_AXI_0/U0/acquireToDisplay_AXI_slave_lite_v1_0_S00_AXI_inst/oscilloscope_inst/datapath_inst/triggerVoltToPixel_inst/i__carry_i_6__7/O
                         net (fo=3, routed)           0.713   669.949    acquireToHDMIwithZynq_i/acquireToDisplay_AXI_0/U0/acquireToDisplay_AXI_slave_lite_v1_0_S00_AXI_inst/oscilloscope_inst/datapath_inst/triggerVoltToPixel_inst/i__carry_i_6__7_n_0
    SLICE_X30Y30         LUT4 (Prop_lut4_I2_O)        0.124   670.073 r  acquireToHDMIwithZynq_i/acquireToDisplay_AXI_0/U0/acquireToDisplay_AXI_slave_lite_v1_0_S00_AXI_inst/oscilloscope_inst/datapath_inst/triggerVoltToPixel_inst/i__carry_i_1__9/O
                         net (fo=1, routed)           0.000   670.073    acquireToHDMIwithZynq_i/acquireToDisplay_AXI_0/U0/acquireToDisplay_AXI_slave_lite_v1_0_S00_AXI_inst/oscilloscope_inst/datapath_inst/scopeFace_inst/blue[0]_i_9[3]
    SLICE_X30Y30         CARRY4 (Prop_carry4_S[3]_CO[3])
                                                      0.376   670.449 r  acquireToHDMIwithZynq_i/acquireToDisplay_AXI_0/U0/acquireToDisplay_AXI_slave_lite_v1_0_S00_AXI_inst/oscilloscope_inst/datapath_inst/scopeFace_inst/eqOp_inferred__1/i__carry/CO[3]
                         net (fo=1, routed)           0.795   671.245    acquireToHDMIwithZynq_i/acquireToDisplay_AXI_0/U0/acquireToDisplay_AXI_slave_lite_v1_0_S00_AXI_inst/oscilloscope_inst/datapath_inst/videoSigGen_inst/blue[0]_i_4_0[0]
    SLICE_X27Y30         LUT6 (Prop_lut6_I5_O)        0.124   671.369 r  acquireToHDMIwithZynq_i/acquireToDisplay_AXI_0/U0/acquireToDisplay_AXI_slave_lite_v1_0_S00_AXI_inst/oscilloscope_inst/datapath_inst/videoSigGen_inst/blue[0]_i_10_comp_2/O
                         net (fo=1, routed)           0.642   672.011    acquireToHDMIwithZynq_i/acquireToDisplay_AXI_0/U0/acquireToDisplay_AXI_slave_lite_v1_0_S00_AXI_inst/oscilloscope_inst/datapath_inst/videoSigGen_inst/blue[0]_i_10_n_0_repN
    SLICE_X29Y30         LUT6 (Prop_lut6_I5_O)        0.124   672.135 r  acquireToHDMIwithZynq_i/acquireToDisplay_AXI_0/U0/acquireToDisplay_AXI_slave_lite_v1_0_S00_AXI_inst/oscilloscope_inst/datapath_inst/videoSigGen_inst/blue[0]_i_4_comp/O
                         net (fo=2, routed)           0.314   672.449    acquireToHDMIwithZynq_i/acquireToDisplay_AXI_0/U0/acquireToDisplay_AXI_slave_lite_v1_0_S00_AXI_inst/oscilloscope_inst/datapath_inst/videoSigGen_inst/blue[0]_i_4_n_0
    SLICE_X28Y31         LUT6 (Prop_lut6_I5_O)        0.124   672.573 r  acquireToHDMIwithZynq_i/acquireToDisplay_AXI_0/U0/acquireToDisplay_AXI_slave_lite_v1_0_S00_AXI_inst/oscilloscope_inst/datapath_inst/videoSigGen_inst/blue[0]_i_1/O
                         net (fo=5, routed)           0.315   672.888    acquireToHDMIwithZynq_i/acquireToDisplay_AXI_0/U0/acquireToDisplay_AXI_slave_lite_v1_0_S00_AXI_inst/oscilloscope_inst/datapath_inst/videoSigGen_inst/pixelHorz_reg[4]_0[0]
    SLICE_X29Y32         LUT5 (Prop_lut5_I4_O)        0.124   673.012 r  acquireToHDMIwithZynq_i/acquireToDisplay_AXI_0/U0/acquireToDisplay_AXI_slave_lite_v1_0_S00_AXI_inst/oscilloscope_inst/datapath_inst/videoSigGen_inst/green[0]_i_1/O
                         net (fo=1, routed)           0.000   673.012    acquireToHDMIwithZynq_i/acquireToDisplay_AXI_0/U0/acquireToDisplay_AXI_slave_lite_v1_0_S00_AXI_inst/oscilloscope_inst/datapath_inst/scopeFace_inst/green_reg[7]_1[0]
    SLICE_X29Y32         FDRE                                         r  acquireToHDMIwithZynq_i/acquireToDisplay_AXI_0/U0/acquireToDisplay_AXI_slave_lite_v1_0_S00_AXI_inst/oscilloscope_inst/datapath_inst/scopeFace_inst/green_reg[0]/D
  -------------------------------------------------------------------    -------------------

                         (clock clk_out1_clk_wiz_0 rise edge)
                                                    660.211   660.211 r  
    BUFGCTRL_X0Y0        BUFG                         0.000   660.211 r  acquireToHDMIwithZynq_i/processing_system7_0/inst/buffer_fclk_clk_0.FCLK_CLK_0_BUFG/O
                         net (fo=1484, routed)        1.487   661.698    acquireToHDMIwithZynq_i/acquireToDisplay_AXI_0/U0/acquireToDisplay_AXI_slave_lite_v1_0_S00_AXI_inst/oscilloscope_inst/datapath_inst/vc/inst/clk_in1
    MMCME2_ADV_X0Y0      MMCME2_ADV (Prop_mmcme2_adv_CLKIN1_CLKOUT0)
                                                     -3.177   658.521 r  acquireToHDMIwithZynq_i/acquireToDisplay_AXI_0/U0/acquireToDisplay_AXI_slave_lite_v1_0_S00_AXI_inst/oscilloscope_inst/datapath_inst/vc/inst/mmcm_adv_inst/CLKOUT0
                         net (fo=1, routed)           1.599   660.120    acquireToHDMIwithZynq_i/acquireToDisplay_AXI_0/U0/acquireToDisplay_AXI_slave_lite_v1_0_S00_AXI_inst/oscilloscope_inst/datapath_inst/vc/inst/clk_out1_clk_wiz_0
    BUFGCTRL_X0Y1        BUFG (Prop_bufg_I_O)         0.091   660.211 r  acquireToHDMIwithZynq_i/acquireToDisplay_AXI_0/U0/acquireToDisplay_AXI_slave_lite_v1_0_S00_AXI_inst/oscilloscope_inst/datapath_inst/vc/inst/clkout1_buf/O
                         net (fo=224, routed)         1.491   661.702    acquireToHDMIwithZynq_i/acquireToDisplay_AXI_0/U0/acquireToDisplay_AXI_slave_lite_v1_0_S00_AXI_inst/oscilloscope_inst/datapath_inst/scopeFace_inst/CLK
    SLICE_X29Y32         FDRE                                         r  acquireToHDMIwithZynq_i/acquireToDisplay_AXI_0/U0/acquireToDisplay_AXI_slave_lite_v1_0_S00_AXI_inst/oscilloscope_inst/datapath_inst/scopeFace_inst/green_reg[0]/C
                         clock pessimism              0.000   661.702    
                         clock uncertainty           -0.991   660.711    
    SLICE_X29Y32         FDRE (Setup_fdre_C_D)        0.031   660.742    acquireToHDMIwithZynq_i/acquireToDisplay_AXI_0/U0/acquireToDisplay_AXI_slave_lite_v1_0_S00_AXI_inst/oscilloscope_inst/datapath_inst/scopeFace_inst/green_reg[0]
  -------------------------------------------------------------------
                         required time                        660.742    
                         arrival time                        -673.012    
  -------------------------------------------------------------------
                         slack                                -12.270    

Slack (VIOLATED) :        -12.215ns  (required time - arrival time)
  Source:                 acquireToHDMIwithZynq_i/acquireToDisplay_AXI_0/U0/acquireToDisplay_AXI_slave_lite_v1_0_S00_AXI_inst/slv_reg8_reg[13]/C
                            (rising edge-triggered cell FDRE clocked by clk_fpga_0  {rise@0.000ns fall@10.000ns period=20.000ns})
  Destination:            acquireToHDMIwithZynq_i/acquireToDisplay_AXI_0/U0/acquireToDisplay_AXI_slave_lite_v1_0_S00_AXI_inst/oscilloscope_inst/datapath_inst/scopeFace_inst/red_reg[3]/D
                            (rising edge-triggered cell FDRE clocked by clk_out1_clk_wiz_0  {rise@0.000ns fall@6.737ns period=13.474ns})
  Path Group:             clk_out1_clk_wiz_0
  Path Type:              Setup (Max at Slow Process Corner)
  Requirement:            0.211ns  (clk_out1_clk_wiz_0 rise@660.211ns - clk_fpga_0 rise@660.000ns)
  Data Path Delay:        9.981ns  (logic 5.603ns (56.136%)  route 4.378ns (43.864%))
  Logic Levels:           9  (CARRY4=1 DSP48E1=1 LUT3=1 LUT4=1 LUT5=1 LUT6=4)
  Clock Path Skew:        -1.486ns (DCD - SCD + CPR)
    Destination Clock Delay (DCD):    1.488ns = ( 661.699 - 660.211 ) 
    Source Clock Delay      (SCD):    2.974ns = ( 662.974 - 660.000 ) 
    Clock Pessimism Removal (CPR):    0.000ns
  Clock Uncertainty:      0.991ns  ((TSJ^2 + TIJ^2 + DJ^2)^1/2) / 2 + PE
    Total System Jitter     (TSJ):    0.071ns
    Total Input Jitter      (TIJ):    0.600ns
    Discrete Jitter          (DJ):    0.462ns
    Phase Error              (PE):    0.611ns
  Clock Domain Crossing:  Inter clock paths are considered valid unless explicitly excluded by timing constraints such as set_clock_groups or set_false_path.

    Location             Delay type                Incr(ns)  Path(ns)    Netlist Resource(s)
  -------------------------------------------------------------------    -------------------
                         (clock clk_fpga_0 rise edge)
                                                    660.000   660.000 r  
    PS7_X0Y0             PS7                          0.000   660.000 r  acquireToHDMIwithZynq_i/processing_system7_0/inst/PS7_i/FCLKCLK[0]
                         net (fo=1, routed)           1.207   661.207    acquireToHDMIwithZynq_i/processing_system7_0/inst/FCLK_CLK_unbuffered[0]
    BUFGCTRL_X0Y0        BUFG (Prop_bufg_I_O)         0.101   661.308 r  acquireToHDMIwithZynq_i/processing_system7_0/inst/buffer_fclk_clk_0.FCLK_CLK_0_BUFG/O
                         net (fo=1484, routed)        1.666   662.974    acquireToHDMIwithZynq_i/acquireToDisplay_AXI_0/U0/acquireToDisplay_AXI_slave_lite_v1_0_S00_AXI_inst/s00_axi_aclk
    SLICE_X32Y33         FDRE                                         r  acquireToHDMIwithZynq_i/acquireToDisplay_AXI_0/U0/acquireToDisplay_AXI_slave_lite_v1_0_S00_AXI_inst/slv_reg8_reg[13]/C
  -------------------------------------------------------------------    -------------------
    SLICE_X32Y33         FDRE (Prop_fdre_C_Q)         0.518   663.492 r  acquireToHDMIwithZynq_i/acquireToDisplay_AXI_0/U0/acquireToDisplay_AXI_slave_lite_v1_0_S00_AXI_inst/slv_reg8_reg[13]/Q
                         net (fo=14, routed)          0.580   664.072    acquireToHDMIwithZynq_i/acquireToDisplay_AXI_0/U0/acquireToDisplay_AXI_slave_lite_v1_0_S00_AXI_inst/oscilloscope_inst/datapath_inst/triggerVoltToPixel_inst/x_SIGNED32_7[13]
    DSP48_X1Y13          DSP48E1 (Prop_dsp48e1_A[13]_P[21])
                                                      3.841   667.913 r  acquireToHDMIwithZynq_i/acquireToDisplay_AXI_0/U0/acquireToDisplay_AXI_slave_lite_v1_0_S00_AXI_inst/oscilloscope_inst/datapath_inst/triggerVoltToPixel_inst/x_SIGNED32/P[21]
                         net (fo=26, routed)          0.865   668.777    acquireToHDMIwithZynq_i/acquireToDisplay_AXI_0/U0/acquireToDisplay_AXI_slave_lite_v1_0_S00_AXI_inst/oscilloscope_inst/datapath_inst/triggerVoltToPixel_inst/x_SIGNED32__0[21]
    SLICE_X35Y30         LUT3 (Prop_lut3_I0_O)        0.124   668.901 r  acquireToHDMIwithZynq_i/acquireToDisplay_AXI_0/U0/acquireToDisplay_AXI_slave_lite_v1_0_S00_AXI_inst/oscilloscope_inst/datapath_inst/triggerVoltToPixel_inst/i__carry__0_i_9/O
                         net (fo=11, routed)          0.211   669.112    acquireToHDMIwithZynq_i/acquireToDisplay_AXI_0/U0/acquireToDisplay_AXI_slave_lite_v1_0_S00_AXI_inst/oscilloscope_inst/datapath_inst/triggerVoltToPixel_inst/i__carry__0_i_9_n_0
    SLICE_X35Y30         LUT5 (Prop_lut5_I1_O)        0.124   669.236 r  acquireToHDMIwithZynq_i/acquireToDisplay_AXI_0/U0/acquireToDisplay_AXI_slave_lite_v1_0_S00_AXI_inst/oscilloscope_inst/datapath_inst/triggerVoltToPixel_inst/i__carry_i_6__7/O
                         net (fo=3, routed)           0.713   669.949    acquireToHDMIwithZynq_i/acquireToDisplay_AXI_0/U0/acquireToDisplay_AXI_slave_lite_v1_0_S00_AXI_inst/oscilloscope_inst/datapath_inst/triggerVoltToPixel_inst/i__carry_i_6__7_n_0
    SLICE_X30Y30         LUT4 (Prop_lut4_I2_O)        0.124   670.073 r  acquireToHDMIwithZynq_i/acquireToDisplay_AXI_0/U0/acquireToDisplay_AXI_slave_lite_v1_0_S00_AXI_inst/oscilloscope_inst/datapath_inst/triggerVoltToPixel_inst/i__carry_i_1__9/O
                         net (fo=1, routed)           0.000   670.073    acquireToHDMIwithZynq_i/acquireToDisplay_AXI_0/U0/acquireToDisplay_AXI_slave_lite_v1_0_S00_AXI_inst/oscilloscope_inst/datapath_inst/scopeFace_inst/blue[0]_i_9[3]
    SLICE_X30Y30         CARRY4 (Prop_carry4_S[3]_CO[3])
                                                      0.376   670.449 f  acquireToHDMIwithZynq_i/acquireToDisplay_AXI_0/U0/acquireToDisplay_AXI_slave_lite_v1_0_S00_AXI_inst/oscilloscope_inst/datapath_inst/scopeFace_inst/eqOp_inferred__1/i__carry/CO[3]
                         net (fo=1, routed)           0.795   671.245    acquireToHDMIwithZynq_i/acquireToDisplay_AXI_0/U0/acquireToDisplay_AXI_slave_lite_v1_0_S00_AXI_inst/oscilloscope_inst/datapath_inst/videoSigGen_inst/blue[0]_i_4_0[0]
    SLICE_X27Y30         LUT6 (Prop_lut6_I5_O)        0.124   671.369 f  acquireToHDMIwithZynq_i/acquireToDisplay_AXI_0/U0/acquireToDisplay_AXI_slave_lite_v1_0_S00_AXI_inst/oscilloscope_inst/datapath_inst/videoSigGen_inst/blue[0]_i_10_comp_2/O
                         net (fo=1, routed)           0.642   672.011    acquireToHDMIwithZynq_i/acquireToDisplay_AXI_0/U0/acquireToDisplay_AXI_slave_lite_v1_0_S00_AXI_inst/oscilloscope_inst/datapath_inst/videoSigGen_inst/blue[0]_i_10_n_0_repN
    SLICE_X29Y30         LUT6 (Prop_lut6_I5_O)        0.124   672.135 f  acquireToHDMIwithZynq_i/acquireToDisplay_AXI_0/U0/acquireToDisplay_AXI_slave_lite_v1_0_S00_AXI_inst/oscilloscope_inst/datapath_inst/videoSigGen_inst/blue[0]_i_4_comp/O
                         net (fo=2, routed)           0.275   672.410    acquireToHDMIwithZynq_i/acquireToDisplay_AXI_0/U0/acquireToDisplay_AXI_slave_lite_v1_0_S00_AXI_inst/oscilloscope_inst/datapath_inst/videoSigGen_inst/blue[0]_i_4_n_0
    SLICE_X29Y30         LUT6 (Prop_lut6_I0_O)        0.124   672.534 r  acquireToHDMIwithZynq_i/acquireToDisplay_AXI_0/U0/acquireToDisplay_AXI_slave_lite_v1_0_S00_AXI_inst/oscilloscope_inst/datapath_inst/videoSigGen_inst/red[3]_i_4/O
                         net (fo=2, routed)           0.297   672.831    acquireToHDMIwithZynq_i/acquireToDisplay_AXI_0/U0/acquireToDisplay_AXI_slave_lite_v1_0_S00_AXI_inst/oscilloscope_inst/datapath_inst/videoSigGen_inst/red[3]_i_4_n_0
    SLICE_X31Y30         LUT6 (Prop_lut6_I2_O)        0.124   672.955 r  acquireToHDMIwithZynq_i/acquireToDisplay_AXI_0/U0/acquireToDisplay_AXI_slave_lite_v1_0_S00_AXI_inst/oscilloscope_inst/datapath_inst/videoSigGen_inst/red[3]_i_1/O
                         net (fo=1, routed)           0.000   672.955    acquireToHDMIwithZynq_i/acquireToDisplay_AXI_0/U0/acquireToDisplay_AXI_slave_lite_v1_0_S00_AXI_inst/oscilloscope_inst/datapath_inst/scopeFace_inst/D[1]
    SLICE_X31Y30         FDRE                                         r  acquireToHDMIwithZynq_i/acquireToDisplay_AXI_0/U0/acquireToDisplay_AXI_slave_lite_v1_0_S00_AXI_inst/oscilloscope_inst/datapath_inst/scopeFace_inst/red_reg[3]/D
  -------------------------------------------------------------------    -------------------

                         (clock clk_out1_clk_wiz_0 rise edge)
                                                    660.211   660.211 r  
    BUFGCTRL_X0Y0        BUFG                         0.000   660.211 r  acquireToHDMIwithZynq_i/processing_system7_0/inst/buffer_fclk_clk_0.FCLK_CLK_0_BUFG/O
                         net (fo=1484, routed)        1.487   661.698    acquireToHDMIwithZynq_i/acquireToDisplay_AXI_0/U0/acquireToDisplay_AXI_slave_lite_v1_0_S00_AXI_inst/oscilloscope_inst/datapath_inst/vc/inst/clk_in1
    MMCME2_ADV_X0Y0      MMCME2_ADV (Prop_mmcme2_adv_CLKIN1_CLKOUT0)
                                                     -3.177   658.521 r  acquireToHDMIwithZynq_i/acquireToDisplay_AXI_0/U0/acquireToDisplay_AXI_slave_lite_v1_0_S00_AXI_inst/oscilloscope_inst/datapath_inst/vc/inst/mmcm_adv_inst/CLKOUT0
                         net (fo=1, routed)           1.599   660.120    acquireToHDMIwithZynq_i/acquireToDisplay_AXI_0/U0/acquireToDisplay_AXI_slave_lite_v1_0_S00_AXI_inst/oscilloscope_inst/datapath_inst/vc/inst/clk_out1_clk_wiz_0
    BUFGCTRL_X0Y1        BUFG (Prop_bufg_I_O)         0.091   660.211 r  acquireToHDMIwithZynq_i/acquireToDisplay_AXI_0/U0/acquireToDisplay_AXI_slave_lite_v1_0_S00_AXI_inst/oscilloscope_inst/datapath_inst/vc/inst/clkout1_buf/O
                         net (fo=224, routed)         1.488   661.699    acquireToHDMIwithZynq_i/acquireToDisplay_AXI_0/U0/acquireToDisplay_AXI_slave_lite_v1_0_S00_AXI_inst/oscilloscope_inst/datapath_inst/scopeFace_inst/CLK
    SLICE_X31Y30         FDRE                                         r  acquireToHDMIwithZynq_i/acquireToDisplay_AXI_0/U0/acquireToDisplay_AXI_slave_lite_v1_0_S00_AXI_inst/oscilloscope_inst/datapath_inst/scopeFace_inst/red_reg[3]/C
                         clock pessimism              0.000   661.699    
                         clock uncertainty           -0.991   660.708    
    SLICE_X31Y30         FDRE (Setup_fdre_C_D)        0.032   660.740    acquireToHDMIwithZynq_i/acquireToDisplay_AXI_0/U0/acquireToDisplay_AXI_slave_lite_v1_0_S00_AXI_inst/oscilloscope_inst/datapath_inst/scopeFace_inst/red_reg[3]
  -------------------------------------------------------------------
                         required time                        660.740    
                         arrival time                        -672.955    
  -------------------------------------------------------------------
                         slack                                -12.215    

Slack (VIOLATED) :        -12.211ns  (required time - arrival time)
  Source:                 acquireToHDMIwithZynq_i/acquireToDisplay_AXI_0/U0/acquireToDisplay_AXI_slave_lite_v1_0_S00_AXI_inst/slv_reg8_reg[13]/C
                            (rising edge-triggered cell FDRE clocked by clk_fpga_0  {rise@0.000ns fall@10.000ns period=20.000ns})
  Destination:            acquireToHDMIwithZynq_i/acquireToDisplay_AXI_0/U0/acquireToDisplay_AXI_slave_lite_v1_0_S00_AXI_inst/oscilloscope_inst/datapath_inst/scopeFace_inst/red_reg[0]/D
                            (rising edge-triggered cell FDRE clocked by clk_out1_clk_wiz_0  {rise@0.000ns fall@6.737ns period=13.474ns})
  Path Group:             clk_out1_clk_wiz_0
  Path Type:              Setup (Max at Slow Process Corner)
  Requirement:            0.211ns  (clk_out1_clk_wiz_0 rise@660.211ns - clk_fpga_0 rise@660.000ns)
  Data Path Delay:        9.976ns  (logic 5.603ns (56.165%)  route 4.373ns (43.835%))
  Logic Levels:           9  (CARRY4=1 DSP48E1=1 LUT3=1 LUT4=2 LUT5=1 LUT6=3)
  Clock Path Skew:        -1.486ns (DCD - SCD + CPR)
    Destination Clock Delay (DCD):    1.488ns = ( 661.699 - 660.211 ) 
    Source Clock Delay      (SCD):    2.974ns = ( 662.974 - 660.000 ) 
    Clock Pessimism Removal (CPR):    0.000ns
  Clock Uncertainty:      0.991ns  ((TSJ^2 + TIJ^2 + DJ^2)^1/2) / 2 + PE
    Total System Jitter     (TSJ):    0.071ns
    Total Input Jitter      (TIJ):    0.600ns
    Discrete Jitter          (DJ):    0.462ns
    Phase Error              (PE):    0.611ns
  Clock Domain Crossing:  Inter clock paths are considered valid unless explicitly excluded by timing constraints such as set_clock_groups or set_false_path.

    Location             Delay type                Incr(ns)  Path(ns)    Netlist Resource(s)
  -------------------------------------------------------------------    -------------------
                         (clock clk_fpga_0 rise edge)
                                                    660.000   660.000 r  
    PS7_X0Y0             PS7                          0.000   660.000 r  acquireToHDMIwithZynq_i/processing_system7_0/inst/PS7_i/FCLKCLK[0]
                         net (fo=1, routed)           1.207   661.207    acquireToHDMIwithZynq_i/processing_system7_0/inst/FCLK_CLK_unbuffered[0]
    BUFGCTRL_X0Y0        BUFG (Prop_bufg_I_O)         0.101   661.308 r  acquireToHDMIwithZynq_i/processing_system7_0/inst/buffer_fclk_clk_0.FCLK_CLK_0_BUFG/O
                         net (fo=1484, routed)        1.666   662.974    acquireToHDMIwithZynq_i/acquireToDisplay_AXI_0/U0/acquireToDisplay_AXI_slave_lite_v1_0_S00_AXI_inst/s00_axi_aclk
    SLICE_X32Y33         FDRE                                         r  acquireToHDMIwithZynq_i/acquireToDisplay_AXI_0/U0/acquireToDisplay_AXI_slave_lite_v1_0_S00_AXI_inst/slv_reg8_reg[13]/C
  -------------------------------------------------------------------    -------------------
    SLICE_X32Y33         FDRE (Prop_fdre_C_Q)         0.518   663.492 r  acquireToHDMIwithZynq_i/acquireToDisplay_AXI_0/U0/acquireToDisplay_AXI_slave_lite_v1_0_S00_AXI_inst/slv_reg8_reg[13]/Q
                         net (fo=14, routed)          0.580   664.072    acquireToHDMIwithZynq_i/acquireToDisplay_AXI_0/U0/acquireToDisplay_AXI_slave_lite_v1_0_S00_AXI_inst/oscilloscope_inst/datapath_inst/triggerVoltToPixel_inst/x_SIGNED32_7[13]
    DSP48_X1Y13          DSP48E1 (Prop_dsp48e1_A[13]_P[21])
                                                      3.841   667.913 r  acquireToHDMIwithZynq_i/acquireToDisplay_AXI_0/U0/acquireToDisplay_AXI_slave_lite_v1_0_S00_AXI_inst/oscilloscope_inst/datapath_inst/triggerVoltToPixel_inst/x_SIGNED32/P[21]
                         net (fo=26, routed)          0.865   668.777    acquireToHDMIwithZynq_i/acquireToDisplay_AXI_0/U0/acquireToDisplay_AXI_slave_lite_v1_0_S00_AXI_inst/oscilloscope_inst/datapath_inst/triggerVoltToPixel_inst/x_SIGNED32__0[21]
    SLICE_X35Y30         LUT3 (Prop_lut3_I0_O)        0.124   668.901 r  acquireToHDMIwithZynq_i/acquireToDisplay_AXI_0/U0/acquireToDisplay_AXI_slave_lite_v1_0_S00_AXI_inst/oscilloscope_inst/datapath_inst/triggerVoltToPixel_inst/i__carry__0_i_9/O
                         net (fo=11, routed)          0.211   669.112    acquireToHDMIwithZynq_i/acquireToDisplay_AXI_0/U0/acquireToDisplay_AXI_slave_lite_v1_0_S00_AXI_inst/oscilloscope_inst/datapath_inst/triggerVoltToPixel_inst/i__carry__0_i_9_n_0
    SLICE_X35Y30         LUT5 (Prop_lut5_I1_O)        0.124   669.236 r  acquireToHDMIwithZynq_i/acquireToDisplay_AXI_0/U0/acquireToDisplay_AXI_slave_lite_v1_0_S00_AXI_inst/oscilloscope_inst/datapath_inst/triggerVoltToPixel_inst/i__carry_i_6__7/O
                         net (fo=3, routed)           0.713   669.949    acquireToHDMIwithZynq_i/acquireToDisplay_AXI_0/U0/acquireToDisplay_AXI_slave_lite_v1_0_S00_AXI_inst/oscilloscope_inst/datapath_inst/triggerVoltToPixel_inst/i__carry_i_6__7_n_0
    SLICE_X30Y30         LUT4 (Prop_lut4_I2_O)        0.124   670.073 r  acquireToHDMIwithZynq_i/acquireToDisplay_AXI_0/U0/acquireToDisplay_AXI_slave_lite_v1_0_S00_AXI_inst/oscilloscope_inst/datapath_inst/triggerVoltToPixel_inst/i__carry_i_1__9/O
                         net (fo=1, routed)           0.000   670.073    acquireToHDMIwithZynq_i/acquireToDisplay_AXI_0/U0/acquireToDisplay_AXI_slave_lite_v1_0_S00_AXI_inst/oscilloscope_inst/datapath_inst/scopeFace_inst/blue[0]_i_9[3]
    SLICE_X30Y30         CARRY4 (Prop_carry4_S[3]_CO[3])
                                                      0.376   670.449 f  acquireToHDMIwithZynq_i/acquireToDisplay_AXI_0/U0/acquireToDisplay_AXI_slave_lite_v1_0_S00_AXI_inst/oscilloscope_inst/datapath_inst/scopeFace_inst/eqOp_inferred__1/i__carry/CO[3]
                         net (fo=1, routed)           0.795   671.245    acquireToHDMIwithZynq_i/acquireToDisplay_AXI_0/U0/acquireToDisplay_AXI_slave_lite_v1_0_S00_AXI_inst/oscilloscope_inst/datapath_inst/videoSigGen_inst/blue[0]_i_4_0[0]
    SLICE_X27Y30         LUT6 (Prop_lut6_I5_O)        0.124   671.369 f  acquireToHDMIwithZynq_i/acquireToDisplay_AXI_0/U0/acquireToDisplay_AXI_slave_lite_v1_0_S00_AXI_inst/oscilloscope_inst/datapath_inst/videoSigGen_inst/blue[0]_i_10_comp_2/O
                         net (fo=1, routed)           0.642   672.011    acquireToHDMIwithZynq_i/acquireToDisplay_AXI_0/U0/acquireToDisplay_AXI_slave_lite_v1_0_S00_AXI_inst/oscilloscope_inst/datapath_inst/videoSigGen_inst/blue[0]_i_10_n_0_repN
    SLICE_X29Y30         LUT6 (Prop_lut6_I5_O)        0.124   672.135 f  acquireToHDMIwithZynq_i/acquireToDisplay_AXI_0/U0/acquireToDisplay_AXI_slave_lite_v1_0_S00_AXI_inst/oscilloscope_inst/datapath_inst/videoSigGen_inst/blue[0]_i_4_comp/O
                         net (fo=2, routed)           0.275   672.410    acquireToHDMIwithZynq_i/acquireToDisplay_AXI_0/U0/acquireToDisplay_AXI_slave_lite_v1_0_S00_AXI_inst/oscilloscope_inst/datapath_inst/videoSigGen_inst/blue[0]_i_4_n_0
    SLICE_X29Y30         LUT6 (Prop_lut6_I0_O)        0.124   672.534 r  acquireToHDMIwithZynq_i/acquireToDisplay_AXI_0/U0/acquireToDisplay_AXI_slave_lite_v1_0_S00_AXI_inst/oscilloscope_inst/datapath_inst/videoSigGen_inst/red[3]_i_4/O
                         net (fo=2, routed)           0.292   672.826    acquireToHDMIwithZynq_i/acquireToDisplay_AXI_0/U0/acquireToDisplay_AXI_slave_lite_v1_0_S00_AXI_inst/oscilloscope_inst/datapath_inst/videoSigGen_inst/red[3]_i_4_n_0
    SLICE_X31Y30         LUT4 (Prop_lut4_I3_O)        0.124   672.950 r  acquireToHDMIwithZynq_i/acquireToDisplay_AXI_0/U0/acquireToDisplay_AXI_slave_lite_v1_0_S00_AXI_inst/oscilloscope_inst/datapath_inst/videoSigGen_inst/red[0]_i_1/O
                         net (fo=1, routed)           0.000   672.950    acquireToHDMIwithZynq_i/acquireToDisplay_AXI_0/U0/acquireToDisplay_AXI_slave_lite_v1_0_S00_AXI_inst/oscilloscope_inst/datapath_inst/scopeFace_inst/D[0]
    SLICE_X31Y30         FDRE                                         r  acquireToHDMIwithZynq_i/acquireToDisplay_AXI_0/U0/acquireToDisplay_AXI_slave_lite_v1_0_S00_AXI_inst/oscilloscope_inst/datapath_inst/scopeFace_inst/red_reg[0]/D
  -------------------------------------------------------------------    -------------------

                         (clock clk_out1_clk_wiz_0 rise edge)
                                                    660.211   660.211 r  
    BUFGCTRL_X0Y0        BUFG                         0.000   660.211 r  acquireToHDMIwithZynq_i/processing_system7_0/inst/buffer_fclk_clk_0.FCLK_CLK_0_BUFG/O
                         net (fo=1484, routed)        1.487   661.698    acquireToHDMIwithZynq_i/acquireToDisplay_AXI_0/U0/acquireToDisplay_AXI_slave_lite_v1_0_S00_AXI_inst/oscilloscope_inst/datapath_inst/vc/inst/clk_in1
    MMCME2_ADV_X0Y0      MMCME2_ADV (Prop_mmcme2_adv_CLKIN1_CLKOUT0)
                                                     -3.177   658.521 r  acquireToHDMIwithZynq_i/acquireToDisplay_AXI_0/U0/acquireToDisplay_AXI_slave_lite_v1_0_S00_AXI_inst/oscilloscope_inst/datapath_inst/vc/inst/mmcm_adv_inst/CLKOUT0
                         net (fo=1, routed)           1.599   660.120    acquireToHDMIwithZynq_i/acquireToDisplay_AXI_0/U0/acquireToDisplay_AXI_slave_lite_v1_0_S00_AXI_inst/oscilloscope_inst/datapath_inst/vc/inst/clk_out1_clk_wiz_0
    BUFGCTRL_X0Y1        BUFG (Prop_bufg_I_O)         0.091   660.211 r  acquireToHDMIwithZynq_i/acquireToDisplay_AXI_0/U0/acquireToDisplay_AXI_slave_lite_v1_0_S00_AXI_inst/oscilloscope_inst/datapath_inst/vc/inst/clkout1_buf/O
                         net (fo=224, routed)         1.488   661.699    acquireToHDMIwithZynq_i/acquireToDisplay_AXI_0/U0/acquireToDisplay_AXI_slave_lite_v1_0_S00_AXI_inst/oscilloscope_inst/datapath_inst/scopeFace_inst/CLK
    SLICE_X31Y30         FDRE                                         r  acquireToHDMIwithZynq_i/acquireToDisplay_AXI_0/U0/acquireToDisplay_AXI_slave_lite_v1_0_S00_AXI_inst/oscilloscope_inst/datapath_inst/scopeFace_inst/red_reg[0]/C
                         clock pessimism              0.000   661.699    
                         clock uncertainty           -0.991   660.708    
    SLICE_X31Y30         FDRE (Setup_fdre_C_D)        0.031   660.739    acquireToHDMIwithZynq_i/acquireToDisplay_AXI_0/U0/acquireToDisplay_AXI_slave_lite_v1_0_S00_AXI_inst/oscilloscope_inst/datapath_inst/scopeFace_inst/red_reg[0]
  -------------------------------------------------------------------
                         required time                        660.739    
                         arrival time                        -672.950    
  -------------------------------------------------------------------
                         slack                                -12.211    

Slack (VIOLATED) :        -11.783ns  (required time - arrival time)
  Source:                 acquireToHDMIwithZynq_i/acquireToDisplay_AXI_0/U0/acquireToDisplay_AXI_slave_lite_v1_0_S00_AXI_inst/slv_reg8_reg[13]/C
                            (rising edge-triggered cell FDRE clocked by clk_fpga_0  {rise@0.000ns fall@10.000ns period=20.000ns})
  Destination:            acquireToHDMIwithZynq_i/acquireToDisplay_AXI_0/U0/acquireToDisplay_AXI_slave_lite_v1_0_S00_AXI_inst/oscilloscope_inst/datapath_inst/scopeFace_inst/blue_reg[0]/D
                            (rising edge-triggered cell FDRE clocked by clk_out1_clk_wiz_0  {rise@0.000ns fall@6.737ns period=13.474ns})
  Path Group:             clk_out1_clk_wiz_0
  Path Type:              Setup (Max at Slow Process Corner)
  Requirement:            0.211ns  (clk_out1_clk_wiz_0 rise@660.211ns - clk_fpga_0 rise@660.000ns)
  Data Path Delay:        9.599ns  (logic 5.479ns (57.081%)  route 4.120ns (42.919%))
  Logic Levels:           8  (CARRY4=1 DSP48E1=1 LUT3=1 LUT4=1 LUT5=1 LUT6=3)
  Clock Path Skew:        -1.485ns (DCD - SCD + CPR)
    Destination Clock Delay (DCD):    1.489ns = ( 661.700 - 660.211 ) 
    Source Clock Delay      (SCD):    2.974ns = ( 662.974 - 660.000 ) 
    Clock Pessimism Removal (CPR):    0.000ns
  Clock Uncertainty:      0.991ns  ((TSJ^2 + TIJ^2 + DJ^2)^1/2) / 2 + PE
    Total System Jitter     (TSJ):    0.071ns
    Total Input Jitter      (TIJ):    0.600ns
    Discrete Jitter          (DJ):    0.462ns
    Phase Error              (PE):    0.611ns
  Clock Domain Crossing:  Inter clock paths are considered valid unless explicitly excluded by timing constraints such as set_clock_groups or set_false_path.

    Location             Delay type                Incr(ns)  Path(ns)    Netlist Resource(s)
  -------------------------------------------------------------------    -------------------
                         (clock clk_fpga_0 rise edge)
                                                    660.000   660.000 r  
    PS7_X0Y0             PS7                          0.000   660.000 r  acquireToHDMIwithZynq_i/processing_system7_0/inst/PS7_i/FCLKCLK[0]
                         net (fo=1, routed)           1.207   661.207    acquireToHDMIwithZynq_i/processing_system7_0/inst/FCLK_CLK_unbuffered[0]
    BUFGCTRL_X0Y0        BUFG (Prop_bufg_I_O)         0.101   661.308 r  acquireToHDMIwithZynq_i/processing_system7_0/inst/buffer_fclk_clk_0.FCLK_CLK_0_BUFG/O
                         net (fo=1484, routed)        1.666   662.974    acquireToHDMIwithZynq_i/acquireToDisplay_AXI_0/U0/acquireToDisplay_AXI_slave_lite_v1_0_S00_AXI_inst/s00_axi_aclk
    SLICE_X32Y33         FDRE                                         r  acquireToHDMIwithZynq_i/acquireToDisplay_AXI_0/U0/acquireToDisplay_AXI_slave_lite_v1_0_S00_AXI_inst/slv_reg8_reg[13]/C
  -------------------------------------------------------------------    -------------------
    SLICE_X32Y33         FDRE (Prop_fdre_C_Q)         0.518   663.492 r  acquireToHDMIwithZynq_i/acquireToDisplay_AXI_0/U0/acquireToDisplay_AXI_slave_lite_v1_0_S00_AXI_inst/slv_reg8_reg[13]/Q
                         net (fo=14, routed)          0.580   664.072    acquireToHDMIwithZynq_i/acquireToDisplay_AXI_0/U0/acquireToDisplay_AXI_slave_lite_v1_0_S00_AXI_inst/oscilloscope_inst/datapath_inst/triggerVoltToPixel_inst/x_SIGNED32_7[13]
    DSP48_X1Y13          DSP48E1 (Prop_dsp48e1_A[13]_P[21])
                                                      3.841   667.913 r  acquireToHDMIwithZynq_i/acquireToDisplay_AXI_0/U0/acquireToDisplay_AXI_slave_lite_v1_0_S00_AXI_inst/oscilloscope_inst/datapath_inst/triggerVoltToPixel_inst/x_SIGNED32/P[21]
                         net (fo=26, routed)          0.865   668.777    acquireToHDMIwithZynq_i/acquireToDisplay_AXI_0/U0/acquireToDisplay_AXI_slave_lite_v1_0_S00_AXI_inst/oscilloscope_inst/datapath_inst/triggerVoltToPixel_inst/x_SIGNED32__0[21]
    SLICE_X35Y30         LUT3 (Prop_lut3_I0_O)        0.124   668.901 r  acquireToHDMIwithZynq_i/acquireToDisplay_AXI_0/U0/acquireToDisplay_AXI_slave_lite_v1_0_S00_AXI_inst/oscilloscope_inst/datapath_inst/triggerVoltToPixel_inst/i__carry__0_i_9/O
                         net (fo=11, routed)          0.211   669.112    acquireToHDMIwithZynq_i/acquireToDisplay_AXI_0/U0/acquireToDisplay_AXI_slave_lite_v1_0_S00_AXI_inst/oscilloscope_inst/datapath_inst/triggerVoltToPixel_inst/i__carry__0_i_9_n_0
    SLICE_X35Y30         LUT5 (Prop_lut5_I1_O)        0.124   669.236 r  acquireToHDMIwithZynq_i/acquireToDisplay_AXI_0/U0/acquireToDisplay_AXI_slave_lite_v1_0_S00_AXI_inst/oscilloscope_inst/datapath_inst/triggerVoltToPixel_inst/i__carry_i_6__7/O
                         net (fo=3, routed)           0.713   669.949    acquireToHDMIwithZynq_i/acquireToDisplay_AXI_0/U0/acquireToDisplay_AXI_slave_lite_v1_0_S00_AXI_inst/oscilloscope_inst/datapath_inst/triggerVoltToPixel_inst/i__carry_i_6__7_n_0
    SLICE_X30Y30         LUT4 (Prop_lut4_I2_O)        0.124   670.073 r  acquireToHDMIwithZynq_i/acquireToDisplay_AXI_0/U0/acquireToDisplay_AXI_slave_lite_v1_0_S00_AXI_inst/oscilloscope_inst/datapath_inst/triggerVoltToPixel_inst/i__carry_i_1__9/O
                         net (fo=1, routed)           0.000   670.073    acquireToHDMIwithZynq_i/acquireToDisplay_AXI_0/U0/acquireToDisplay_AXI_slave_lite_v1_0_S00_AXI_inst/oscilloscope_inst/datapath_inst/scopeFace_inst/blue[0]_i_9[3]
    SLICE_X30Y30         CARRY4 (Prop_carry4_S[3]_CO[3])
                                                      0.376   670.449 r  acquireToHDMIwithZynq_i/acquireToDisplay_AXI_0/U0/acquireToDisplay_AXI_slave_lite_v1_0_S00_AXI_inst/oscilloscope_inst/datapath_inst/scopeFace_inst/eqOp_inferred__1/i__carry/CO[3]
                         net (fo=1, routed)           0.795   671.245    acquireToHDMIwithZynq_i/acquireToDisplay_AXI_0/U0/acquireToDisplay_AXI_slave_lite_v1_0_S00_AXI_inst/oscilloscope_inst/datapath_inst/videoSigGen_inst/blue[0]_i_4_0[0]
    SLICE_X27Y30         LUT6 (Prop_lut6_I5_O)        0.124   671.369 r  acquireToHDMIwithZynq_i/acquireToDisplay_AXI_0/U0/acquireToDisplay_AXI_slave_lite_v1_0_S00_AXI_inst/oscilloscope_inst/datapath_inst/videoSigGen_inst/blue[0]_i_10_comp_2/O
                         net (fo=1, routed)           0.642   672.011    acquireToHDMIwithZynq_i/acquireToDisplay_AXI_0/U0/acquireToDisplay_AXI_slave_lite_v1_0_S00_AXI_inst/oscilloscope_inst/datapath_inst/videoSigGen_inst/blue[0]_i_10_n_0_repN
    SLICE_X29Y30         LUT6 (Prop_lut6_I5_O)        0.124   672.135 r  acquireToHDMIwithZynq_i/acquireToDisplay_AXI_0/U0/acquireToDisplay_AXI_slave_lite_v1_0_S00_AXI_inst/oscilloscope_inst/datapath_inst/videoSigGen_inst/blue[0]_i_4_comp/O
                         net (fo=2, routed)           0.314   672.449    acquireToHDMIwithZynq_i/acquireToDisplay_AXI_0/U0/acquireToDisplay_AXI_slave_lite_v1_0_S00_AXI_inst/oscilloscope_inst/datapath_inst/videoSigGen_inst/blue[0]_i_4_n_0
    SLICE_X28Y31         LUT6 (Prop_lut6_I5_O)        0.124   672.573 r  acquireToHDMIwithZynq_i/acquireToDisplay_AXI_0/U0/acquireToDisplay_AXI_slave_lite_v1_0_S00_AXI_inst/oscilloscope_inst/datapath_inst/videoSigGen_inst/blue[0]_i_1/O
                         net (fo=5, routed)           0.000   672.573    acquireToHDMIwithZynq_i/acquireToDisplay_AXI_0/U0/acquireToDisplay_AXI_slave_lite_v1_0_S00_AXI_inst/oscilloscope_inst/datapath_inst/scopeFace_inst/blue_reg[3]_1[0]
    SLICE_X28Y31         FDRE                                         r  acquireToHDMIwithZynq_i/acquireToDisplay_AXI_0/U0/acquireToDisplay_AXI_slave_lite_v1_0_S00_AXI_inst/oscilloscope_inst/datapath_inst/scopeFace_inst/blue_reg[0]/D
  -------------------------------------------------------------------    -------------------

                         (clock clk_out1_clk_wiz_0 rise edge)
                                                    660.211   660.211 r  
    BUFGCTRL_X0Y0        BUFG                         0.000   660.211 r  acquireToHDMIwithZynq_i/processing_system7_0/inst/buffer_fclk_clk_0.FCLK_CLK_0_BUFG/O
                         net (fo=1484, routed)        1.487   661.698    acquireToHDMIwithZynq_i/acquireToDisplay_AXI_0/U0/acquireToDisplay_AXI_slave_lite_v1_0_S00_AXI_inst/oscilloscope_inst/datapath_inst/vc/inst/clk_in1
    MMCME2_ADV_X0Y0      MMCME2_ADV (Prop_mmcme2_adv_CLKIN1_CLKOUT0)
                                                     -3.177   658.521 r  acquireToHDMIwithZynq_i/acquireToDisplay_AXI_0/U0/acquireToDisplay_AXI_slave_lite_v1_0_S00_AXI_inst/oscilloscope_inst/datapath_inst/vc/inst/mmcm_adv_inst/CLKOUT0
                         net (fo=1, routed)           1.599   660.120    acquireToHDMIwithZynq_i/acquireToDisplay_AXI_0/U0/acquireToDisplay_AXI_slave_lite_v1_0_S00_AXI_inst/oscilloscope_inst/datapath_inst/vc/inst/clk_out1_clk_wiz_0
    BUFGCTRL_X0Y1        BUFG (Prop_bufg_I_O)         0.091   660.211 r  acquireToHDMIwithZynq_i/acquireToDisplay_AXI_0/U0/acquireToDisplay_AXI_slave_lite_v1_0_S00_AXI_inst/oscilloscope_inst/datapath_inst/vc/inst/clkout1_buf/O
                         net (fo=224, routed)         1.489   661.700    acquireToHDMIwithZynq_i/acquireToDisplay_AXI_0/U0/acquireToDisplay_AXI_slave_lite_v1_0_S00_AXI_inst/oscilloscope_inst/datapath_inst/scopeFace_inst/CLK
    SLICE_X28Y31         FDRE                                         r  acquireToHDMIwithZynq_i/acquireToDisplay_AXI_0/U0/acquireToDisplay_AXI_slave_lite_v1_0_S00_AXI_inst/oscilloscope_inst/datapath_inst/scopeFace_inst/blue_reg[0]/C
                         clock pessimism              0.000   661.700    
                         clock uncertainty           -0.991   660.709    
    SLICE_X28Y31         FDRE (Setup_fdre_C_D)        0.081   660.790    acquireToHDMIwithZynq_i/acquireToDisplay_AXI_0/U0/acquireToDisplay_AXI_slave_lite_v1_0_S00_AXI_inst/oscilloscope_inst/datapath_inst/scopeFace_inst/blue_reg[0]
  -------------------------------------------------------------------
                         required time                        660.790    
                         arrival time                        -672.573    
  -------------------------------------------------------------------
                         slack                                -11.783    

Slack (VIOLATED) :        -7.050ns  (required time - arrival time)
  Source:                 acquireToHDMIwithZynq_i/rst_ps7_0_50M/U0/ACTIVE_LOW_PR_OUT_DFF[0].FDRE_PER_N/C
                            (rising edge-triggered cell FDRE clocked by clk_fpga_0  {rise@0.000ns fall@10.000ns period=20.000ns})
  Destination:            acquireToHDMIwithZynq_i/acquireToDisplay_AXI_0/U0/acquireToDisplay_AXI_slave_lite_v1_0_S00_AXI_inst/oscilloscope_inst/datapath_inst/hdmi0_inst/inst/serial_r/oserdes_m/RST
                            (rising edge-triggered cell OSERDESE2 clocked by clk_out1_clk_wiz_0  {rise@0.000ns fall@6.737ns period=13.474ns})
  Path Group:             clk_out1_clk_wiz_0
  Path Type:              Setup (Max at Slow Process Corner)
  Requirement:            0.211ns  (clk_out1_clk_wiz_0 rise@660.211ns - clk_fpga_0 rise@660.000ns)
  Data Path Delay:        4.003ns  (logic 0.580ns (14.488%)  route 3.423ns (85.512%))
  Logic Levels:           1  (LUT2=1)
  Clock Path Skew:        -1.417ns (DCD - SCD + CPR)
    Destination Clock Delay (DCD):    1.545ns = ( 661.755 - 660.211 ) 
    Source Clock Delay      (SCD):    2.962ns = ( 662.962 - 660.000 ) 
    Clock Pessimism Removal (CPR):    0.000ns
  Clock Uncertainty:      0.991ns  ((TSJ^2 + TIJ^2 + DJ^2)^1/2) / 2 + PE
    Total System Jitter     (TSJ):    0.071ns
    Total Input Jitter      (TIJ):    0.600ns
    Discrete Jitter          (DJ):    0.462ns
    Phase Error              (PE):    0.611ns
  Clock Domain Crossing:  Inter clock paths are considered valid unless explicitly excluded by timing constraints such as set_clock_groups or set_false_path.

    Location             Delay type                Incr(ns)  Path(ns)    Netlist Resource(s)
  -------------------------------------------------------------------    -------------------
                         (clock clk_fpga_0 rise edge)
                                                    660.000   660.000 r  
    PS7_X0Y0             PS7                          0.000   660.000 r  acquireToHDMIwithZynq_i/processing_system7_0/inst/PS7_i/FCLKCLK[0]
                         net (fo=1, routed)           1.207   661.207    acquireToHDMIwithZynq_i/processing_system7_0/inst/FCLK_CLK_unbuffered[0]
    BUFGCTRL_X0Y0        BUFG (Prop_bufg_I_O)         0.101   661.308 r  acquireToHDMIwithZynq_i/processing_system7_0/inst/buffer_fclk_clk_0.FCLK_CLK_0_BUFG/O
                         net (fo=1484, routed)        1.654   662.962    acquireToHDMIwithZynq_i/rst_ps7_0_50M/U0/slowest_sync_clk
    SLICE_X35Y25         FDRE                                         r  acquireToHDMIwithZynq_i/rst_ps7_0_50M/U0/ACTIVE_LOW_PR_OUT_DFF[0].FDRE_PER_N/C
  -------------------------------------------------------------------    -------------------
    SLICE_X35Y25         FDRE (Prop_fdre_C_Q)         0.456   663.418 f  acquireToHDMIwithZynq_i/rst_ps7_0_50M/U0/ACTIVE_LOW_PR_OUT_DFF[0].FDRE_PER_N/Q
                         net (fo=21, routed)          1.131   664.549    acquireToHDMIwithZynq_i/acquireToDisplay_AXI_0/U0/acquireToDisplay_AXI_slave_lite_v1_0_S00_AXI_inst/oscilloscope_inst/datapath_inst/hdmi0_inst/inst/encr/lopt
    SLICE_X35Y23         LUT2 (Prop_lut2_I0_O)        0.124   664.673 r  acquireToHDMIwithZynq_i/acquireToDisplay_AXI_0/U0/acquireToDisplay_AXI_slave_lite_v1_0_S00_AXI_inst/oscilloscope_inst/datapath_inst/hdmi0_inst/inst/encr/oserdes_m_i_1/O
                         net (fo=50, routed)          2.292   666.965    acquireToHDMIwithZynq_i/acquireToDisplay_AXI_0/U0/acquireToDisplay_AXI_slave_lite_v1_0_S00_AXI_inst/oscilloscope_inst/datapath_inst/hdmi0_inst/inst/serial_r/AR[0]
    OLOGIC_X0Y22         OSERDESE2                                    r  acquireToHDMIwithZynq_i/acquireToDisplay_AXI_0/U0/acquireToDisplay_AXI_slave_lite_v1_0_S00_AXI_inst/oscilloscope_inst/datapath_inst/hdmi0_inst/inst/serial_r/oserdes_m/RST
  -------------------------------------------------------------------    -------------------

                         (clock clk_out1_clk_wiz_0 rise edge)
                                                    660.211   660.211 r  
    BUFGCTRL_X0Y0        BUFG                         0.000   660.211 r  acquireToHDMIwithZynq_i/processing_system7_0/inst/buffer_fclk_clk_0.FCLK_CLK_0_BUFG/O
                         net (fo=1484, routed)        1.487   661.698    acquireToHDMIwithZynq_i/acquireToDisplay_AXI_0/U0/acquireToDisplay_AXI_slave_lite_v1_0_S00_AXI_inst/oscilloscope_inst/datapath_inst/vc/inst/clk_in1
    MMCME2_ADV_X0Y0      MMCME2_ADV (Prop_mmcme2_adv_CLKIN1_CLKOUT0)
                                                     -3.177   658.521 r  acquireToHDMIwithZynq_i/acquireToDisplay_AXI_0/U0/acquireToDisplay_AXI_slave_lite_v1_0_S00_AXI_inst/oscilloscope_inst/datapath_inst/vc/inst/mmcm_adv_inst/CLKOUT0
                         net (fo=1, routed)           1.599   660.120    acquireToHDMIwithZynq_i/acquireToDisplay_AXI_0/U0/acquireToDisplay_AXI_slave_lite_v1_0_S00_AXI_inst/oscilloscope_inst/datapath_inst/vc/inst/clk_out1_clk_wiz_0
    BUFGCTRL_X0Y1        BUFG (Prop_bufg_I_O)         0.091   660.211 r  acquireToHDMIwithZynq_i/acquireToDisplay_AXI_0/U0/acquireToDisplay_AXI_slave_lite_v1_0_S00_AXI_inst/oscilloscope_inst/datapath_inst/vc/inst/clkout1_buf/O
                         net (fo=224, routed)         1.545   661.755    acquireToHDMIwithZynq_i/acquireToDisplay_AXI_0/U0/acquireToDisplay_AXI_slave_lite_v1_0_S00_AXI_inst/oscilloscope_inst/datapath_inst/hdmi0_inst/inst/serial_r/pix_clk
    OLOGIC_X0Y22         OSERDESE2                                    r  acquireToHDMIwithZynq_i/acquireToDisplay_AXI_0/U0/acquireToDisplay_AXI_slave_lite_v1_0_S00_AXI_inst/oscilloscope_inst/datapath_inst/hdmi0_inst/inst/serial_r/oserdes_m/CLKDIV
                         clock pessimism              0.000   661.755    
                         clock uncertainty           -0.991   660.764    
    OLOGIC_X0Y22         OSERDESE2 (Setup_oserdese2_CLKDIV_RST)
                                                     -0.849   659.915    acquireToHDMIwithZynq_i/acquireToDisplay_AXI_0/U0/acquireToDisplay_AXI_slave_lite_v1_0_S00_AXI_inst/oscilloscope_inst/datapath_inst/hdmi0_inst/inst/serial_r/oserdes_m
  -------------------------------------------------------------------
                         required time                        659.915    
                         arrival time                        -666.965    
  -------------------------------------------------------------------
                         slack                                 -7.050    

Slack (VIOLATED) :        -7.041ns  (required time - arrival time)
  Source:                 acquireToHDMIwithZynq_i/rst_ps7_0_50M/U0/ACTIVE_LOW_PR_OUT_DFF[0].FDRE_PER_N/C
                            (rising edge-triggered cell FDRE clocked by clk_fpga_0  {rise@0.000ns fall@10.000ns period=20.000ns})
  Destination:            acquireToHDMIwithZynq_i/acquireToDisplay_AXI_0/U0/acquireToDisplay_AXI_slave_lite_v1_0_S00_AXI_inst/oscilloscope_inst/datapath_inst/hdmi0_inst/inst/serial_g/oserdes_m/RST
                            (rising edge-triggered cell OSERDESE2 clocked by clk_out1_clk_wiz_0  {rise@0.000ns fall@6.737ns period=13.474ns})
  Path Group:             clk_out1_clk_wiz_0
  Path Type:              Setup (Max at Slow Process Corner)
  Requirement:            0.211ns  (clk_out1_clk_wiz_0 rise@660.211ns - clk_fpga_0 rise@660.000ns)
  Data Path Delay:        3.995ns  (logic 0.580ns (14.517%)  route 3.415ns (85.483%))
  Logic Levels:           1  (LUT2=1)
  Clock Path Skew:        -1.416ns (DCD - SCD + CPR)
    Destination Clock Delay (DCD):    1.546ns = ( 661.756 - 660.211 ) 
    Source Clock Delay      (SCD):    2.962ns = ( 662.962 - 660.000 ) 
    Clock Pessimism Removal (CPR):    0.000ns
  Clock Uncertainty:      0.991ns  ((TSJ^2 + TIJ^2 + DJ^2)^1/2) / 2 + PE
    Total System Jitter     (TSJ):    0.071ns
    Total Input Jitter      (TIJ):    0.600ns
    Discrete Jitter          (DJ):    0.462ns
    Phase Error              (PE):    0.611ns
  Clock Domain Crossing:  Inter clock paths are considered valid unless explicitly excluded by timing constraints such as set_clock_groups or set_false_path.

    Location             Delay type                Incr(ns)  Path(ns)    Netlist Resource(s)
  -------------------------------------------------------------------    -------------------
                         (clock clk_fpga_0 rise edge)
                                                    660.000   660.000 r  
    PS7_X0Y0             PS7                          0.000   660.000 r  acquireToHDMIwithZynq_i/processing_system7_0/inst/PS7_i/FCLKCLK[0]
                         net (fo=1, routed)           1.207   661.207    acquireToHDMIwithZynq_i/processing_system7_0/inst/FCLK_CLK_unbuffered[0]
    BUFGCTRL_X0Y0        BUFG (Prop_bufg_I_O)         0.101   661.308 r  acquireToHDMIwithZynq_i/processing_system7_0/inst/buffer_fclk_clk_0.FCLK_CLK_0_BUFG/O
                         net (fo=1484, routed)        1.654   662.962    acquireToHDMIwithZynq_i/rst_ps7_0_50M/U0/slowest_sync_clk
    SLICE_X35Y25         FDRE                                         r  acquireToHDMIwithZynq_i/rst_ps7_0_50M/U0/ACTIVE_LOW_PR_OUT_DFF[0].FDRE_PER_N/C
  -------------------------------------------------------------------    -------------------
    SLICE_X35Y25         FDRE (Prop_fdre_C_Q)         0.456   663.418 f  acquireToHDMIwithZynq_i/rst_ps7_0_50M/U0/ACTIVE_LOW_PR_OUT_DFF[0].FDRE_PER_N/Q
                         net (fo=21, routed)          1.131   664.549    acquireToHDMIwithZynq_i/acquireToDisplay_AXI_0/U0/acquireToDisplay_AXI_slave_lite_v1_0_S00_AXI_inst/oscilloscope_inst/datapath_inst/hdmi0_inst/inst/encr/lopt
    SLICE_X35Y23         LUT2 (Prop_lut2_I0_O)        0.124   664.673 r  acquireToHDMIwithZynq_i/acquireToDisplay_AXI_0/U0/acquireToDisplay_AXI_slave_lite_v1_0_S00_AXI_inst/oscilloscope_inst/datapath_inst/hdmi0_inst/inst/encr/oserdes_m_i_1/O
                         net (fo=50, routed)          2.284   666.957    acquireToHDMIwithZynq_i/acquireToDisplay_AXI_0/U0/acquireToDisplay_AXI_slave_lite_v1_0_S00_AXI_inst/oscilloscope_inst/datapath_inst/hdmi0_inst/inst/serial_g/AR[0]
    OLOGIC_X0Y20         OSERDESE2                                    r  acquireToHDMIwithZynq_i/acquireToDisplay_AXI_0/U0/acquireToDisplay_AXI_slave_lite_v1_0_S00_AXI_inst/oscilloscope_inst/datapath_inst/hdmi0_inst/inst/serial_g/oserdes_m/RST
  -------------------------------------------------------------------    -------------------

                         (clock clk_out1_clk_wiz_0 rise edge)
                                                    660.211   660.211 r  
    BUFGCTRL_X0Y0        BUFG                         0.000   660.211 r  acquireToHDMIwithZynq_i/processing_system7_0/inst/buffer_fclk_clk_0.FCLK_CLK_0_BUFG/O
                         net (fo=1484, routed)        1.487   661.698    acquireToHDMIwithZynq_i/acquireToDisplay_AXI_0/U0/acquireToDisplay_AXI_slave_lite_v1_0_S00_AXI_inst/oscilloscope_inst/datapath_inst/vc/inst/clk_in1
    MMCME2_ADV_X0Y0      MMCME2_ADV (Prop_mmcme2_adv_CLKIN1_CLKOUT0)
                                                     -3.177   658.521 r  acquireToHDMIwithZynq_i/acquireToDisplay_AXI_0/U0/acquireToDisplay_AXI_slave_lite_v1_0_S00_AXI_inst/oscilloscope_inst/datapath_inst/vc/inst/mmcm_adv_inst/CLKOUT0
                         net (fo=1, routed)           1.599   660.120    acquireToHDMIwithZynq_i/acquireToDisplay_AXI_0/U0/acquireToDisplay_AXI_slave_lite_v1_0_S00_AXI_inst/oscilloscope_inst/datapath_inst/vc/inst/clk_out1_clk_wiz_0
    BUFGCTRL_X0Y1        BUFG (Prop_bufg_I_O)         0.091   660.211 r  acquireToHDMIwithZynq_i/acquireToDisplay_AXI_0/U0/acquireToDisplay_AXI_slave_lite_v1_0_S00_AXI_inst/oscilloscope_inst/datapath_inst/vc/inst/clkout1_buf/O
                         net (fo=224, routed)         1.546   661.756    acquireToHDMIwithZynq_i/acquireToDisplay_AXI_0/U0/acquireToDisplay_AXI_slave_lite_v1_0_S00_AXI_inst/oscilloscope_inst/datapath_inst/hdmi0_inst/inst/serial_g/pix_clk
    OLOGIC_X0Y20         OSERDESE2                                    r  acquireToHDMIwithZynq_i/acquireToDisplay_AXI_0/U0/acquireToDisplay_AXI_slave_lite_v1_0_S00_AXI_inst/oscilloscope_inst/datapath_inst/hdmi0_inst/inst/serial_g/oserdes_m/CLKDIV
                         clock pessimism              0.000   661.756    
                         clock uncertainty           -0.991   660.765    
    OLOGIC_X0Y20         OSERDESE2 (Setup_oserdese2_CLKDIV_RST)
                                                     -0.849   659.916    acquireToHDMIwithZynq_i/acquireToDisplay_AXI_0/U0/acquireToDisplay_AXI_slave_lite_v1_0_S00_AXI_inst/oscilloscope_inst/datapath_inst/hdmi0_inst/inst/serial_g/oserdes_m
  -------------------------------------------------------------------
                         required time                        659.916    
                         arrival time                        -666.957    
  -------------------------------------------------------------------
                         slack                                 -7.041    

Slack (VIOLATED) :        -7.007ns  (required time - arrival time)
  Source:                 acquireToHDMIwithZynq_i/rst_ps7_0_50M/U0/ACTIVE_LOW_PR_OUT_DFF[0].FDRE_PER_N/C
                            (rising edge-triggered cell FDRE clocked by clk_fpga_0  {rise@0.000ns fall@10.000ns period=20.000ns})
  Destination:            acquireToHDMIwithZynq_i/acquireToDisplay_AXI_0/U0/acquireToDisplay_AXI_slave_lite_v1_0_S00_AXI_inst/oscilloscope_inst/datapath_inst/hdmi0_inst/inst/serial_r/oserdes_s/RST
                            (rising edge-triggered cell OSERDESE2 clocked by clk_out1_clk_wiz_0  {rise@0.000ns fall@6.737ns period=13.474ns})
  Path Group:             clk_out1_clk_wiz_0
  Path Type:              Setup (Max at Slow Process Corner)
  Requirement:            0.211ns  (clk_out1_clk_wiz_0 rise@660.211ns - clk_fpga_0 rise@660.000ns)
  Data Path Delay:        3.960ns  (logic 0.580ns (14.647%)  route 3.380ns (85.353%))
  Logic Levels:           1  (LUT2=1)
  Clock Path Skew:        -1.417ns (DCD - SCD + CPR)
    Destination Clock Delay (DCD):    1.545ns = ( 661.755 - 660.211 ) 
    Source Clock Delay      (SCD):    2.962ns = ( 662.962 - 660.000 ) 
    Clock Pessimism Removal (CPR):    0.000ns
  Clock Uncertainty:      0.991ns  ((TSJ^2 + TIJ^2 + DJ^2)^1/2) / 2 + PE
    Total System Jitter     (TSJ):    0.071ns
    Total Input Jitter      (TIJ):    0.600ns
    Discrete Jitter          (DJ):    0.462ns
    Phase Error              (PE):    0.611ns
  Clock Domain Crossing:  Inter clock paths are considered valid unless explicitly excluded by timing constraints such as set_clock_groups or set_false_path.

    Location             Delay type                Incr(ns)  Path(ns)    Netlist Resource(s)
  -------------------------------------------------------------------    -------------------
                         (clock clk_fpga_0 rise edge)
                                                    660.000   660.000 r  
    PS7_X0Y0             PS7                          0.000   660.000 r  acquireToHDMIwithZynq_i/processing_system7_0/inst/PS7_i/FCLKCLK[0]
                         net (fo=1, routed)           1.207   661.207    acquireToHDMIwithZynq_i/processing_system7_0/inst/FCLK_CLK_unbuffered[0]
    BUFGCTRL_X0Y0        BUFG (Prop_bufg_I_O)         0.101   661.308 r  acquireToHDMIwithZynq_i/processing_system7_0/inst/buffer_fclk_clk_0.FCLK_CLK_0_BUFG/O
                         net (fo=1484, routed)        1.654   662.962    acquireToHDMIwithZynq_i/rst_ps7_0_50M/U0/slowest_sync_clk
    SLICE_X35Y25         FDRE                                         r  acquireToHDMIwithZynq_i/rst_ps7_0_50M/U0/ACTIVE_LOW_PR_OUT_DFF[0].FDRE_PER_N/C
  -------------------------------------------------------------------    -------------------
    SLICE_X35Y25         FDRE (Prop_fdre_C_Q)         0.456   663.418 f  acquireToHDMIwithZynq_i/rst_ps7_0_50M/U0/ACTIVE_LOW_PR_OUT_DFF[0].FDRE_PER_N/Q
                         net (fo=21, routed)          1.131   664.549    acquireToHDMIwithZynq_i/acquireToDisplay_AXI_0/U0/acquireToDisplay_AXI_slave_lite_v1_0_S00_AXI_inst/oscilloscope_inst/datapath_inst/hdmi0_inst/inst/encr/lopt
    SLICE_X35Y23         LUT2 (Prop_lut2_I0_O)        0.124   664.673 r  acquireToHDMIwithZynq_i/acquireToDisplay_AXI_0/U0/acquireToDisplay_AXI_slave_lite_v1_0_S00_AXI_inst/oscilloscope_inst/datapath_inst/hdmi0_inst/inst/encr/oserdes_m_i_1/O
                         net (fo=50, routed)          2.249   666.922    acquireToHDMIwithZynq_i/acquireToDisplay_AXI_0/U0/acquireToDisplay_AXI_slave_lite_v1_0_S00_AXI_inst/oscilloscope_inst/datapath_inst/hdmi0_inst/inst/serial_r/AR[0]
    OLOGIC_X0Y21         OSERDESE2                                    r  acquireToHDMIwithZynq_i/acquireToDisplay_AXI_0/U0/acquireToDisplay_AXI_slave_lite_v1_0_S00_AXI_inst/oscilloscope_inst/datapath_inst/hdmi0_inst/inst/serial_r/oserdes_s/RST
  -------------------------------------------------------------------    -------------------

                         (clock clk_out1_clk_wiz_0 rise edge)
                                                    660.211   660.211 r  
    BUFGCTRL_X0Y0        BUFG                         0.000   660.211 r  acquireToHDMIwithZynq_i/processing_system7_0/inst/buffer_fclk_clk_0.FCLK_CLK_0_BUFG/O
                         net (fo=1484, routed)        1.487   661.698    acquireToHDMIwithZynq_i/acquireToDisplay_AXI_0/U0/acquireToDisplay_AXI_slave_lite_v1_0_S00_AXI_inst/oscilloscope_inst/datapath_inst/vc/inst/clk_in1
    MMCME2_ADV_X0Y0      MMCME2_ADV (Prop_mmcme2_adv_CLKIN1_CLKOUT0)
                                                     -3.177   658.521 r  acquireToHDMIwithZynq_i/acquireToDisplay_AXI_0/U0/acquireToDisplay_AXI_slave_lite_v1_0_S00_AXI_inst/oscilloscope_inst/datapath_inst/vc/inst/mmcm_adv_inst/CLKOUT0
                         net (fo=1, routed)           1.599   660.120    acquireToHDMIwithZynq_i/acquireToDisplay_AXI_0/U0/acquireToDisplay_AXI_slave_lite_v1_0_S00_AXI_inst/oscilloscope_inst/datapath_inst/vc/inst/clk_out1_clk_wiz_0
    BUFGCTRL_X0Y1        BUFG (Prop_bufg_I_O)         0.091   660.211 r  acquireToHDMIwithZynq_i/acquireToDisplay_AXI_0/U0/acquireToDisplay_AXI_slave_lite_v1_0_S00_AXI_inst/oscilloscope_inst/datapath_inst/vc/inst/clkout1_buf/O
                         net (fo=224, routed)         1.545   661.755    acquireToHDMIwithZynq_i/acquireToDisplay_AXI_0/U0/acquireToDisplay_AXI_slave_lite_v1_0_S00_AXI_inst/oscilloscope_inst/datapath_inst/hdmi0_inst/inst/serial_r/pix_clk
    OLOGIC_X0Y21         OSERDESE2                                    r  acquireToHDMIwithZynq_i/acquireToDisplay_AXI_0/U0/acquireToDisplay_AXI_slave_lite_v1_0_S00_AXI_inst/oscilloscope_inst/datapath_inst/hdmi0_inst/inst/serial_r/oserdes_s/CLKDIV
                         clock pessimism              0.000   661.755    
                         clock uncertainty           -0.991   660.764    
    OLOGIC_X0Y21         OSERDESE2 (Setup_oserdese2_CLKDIV_RST)
                                                     -0.849   659.915    acquireToHDMIwithZynq_i/acquireToDisplay_AXI_0/U0/acquireToDisplay_AXI_slave_lite_v1_0_S00_AXI_inst/oscilloscope_inst/datapath_inst/hdmi0_inst/inst/serial_r/oserdes_s
  -------------------------------------------------------------------
                         required time                        659.915    
                         arrival time                        -666.922    
  -------------------------------------------------------------------
                         slack                                 -7.007    





Min Delay Paths
--------------------------------------------------------------------------------------
Slack (MET) :             0.110ns  (arrival time - required time)
  Source:                 acquireToHDMIwithZynq_i/rst_ps7_0_50M/U0/ACTIVE_LOW_PR_OUT_DFF[0].FDRE_PER_N/C
                            (rising edge-triggered cell FDRE clocked by clk_fpga_0  {rise@0.000ns fall@10.000ns period=20.000ns})
  Destination:            acquireToHDMIwithZynq_i/acquireToDisplay_AXI_0/U0/acquireToDisplay_AXI_slave_lite_v1_0_S00_AXI_inst/oscilloscope_inst/datapath_inst/scopeFace_inst/green_reg[0]/D
                            (rising edge-triggered cell FDRE clocked by clk_out1_clk_wiz_0  {rise@0.000ns fall@6.737ns period=13.474ns})
  Path Group:             clk_out1_clk_wiz_0
  Path Type:              Hold (Min at Fast Process Corner)
  Requirement:            0.000ns  (clk_out1_clk_wiz_0 rise@0.000ns - clk_fpga_0 rise@0.000ns)
  Data Path Delay:        1.126ns  (logic 0.186ns (16.521%)  route 0.940ns (83.479%))
  Logic Levels:           1  (LUT5=1)
  Clock Path Skew:        -0.068ns (DCD - SCD - CPR)
    Destination Clock Delay (DCD):    0.823ns
    Source Clock Delay      (SCD):    0.891ns
    Clock Pessimism Removal (CPR):    -0.000ns
  Clock Uncertainty:      0.991ns  ((TSJ^2 + TIJ^2 + DJ^2)^1/2) / 2 + PE
    Total System Jitter     (TSJ):    0.071ns
    Total Input Jitter      (TIJ):    0.600ns
    Discrete Jitter          (DJ):    0.462ns
    Phase Error              (PE):    0.611ns
  Clock Domain Crossing:  Inter clock paths are considered valid unless explicitly excluded by timing constraints such as set_clock_groups or set_false_path.

    Location             Delay type                Incr(ns)  Path(ns)    Netlist Resource(s)
  -------------------------------------------------------------------    -------------------
                         (clock clk_fpga_0 rise edge)
                                                      0.000     0.000 r  
    PS7_X0Y0             PS7                          0.000     0.000 r  acquireToHDMIwithZynq_i/processing_system7_0/inst/PS7_i/FCLKCLK[0]
                         net (fo=1, routed)           0.315     0.315    acquireToHDMIwithZynq_i/processing_system7_0/inst/FCLK_CLK_unbuffered[0]
    BUFGCTRL_X0Y0        BUFG (Prop_bufg_I_O)         0.026     0.341 r  acquireToHDMIwithZynq_i/processing_system7_0/inst/buffer_fclk_clk_0.FCLK_CLK_0_BUFG/O
                         net (fo=1484, routed)        0.550     0.891    acquireToHDMIwithZynq_i/rst_ps7_0_50M/U0/slowest_sync_clk
    SLICE_X35Y25         FDRE                                         r  acquireToHDMIwithZynq_i/rst_ps7_0_50M/U0/ACTIVE_LOW_PR_OUT_DFF[0].FDRE_PER_N/C
  -------------------------------------------------------------------    -------------------
    SLICE_X35Y25         FDRE (Prop_fdre_C_Q)         0.141     1.031 r  acquireToHDMIwithZynq_i/rst_ps7_0_50M/U0/ACTIVE_LOW_PR_OUT_DFF[0].FDRE_PER_N/Q
                         net (fo=21, routed)          0.940     1.971    acquireToHDMIwithZynq_i/acquireToDisplay_AXI_0/U0/acquireToDisplay_AXI_slave_lite_v1_0_S00_AXI_inst/oscilloscope_inst/datapath_inst/videoSigGen_inst/s00_axi_aresetn
    SLICE_X29Y32         LUT5 (Prop_lut5_I2_O)        0.045     2.016 r  acquireToHDMIwithZynq_i/acquireToDisplay_AXI_0/U0/acquireToDisplay_AXI_slave_lite_v1_0_S00_AXI_inst/oscilloscope_inst/datapath_inst/videoSigGen_inst/green[0]_i_1/O
                         net (fo=1, routed)           0.000     2.016    acquireToHDMIwithZynq_i/acquireToDisplay_AXI_0/U0/acquireToDisplay_AXI_slave_lite_v1_0_S00_AXI_inst/oscilloscope_inst/datapath_inst/scopeFace_inst/green_reg[7]_1[0]
    SLICE_X29Y32         FDRE                                         r  acquireToHDMIwithZynq_i/acquireToDisplay_AXI_0/U0/acquireToDisplay_AXI_slave_lite_v1_0_S00_AXI_inst/oscilloscope_inst/datapath_inst/scopeFace_inst/green_reg[0]/D
  -------------------------------------------------------------------    -------------------

                         (clock clk_out1_clk_wiz_0 rise edge)
                                                      0.000     0.000 r  
    BUFGCTRL_X0Y0        BUFG                         0.000     0.000 r  acquireToHDMIwithZynq_i/processing_system7_0/inst/buffer_fclk_clk_0.FCLK_CLK_0_BUFG/O
                         net (fo=1484, routed)        0.812     0.812    acquireToHDMIwithZynq_i/acquireToDisplay_AXI_0/U0/acquireToDisplay_AXI_slave_lite_v1_0_S00_AXI_inst/oscilloscope_inst/datapath_inst/vc/inst/clk_in1
    MMCME2_ADV_X0Y0      MMCME2_ADV (Prop_mmcme2_adv_CLKIN1_CLKOUT0)
                                                     -1.369    -0.557 r  acquireToHDMIwithZynq_i/acquireToDisplay_AXI_0/U0/acquireToDisplay_AXI_slave_lite_v1_0_S00_AXI_inst/oscilloscope_inst/datapath_inst/vc/inst/mmcm_adv_inst/CLKOUT0
                         net (fo=1, routed)           0.528    -0.029    acquireToHDMIwithZynq_i/acquireToDisplay_AXI_0/U0/acquireToDisplay_AXI_slave_lite_v1_0_S00_AXI_inst/oscilloscope_inst/datapath_inst/vc/inst/clk_out1_clk_wiz_0
    BUFGCTRL_X0Y1        BUFG (Prop_bufg_I_O)         0.029    -0.000 r  acquireToHDMIwithZynq_i/acquireToDisplay_AXI_0/U0/acquireToDisplay_AXI_slave_lite_v1_0_S00_AXI_inst/oscilloscope_inst/datapath_inst/vc/inst/clkout1_buf/O
                         net (fo=224, routed)         0.823     0.823    acquireToHDMIwithZynq_i/acquireToDisplay_AXI_0/U0/acquireToDisplay_AXI_slave_lite_v1_0_S00_AXI_inst/oscilloscope_inst/datapath_inst/scopeFace_inst/CLK
    SLICE_X29Y32         FDRE                                         r  acquireToHDMIwithZynq_i/acquireToDisplay_AXI_0/U0/acquireToDisplay_AXI_slave_lite_v1_0_S00_AXI_inst/oscilloscope_inst/datapath_inst/scopeFace_inst/green_reg[0]/C
                         clock pessimism              0.000     0.823    
                         clock uncertainty            0.991     1.814    
    SLICE_X29Y32         FDRE (Hold_fdre_C_D)         0.092     1.906    acquireToHDMIwithZynq_i/acquireToDisplay_AXI_0/U0/acquireToDisplay_AXI_slave_lite_v1_0_S00_AXI_inst/oscilloscope_inst/datapath_inst/scopeFace_inst/green_reg[0]
  -------------------------------------------------------------------
                         required time                         -1.906    
                         arrival time                           2.016    
  -------------------------------------------------------------------
                         slack                                  0.110    

Slack (MET) :             0.223ns  (arrival time - required time)
  Source:                 acquireToHDMIwithZynq_i/rst_ps7_0_50M/U0/ACTIVE_LOW_PR_OUT_DFF[0].FDRE_PER_N/C
                            (rising edge-triggered cell FDRE clocked by clk_fpga_0  {rise@0.000ns fall@10.000ns period=20.000ns})
  Destination:            acquireToHDMIwithZynq_i/acquireToDisplay_AXI_0/U0/acquireToDisplay_AXI_slave_lite_v1_0_S00_AXI_inst/oscilloscope_inst/datapath_inst/scopeFace_inst/green_reg[7]/D
                            (rising edge-triggered cell FDRE clocked by clk_out1_clk_wiz_0  {rise@0.000ns fall@6.737ns period=13.474ns})
  Path Group:             clk_out1_clk_wiz_0
  Path Type:              Hold (Min at Fast Process Corner)
  Requirement:            0.000ns  (clk_out1_clk_wiz_0 rise@0.000ns - clk_fpga_0 rise@0.000ns)
  Data Path Delay:        1.238ns  (logic 0.186ns (15.024%)  route 1.052ns (84.976%))
  Logic Levels:           1  (LUT6=1)
  Clock Path Skew:        -0.069ns (DCD - SCD - CPR)
    Destination Clock Delay (DCD):    0.822ns
    Source Clock Delay      (SCD):    0.891ns
    Clock Pessimism Removal (CPR):    -0.000ns
  Clock Uncertainty:      0.991ns  ((TSJ^2 + TIJ^2 + DJ^2)^1/2) / 2 + PE
    Total System Jitter     (TSJ):    0.071ns
    Total Input Jitter      (TIJ):    0.600ns
    Discrete Jitter          (DJ):    0.462ns
    Phase Error              (PE):    0.611ns
  Clock Domain Crossing:  Inter clock paths are considered valid unless explicitly excluded by timing constraints such as set_clock_groups or set_false_path.

    Location             Delay type                Incr(ns)  Path(ns)    Netlist Resource(s)
  -------------------------------------------------------------------    -------------------
                         (clock clk_fpga_0 rise edge)
                                                      0.000     0.000 r  
    PS7_X0Y0             PS7                          0.000     0.000 r  acquireToHDMIwithZynq_i/processing_system7_0/inst/PS7_i/FCLKCLK[0]
                         net (fo=1, routed)           0.315     0.315    acquireToHDMIwithZynq_i/processing_system7_0/inst/FCLK_CLK_unbuffered[0]
    BUFGCTRL_X0Y0        BUFG (Prop_bufg_I_O)         0.026     0.341 r  acquireToHDMIwithZynq_i/processing_system7_0/inst/buffer_fclk_clk_0.FCLK_CLK_0_BUFG/O
                         net (fo=1484, routed)        0.550     0.891    acquireToHDMIwithZynq_i/rst_ps7_0_50M/U0/slowest_sync_clk
    SLICE_X35Y25         FDRE                                         r  acquireToHDMIwithZynq_i/rst_ps7_0_50M/U0/ACTIVE_LOW_PR_OUT_DFF[0].FDRE_PER_N/C
  -------------------------------------------------------------------    -------------------
    SLICE_X35Y25         FDRE (Prop_fdre_C_Q)         0.141     1.031 r  acquireToHDMIwithZynq_i/rst_ps7_0_50M/U0/ACTIVE_LOW_PR_OUT_DFF[0].FDRE_PER_N/Q
                         net (fo=21, routed)          1.052     2.084    acquireToHDMIwithZynq_i/acquireToDisplay_AXI_0/U0/acquireToDisplay_AXI_slave_lite_v1_0_S00_AXI_inst/oscilloscope_inst/datapath_inst/videoSigGen_inst/s00_axi_aresetn
    SLICE_X31Y31         LUT6 (Prop_lut6_I0_O)        0.045     2.129 r  acquireToHDMIwithZynq_i/acquireToDisplay_AXI_0/U0/acquireToDisplay_AXI_slave_lite_v1_0_S00_AXI_inst/oscilloscope_inst/datapath_inst/videoSigGen_inst/green[7]_i_1/O
                         net (fo=1, routed)           0.000     2.129    acquireToHDMIwithZynq_i/acquireToDisplay_AXI_0/U0/acquireToDisplay_AXI_slave_lite_v1_0_S00_AXI_inst/oscilloscope_inst/datapath_inst/scopeFace_inst/green_reg[7]_1[2]
    SLICE_X31Y31         FDRE                                         r  acquireToHDMIwithZynq_i/acquireToDisplay_AXI_0/U0/acquireToDisplay_AXI_slave_lite_v1_0_S00_AXI_inst/oscilloscope_inst/datapath_inst/scopeFace_inst/green_reg[7]/D
  -------------------------------------------------------------------    -------------------

                         (clock clk_out1_clk_wiz_0 rise edge)
                                                      0.000     0.000 r  
    BUFGCTRL_X0Y0        BUFG                         0.000     0.000 r  acquireToHDMIwithZynq_i/processing_system7_0/inst/buffer_fclk_clk_0.FCLK_CLK_0_BUFG/O
                         net (fo=1484, routed)        0.812     0.812    acquireToHDMIwithZynq_i/acquireToDisplay_AXI_0/U0/acquireToDisplay_AXI_slave_lite_v1_0_S00_AXI_inst/oscilloscope_inst/datapath_inst/vc/inst/clk_in1
    MMCME2_ADV_X0Y0      MMCME2_ADV (Prop_mmcme2_adv_CLKIN1_CLKOUT0)
                                                     -1.369    -0.557 r  acquireToHDMIwithZynq_i/acquireToDisplay_AXI_0/U0/acquireToDisplay_AXI_slave_lite_v1_0_S00_AXI_inst/oscilloscope_inst/datapath_inst/vc/inst/mmcm_adv_inst/CLKOUT0
                         net (fo=1, routed)           0.528    -0.029    acquireToHDMIwithZynq_i/acquireToDisplay_AXI_0/U0/acquireToDisplay_AXI_slave_lite_v1_0_S00_AXI_inst/oscilloscope_inst/datapath_inst/vc/inst/clk_out1_clk_wiz_0
    BUFGCTRL_X0Y1        BUFG (Prop_bufg_I_O)         0.029    -0.000 r  acquireToHDMIwithZynq_i/acquireToDisplay_AXI_0/U0/acquireToDisplay_AXI_slave_lite_v1_0_S00_AXI_inst/oscilloscope_inst/datapath_inst/vc/inst/clkout1_buf/O
                         net (fo=224, routed)         0.822     0.822    acquireToHDMIwithZynq_i/acquireToDisplay_AXI_0/U0/acquireToDisplay_AXI_slave_lite_v1_0_S00_AXI_inst/oscilloscope_inst/datapath_inst/scopeFace_inst/CLK
    SLICE_X31Y31         FDRE                                         r  acquireToHDMIwithZynq_i/acquireToDisplay_AXI_0/U0/acquireToDisplay_AXI_slave_lite_v1_0_S00_AXI_inst/oscilloscope_inst/datapath_inst/scopeFace_inst/green_reg[7]/C
                         clock pessimism              0.000     0.822    
                         clock uncertainty            0.991     1.813    
    SLICE_X31Y31         FDRE (Hold_fdre_C_D)         0.092     1.905    acquireToHDMIwithZynq_i/acquireToDisplay_AXI_0/U0/acquireToDisplay_AXI_slave_lite_v1_0_S00_AXI_inst/oscilloscope_inst/datapath_inst/scopeFace_inst/green_reg[7]
  -------------------------------------------------------------------
                         required time                         -1.905    
                         arrival time                           2.129    
  -------------------------------------------------------------------
                         slack                                  0.223    

Slack (MET) :             0.224ns  (arrival time - required time)
  Source:                 acquireToHDMIwithZynq_i/rst_ps7_0_50M/U0/ACTIVE_LOW_PR_OUT_DFF[0].FDRE_PER_N/C
                            (rising edge-triggered cell FDRE clocked by clk_fpga_0  {rise@0.000ns fall@10.000ns period=20.000ns})
  Destination:            acquireToHDMIwithZynq_i/acquireToDisplay_AXI_0/U0/acquireToDisplay_AXI_slave_lite_v1_0_S00_AXI_inst/oscilloscope_inst/datapath_inst/scopeFace_inst/green_reg[3]/D
                            (rising edge-triggered cell FDRE clocked by clk_out1_clk_wiz_0  {rise@0.000ns fall@6.737ns period=13.474ns})
  Path Group:             clk_out1_clk_wiz_0
  Path Type:              Hold (Min at Fast Process Corner)
  Requirement:            0.000ns  (clk_out1_clk_wiz_0 rise@0.000ns - clk_fpga_0 rise@0.000ns)
  Data Path Delay:        1.238ns  (logic 0.186ns (15.024%)  route 1.052ns (84.976%))
  Logic Levels:           1  (LUT6=1)
  Clock Path Skew:        -0.069ns (DCD - SCD - CPR)
    Destination Clock Delay (DCD):    0.822ns
    Source Clock Delay      (SCD):    0.891ns
    Clock Pessimism Removal (CPR):    -0.000ns
  Clock Uncertainty:      0.991ns  ((TSJ^2 + TIJ^2 + DJ^2)^1/2) / 2 + PE
    Total System Jitter     (TSJ):    0.071ns
    Total Input Jitter      (TIJ):    0.600ns
    Discrete Jitter          (DJ):    0.462ns
    Phase Error              (PE):    0.611ns
  Clock Domain Crossing:  Inter clock paths are considered valid unless explicitly excluded by timing constraints such as set_clock_groups or set_false_path.

    Location             Delay type                Incr(ns)  Path(ns)    Netlist Resource(s)
  -------------------------------------------------------------------    -------------------
                         (clock clk_fpga_0 rise edge)
                                                      0.000     0.000 r  
    PS7_X0Y0             PS7                          0.000     0.000 r  acquireToHDMIwithZynq_i/processing_system7_0/inst/PS7_i/FCLKCLK[0]
                         net (fo=1, routed)           0.315     0.315    acquireToHDMIwithZynq_i/processing_system7_0/inst/FCLK_CLK_unbuffered[0]
    BUFGCTRL_X0Y0        BUFG (Prop_bufg_I_O)         0.026     0.341 r  acquireToHDMIwithZynq_i/processing_system7_0/inst/buffer_fclk_clk_0.FCLK_CLK_0_BUFG/O
                         net (fo=1484, routed)        0.550     0.891    acquireToHDMIwithZynq_i/rst_ps7_0_50M/U0/slowest_sync_clk
    SLICE_X35Y25         FDRE                                         r  acquireToHDMIwithZynq_i/rst_ps7_0_50M/U0/ACTIVE_LOW_PR_OUT_DFF[0].FDRE_PER_N/C
  -------------------------------------------------------------------    -------------------
    SLICE_X35Y25         FDRE (Prop_fdre_C_Q)         0.141     1.031 r  acquireToHDMIwithZynq_i/rst_ps7_0_50M/U0/ACTIVE_LOW_PR_OUT_DFF[0].FDRE_PER_N/Q
                         net (fo=21, routed)          1.052     2.084    acquireToHDMIwithZynq_i/acquireToDisplay_AXI_0/U0/acquireToDisplay_AXI_slave_lite_v1_0_S00_AXI_inst/oscilloscope_inst/datapath_inst/videoSigGen_inst/s00_axi_aresetn
    SLICE_X31Y31         LUT6 (Prop_lut6_I3_O)        0.045     2.129 r  acquireToHDMIwithZynq_i/acquireToDisplay_AXI_0/U0/acquireToDisplay_AXI_slave_lite_v1_0_S00_AXI_inst/oscilloscope_inst/datapath_inst/videoSigGen_inst/green[3]_i_1/O
                         net (fo=1, routed)           0.000     2.129    acquireToHDMIwithZynq_i/acquireToDisplay_AXI_0/U0/acquireToDisplay_AXI_slave_lite_v1_0_S00_AXI_inst/oscilloscope_inst/datapath_inst/scopeFace_inst/green_reg[7]_1[1]
    SLICE_X31Y31         FDRE                                         r  acquireToHDMIwithZynq_i/acquireToDisplay_AXI_0/U0/acquireToDisplay_AXI_slave_lite_v1_0_S00_AXI_inst/oscilloscope_inst/datapath_inst/scopeFace_inst/green_reg[3]/D
  -------------------------------------------------------------------    -------------------

                         (clock clk_out1_clk_wiz_0 rise edge)
                                                      0.000     0.000 r  
    BUFGCTRL_X0Y0        BUFG                         0.000     0.000 r  acquireToHDMIwithZynq_i/processing_system7_0/inst/buffer_fclk_clk_0.FCLK_CLK_0_BUFG/O
                         net (fo=1484, routed)        0.812     0.812    acquireToHDMIwithZynq_i/acquireToDisplay_AXI_0/U0/acquireToDisplay_AXI_slave_lite_v1_0_S00_AXI_inst/oscilloscope_inst/datapath_inst/vc/inst/clk_in1
    MMCME2_ADV_X0Y0      MMCME2_ADV (Prop_mmcme2_adv_CLKIN1_CLKOUT0)
                                                     -1.369    -0.557 r  acquireToHDMIwithZynq_i/acquireToDisplay_AXI_0/U0/acquireToDisplay_AXI_slave_lite_v1_0_S00_AXI_inst/oscilloscope_inst/datapath_inst/vc/inst/mmcm_adv_inst/CLKOUT0
                         net (fo=1, routed)           0.528    -0.029    acquireToHDMIwithZynq_i/acquireToDisplay_AXI_0/U0/acquireToDisplay_AXI_slave_lite_v1_0_S00_AXI_inst/oscilloscope_inst/datapath_inst/vc/inst/clk_out1_clk_wiz_0
    BUFGCTRL_X0Y1        BUFG (Prop_bufg_I_O)         0.029    -0.000 r  acquireToHDMIwithZynq_i/acquireToDisplay_AXI_0/U0/acquireToDisplay_AXI_slave_lite_v1_0_S00_AXI_inst/oscilloscope_inst/datapath_inst/vc/inst/clkout1_buf/O
                         net (fo=224, routed)         0.822     0.822    acquireToHDMIwithZynq_i/acquireToDisplay_AXI_0/U0/acquireToDisplay_AXI_slave_lite_v1_0_S00_AXI_inst/oscilloscope_inst/datapath_inst/scopeFace_inst/CLK
    SLICE_X31Y31         FDRE                                         r  acquireToHDMIwithZynq_i/acquireToDisplay_AXI_0/U0/acquireToDisplay_AXI_slave_lite_v1_0_S00_AXI_inst/oscilloscope_inst/datapath_inst/scopeFace_inst/green_reg[3]/C
                         clock pessimism              0.000     0.822    
                         clock uncertainty            0.991     1.813    
    SLICE_X31Y31         FDRE (Hold_fdre_C_D)         0.091     1.904    acquireToHDMIwithZynq_i/acquireToDisplay_AXI_0/U0/acquireToDisplay_AXI_slave_lite_v1_0_S00_AXI_inst/oscilloscope_inst/datapath_inst/scopeFace_inst/green_reg[3]
  -------------------------------------------------------------------
                         required time                         -1.904    
                         arrival time                           2.129    
  -------------------------------------------------------------------
                         slack                                  0.224    

Slack (MET) :             0.228ns  (arrival time - required time)
  Source:                 acquireToHDMIwithZynq_i/rst_ps7_0_50M/U0/ACTIVE_LOW_PR_OUT_DFF[0].FDRE_PER_N/C
                            (rising edge-triggered cell FDRE clocked by clk_fpga_0  {rise@0.000ns fall@10.000ns period=20.000ns})
  Destination:            acquireToHDMIwithZynq_i/acquireToDisplay_AXI_0/U0/acquireToDisplay_AXI_slave_lite_v1_0_S00_AXI_inst/oscilloscope_inst/datapath_inst/scopeFace_inst/red_reg[0]/R
                            (rising edge-triggered cell FDRE clocked by clk_out1_clk_wiz_0  {rise@0.000ns fall@6.737ns period=13.474ns})
  Path Group:             clk_out1_clk_wiz_0
  Path Type:              Hold (Min at Fast Process Corner)
  Requirement:            0.000ns  (clk_out1_clk_wiz_0 rise@0.000ns - clk_fpga_0 rise@0.000ns)
  Data Path Delay:        1.132ns  (logic 0.186ns (16.436%)  route 0.946ns (83.564%))
  Logic Levels:           1  (LUT1=1)
  Clock Path Skew:        -0.070ns (DCD - SCD - CPR)
    Destination Clock Delay (DCD):    0.821ns
    Source Clock Delay      (SCD):    0.891ns
    Clock Pessimism Removal (CPR):    -0.000ns
  Clock Uncertainty:      0.991ns  ((TSJ^2 + TIJ^2 + DJ^2)^1/2) / 2 + PE
    Total System Jitter     (TSJ):    0.071ns
    Total Input Jitter      (TIJ):    0.600ns
    Discrete Jitter          (DJ):    0.462ns
    Phase Error              (PE):    0.611ns
  Clock Domain Crossing:  Inter clock paths are considered valid unless explicitly excluded by timing constraints such as set_clock_groups or set_false_path.

    Location             Delay type                Incr(ns)  Path(ns)    Netlist Resource(s)
  -------------------------------------------------------------------    -------------------
                         (clock clk_fpga_0 rise edge)
                                                      0.000     0.000 r  
    PS7_X0Y0             PS7                          0.000     0.000 r  acquireToHDMIwithZynq_i/processing_system7_0/inst/PS7_i/FCLKCLK[0]
                         net (fo=1, routed)           0.315     0.315    acquireToHDMIwithZynq_i/processing_system7_0/inst/FCLK_CLK_unbuffered[0]
    BUFGCTRL_X0Y0        BUFG (Prop_bufg_I_O)         0.026     0.341 r  acquireToHDMIwithZynq_i/processing_system7_0/inst/buffer_fclk_clk_0.FCLK_CLK_0_BUFG/O
                         net (fo=1484, routed)        0.550     0.891    acquireToHDMIwithZynq_i/rst_ps7_0_50M/U0/slowest_sync_clk
    SLICE_X35Y25         FDRE                                         r  acquireToHDMIwithZynq_i/rst_ps7_0_50M/U0/ACTIVE_LOW_PR_OUT_DFF[0].FDRE_PER_N/C
  -------------------------------------------------------------------    -------------------
    SLICE_X35Y25         FDRE (Prop_fdre_C_Q)         0.141     1.031 f  acquireToHDMIwithZynq_i/rst_ps7_0_50M/U0/ACTIVE_LOW_PR_OUT_DFF[0].FDRE_PER_N/Q
                         net (fo=21, routed)          0.356     1.387    acquireToHDMIwithZynq_i/acquireToDisplay_AXI_0/U0/acquireToDisplay_AXI_slave_lite_v1_0_S00_AXI_inst/oscilloscope_inst/datapath_inst/sampleIntervalCounter_inst/s00_axi_aresetn
    SLICE_X35Y25         LUT1 (Prop_lut1_I0_O)        0.045     1.432 r  acquireToHDMIwithZynq_i/acquireToDisplay_AXI_0/U0/acquireToDisplay_AXI_slave_lite_v1_0_S00_AXI_inst/oscilloscope_inst/datapath_inst/sampleIntervalCounter_inst/hdmi0_inst_i_1/O
                         net (fo=445, routed)         0.590     2.022    acquireToHDMIwithZynq_i/acquireToDisplay_AXI_0/U0/acquireToDisplay_AXI_slave_lite_v1_0_S00_AXI_inst/oscilloscope_inst/datapath_inst/scopeFace_inst/SR[0]
    SLICE_X31Y30         FDRE                                         r  acquireToHDMIwithZynq_i/acquireToDisplay_AXI_0/U0/acquireToDisplay_AXI_slave_lite_v1_0_S00_AXI_inst/oscilloscope_inst/datapath_inst/scopeFace_inst/red_reg[0]/R
  -------------------------------------------------------------------    -------------------

                         (clock clk_out1_clk_wiz_0 rise edge)
                                                      0.000     0.000 r  
    BUFGCTRL_X0Y0        BUFG                         0.000     0.000 r  acquireToHDMIwithZynq_i/processing_system7_0/inst/buffer_fclk_clk_0.FCLK_CLK_0_BUFG/O
                         net (fo=1484, routed)        0.812     0.812    acquireToHDMIwithZynq_i/acquireToDisplay_AXI_0/U0/acquireToDisplay_AXI_slave_lite_v1_0_S00_AXI_inst/oscilloscope_inst/datapath_inst/vc/inst/clk_in1
    MMCME2_ADV_X0Y0      MMCME2_ADV (Prop_mmcme2_adv_CLKIN1_CLKOUT0)
                                                     -1.369    -0.557 r  acquireToHDMIwithZynq_i/acquireToDisplay_AXI_0/U0/acquireToDisplay_AXI_slave_lite_v1_0_S00_AXI_inst/oscilloscope_inst/datapath_inst/vc/inst/mmcm_adv_inst/CLKOUT0
                         net (fo=1, routed)           0.528    -0.029    acquireToHDMIwithZynq_i/acquireToDisplay_AXI_0/U0/acquireToDisplay_AXI_slave_lite_v1_0_S00_AXI_inst/oscilloscope_inst/datapath_inst/vc/inst/clk_out1_clk_wiz_0
    BUFGCTRL_X0Y1        BUFG (Prop_bufg_I_O)         0.029    -0.000 r  acquireToHDMIwithZynq_i/acquireToDisplay_AXI_0/U0/acquireToDisplay_AXI_slave_lite_v1_0_S00_AXI_inst/oscilloscope_inst/datapath_inst/vc/inst/clkout1_buf/O
                         net (fo=224, routed)         0.821     0.821    acquireToHDMIwithZynq_i/acquireToDisplay_AXI_0/U0/acquireToDisplay_AXI_slave_lite_v1_0_S00_AXI_inst/oscilloscope_inst/datapath_inst/scopeFace_inst/CLK
    SLICE_X31Y30         FDRE                                         r  acquireToHDMIwithZynq_i/acquireToDisplay_AXI_0/U0/acquireToDisplay_AXI_slave_lite_v1_0_S00_AXI_inst/oscilloscope_inst/datapath_inst/scopeFace_inst/red_reg[0]/C
                         clock pessimism              0.000     0.821    
                         clock uncertainty            0.991     1.812    
    SLICE_X31Y30         FDRE (Hold_fdre_C_R)        -0.018     1.794    acquireToHDMIwithZynq_i/acquireToDisplay_AXI_0/U0/acquireToDisplay_AXI_slave_lite_v1_0_S00_AXI_inst/oscilloscope_inst/datapath_inst/scopeFace_inst/red_reg[0]
  -------------------------------------------------------------------
                         required time                         -1.794    
                         arrival time                           2.022    
  -------------------------------------------------------------------
                         slack                                  0.228    

Slack (MET) :             0.228ns  (arrival time - required time)
  Source:                 acquireToHDMIwithZynq_i/rst_ps7_0_50M/U0/ACTIVE_LOW_PR_OUT_DFF[0].FDRE_PER_N/C
                            (rising edge-triggered cell FDRE clocked by clk_fpga_0  {rise@0.000ns fall@10.000ns period=20.000ns})
  Destination:            acquireToHDMIwithZynq_i/acquireToDisplay_AXI_0/U0/acquireToDisplay_AXI_slave_lite_v1_0_S00_AXI_inst/oscilloscope_inst/datapath_inst/scopeFace_inst/red_reg[3]/R
                            (rising edge-triggered cell FDRE clocked by clk_out1_clk_wiz_0  {rise@0.000ns fall@6.737ns period=13.474ns})
  Path Group:             clk_out1_clk_wiz_0
  Path Type:              Hold (Min at Fast Process Corner)
  Requirement:            0.000ns  (clk_out1_clk_wiz_0 rise@0.000ns - clk_fpga_0 rise@0.000ns)
  Data Path Delay:        1.132ns  (logic 0.186ns (16.436%)  route 0.946ns (83.564%))
  Logic Levels:           1  (LUT1=1)
  Clock Path Skew:        -0.070ns (DCD - SCD - CPR)
    Destination Clock Delay (DCD):    0.821ns
    Source Clock Delay      (SCD):    0.891ns
    Clock Pessimism Removal (CPR):    -0.000ns
  Clock Uncertainty:      0.991ns  ((TSJ^2 + TIJ^2 + DJ^2)^1/2) / 2 + PE
    Total System Jitter     (TSJ):    0.071ns
    Total Input Jitter      (TIJ):    0.600ns
    Discrete Jitter          (DJ):    0.462ns
    Phase Error              (PE):    0.611ns
  Clock Domain Crossing:  Inter clock paths are considered valid unless explicitly excluded by timing constraints such as set_clock_groups or set_false_path.

    Location             Delay type                Incr(ns)  Path(ns)    Netlist Resource(s)
  -------------------------------------------------------------------    -------------------
                         (clock clk_fpga_0 rise edge)
                                                      0.000     0.000 r  
    PS7_X0Y0             PS7                          0.000     0.000 r  acquireToHDMIwithZynq_i/processing_system7_0/inst/PS7_i/FCLKCLK[0]
                         net (fo=1, routed)           0.315     0.315    acquireToHDMIwithZynq_i/processing_system7_0/inst/FCLK_CLK_unbuffered[0]
    BUFGCTRL_X0Y0        BUFG (Prop_bufg_I_O)         0.026     0.341 r  acquireToHDMIwithZynq_i/processing_system7_0/inst/buffer_fclk_clk_0.FCLK_CLK_0_BUFG/O
                         net (fo=1484, routed)        0.550     0.891    acquireToHDMIwithZynq_i/rst_ps7_0_50M/U0/slowest_sync_clk
    SLICE_X35Y25         FDRE                                         r  acquireToHDMIwithZynq_i/rst_ps7_0_50M/U0/ACTIVE_LOW_PR_OUT_DFF[0].FDRE_PER_N/C
  -------------------------------------------------------------------    -------------------
    SLICE_X35Y25         FDRE (Prop_fdre_C_Q)         0.141     1.031 f  acquireToHDMIwithZynq_i/rst_ps7_0_50M/U0/ACTIVE_LOW_PR_OUT_DFF[0].FDRE_PER_N/Q
                         net (fo=21, routed)          0.356     1.387    acquireToHDMIwithZynq_i/acquireToDisplay_AXI_0/U0/acquireToDisplay_AXI_slave_lite_v1_0_S00_AXI_inst/oscilloscope_inst/datapath_inst/sampleIntervalCounter_inst/s00_axi_aresetn
    SLICE_X35Y25         LUT1 (Prop_lut1_I0_O)        0.045     1.432 r  acquireToHDMIwithZynq_i/acquireToDisplay_AXI_0/U0/acquireToDisplay_AXI_slave_lite_v1_0_S00_AXI_inst/oscilloscope_inst/datapath_inst/sampleIntervalCounter_inst/hdmi0_inst_i_1/O
                         net (fo=445, routed)         0.590     2.022    acquireToHDMIwithZynq_i/acquireToDisplay_AXI_0/U0/acquireToDisplay_AXI_slave_lite_v1_0_S00_AXI_inst/oscilloscope_inst/datapath_inst/scopeFace_inst/SR[0]
    SLICE_X31Y30         FDRE                                         r  acquireToHDMIwithZynq_i/acquireToDisplay_AXI_0/U0/acquireToDisplay_AXI_slave_lite_v1_0_S00_AXI_inst/oscilloscope_inst/datapath_inst/scopeFace_inst/red_reg[3]/R
  -------------------------------------------------------------------    -------------------

                         (clock clk_out1_clk_wiz_0 rise edge)
                                                      0.000     0.000 r  
    BUFGCTRL_X0Y0        BUFG                         0.000     0.000 r  acquireToHDMIwithZynq_i/processing_system7_0/inst/buffer_fclk_clk_0.FCLK_CLK_0_BUFG/O
                         net (fo=1484, routed)        0.812     0.812    acquireToHDMIwithZynq_i/acquireToDisplay_AXI_0/U0/acquireToDisplay_AXI_slave_lite_v1_0_S00_AXI_inst/oscilloscope_inst/datapath_inst/vc/inst/clk_in1
    MMCME2_ADV_X0Y0      MMCME2_ADV (Prop_mmcme2_adv_CLKIN1_CLKOUT0)
                                                     -1.369    -0.557 r  acquireToHDMIwithZynq_i/acquireToDisplay_AXI_0/U0/acquireToDisplay_AXI_slave_lite_v1_0_S00_AXI_inst/oscilloscope_inst/datapath_inst/vc/inst/mmcm_adv_inst/CLKOUT0
                         net (fo=1, routed)           0.528    -0.029    acquireToHDMIwithZynq_i/acquireToDisplay_AXI_0/U0/acquireToDisplay_AXI_slave_lite_v1_0_S00_AXI_inst/oscilloscope_inst/datapath_inst/vc/inst/clk_out1_clk_wiz_0
    BUFGCTRL_X0Y1        BUFG (Prop_bufg_I_O)         0.029    -0.000 r  acquireToHDMIwithZynq_i/acquireToDisplay_AXI_0/U0/acquireToDisplay_AXI_slave_lite_v1_0_S00_AXI_inst/oscilloscope_inst/datapath_inst/vc/inst/clkout1_buf/O
                         net (fo=224, routed)         0.821     0.821    acquireToHDMIwithZynq_i/acquireToDisplay_AXI_0/U0/acquireToDisplay_AXI_slave_lite_v1_0_S00_AXI_inst/oscilloscope_inst/datapath_inst/scopeFace_inst/CLK
    SLICE_X31Y30         FDRE                                         r  acquireToHDMIwithZynq_i/acquireToDisplay_AXI_0/U0/acquireToDisplay_AXI_slave_lite_v1_0_S00_AXI_inst/oscilloscope_inst/datapath_inst/scopeFace_inst/red_reg[3]/C
                         clock pessimism              0.000     0.821    
                         clock uncertainty            0.991     1.812    
    SLICE_X31Y30         FDRE (Hold_fdre_C_R)        -0.018     1.794    acquireToHDMIwithZynq_i/acquireToDisplay_AXI_0/U0/acquireToDisplay_AXI_slave_lite_v1_0_S00_AXI_inst/oscilloscope_inst/datapath_inst/scopeFace_inst/red_reg[3]
  -------------------------------------------------------------------
                         required time                         -1.794    
                         arrival time                           2.022    
  -------------------------------------------------------------------
                         slack                                  0.228    

Slack (MET) :             0.231ns  (arrival time - required time)
  Source:                 acquireToHDMIwithZynq_i/rst_ps7_0_50M/U0/ACTIVE_LOW_PR_OUT_DFF[0].FDRE_PER_N/C
                            (rising edge-triggered cell FDRE clocked by clk_fpga_0  {rise@0.000ns fall@10.000ns period=20.000ns})
  Destination:            acquireToHDMIwithZynq_i/acquireToDisplay_AXI_0/U0/acquireToDisplay_AXI_slave_lite_v1_0_S00_AXI_inst/oscilloscope_inst/datapath_inst/hdmi0_inst/inst/serial_clk/oserdes_m/RST
                            (rising edge-triggered cell OSERDESE2 clocked by clk_out1_clk_wiz_0  {rise@0.000ns fall@6.737ns period=13.474ns})
  Path Group:             clk_out1_clk_wiz_0
  Path Type:              Hold (Min at Fast Process Corner)
  Requirement:            0.000ns  (clk_out1_clk_wiz_0 rise@0.000ns - clk_fpga_0 rise@0.000ns)
  Data Path Delay:        1.736ns  (logic 0.186ns (10.711%)  route 1.550ns (89.289%))
  Logic Levels:           1  (LUT2=1)
  Clock Path Skew:        -0.045ns (DCD - SCD - CPR)
    Destination Clock Delay (DCD):    0.846ns
    Source Clock Delay      (SCD):    0.891ns
    Clock Pessimism Removal (CPR):    -0.000ns
  Clock Uncertainty:      0.991ns  ((TSJ^2 + TIJ^2 + DJ^2)^1/2) / 2 + PE
    Total System Jitter     (TSJ):    0.071ns
    Total Input Jitter      (TIJ):    0.600ns
    Discrete Jitter          (DJ):    0.462ns
    Phase Error              (PE):    0.611ns
  Clock Domain Crossing:  Inter clock paths are considered valid unless explicitly excluded by timing constraints such as set_clock_groups or set_false_path.

    Location             Delay type                Incr(ns)  Path(ns)    Netlist Resource(s)
  -------------------------------------------------------------------    -------------------
                         (clock clk_fpga_0 rise edge)
                                                      0.000     0.000 r  
    PS7_X0Y0             PS7                          0.000     0.000 r  acquireToHDMIwithZynq_i/processing_system7_0/inst/PS7_i/FCLKCLK[0]
                         net (fo=1, routed)           0.315     0.315    acquireToHDMIwithZynq_i/processing_system7_0/inst/FCLK_CLK_unbuffered[0]
    BUFGCTRL_X0Y0        BUFG (Prop_bufg_I_O)         0.026     0.341 r  acquireToHDMIwithZynq_i/processing_system7_0/inst/buffer_fclk_clk_0.FCLK_CLK_0_BUFG/O
                         net (fo=1484, routed)        0.550     0.891    acquireToHDMIwithZynq_i/rst_ps7_0_50M/U0/slowest_sync_clk
    SLICE_X35Y25         FDRE                                         r  acquireToHDMIwithZynq_i/rst_ps7_0_50M/U0/ACTIVE_LOW_PR_OUT_DFF[0].FDRE_PER_N/C
  -------------------------------------------------------------------    -------------------
    SLICE_X35Y25         FDRE (Prop_fdre_C_Q)         0.141     1.031 f  acquireToHDMIwithZynq_i/rst_ps7_0_50M/U0/ACTIVE_LOW_PR_OUT_DFF[0].FDRE_PER_N/Q
                         net (fo=21, routed)          0.503     1.535    acquireToHDMIwithZynq_i/acquireToDisplay_AXI_0/U0/acquireToDisplay_AXI_slave_lite_v1_0_S00_AXI_inst/oscilloscope_inst/datapath_inst/hdmi0_inst/inst/encr/lopt
    SLICE_X35Y23         LUT2 (Prop_lut2_I0_O)        0.045     1.580 r  acquireToHDMIwithZynq_i/acquireToDisplay_AXI_0/U0/acquireToDisplay_AXI_slave_lite_v1_0_S00_AXI_inst/oscilloscope_inst/datapath_inst/hdmi0_inst/inst/encr/oserdes_m_i_1/O
                         net (fo=50, routed)          1.047     2.627    acquireToHDMIwithZynq_i/acquireToDisplay_AXI_0/U0/acquireToDisplay_AXI_slave_lite_v1_0_S00_AXI_inst/oscilloscope_inst/datapath_inst/hdmi0_inst/inst/serial_clk/AR[0]
    OLOGIC_X0Y24         OSERDESE2                                    r  acquireToHDMIwithZynq_i/acquireToDisplay_AXI_0/U0/acquireToDisplay_AXI_slave_lite_v1_0_S00_AXI_inst/oscilloscope_inst/datapath_inst/hdmi0_inst/inst/serial_clk/oserdes_m/RST
  -------------------------------------------------------------------    -------------------

                         (clock clk_out1_clk_wiz_0 rise edge)
                                                      0.000     0.000 r  
    BUFGCTRL_X0Y0        BUFG                         0.000     0.000 r  acquireToHDMIwithZynq_i/processing_system7_0/inst/buffer_fclk_clk_0.FCLK_CLK_0_BUFG/O
                         net (fo=1484, routed)        0.812     0.812    acquireToHDMIwithZynq_i/acquireToDisplay_AXI_0/U0/acquireToDisplay_AXI_slave_lite_v1_0_S00_AXI_inst/oscilloscope_inst/datapath_inst/vc/inst/clk_in1
    MMCME2_ADV_X0Y0      MMCME2_ADV (Prop_mmcme2_adv_CLKIN1_CLKOUT0)
                                                     -1.369    -0.557 r  acquireToHDMIwithZynq_i/acquireToDisplay_AXI_0/U0/acquireToDisplay_AXI_slave_lite_v1_0_S00_AXI_inst/oscilloscope_inst/datapath_inst/vc/inst/mmcm_adv_inst/CLKOUT0
                         net (fo=1, routed)           0.528    -0.029    acquireToHDMIwithZynq_i/acquireToDisplay_AXI_0/U0/acquireToDisplay_AXI_slave_lite_v1_0_S00_AXI_inst/oscilloscope_inst/datapath_inst/vc/inst/clk_out1_clk_wiz_0
    BUFGCTRL_X0Y1        BUFG (Prop_bufg_I_O)         0.029    -0.000 r  acquireToHDMIwithZynq_i/acquireToDisplay_AXI_0/U0/acquireToDisplay_AXI_slave_lite_v1_0_S00_AXI_inst/oscilloscope_inst/datapath_inst/vc/inst/clkout1_buf/O
                         net (fo=224, routed)         0.846     0.846    acquireToHDMIwithZynq_i/acquireToDisplay_AXI_0/U0/acquireToDisplay_AXI_slave_lite_v1_0_S00_AXI_inst/oscilloscope_inst/datapath_inst/hdmi0_inst/inst/serial_clk/pix_clk
    OLOGIC_X0Y24         OSERDESE2                                    r  acquireToHDMIwithZynq_i/acquireToDisplay_AXI_0/U0/acquireToDisplay_AXI_slave_lite_v1_0_S00_AXI_inst/oscilloscope_inst/datapath_inst/hdmi0_inst/inst/serial_clk/oserdes_m/CLKDIV
                         clock pessimism              0.000     0.846    
                         clock uncertainty            0.991     1.837    
    OLOGIC_X0Y24         OSERDESE2 (Hold_oserdese2_CLKDIV_RST)
                                                      0.559     2.396    acquireToHDMIwithZynq_i/acquireToDisplay_AXI_0/U0/acquireToDisplay_AXI_slave_lite_v1_0_S00_AXI_inst/oscilloscope_inst/datapath_inst/hdmi0_inst/inst/serial_clk/oserdes_m
  -------------------------------------------------------------------
                         required time                         -2.396    
                         arrival time                           2.627    
  -------------------------------------------------------------------
                         slack                                  0.231    

Slack (MET) :             0.239ns  (arrival time - required time)
  Source:                 acquireToHDMIwithZynq_i/rst_ps7_0_50M/U0/ACTIVE_LOW_PR_OUT_DFF[0].FDRE_PER_N/C
                            (rising edge-triggered cell FDRE clocked by clk_fpga_0  {rise@0.000ns fall@10.000ns period=20.000ns})
  Destination:            acquireToHDMIwithZynq_i/acquireToDisplay_AXI_0/U0/acquireToDisplay_AXI_slave_lite_v1_0_S00_AXI_inst/oscilloscope_inst/datapath_inst/videoSigGen_inst/pixelVert_reg[1]/R
                            (rising edge-triggered cell FDRE clocked by clk_out1_clk_wiz_0  {rise@0.000ns fall@6.737ns period=13.474ns})
  Path Group:             clk_out1_clk_wiz_0
  Path Type:              Hold (Min at Fast Process Corner)
  Requirement:            0.000ns  (clk_out1_clk_wiz_0 rise@0.000ns - clk_fpga_0 rise@0.000ns)
  Data Path Delay:        1.172ns  (logic 0.186ns (15.873%)  route 0.986ns (84.127%))
  Logic Levels:           1  (LUT1=1)
  Clock Path Skew:        -0.067ns (DCD - SCD - CPR)
    Destination Clock Delay (DCD):    0.823ns
    Source Clock Delay      (SCD):    0.891ns
    Clock Pessimism Removal (CPR):    -0.000ns
  Clock Uncertainty:      0.991ns  ((TSJ^2 + TIJ^2 + DJ^2)^1/2) / 2 + PE
    Total System Jitter     (TSJ):    0.071ns
    Total Input Jitter      (TIJ):    0.600ns
    Discrete Jitter          (DJ):    0.462ns
    Phase Error              (PE):    0.611ns
  Clock Domain Crossing:  Inter clock paths are considered valid unless explicitly excluded by timing constraints such as set_clock_groups or set_false_path.

    Location             Delay type                Incr(ns)  Path(ns)    Netlist Resource(s)
  -------------------------------------------------------------------    -------------------
                         (clock clk_fpga_0 rise edge)
                                                      0.000     0.000 r  
    PS7_X0Y0             PS7                          0.000     0.000 r  acquireToHDMIwithZynq_i/processing_system7_0/inst/PS7_i/FCLKCLK[0]
                         net (fo=1, routed)           0.315     0.315    acquireToHDMIwithZynq_i/processing_system7_0/inst/FCLK_CLK_unbuffered[0]
    BUFGCTRL_X0Y0        BUFG (Prop_bufg_I_O)         0.026     0.341 r  acquireToHDMIwithZynq_i/processing_system7_0/inst/buffer_fclk_clk_0.FCLK_CLK_0_BUFG/O
                         net (fo=1484, routed)        0.550     0.891    acquireToHDMIwithZynq_i/rst_ps7_0_50M/U0/slowest_sync_clk
    SLICE_X35Y25         FDRE                                         r  acquireToHDMIwithZynq_i/rst_ps7_0_50M/U0/ACTIVE_LOW_PR_OUT_DFF[0].FDRE_PER_N/C
  -------------------------------------------------------------------    -------------------
    SLICE_X35Y25         FDRE (Prop_fdre_C_Q)         0.141     1.031 f  acquireToHDMIwithZynq_i/rst_ps7_0_50M/U0/ACTIVE_LOW_PR_OUT_DFF[0].FDRE_PER_N/Q
                         net (fo=21, routed)          0.356     1.387    acquireToHDMIwithZynq_i/acquireToDisplay_AXI_0/U0/acquireToDisplay_AXI_slave_lite_v1_0_S00_AXI_inst/oscilloscope_inst/datapath_inst/sampleIntervalCounter_inst/s00_axi_aresetn
    SLICE_X35Y25         LUT1 (Prop_lut1_I0_O)        0.045     1.432 r  acquireToHDMIwithZynq_i/acquireToDisplay_AXI_0/U0/acquireToDisplay_AXI_slave_lite_v1_0_S00_AXI_inst/oscilloscope_inst/datapath_inst/sampleIntervalCounter_inst/hdmi0_inst_i_1/O
                         net (fo=445, routed)         0.630     2.062    acquireToHDMIwithZynq_i/acquireToDisplay_AXI_0/U0/acquireToDisplay_AXI_slave_lite_v1_0_S00_AXI_inst/oscilloscope_inst/datapath_inst/videoSigGen_inst/SR[0]
    SLICE_X34Y31         FDRE                                         r  acquireToHDMIwithZynq_i/acquireToDisplay_AXI_0/U0/acquireToDisplay_AXI_slave_lite_v1_0_S00_AXI_inst/oscilloscope_inst/datapath_inst/videoSigGen_inst/pixelVert_reg[1]/R
  -------------------------------------------------------------------    -------------------

                         (clock clk_out1_clk_wiz_0 rise edge)
                                                      0.000     0.000 r  
    BUFGCTRL_X0Y0        BUFG                         0.000     0.000 r  acquireToHDMIwithZynq_i/processing_system7_0/inst/buffer_fclk_clk_0.FCLK_CLK_0_BUFG/O
                         net (fo=1484, routed)        0.812     0.812    acquireToHDMIwithZynq_i/acquireToDisplay_AXI_0/U0/acquireToDisplay_AXI_slave_lite_v1_0_S00_AXI_inst/oscilloscope_inst/datapath_inst/vc/inst/clk_in1
    MMCME2_ADV_X0Y0      MMCME2_ADV (Prop_mmcme2_adv_CLKIN1_CLKOUT0)
                                                     -1.369    -0.557 r  acquireToHDMIwithZynq_i/acquireToDisplay_AXI_0/U0/acquireToDisplay_AXI_slave_lite_v1_0_S00_AXI_inst/oscilloscope_inst/datapath_inst/vc/inst/mmcm_adv_inst/CLKOUT0
                         net (fo=1, routed)           0.528    -0.029    acquireToHDMIwithZynq_i/acquireToDisplay_AXI_0/U0/acquireToDisplay_AXI_slave_lite_v1_0_S00_AXI_inst/oscilloscope_inst/datapath_inst/vc/inst/clk_out1_clk_wiz_0
    BUFGCTRL_X0Y1        BUFG (Prop_bufg_I_O)         0.029    -0.000 r  acquireToHDMIwithZynq_i/acquireToDisplay_AXI_0/U0/acquireToDisplay_AXI_slave_lite_v1_0_S00_AXI_inst/oscilloscope_inst/datapath_inst/vc/inst/clkout1_buf/O
                         net (fo=224, routed)         0.823     0.823    acquireToHDMIwithZynq_i/acquireToDisplay_AXI_0/U0/acquireToDisplay_AXI_slave_lite_v1_0_S00_AXI_inst/oscilloscope_inst/datapath_inst/videoSigGen_inst/CLK
    SLICE_X34Y31         FDRE                                         r  acquireToHDMIwithZynq_i/acquireToDisplay_AXI_0/U0/acquireToDisplay_AXI_slave_lite_v1_0_S00_AXI_inst/oscilloscope_inst/datapath_inst/videoSigGen_inst/pixelVert_reg[1]/C
                         clock pessimism              0.000     0.823    
                         clock uncertainty            0.991     1.814    
    SLICE_X34Y31         FDRE (Hold_fdre_C_R)         0.009     1.823    acquireToHDMIwithZynq_i/acquireToDisplay_AXI_0/U0/acquireToDisplay_AXI_slave_lite_v1_0_S00_AXI_inst/oscilloscope_inst/datapath_inst/videoSigGen_inst/pixelVert_reg[1]
  -------------------------------------------------------------------
                         required time                         -1.823    
                         arrival time                           2.062    
  -------------------------------------------------------------------
                         slack                                  0.239    

Slack (MET) :             0.256ns  (arrival time - required time)
  Source:                 acquireToHDMIwithZynq_i/rst_ps7_0_50M/U0/ACTIVE_LOW_PR_OUT_DFF[0].FDRE_PER_N/C
                            (rising edge-triggered cell FDRE clocked by clk_fpga_0  {rise@0.000ns fall@10.000ns period=20.000ns})
  Destination:            acquireToHDMIwithZynq_i/acquireToDisplay_AXI_0/U0/acquireToDisplay_AXI_slave_lite_v1_0_S00_AXI_inst/oscilloscope_inst/datapath_inst/hdmi0_inst/inst/serial_r/oserdes_s/RST
                            (rising edge-triggered cell OSERDESE2 clocked by clk_out1_clk_wiz_0  {rise@0.000ns fall@6.737ns period=13.474ns})
  Path Group:             clk_out1_clk_wiz_0
  Path Type:              Hold (Min at Fast Process Corner)
  Requirement:            0.000ns  (clk_out1_clk_wiz_0 rise@0.000ns - clk_fpga_0 rise@0.000ns)
  Data Path Delay:        1.763ns  (logic 0.186ns (10.551%)  route 1.577ns (89.449%))
  Logic Levels:           1  (LUT2=1)
  Clock Path Skew:        -0.044ns (DCD - SCD - CPR)
    Destination Clock Delay (DCD):    0.847ns
    Source Clock Delay      (SCD):    0.891ns
    Clock Pessimism Removal (CPR):    -0.000ns
  Clock Uncertainty:      0.991ns  ((TSJ^2 + TIJ^2 + DJ^2)^1/2) / 2 + PE
    Total System Jitter     (TSJ):    0.071ns
    Total Input Jitter      (TIJ):    0.600ns
    Discrete Jitter          (DJ):    0.462ns
    Phase Error              (PE):    0.611ns
  Clock Domain Crossing:  Inter clock paths are considered valid unless explicitly excluded by timing constraints such as set_clock_groups or set_false_path.

    Location             Delay type                Incr(ns)  Path(ns)    Netlist Resource(s)
  -------------------------------------------------------------------    -------------------
                         (clock clk_fpga_0 rise edge)
                                                      0.000     0.000 r  
    PS7_X0Y0             PS7                          0.000     0.000 r  acquireToHDMIwithZynq_i/processing_system7_0/inst/PS7_i/FCLKCLK[0]
                         net (fo=1, routed)           0.315     0.315    acquireToHDMIwithZynq_i/processing_system7_0/inst/FCLK_CLK_unbuffered[0]
    BUFGCTRL_X0Y0        BUFG (Prop_bufg_I_O)         0.026     0.341 r  acquireToHDMIwithZynq_i/processing_system7_0/inst/buffer_fclk_clk_0.FCLK_CLK_0_BUFG/O
                         net (fo=1484, routed)        0.550     0.891    acquireToHDMIwithZynq_i/rst_ps7_0_50M/U0/slowest_sync_clk
    SLICE_X35Y25         FDRE                                         r  acquireToHDMIwithZynq_i/rst_ps7_0_50M/U0/ACTIVE_LOW_PR_OUT_DFF[0].FDRE_PER_N/C
  -------------------------------------------------------------------    -------------------
    SLICE_X35Y25         FDRE (Prop_fdre_C_Q)         0.141     1.031 f  acquireToHDMIwithZynq_i/rst_ps7_0_50M/U0/ACTIVE_LOW_PR_OUT_DFF[0].FDRE_PER_N/Q
                         net (fo=21, routed)          0.503     1.535    acquireToHDMIwithZynq_i/acquireToDisplay_AXI_0/U0/acquireToDisplay_AXI_slave_lite_v1_0_S00_AXI_inst/oscilloscope_inst/datapath_inst/hdmi0_inst/inst/encr/lopt
    SLICE_X35Y23         LUT2 (Prop_lut2_I0_O)        0.045     1.580 r  acquireToHDMIwithZynq_i/acquireToDisplay_AXI_0/U0/acquireToDisplay_AXI_slave_lite_v1_0_S00_AXI_inst/oscilloscope_inst/datapath_inst/hdmi0_inst/inst/encr/oserdes_m_i_1/O
                         net (fo=50, routed)          1.074     2.653    acquireToHDMIwithZynq_i/acquireToDisplay_AXI_0/U0/acquireToDisplay_AXI_slave_lite_v1_0_S00_AXI_inst/oscilloscope_inst/datapath_inst/hdmi0_inst/inst/serial_r/AR[0]
    OLOGIC_X0Y21         OSERDESE2                                    r  acquireToHDMIwithZynq_i/acquireToDisplay_AXI_0/U0/acquireToDisplay_AXI_slave_lite_v1_0_S00_AXI_inst/oscilloscope_inst/datapath_inst/hdmi0_inst/inst/serial_r/oserdes_s/RST
  -------------------------------------------------------------------    -------------------

                         (clock clk_out1_clk_wiz_0 rise edge)
                                                      0.000     0.000 r  
    BUFGCTRL_X0Y0        BUFG                         0.000     0.000 r  acquireToHDMIwithZynq_i/processing_system7_0/inst/buffer_fclk_clk_0.FCLK_CLK_0_BUFG/O
                         net (fo=1484, routed)        0.812     0.812    acquireToHDMIwithZynq_i/acquireToDisplay_AXI_0/U0/acquireToDisplay_AXI_slave_lite_v1_0_S00_AXI_inst/oscilloscope_inst/datapath_inst/vc/inst/clk_in1
    MMCME2_ADV_X0Y0      MMCME2_ADV (Prop_mmcme2_adv_CLKIN1_CLKOUT0)
                                                     -1.369    -0.557 r  acquireToHDMIwithZynq_i/acquireToDisplay_AXI_0/U0/acquireToDisplay_AXI_slave_lite_v1_0_S00_AXI_inst/oscilloscope_inst/datapath_inst/vc/inst/mmcm_adv_inst/CLKOUT0
                         net (fo=1, routed)           0.528    -0.029    acquireToHDMIwithZynq_i/acquireToDisplay_AXI_0/U0/acquireToDisplay_AXI_slave_lite_v1_0_S00_AXI_inst/oscilloscope_inst/datapath_inst/vc/inst/clk_out1_clk_wiz_0
    BUFGCTRL_X0Y1        BUFG (Prop_bufg_I_O)         0.029    -0.000 r  acquireToHDMIwithZynq_i/acquireToDisplay_AXI_0/U0/acquireToDisplay_AXI_slave_lite_v1_0_S00_AXI_inst/oscilloscope_inst/datapath_inst/vc/inst/clkout1_buf/O
                         net (fo=224, routed)         0.847     0.847    acquireToHDMIwithZynq_i/acquireToDisplay_AXI_0/U0/acquireToDisplay_AXI_slave_lite_v1_0_S00_AXI_inst/oscilloscope_inst/datapath_inst/hdmi0_inst/inst/serial_r/pix_clk
    OLOGIC_X0Y21         OSERDESE2                                    r  acquireToHDMIwithZynq_i/acquireToDisplay_AXI_0/U0/acquireToDisplay_AXI_slave_lite_v1_0_S00_AXI_inst/oscilloscope_inst/datapath_inst/hdmi0_inst/inst/serial_r/oserdes_s/CLKDIV
                         clock pessimism              0.000     0.847    
                         clock uncertainty            0.991     1.838    
    OLOGIC_X0Y21         OSERDESE2 (Hold_oserdese2_CLKDIV_RST)
                                                      0.559     2.397    acquireToHDMIwithZynq_i/acquireToDisplay_AXI_0/U0/acquireToDisplay_AXI_slave_lite_v1_0_S00_AXI_inst/oscilloscope_inst/datapath_inst/hdmi0_inst/inst/serial_r/oserdes_s
  -------------------------------------------------------------------
                         required time                         -2.397    
                         arrival time                           2.653    
  -------------------------------------------------------------------
                         slack                                  0.256    

Slack (MET) :             0.266ns  (arrival time - required time)
  Source:                 acquireToHDMIwithZynq_i/rst_ps7_0_50M/U0/ACTIVE_LOW_PR_OUT_DFF[0].FDRE_PER_N/C
                            (rising edge-triggered cell FDRE clocked by clk_fpga_0  {rise@0.000ns fall@10.000ns period=20.000ns})
  Destination:            acquireToHDMIwithZynq_i/acquireToDisplay_AXI_0/U0/acquireToDisplay_AXI_slave_lite_v1_0_S00_AXI_inst/oscilloscope_inst/datapath_inst/videoSigGen_inst/pixelVert_reg[9]/R
                            (rising edge-triggered cell FDRE clocked by clk_out1_clk_wiz_0  {rise@0.000ns fall@6.737ns period=13.474ns})
  Path Group:             clk_out1_clk_wiz_0
  Path Type:              Hold (Min at Fast Process Corner)
  Requirement:            0.000ns  (clk_out1_clk_wiz_0 rise@0.000ns - clk_fpga_0 rise@0.000ns)
  Data Path Delay:        1.172ns  (logic 0.186ns (15.873%)  route 0.986ns (84.127%))
  Logic Levels:           1  (LUT1=1)
  Clock Path Skew:        -0.067ns (DCD - SCD - CPR)
    Destination Clock Delay (DCD):    0.823ns
    Source Clock Delay      (SCD):    0.891ns
    Clock Pessimism Removal (CPR):    -0.000ns
  Clock Uncertainty:      0.991ns  ((TSJ^2 + TIJ^2 + DJ^2)^1/2) / 2 + PE
    Total System Jitter     (TSJ):    0.071ns
    Total Input Jitter      (TIJ):    0.600ns
    Discrete Jitter          (DJ):    0.462ns
    Phase Error              (PE):    0.611ns
  Clock Domain Crossing:  Inter clock paths are considered valid unless explicitly excluded by timing constraints such as set_clock_groups or set_false_path.

    Location             Delay type                Incr(ns)  Path(ns)    Netlist Resource(s)
  -------------------------------------------------------------------    -------------------
                         (clock clk_fpga_0 rise edge)
                                                      0.000     0.000 r  
    PS7_X0Y0             PS7                          0.000     0.000 r  acquireToHDMIwithZynq_i/processing_system7_0/inst/PS7_i/FCLKCLK[0]
                         net (fo=1, routed)           0.315     0.315    acquireToHDMIwithZynq_i/processing_system7_0/inst/FCLK_CLK_unbuffered[0]
    BUFGCTRL_X0Y0        BUFG (Prop_bufg_I_O)         0.026     0.341 r  acquireToHDMIwithZynq_i/processing_system7_0/inst/buffer_fclk_clk_0.FCLK_CLK_0_BUFG/O
                         net (fo=1484, routed)        0.550     0.891    acquireToHDMIwithZynq_i/rst_ps7_0_50M/U0/slowest_sync_clk
    SLICE_X35Y25         FDRE                                         r  acquireToHDMIwithZynq_i/rst_ps7_0_50M/U0/ACTIVE_LOW_PR_OUT_DFF[0].FDRE_PER_N/C
  -------------------------------------------------------------------    -------------------
    SLICE_X35Y25         FDRE (Prop_fdre_C_Q)         0.141     1.031 f  acquireToHDMIwithZynq_i/rst_ps7_0_50M/U0/ACTIVE_LOW_PR_OUT_DFF[0].FDRE_PER_N/Q
                         net (fo=21, routed)          0.356     1.387    acquireToHDMIwithZynq_i/acquireToDisplay_AXI_0/U0/acquireToDisplay_AXI_slave_lite_v1_0_S00_AXI_inst/oscilloscope_inst/datapath_inst/sampleIntervalCounter_inst/s00_axi_aresetn
    SLICE_X35Y25         LUT1 (Prop_lut1_I0_O)        0.045     1.432 r  acquireToHDMIwithZynq_i/acquireToDisplay_AXI_0/U0/acquireToDisplay_AXI_slave_lite_v1_0_S00_AXI_inst/oscilloscope_inst/datapath_inst/sampleIntervalCounter_inst/hdmi0_inst_i_1/O
                         net (fo=445, routed)         0.630     2.062    acquireToHDMIwithZynq_i/acquireToDisplay_AXI_0/U0/acquireToDisplay_AXI_slave_lite_v1_0_S00_AXI_inst/oscilloscope_inst/datapath_inst/videoSigGen_inst/SR[0]
    SLICE_X35Y31         FDRE                                         r  acquireToHDMIwithZynq_i/acquireToDisplay_AXI_0/U0/acquireToDisplay_AXI_slave_lite_v1_0_S00_AXI_inst/oscilloscope_inst/datapath_inst/videoSigGen_inst/pixelVert_reg[9]/R
  -------------------------------------------------------------------    -------------------

                         (clock clk_out1_clk_wiz_0 rise edge)
                                                      0.000     0.000 r  
    BUFGCTRL_X0Y0        BUFG                         0.000     0.000 r  acquireToHDMIwithZynq_i/processing_system7_0/inst/buffer_fclk_clk_0.FCLK_CLK_0_BUFG/O
                         net (fo=1484, routed)        0.812     0.812    acquireToHDMIwithZynq_i/acquireToDisplay_AXI_0/U0/acquireToDisplay_AXI_slave_lite_v1_0_S00_AXI_inst/oscilloscope_inst/datapath_inst/vc/inst/clk_in1
    MMCME2_ADV_X0Y0      MMCME2_ADV (Prop_mmcme2_adv_CLKIN1_CLKOUT0)
                                                     -1.369    -0.557 r  acquireToHDMIwithZynq_i/acquireToDisplay_AXI_0/U0/acquireToDisplay_AXI_slave_lite_v1_0_S00_AXI_inst/oscilloscope_inst/datapath_inst/vc/inst/mmcm_adv_inst/CLKOUT0
                         net (fo=1, routed)           0.528    -0.029    acquireToHDMIwithZynq_i/acquireToDisplay_AXI_0/U0/acquireToDisplay_AXI_slave_lite_v1_0_S00_AXI_inst/oscilloscope_inst/datapath_inst/vc/inst/clk_out1_clk_wiz_0
    BUFGCTRL_X0Y1        BUFG (Prop_bufg_I_O)         0.029    -0.000 r  acquireToHDMIwithZynq_i/acquireToDisplay_AXI_0/U0/acquireToDisplay_AXI_slave_lite_v1_0_S00_AXI_inst/oscilloscope_inst/datapath_inst/vc/inst/clkout1_buf/O
                         net (fo=224, routed)         0.823     0.823    acquireToHDMIwithZynq_i/acquireToDisplay_AXI_0/U0/acquireToDisplay_AXI_slave_lite_v1_0_S00_AXI_inst/oscilloscope_inst/datapath_inst/videoSigGen_inst/CLK
    SLICE_X35Y31         FDRE                                         r  acquireToHDMIwithZynq_i/acquireToDisplay_AXI_0/U0/acquireToDisplay_AXI_slave_lite_v1_0_S00_AXI_inst/oscilloscope_inst/datapath_inst/videoSigGen_inst/pixelVert_reg[9]/C
                         clock pessimism              0.000     0.823    
                         clock uncertainty            0.991     1.814    
    SLICE_X35Y31         FDRE (Hold_fdre_C_R)        -0.018     1.796    acquireToHDMIwithZynq_i/acquireToDisplay_AXI_0/U0/acquireToDisplay_AXI_slave_lite_v1_0_S00_AXI_inst/oscilloscope_inst/datapath_inst/videoSigGen_inst/pixelVert_reg[9]
  -------------------------------------------------------------------
                         required time                         -1.796    
                         arrival time                           2.062    
  -------------------------------------------------------------------
                         slack                                  0.266    

Slack (MET) :             0.273ns  (arrival time - required time)
  Source:                 acquireToHDMIwithZynq_i/rst_ps7_0_50M/U0/ACTIVE_LOW_PR_OUT_DFF[0].FDRE_PER_N/C
                            (rising edge-triggered cell FDRE clocked by clk_fpga_0  {rise@0.000ns fall@10.000ns period=20.000ns})
  Destination:            acquireToHDMIwithZynq_i/acquireToDisplay_AXI_0/U0/acquireToDisplay_AXI_slave_lite_v1_0_S00_AXI_inst/oscilloscope_inst/datapath_inst/videoSigGen_inst/pixelVert_reg[3]/R
                            (rising edge-triggered cell FDRE clocked by clk_out1_clk_wiz_0  {rise@0.000ns fall@6.737ns period=13.474ns})
  Path Group:             clk_out1_clk_wiz_0
  Path Type:              Hold (Min at Fast Process Corner)
  Requirement:            0.000ns  (clk_out1_clk_wiz_0 rise@0.000ns - clk_fpga_0 rise@0.000ns)
  Data Path Delay:        1.205ns  (logic 0.186ns (15.441%)  route 1.019ns (84.559%))
  Logic Levels:           1  (LUT1=1)
  Clock Path Skew:        -0.069ns (DCD - SCD - CPR)
    Destination Clock Delay (DCD):    0.822ns
    Source Clock Delay      (SCD):    0.891ns
    Clock Pessimism Removal (CPR):    -0.000ns
  Clock Uncertainty:      0.991ns  ((TSJ^2 + TIJ^2 + DJ^2)^1/2) / 2 + PE
    Total System Jitter     (TSJ):    0.071ns
    Total Input Jitter      (TIJ):    0.600ns
    Discrete Jitter          (DJ):    0.462ns
    Phase Error              (PE):    0.611ns
  Clock Domain Crossing:  Inter clock paths are considered valid unless explicitly excluded by timing constraints such as set_clock_groups or set_false_path.

    Location             Delay type                Incr(ns)  Path(ns)    Netlist Resource(s)
  -------------------------------------------------------------------    -------------------
                         (clock clk_fpga_0 rise edge)
                                                      0.000     0.000 r  
    PS7_X0Y0             PS7                          0.000     0.000 r  acquireToHDMIwithZynq_i/processing_system7_0/inst/PS7_i/FCLKCLK[0]
                         net (fo=1, routed)           0.315     0.315    acquireToHDMIwithZynq_i/processing_system7_0/inst/FCLK_CLK_unbuffered[0]
    BUFGCTRL_X0Y0        BUFG (Prop_bufg_I_O)         0.026     0.341 r  acquireToHDMIwithZynq_i/processing_system7_0/inst/buffer_fclk_clk_0.FCLK_CLK_0_BUFG/O
                         net (fo=1484, routed)        0.550     0.891    acquireToHDMIwithZynq_i/rst_ps7_0_50M/U0/slowest_sync_clk
    SLICE_X35Y25         FDRE                                         r  acquireToHDMIwithZynq_i/rst_ps7_0_50M/U0/ACTIVE_LOW_PR_OUT_DFF[0].FDRE_PER_N/C
  -------------------------------------------------------------------    -------------------
    SLICE_X35Y25         FDRE (Prop_fdre_C_Q)         0.141     1.031 f  acquireToHDMIwithZynq_i/rst_ps7_0_50M/U0/ACTIVE_LOW_PR_OUT_DFF[0].FDRE_PER_N/Q
                         net (fo=21, routed)          0.356     1.387    acquireToHDMIwithZynq_i/acquireToDisplay_AXI_0/U0/acquireToDisplay_AXI_slave_lite_v1_0_S00_AXI_inst/oscilloscope_inst/datapath_inst/sampleIntervalCounter_inst/s00_axi_aresetn
    SLICE_X35Y25         LUT1 (Prop_lut1_I0_O)        0.045     1.432 r  acquireToHDMIwithZynq_i/acquireToDisplay_AXI_0/U0/acquireToDisplay_AXI_slave_lite_v1_0_S00_AXI_inst/oscilloscope_inst/datapath_inst/sampleIntervalCounter_inst/hdmi0_inst_i_1/O
                         net (fo=445, routed)         0.663     2.095    acquireToHDMIwithZynq_i/acquireToDisplay_AXI_0/U0/acquireToDisplay_AXI_slave_lite_v1_0_S00_AXI_inst/oscilloscope_inst/datapath_inst/videoSigGen_inst/SR[0]
    SLICE_X34Y30         FDRE                                         r  acquireToHDMIwithZynq_i/acquireToDisplay_AXI_0/U0/acquireToDisplay_AXI_slave_lite_v1_0_S00_AXI_inst/oscilloscope_inst/datapath_inst/videoSigGen_inst/pixelVert_reg[3]/R
  -------------------------------------------------------------------    -------------------

                         (clock clk_out1_clk_wiz_0 rise edge)
                                                      0.000     0.000 r  
    BUFGCTRL_X0Y0        BUFG                         0.000     0.000 r  acquireToHDMIwithZynq_i/processing_system7_0/inst/buffer_fclk_clk_0.FCLK_CLK_0_BUFG/O
                         net (fo=1484, routed)        0.812     0.812    acquireToHDMIwithZynq_i/acquireToDisplay_AXI_0/U0/acquireToDisplay_AXI_slave_lite_v1_0_S00_AXI_inst/oscilloscope_inst/datapath_inst/vc/inst/clk_in1
    MMCME2_ADV_X0Y0      MMCME2_ADV (Prop_mmcme2_adv_CLKIN1_CLKOUT0)
                                                     -1.369    -0.557 r  acquireToHDMIwithZynq_i/acquireToDisplay_AXI_0/U0/acquireToDisplay_AXI_slave_lite_v1_0_S00_AXI_inst/oscilloscope_inst/datapath_inst/vc/inst/mmcm_adv_inst/CLKOUT0
                         net (fo=1, routed)           0.528    -0.029    acquireToHDMIwithZynq_i/acquireToDisplay_AXI_0/U0/acquireToDisplay_AXI_slave_lite_v1_0_S00_AXI_inst/oscilloscope_inst/datapath_inst/vc/inst/clk_out1_clk_wiz_0
    BUFGCTRL_X0Y1        BUFG (Prop_bufg_I_O)         0.029    -0.000 r  acquireToHDMIwithZynq_i/acquireToDisplay_AXI_0/U0/acquireToDisplay_AXI_slave_lite_v1_0_S00_AXI_inst/oscilloscope_inst/datapath_inst/vc/inst/clkout1_buf/O
                         net (fo=224, routed)         0.822     0.822    acquireToHDMIwithZynq_i/acquireToDisplay_AXI_0/U0/acquireToDisplay_AXI_slave_lite_v1_0_S00_AXI_inst/oscilloscope_inst/datapath_inst/videoSigGen_inst/CLK
    SLICE_X34Y30         FDRE                                         r  acquireToHDMIwithZynq_i/acquireToDisplay_AXI_0/U0/acquireToDisplay_AXI_slave_lite_v1_0_S00_AXI_inst/oscilloscope_inst/datapath_inst/videoSigGen_inst/pixelVert_reg[3]/C
                         clock pessimism              0.000     0.822    
                         clock uncertainty            0.991     1.813    
    SLICE_X34Y30         FDRE (Hold_fdre_C_R)         0.009     1.822    acquireToHDMIwithZynq_i/acquireToDisplay_AXI_0/U0/acquireToDisplay_AXI_slave_lite_v1_0_S00_AXI_inst/oscilloscope_inst/datapath_inst/videoSigGen_inst/pixelVert_reg[3]
  -------------------------------------------------------------------
                         required time                         -1.822    
                         arrival time                           2.095    
  -------------------------------------------------------------------
                         slack                                  0.273    





---------------------------------------------------------------------------------------------------
Path Group:  **async_default**
From Clock:  clk_fpga_0
  To Clock:  clk_out1_clk_wiz_0

Setup :           42  Failing Endpoints,  Worst Slack       -5.412ns,  Total Violation     -222.630ns
Hold  :            0  Failing Endpoints,  Worst Slack        0.206ns,  Total Violation        0.000ns
---------------------------------------------------------------------------------------------------


Max Delay Paths
--------------------------------------------------------------------------------------
Slack (VIOLATED) :        -5.412ns  (required time - arrival time)
  Source:                 acquireToHDMIwithZynq_i/rst_ps7_0_50M/U0/ACTIVE_LOW_PR_OUT_DFF[0].FDRE_PER_N/C
                            (rising edge-triggered cell FDRE clocked by clk_fpga_0  {rise@0.000ns fall@10.000ns period=20.000ns})
  Destination:            acquireToHDMIwithZynq_i/acquireToDisplay_AXI_0/U0/acquireToDisplay_AXI_slave_lite_v1_0_S00_AXI_inst/oscilloscope_inst/datapath_inst/hdmi0_inst/inst/encb/cnt_reg[3]/CLR
                            (recovery check against rising-edge clock clk_out1_clk_wiz_0  {rise@0.000ns fall@6.737ns period=13.474ns})
  Path Group:             **async_default**
  Path Type:              Recovery (Max at Slow Process Corner)
  Requirement:            0.211ns  (clk_out1_clk_wiz_0 rise@660.211ns - clk_fpga_0 rise@660.000ns)
  Data Path Delay:        2.823ns  (logic 0.580ns (20.547%)  route 2.243ns (79.453%))
  Logic Levels:           1  (LUT2=1)
  Clock Path Skew:        -1.404ns (DCD - SCD + CPR)
    Destination Clock Delay (DCD):    1.558ns = ( 661.769 - 660.211 ) 
    Source Clock Delay      (SCD):    2.962ns = ( 662.962 - 660.000 ) 
    Clock Pessimism Removal (CPR):    0.000ns
  Clock Uncertainty:      0.991ns  ((TSJ^2 + TIJ^2 + DJ^2)^1/2) / 2 + PE
    Total System Jitter     (TSJ):    0.071ns
    Total Input Jitter      (TIJ):    0.600ns
    Discrete Jitter          (DJ):    0.462ns
    Phase Error              (PE):    0.611ns
  Clock Domain Crossing:  Inter clock paths are considered valid unless explicitly excluded by timing constraints such as set_clock_groups or set_false_path.

    Location             Delay type                Incr(ns)  Path(ns)    Netlist Resource(s)
  -------------------------------------------------------------------    -------------------
                         (clock clk_fpga_0 rise edge)
                                                    660.000   660.000 r  
    PS7_X0Y0             PS7                          0.000   660.000 r  acquireToHDMIwithZynq_i/processing_system7_0/inst/PS7_i/FCLKCLK[0]
                         net (fo=1, routed)           1.207   661.207    acquireToHDMIwithZynq_i/processing_system7_0/inst/FCLK_CLK_unbuffered[0]
    BUFGCTRL_X0Y0        BUFG (Prop_bufg_I_O)         0.101   661.308 r  acquireToHDMIwithZynq_i/processing_system7_0/inst/buffer_fclk_clk_0.FCLK_CLK_0_BUFG/O
                         net (fo=1484, routed)        1.654   662.962    acquireToHDMIwithZynq_i/rst_ps7_0_50M/U0/slowest_sync_clk
    SLICE_X35Y25         FDRE                                         r  acquireToHDMIwithZynq_i/rst_ps7_0_50M/U0/ACTIVE_LOW_PR_OUT_DFF[0].FDRE_PER_N/C
  -------------------------------------------------------------------    -------------------
    SLICE_X35Y25         FDRE (Prop_fdre_C_Q)         0.456   663.418 r  acquireToHDMIwithZynq_i/rst_ps7_0_50M/U0/ACTIVE_LOW_PR_OUT_DFF[0].FDRE_PER_N/Q
                         net (fo=21, routed)          1.131   664.549    acquireToHDMIwithZynq_i/acquireToDisplay_AXI_0/U0/acquireToDisplay_AXI_slave_lite_v1_0_S00_AXI_inst/oscilloscope_inst/datapath_inst/hdmi0_inst/inst/encr/lopt
    SLICE_X35Y23         LUT2 (Prop_lut2_I0_O)        0.124   664.673 f  acquireToHDMIwithZynq_i/acquireToDisplay_AXI_0/U0/acquireToDisplay_AXI_slave_lite_v1_0_S00_AXI_inst/oscilloscope_inst/datapath_inst/hdmi0_inst/inst/encr/oserdes_m_i_1/O
                         net (fo=50, routed)          1.112   665.785    acquireToHDMIwithZynq_i/acquireToDisplay_AXI_0/U0/acquireToDisplay_AXI_slave_lite_v1_0_S00_AXI_inst/oscilloscope_inst/datapath_inst/hdmi0_inst/inst/encb/AR[0]
    SLICE_X36Y24         FDCE                                         f  acquireToHDMIwithZynq_i/acquireToDisplay_AXI_0/U0/acquireToDisplay_AXI_slave_lite_v1_0_S00_AXI_inst/oscilloscope_inst/datapath_inst/hdmi0_inst/inst/encb/cnt_reg[3]/CLR
  -------------------------------------------------------------------    -------------------

                         (clock clk_out1_clk_wiz_0 rise edge)
                                                    660.211   660.211 r  
    BUFGCTRL_X0Y0        BUFG                         0.000   660.211 r  acquireToHDMIwithZynq_i/processing_system7_0/inst/buffer_fclk_clk_0.FCLK_CLK_0_BUFG/O
                         net (fo=1484, routed)        1.487   661.698    acquireToHDMIwithZynq_i/acquireToDisplay_AXI_0/U0/acquireToDisplay_AXI_slave_lite_v1_0_S00_AXI_inst/oscilloscope_inst/datapath_inst/vc/inst/clk_in1
    MMCME2_ADV_X0Y0      MMCME2_ADV (Prop_mmcme2_adv_CLKIN1_CLKOUT0)
                                                     -3.177   658.521 r  acquireToHDMIwithZynq_i/acquireToDisplay_AXI_0/U0/acquireToDisplay_AXI_slave_lite_v1_0_S00_AXI_inst/oscilloscope_inst/datapath_inst/vc/inst/mmcm_adv_inst/CLKOUT0
                         net (fo=1, routed)           1.599   660.120    acquireToHDMIwithZynq_i/acquireToDisplay_AXI_0/U0/acquireToDisplay_AXI_slave_lite_v1_0_S00_AXI_inst/oscilloscope_inst/datapath_inst/vc/inst/clk_out1_clk_wiz_0
    BUFGCTRL_X0Y1        BUFG (Prop_bufg_I_O)         0.091   660.211 r  acquireToHDMIwithZynq_i/acquireToDisplay_AXI_0/U0/acquireToDisplay_AXI_slave_lite_v1_0_S00_AXI_inst/oscilloscope_inst/datapath_inst/vc/inst/clkout1_buf/O
                         net (fo=224, routed)         1.558   661.769    acquireToHDMIwithZynq_i/acquireToDisplay_AXI_0/U0/acquireToDisplay_AXI_slave_lite_v1_0_S00_AXI_inst/oscilloscope_inst/datapath_inst/hdmi0_inst/inst/encb/pix_clk
    SLICE_X36Y24         FDCE                                         r  acquireToHDMIwithZynq_i/acquireToDisplay_AXI_0/U0/acquireToDisplay_AXI_slave_lite_v1_0_S00_AXI_inst/oscilloscope_inst/datapath_inst/hdmi0_inst/inst/encb/cnt_reg[3]/C
                         clock pessimism              0.000   661.769    
                         clock uncertainty           -0.991   660.778    
    SLICE_X36Y24         FDCE (Recov_fdce_C_CLR)     -0.405   660.373    acquireToHDMIwithZynq_i/acquireToDisplay_AXI_0/U0/acquireToDisplay_AXI_slave_lite_v1_0_S00_AXI_inst/oscilloscope_inst/datapath_inst/hdmi0_inst/inst/encb/cnt_reg[3]
  -------------------------------------------------------------------
                         required time                        660.373    
                         arrival time                        -665.785    
  -------------------------------------------------------------------
                         slack                                 -5.412    

Slack (VIOLATED) :        -5.412ns  (required time - arrival time)
  Source:                 acquireToHDMIwithZynq_i/rst_ps7_0_50M/U0/ACTIVE_LOW_PR_OUT_DFF[0].FDRE_PER_N/C
                            (rising edge-triggered cell FDRE clocked by clk_fpga_0  {rise@0.000ns fall@10.000ns period=20.000ns})
  Destination:            acquireToHDMIwithZynq_i/acquireToDisplay_AXI_0/U0/acquireToDisplay_AXI_slave_lite_v1_0_S00_AXI_inst/oscilloscope_inst/datapath_inst/hdmi0_inst/inst/encb/dout_reg[6]/CLR
                            (recovery check against rising-edge clock clk_out1_clk_wiz_0  {rise@0.000ns fall@6.737ns period=13.474ns})
  Path Group:             **async_default**
  Path Type:              Recovery (Max at Slow Process Corner)
  Requirement:            0.211ns  (clk_out1_clk_wiz_0 rise@660.211ns - clk_fpga_0 rise@660.000ns)
  Data Path Delay:        2.823ns  (logic 0.580ns (20.547%)  route 2.243ns (79.453%))
  Logic Levels:           1  (LUT2=1)
  Clock Path Skew:        -1.404ns (DCD - SCD + CPR)
    Destination Clock Delay (DCD):    1.558ns = ( 661.769 - 660.211 ) 
    Source Clock Delay      (SCD):    2.962ns = ( 662.962 - 660.000 ) 
    Clock Pessimism Removal (CPR):    0.000ns
  Clock Uncertainty:      0.991ns  ((TSJ^2 + TIJ^2 + DJ^2)^1/2) / 2 + PE
    Total System Jitter     (TSJ):    0.071ns
    Total Input Jitter      (TIJ):    0.600ns
    Discrete Jitter          (DJ):    0.462ns
    Phase Error              (PE):    0.611ns
  Clock Domain Crossing:  Inter clock paths are considered valid unless explicitly excluded by timing constraints such as set_clock_groups or set_false_path.

    Location             Delay type                Incr(ns)  Path(ns)    Netlist Resource(s)
  -------------------------------------------------------------------    -------------------
                         (clock clk_fpga_0 rise edge)
                                                    660.000   660.000 r  
    PS7_X0Y0             PS7                          0.000   660.000 r  acquireToHDMIwithZynq_i/processing_system7_0/inst/PS7_i/FCLKCLK[0]
                         net (fo=1, routed)           1.207   661.207    acquireToHDMIwithZynq_i/processing_system7_0/inst/FCLK_CLK_unbuffered[0]
    BUFGCTRL_X0Y0        BUFG (Prop_bufg_I_O)         0.101   661.308 r  acquireToHDMIwithZynq_i/processing_system7_0/inst/buffer_fclk_clk_0.FCLK_CLK_0_BUFG/O
                         net (fo=1484, routed)        1.654   662.962    acquireToHDMIwithZynq_i/rst_ps7_0_50M/U0/slowest_sync_clk
    SLICE_X35Y25         FDRE                                         r  acquireToHDMIwithZynq_i/rst_ps7_0_50M/U0/ACTIVE_LOW_PR_OUT_DFF[0].FDRE_PER_N/C
  -------------------------------------------------------------------    -------------------
    SLICE_X35Y25         FDRE (Prop_fdre_C_Q)         0.456   663.418 r  acquireToHDMIwithZynq_i/rst_ps7_0_50M/U0/ACTIVE_LOW_PR_OUT_DFF[0].FDRE_PER_N/Q
                         net (fo=21, routed)          1.131   664.549    acquireToHDMIwithZynq_i/acquireToDisplay_AXI_0/U0/acquireToDisplay_AXI_slave_lite_v1_0_S00_AXI_inst/oscilloscope_inst/datapath_inst/hdmi0_inst/inst/encr/lopt
    SLICE_X35Y23         LUT2 (Prop_lut2_I0_O)        0.124   664.673 f  acquireToHDMIwithZynq_i/acquireToDisplay_AXI_0/U0/acquireToDisplay_AXI_slave_lite_v1_0_S00_AXI_inst/oscilloscope_inst/datapath_inst/hdmi0_inst/inst/encr/oserdes_m_i_1/O
                         net (fo=50, routed)          1.112   665.785    acquireToHDMIwithZynq_i/acquireToDisplay_AXI_0/U0/acquireToDisplay_AXI_slave_lite_v1_0_S00_AXI_inst/oscilloscope_inst/datapath_inst/hdmi0_inst/inst/encb/AR[0]
    SLICE_X36Y24         FDCE                                         f  acquireToHDMIwithZynq_i/acquireToDisplay_AXI_0/U0/acquireToDisplay_AXI_slave_lite_v1_0_S00_AXI_inst/oscilloscope_inst/datapath_inst/hdmi0_inst/inst/encb/dout_reg[6]/CLR
  -------------------------------------------------------------------    -------------------

                         (clock clk_out1_clk_wiz_0 rise edge)
                                                    660.211   660.211 r  
    BUFGCTRL_X0Y0        BUFG                         0.000   660.211 r  acquireToHDMIwithZynq_i/processing_system7_0/inst/buffer_fclk_clk_0.FCLK_CLK_0_BUFG/O
                         net (fo=1484, routed)        1.487   661.698    acquireToHDMIwithZynq_i/acquireToDisplay_AXI_0/U0/acquireToDisplay_AXI_slave_lite_v1_0_S00_AXI_inst/oscilloscope_inst/datapath_inst/vc/inst/clk_in1
    MMCME2_ADV_X0Y0      MMCME2_ADV (Prop_mmcme2_adv_CLKIN1_CLKOUT0)
                                                     -3.177   658.521 r  acquireToHDMIwithZynq_i/acquireToDisplay_AXI_0/U0/acquireToDisplay_AXI_slave_lite_v1_0_S00_AXI_inst/oscilloscope_inst/datapath_inst/vc/inst/mmcm_adv_inst/CLKOUT0
                         net (fo=1, routed)           1.599   660.120    acquireToHDMIwithZynq_i/acquireToDisplay_AXI_0/U0/acquireToDisplay_AXI_slave_lite_v1_0_S00_AXI_inst/oscilloscope_inst/datapath_inst/vc/inst/clk_out1_clk_wiz_0
    BUFGCTRL_X0Y1        BUFG (Prop_bufg_I_O)         0.091   660.211 r  acquireToHDMIwithZynq_i/acquireToDisplay_AXI_0/U0/acquireToDisplay_AXI_slave_lite_v1_0_S00_AXI_inst/oscilloscope_inst/datapath_inst/vc/inst/clkout1_buf/O
                         net (fo=224, routed)         1.558   661.769    acquireToHDMIwithZynq_i/acquireToDisplay_AXI_0/U0/acquireToDisplay_AXI_slave_lite_v1_0_S00_AXI_inst/oscilloscope_inst/datapath_inst/hdmi0_inst/inst/encb/pix_clk
    SLICE_X36Y24         FDCE                                         r  acquireToHDMIwithZynq_i/acquireToDisplay_AXI_0/U0/acquireToDisplay_AXI_slave_lite_v1_0_S00_AXI_inst/oscilloscope_inst/datapath_inst/hdmi0_inst/inst/encb/dout_reg[6]/C
                         clock pessimism              0.000   661.769    
                         clock uncertainty           -0.991   660.778    
    SLICE_X36Y24         FDCE (Recov_fdce_C_CLR)     -0.405   660.373    acquireToHDMIwithZynq_i/acquireToDisplay_AXI_0/U0/acquireToDisplay_AXI_slave_lite_v1_0_S00_AXI_inst/oscilloscope_inst/datapath_inst/hdmi0_inst/inst/encb/dout_reg[6]
  -------------------------------------------------------------------
                         required time                        660.373    
                         arrival time                        -665.785    
  -------------------------------------------------------------------
                         slack                                 -5.412    

Slack (VIOLATED) :        -5.412ns  (required time - arrival time)
  Source:                 acquireToHDMIwithZynq_i/rst_ps7_0_50M/U0/ACTIVE_LOW_PR_OUT_DFF[0].FDRE_PER_N/C
                            (rising edge-triggered cell FDRE clocked by clk_fpga_0  {rise@0.000ns fall@10.000ns period=20.000ns})
  Destination:            acquireToHDMIwithZynq_i/acquireToDisplay_AXI_0/U0/acquireToDisplay_AXI_slave_lite_v1_0_S00_AXI_inst/oscilloscope_inst/datapath_inst/hdmi0_inst/inst/encb/dout_reg[7]/CLR
                            (recovery check against rising-edge clock clk_out1_clk_wiz_0  {rise@0.000ns fall@6.737ns period=13.474ns})
  Path Group:             **async_default**
  Path Type:              Recovery (Max at Slow Process Corner)
  Requirement:            0.211ns  (clk_out1_clk_wiz_0 rise@660.211ns - clk_fpga_0 rise@660.000ns)
  Data Path Delay:        2.823ns  (logic 0.580ns (20.547%)  route 2.243ns (79.453%))
  Logic Levels:           1  (LUT2=1)
  Clock Path Skew:        -1.404ns (DCD - SCD + CPR)
    Destination Clock Delay (DCD):    1.558ns = ( 661.769 - 660.211 ) 
    Source Clock Delay      (SCD):    2.962ns = ( 662.962 - 660.000 ) 
    Clock Pessimism Removal (CPR):    0.000ns
  Clock Uncertainty:      0.991ns  ((TSJ^2 + TIJ^2 + DJ^2)^1/2) / 2 + PE
    Total System Jitter     (TSJ):    0.071ns
    Total Input Jitter      (TIJ):    0.600ns
    Discrete Jitter          (DJ):    0.462ns
    Phase Error              (PE):    0.611ns
  Clock Domain Crossing:  Inter clock paths are considered valid unless explicitly excluded by timing constraints such as set_clock_groups or set_false_path.

    Location             Delay type                Incr(ns)  Path(ns)    Netlist Resource(s)
  -------------------------------------------------------------------    -------------------
                         (clock clk_fpga_0 rise edge)
                                                    660.000   660.000 r  
    PS7_X0Y0             PS7                          0.000   660.000 r  acquireToHDMIwithZynq_i/processing_system7_0/inst/PS7_i/FCLKCLK[0]
                         net (fo=1, routed)           1.207   661.207    acquireToHDMIwithZynq_i/processing_system7_0/inst/FCLK_CLK_unbuffered[0]
    BUFGCTRL_X0Y0        BUFG (Prop_bufg_I_O)         0.101   661.308 r  acquireToHDMIwithZynq_i/processing_system7_0/inst/buffer_fclk_clk_0.FCLK_CLK_0_BUFG/O
                         net (fo=1484, routed)        1.654   662.962    acquireToHDMIwithZynq_i/rst_ps7_0_50M/U0/slowest_sync_clk
    SLICE_X35Y25         FDRE                                         r  acquireToHDMIwithZynq_i/rst_ps7_0_50M/U0/ACTIVE_LOW_PR_OUT_DFF[0].FDRE_PER_N/C
  -------------------------------------------------------------------    -------------------
    SLICE_X35Y25         FDRE (Prop_fdre_C_Q)         0.456   663.418 r  acquireToHDMIwithZynq_i/rst_ps7_0_50M/U0/ACTIVE_LOW_PR_OUT_DFF[0].FDRE_PER_N/Q
                         net (fo=21, routed)          1.131   664.549    acquireToHDMIwithZynq_i/acquireToDisplay_AXI_0/U0/acquireToDisplay_AXI_slave_lite_v1_0_S00_AXI_inst/oscilloscope_inst/datapath_inst/hdmi0_inst/inst/encr/lopt
    SLICE_X35Y23         LUT2 (Prop_lut2_I0_O)        0.124   664.673 f  acquireToHDMIwithZynq_i/acquireToDisplay_AXI_0/U0/acquireToDisplay_AXI_slave_lite_v1_0_S00_AXI_inst/oscilloscope_inst/datapath_inst/hdmi0_inst/inst/encr/oserdes_m_i_1/O
                         net (fo=50, routed)          1.112   665.785    acquireToHDMIwithZynq_i/acquireToDisplay_AXI_0/U0/acquireToDisplay_AXI_slave_lite_v1_0_S00_AXI_inst/oscilloscope_inst/datapath_inst/hdmi0_inst/inst/encb/AR[0]
    SLICE_X36Y24         FDCE                                         f  acquireToHDMIwithZynq_i/acquireToDisplay_AXI_0/U0/acquireToDisplay_AXI_slave_lite_v1_0_S00_AXI_inst/oscilloscope_inst/datapath_inst/hdmi0_inst/inst/encb/dout_reg[7]/CLR
  -------------------------------------------------------------------    -------------------

                         (clock clk_out1_clk_wiz_0 rise edge)
                                                    660.211   660.211 r  
    BUFGCTRL_X0Y0        BUFG                         0.000   660.211 r  acquireToHDMIwithZynq_i/processing_system7_0/inst/buffer_fclk_clk_0.FCLK_CLK_0_BUFG/O
                         net (fo=1484, routed)        1.487   661.698    acquireToHDMIwithZynq_i/acquireToDisplay_AXI_0/U0/acquireToDisplay_AXI_slave_lite_v1_0_S00_AXI_inst/oscilloscope_inst/datapath_inst/vc/inst/clk_in1
    MMCME2_ADV_X0Y0      MMCME2_ADV (Prop_mmcme2_adv_CLKIN1_CLKOUT0)
                                                     -3.177   658.521 r  acquireToHDMIwithZynq_i/acquireToDisplay_AXI_0/U0/acquireToDisplay_AXI_slave_lite_v1_0_S00_AXI_inst/oscilloscope_inst/datapath_inst/vc/inst/mmcm_adv_inst/CLKOUT0
                         net (fo=1, routed)           1.599   660.120    acquireToHDMIwithZynq_i/acquireToDisplay_AXI_0/U0/acquireToDisplay_AXI_slave_lite_v1_0_S00_AXI_inst/oscilloscope_inst/datapath_inst/vc/inst/clk_out1_clk_wiz_0
    BUFGCTRL_X0Y1        BUFG (Prop_bufg_I_O)         0.091   660.211 r  acquireToHDMIwithZynq_i/acquireToDisplay_AXI_0/U0/acquireToDisplay_AXI_slave_lite_v1_0_S00_AXI_inst/oscilloscope_inst/datapath_inst/vc/inst/clkout1_buf/O
                         net (fo=224, routed)         1.558   661.769    acquireToHDMIwithZynq_i/acquireToDisplay_AXI_0/U0/acquireToDisplay_AXI_slave_lite_v1_0_S00_AXI_inst/oscilloscope_inst/datapath_inst/hdmi0_inst/inst/encb/pix_clk
    SLICE_X36Y24         FDCE                                         r  acquireToHDMIwithZynq_i/acquireToDisplay_AXI_0/U0/acquireToDisplay_AXI_slave_lite_v1_0_S00_AXI_inst/oscilloscope_inst/datapath_inst/hdmi0_inst/inst/encb/dout_reg[7]/C
                         clock pessimism              0.000   661.769    
                         clock uncertainty           -0.991   660.778    
    SLICE_X36Y24         FDCE (Recov_fdce_C_CLR)     -0.405   660.373    acquireToHDMIwithZynq_i/acquireToDisplay_AXI_0/U0/acquireToDisplay_AXI_slave_lite_v1_0_S00_AXI_inst/oscilloscope_inst/datapath_inst/hdmi0_inst/inst/encb/dout_reg[7]
  -------------------------------------------------------------------
                         required time                        660.373    
                         arrival time                        -665.785    
  -------------------------------------------------------------------
                         slack                                 -5.412    

Slack (VIOLATED) :        -5.412ns  (required time - arrival time)
  Source:                 acquireToHDMIwithZynq_i/rst_ps7_0_50M/U0/ACTIVE_LOW_PR_OUT_DFF[0].FDRE_PER_N/C
                            (rising edge-triggered cell FDRE clocked by clk_fpga_0  {rise@0.000ns fall@10.000ns period=20.000ns})
  Destination:            acquireToHDMIwithZynq_i/acquireToDisplay_AXI_0/U0/acquireToDisplay_AXI_slave_lite_v1_0_S00_AXI_inst/oscilloscope_inst/datapath_inst/hdmi0_inst/inst/encb/dout_reg[8]/CLR
                            (recovery check against rising-edge clock clk_out1_clk_wiz_0  {rise@0.000ns fall@6.737ns period=13.474ns})
  Path Group:             **async_default**
  Path Type:              Recovery (Max at Slow Process Corner)
  Requirement:            0.211ns  (clk_out1_clk_wiz_0 rise@660.211ns - clk_fpga_0 rise@660.000ns)
  Data Path Delay:        2.823ns  (logic 0.580ns (20.547%)  route 2.243ns (79.453%))
  Logic Levels:           1  (LUT2=1)
  Clock Path Skew:        -1.404ns (DCD - SCD + CPR)
    Destination Clock Delay (DCD):    1.558ns = ( 661.769 - 660.211 ) 
    Source Clock Delay      (SCD):    2.962ns = ( 662.962 - 660.000 ) 
    Clock Pessimism Removal (CPR):    0.000ns
  Clock Uncertainty:      0.991ns  ((TSJ^2 + TIJ^2 + DJ^2)^1/2) / 2 + PE
    Total System Jitter     (TSJ):    0.071ns
    Total Input Jitter      (TIJ):    0.600ns
    Discrete Jitter          (DJ):    0.462ns
    Phase Error              (PE):    0.611ns
  Clock Domain Crossing:  Inter clock paths are considered valid unless explicitly excluded by timing constraints such as set_clock_groups or set_false_path.

    Location             Delay type                Incr(ns)  Path(ns)    Netlist Resource(s)
  -------------------------------------------------------------------    -------------------
                         (clock clk_fpga_0 rise edge)
                                                    660.000   660.000 r  
    PS7_X0Y0             PS7                          0.000   660.000 r  acquireToHDMIwithZynq_i/processing_system7_0/inst/PS7_i/FCLKCLK[0]
                         net (fo=1, routed)           1.207   661.207    acquireToHDMIwithZynq_i/processing_system7_0/inst/FCLK_CLK_unbuffered[0]
    BUFGCTRL_X0Y0        BUFG (Prop_bufg_I_O)         0.101   661.308 r  acquireToHDMIwithZynq_i/processing_system7_0/inst/buffer_fclk_clk_0.FCLK_CLK_0_BUFG/O
                         net (fo=1484, routed)        1.654   662.962    acquireToHDMIwithZynq_i/rst_ps7_0_50M/U0/slowest_sync_clk
    SLICE_X35Y25         FDRE                                         r  acquireToHDMIwithZynq_i/rst_ps7_0_50M/U0/ACTIVE_LOW_PR_OUT_DFF[0].FDRE_PER_N/C
  -------------------------------------------------------------------    -------------------
    SLICE_X35Y25         FDRE (Prop_fdre_C_Q)         0.456   663.418 r  acquireToHDMIwithZynq_i/rst_ps7_0_50M/U0/ACTIVE_LOW_PR_OUT_DFF[0].FDRE_PER_N/Q
                         net (fo=21, routed)          1.131   664.549    acquireToHDMIwithZynq_i/acquireToDisplay_AXI_0/U0/acquireToDisplay_AXI_slave_lite_v1_0_S00_AXI_inst/oscilloscope_inst/datapath_inst/hdmi0_inst/inst/encr/lopt
    SLICE_X35Y23         LUT2 (Prop_lut2_I0_O)        0.124   664.673 f  acquireToHDMIwithZynq_i/acquireToDisplay_AXI_0/U0/acquireToDisplay_AXI_slave_lite_v1_0_S00_AXI_inst/oscilloscope_inst/datapath_inst/hdmi0_inst/inst/encr/oserdes_m_i_1/O
                         net (fo=50, routed)          1.112   665.785    acquireToHDMIwithZynq_i/acquireToDisplay_AXI_0/U0/acquireToDisplay_AXI_slave_lite_v1_0_S00_AXI_inst/oscilloscope_inst/datapath_inst/hdmi0_inst/inst/encb/AR[0]
    SLICE_X36Y24         FDCE                                         f  acquireToHDMIwithZynq_i/acquireToDisplay_AXI_0/U0/acquireToDisplay_AXI_slave_lite_v1_0_S00_AXI_inst/oscilloscope_inst/datapath_inst/hdmi0_inst/inst/encb/dout_reg[8]/CLR
  -------------------------------------------------------------------    -------------------

                         (clock clk_out1_clk_wiz_0 rise edge)
                                                    660.211   660.211 r  
    BUFGCTRL_X0Y0        BUFG                         0.000   660.211 r  acquireToHDMIwithZynq_i/processing_system7_0/inst/buffer_fclk_clk_0.FCLK_CLK_0_BUFG/O
                         net (fo=1484, routed)        1.487   661.698    acquireToHDMIwithZynq_i/acquireToDisplay_AXI_0/U0/acquireToDisplay_AXI_slave_lite_v1_0_S00_AXI_inst/oscilloscope_inst/datapath_inst/vc/inst/clk_in1
    MMCME2_ADV_X0Y0      MMCME2_ADV (Prop_mmcme2_adv_CLKIN1_CLKOUT0)
                                                     -3.177   658.521 r  acquireToHDMIwithZynq_i/acquireToDisplay_AXI_0/U0/acquireToDisplay_AXI_slave_lite_v1_0_S00_AXI_inst/oscilloscope_inst/datapath_inst/vc/inst/mmcm_adv_inst/CLKOUT0
                         net (fo=1, routed)           1.599   660.120    acquireToHDMIwithZynq_i/acquireToDisplay_AXI_0/U0/acquireToDisplay_AXI_slave_lite_v1_0_S00_AXI_inst/oscilloscope_inst/datapath_inst/vc/inst/clk_out1_clk_wiz_0
    BUFGCTRL_X0Y1        BUFG (Prop_bufg_I_O)         0.091   660.211 r  acquireToHDMIwithZynq_i/acquireToDisplay_AXI_0/U0/acquireToDisplay_AXI_slave_lite_v1_0_S00_AXI_inst/oscilloscope_inst/datapath_inst/vc/inst/clkout1_buf/O
                         net (fo=224, routed)         1.558   661.769    acquireToHDMIwithZynq_i/acquireToDisplay_AXI_0/U0/acquireToDisplay_AXI_slave_lite_v1_0_S00_AXI_inst/oscilloscope_inst/datapath_inst/hdmi0_inst/inst/encb/pix_clk
    SLICE_X36Y24         FDCE                                         r  acquireToHDMIwithZynq_i/acquireToDisplay_AXI_0/U0/acquireToDisplay_AXI_slave_lite_v1_0_S00_AXI_inst/oscilloscope_inst/datapath_inst/hdmi0_inst/inst/encb/dout_reg[8]/C
                         clock pessimism              0.000   661.769    
                         clock uncertainty           -0.991   660.778    
    SLICE_X36Y24         FDCE (Recov_fdce_C_CLR)     -0.405   660.373    acquireToHDMIwithZynq_i/acquireToDisplay_AXI_0/U0/acquireToDisplay_AXI_slave_lite_v1_0_S00_AXI_inst/oscilloscope_inst/datapath_inst/hdmi0_inst/inst/encb/dout_reg[8]
  -------------------------------------------------------------------
                         required time                        660.373    
                         arrival time                        -665.785    
  -------------------------------------------------------------------
                         slack                                 -5.412    

Slack (VIOLATED) :        -5.412ns  (required time - arrival time)
  Source:                 acquireToHDMIwithZynq_i/rst_ps7_0_50M/U0/ACTIVE_LOW_PR_OUT_DFF[0].FDRE_PER_N/C
                            (rising edge-triggered cell FDRE clocked by clk_fpga_0  {rise@0.000ns fall@10.000ns period=20.000ns})
  Destination:            acquireToHDMIwithZynq_i/acquireToDisplay_AXI_0/U0/acquireToDisplay_AXI_slave_lite_v1_0_S00_AXI_inst/oscilloscope_inst/datapath_inst/hdmi0_inst/inst/encg/dout_reg[0]/CLR
                            (recovery check against rising-edge clock clk_out1_clk_wiz_0  {rise@0.000ns fall@6.737ns period=13.474ns})
  Path Group:             **async_default**
  Path Type:              Recovery (Max at Slow Process Corner)
  Requirement:            0.211ns  (clk_out1_clk_wiz_0 rise@660.211ns - clk_fpga_0 rise@660.000ns)
  Data Path Delay:        2.823ns  (logic 0.580ns (20.547%)  route 2.243ns (79.453%))
  Logic Levels:           1  (LUT2=1)
  Clock Path Skew:        -1.404ns (DCD - SCD + CPR)
    Destination Clock Delay (DCD):    1.558ns = ( 661.769 - 660.211 ) 
    Source Clock Delay      (SCD):    2.962ns = ( 662.962 - 660.000 ) 
    Clock Pessimism Removal (CPR):    0.000ns
  Clock Uncertainty:      0.991ns  ((TSJ^2 + TIJ^2 + DJ^2)^1/2) / 2 + PE
    Total System Jitter     (TSJ):    0.071ns
    Total Input Jitter      (TIJ):    0.600ns
    Discrete Jitter          (DJ):    0.462ns
    Phase Error              (PE):    0.611ns
  Clock Domain Crossing:  Inter clock paths are considered valid unless explicitly excluded by timing constraints such as set_clock_groups or set_false_path.

    Location             Delay type                Incr(ns)  Path(ns)    Netlist Resource(s)
  -------------------------------------------------------------------    -------------------
                         (clock clk_fpga_0 rise edge)
                                                    660.000   660.000 r  
    PS7_X0Y0             PS7                          0.000   660.000 r  acquireToHDMIwithZynq_i/processing_system7_0/inst/PS7_i/FCLKCLK[0]
                         net (fo=1, routed)           1.207   661.207    acquireToHDMIwithZynq_i/processing_system7_0/inst/FCLK_CLK_unbuffered[0]
    BUFGCTRL_X0Y0        BUFG (Prop_bufg_I_O)         0.101   661.308 r  acquireToHDMIwithZynq_i/processing_system7_0/inst/buffer_fclk_clk_0.FCLK_CLK_0_BUFG/O
                         net (fo=1484, routed)        1.654   662.962    acquireToHDMIwithZynq_i/rst_ps7_0_50M/U0/slowest_sync_clk
    SLICE_X35Y25         FDRE                                         r  acquireToHDMIwithZynq_i/rst_ps7_0_50M/U0/ACTIVE_LOW_PR_OUT_DFF[0].FDRE_PER_N/C
  -------------------------------------------------------------------    -------------------
    SLICE_X35Y25         FDRE (Prop_fdre_C_Q)         0.456   663.418 r  acquireToHDMIwithZynq_i/rst_ps7_0_50M/U0/ACTIVE_LOW_PR_OUT_DFF[0].FDRE_PER_N/Q
                         net (fo=21, routed)          1.131   664.549    acquireToHDMIwithZynq_i/acquireToDisplay_AXI_0/U0/acquireToDisplay_AXI_slave_lite_v1_0_S00_AXI_inst/oscilloscope_inst/datapath_inst/hdmi0_inst/inst/encr/lopt
    SLICE_X35Y23         LUT2 (Prop_lut2_I0_O)        0.124   664.673 f  acquireToHDMIwithZynq_i/acquireToDisplay_AXI_0/U0/acquireToDisplay_AXI_slave_lite_v1_0_S00_AXI_inst/oscilloscope_inst/datapath_inst/hdmi0_inst/inst/encr/oserdes_m_i_1/O
                         net (fo=50, routed)          1.112   665.785    acquireToHDMIwithZynq_i/acquireToDisplay_AXI_0/U0/acquireToDisplay_AXI_slave_lite_v1_0_S00_AXI_inst/oscilloscope_inst/datapath_inst/hdmi0_inst/inst/encg/AR[0]
    SLICE_X36Y24         FDCE                                         f  acquireToHDMIwithZynq_i/acquireToDisplay_AXI_0/U0/acquireToDisplay_AXI_slave_lite_v1_0_S00_AXI_inst/oscilloscope_inst/datapath_inst/hdmi0_inst/inst/encg/dout_reg[0]/CLR
  -------------------------------------------------------------------    -------------------

                         (clock clk_out1_clk_wiz_0 rise edge)
                                                    660.211   660.211 r  
    BUFGCTRL_X0Y0        BUFG                         0.000   660.211 r  acquireToHDMIwithZynq_i/processing_system7_0/inst/buffer_fclk_clk_0.FCLK_CLK_0_BUFG/O
                         net (fo=1484, routed)        1.487   661.698    acquireToHDMIwithZynq_i/acquireToDisplay_AXI_0/U0/acquireToDisplay_AXI_slave_lite_v1_0_S00_AXI_inst/oscilloscope_inst/datapath_inst/vc/inst/clk_in1
    MMCME2_ADV_X0Y0      MMCME2_ADV (Prop_mmcme2_adv_CLKIN1_CLKOUT0)
                                                     -3.177   658.521 r  acquireToHDMIwithZynq_i/acquireToDisplay_AXI_0/U0/acquireToDisplay_AXI_slave_lite_v1_0_S00_AXI_inst/oscilloscope_inst/datapath_inst/vc/inst/mmcm_adv_inst/CLKOUT0
                         net (fo=1, routed)           1.599   660.120    acquireToHDMIwithZynq_i/acquireToDisplay_AXI_0/U0/acquireToDisplay_AXI_slave_lite_v1_0_S00_AXI_inst/oscilloscope_inst/datapath_inst/vc/inst/clk_out1_clk_wiz_0
    BUFGCTRL_X0Y1        BUFG (Prop_bufg_I_O)         0.091   660.211 r  acquireToHDMIwithZynq_i/acquireToDisplay_AXI_0/U0/acquireToDisplay_AXI_slave_lite_v1_0_S00_AXI_inst/oscilloscope_inst/datapath_inst/vc/inst/clkout1_buf/O
                         net (fo=224, routed)         1.558   661.769    acquireToHDMIwithZynq_i/acquireToDisplay_AXI_0/U0/acquireToDisplay_AXI_slave_lite_v1_0_S00_AXI_inst/oscilloscope_inst/datapath_inst/hdmi0_inst/inst/encg/pix_clk
    SLICE_X36Y24         FDCE                                         r  acquireToHDMIwithZynq_i/acquireToDisplay_AXI_0/U0/acquireToDisplay_AXI_slave_lite_v1_0_S00_AXI_inst/oscilloscope_inst/datapath_inst/hdmi0_inst/inst/encg/dout_reg[0]/C
                         clock pessimism              0.000   661.769    
                         clock uncertainty           -0.991   660.778    
    SLICE_X36Y24         FDCE (Recov_fdce_C_CLR)     -0.405   660.373    acquireToHDMIwithZynq_i/acquireToDisplay_AXI_0/U0/acquireToDisplay_AXI_slave_lite_v1_0_S00_AXI_inst/oscilloscope_inst/datapath_inst/hdmi0_inst/inst/encg/dout_reg[0]
  -------------------------------------------------------------------
                         required time                        660.373    
                         arrival time                        -665.785    
  -------------------------------------------------------------------
                         slack                                 -5.412    

Slack (VIOLATED) :        -5.412ns  (required time - arrival time)
  Source:                 acquireToHDMIwithZynq_i/rst_ps7_0_50M/U0/ACTIVE_LOW_PR_OUT_DFF[0].FDRE_PER_N/C
                            (rising edge-triggered cell FDRE clocked by clk_fpga_0  {rise@0.000ns fall@10.000ns period=20.000ns})
  Destination:            acquireToHDMIwithZynq_i/acquireToDisplay_AXI_0/U0/acquireToDisplay_AXI_slave_lite_v1_0_S00_AXI_inst/oscilloscope_inst/datapath_inst/hdmi0_inst/inst/encr/dout_reg[5]/CLR
                            (recovery check against rising-edge clock clk_out1_clk_wiz_0  {rise@0.000ns fall@6.737ns period=13.474ns})
  Path Group:             **async_default**
  Path Type:              Recovery (Max at Slow Process Corner)
  Requirement:            0.211ns  (clk_out1_clk_wiz_0 rise@660.211ns - clk_fpga_0 rise@660.000ns)
  Data Path Delay:        2.823ns  (logic 0.580ns (20.547%)  route 2.243ns (79.453%))
  Logic Levels:           1  (LUT2=1)
  Clock Path Skew:        -1.404ns (DCD - SCD + CPR)
    Destination Clock Delay (DCD):    1.558ns = ( 661.769 - 660.211 ) 
    Source Clock Delay      (SCD):    2.962ns = ( 662.962 - 660.000 ) 
    Clock Pessimism Removal (CPR):    0.000ns
  Clock Uncertainty:      0.991ns  ((TSJ^2 + TIJ^2 + DJ^2)^1/2) / 2 + PE
    Total System Jitter     (TSJ):    0.071ns
    Total Input Jitter      (TIJ):    0.600ns
    Discrete Jitter          (DJ):    0.462ns
    Phase Error              (PE):    0.611ns
  Clock Domain Crossing:  Inter clock paths are considered valid unless explicitly excluded by timing constraints such as set_clock_groups or set_false_path.

    Location             Delay type                Incr(ns)  Path(ns)    Netlist Resource(s)
  -------------------------------------------------------------------    -------------------
                         (clock clk_fpga_0 rise edge)
                                                    660.000   660.000 r  
    PS7_X0Y0             PS7                          0.000   660.000 r  acquireToHDMIwithZynq_i/processing_system7_0/inst/PS7_i/FCLKCLK[0]
                         net (fo=1, routed)           1.207   661.207    acquireToHDMIwithZynq_i/processing_system7_0/inst/FCLK_CLK_unbuffered[0]
    BUFGCTRL_X0Y0        BUFG (Prop_bufg_I_O)         0.101   661.308 r  acquireToHDMIwithZynq_i/processing_system7_0/inst/buffer_fclk_clk_0.FCLK_CLK_0_BUFG/O
                         net (fo=1484, routed)        1.654   662.962    acquireToHDMIwithZynq_i/rst_ps7_0_50M/U0/slowest_sync_clk
    SLICE_X35Y25         FDRE                                         r  acquireToHDMIwithZynq_i/rst_ps7_0_50M/U0/ACTIVE_LOW_PR_OUT_DFF[0].FDRE_PER_N/C
  -------------------------------------------------------------------    -------------------
    SLICE_X35Y25         FDRE (Prop_fdre_C_Q)         0.456   663.418 r  acquireToHDMIwithZynq_i/rst_ps7_0_50M/U0/ACTIVE_LOW_PR_OUT_DFF[0].FDRE_PER_N/Q
                         net (fo=21, routed)          1.131   664.549    acquireToHDMIwithZynq_i/acquireToDisplay_AXI_0/U0/acquireToDisplay_AXI_slave_lite_v1_0_S00_AXI_inst/oscilloscope_inst/datapath_inst/hdmi0_inst/inst/encr/lopt
    SLICE_X35Y23         LUT2 (Prop_lut2_I0_O)        0.124   664.673 f  acquireToHDMIwithZynq_i/acquireToDisplay_AXI_0/U0/acquireToDisplay_AXI_slave_lite_v1_0_S00_AXI_inst/oscilloscope_inst/datapath_inst/hdmi0_inst/inst/encr/oserdes_m_i_1/O
                         net (fo=50, routed)          1.112   665.785    acquireToHDMIwithZynq_i/acquireToDisplay_AXI_0/U0/acquireToDisplay_AXI_slave_lite_v1_0_S00_AXI_inst/oscilloscope_inst/datapath_inst/hdmi0_inst/inst/encr/AR[0]
    SLICE_X36Y24         FDCE                                         f  acquireToHDMIwithZynq_i/acquireToDisplay_AXI_0/U0/acquireToDisplay_AXI_slave_lite_v1_0_S00_AXI_inst/oscilloscope_inst/datapath_inst/hdmi0_inst/inst/encr/dout_reg[5]/CLR
  -------------------------------------------------------------------    -------------------

                         (clock clk_out1_clk_wiz_0 rise edge)
                                                    660.211   660.211 r  
    BUFGCTRL_X0Y0        BUFG                         0.000   660.211 r  acquireToHDMIwithZynq_i/processing_system7_0/inst/buffer_fclk_clk_0.FCLK_CLK_0_BUFG/O
                         net (fo=1484, routed)        1.487   661.698    acquireToHDMIwithZynq_i/acquireToDisplay_AXI_0/U0/acquireToDisplay_AXI_slave_lite_v1_0_S00_AXI_inst/oscilloscope_inst/datapath_inst/vc/inst/clk_in1
    MMCME2_ADV_X0Y0      MMCME2_ADV (Prop_mmcme2_adv_CLKIN1_CLKOUT0)
                                                     -3.177   658.521 r  acquireToHDMIwithZynq_i/acquireToDisplay_AXI_0/U0/acquireToDisplay_AXI_slave_lite_v1_0_S00_AXI_inst/oscilloscope_inst/datapath_inst/vc/inst/mmcm_adv_inst/CLKOUT0
                         net (fo=1, routed)           1.599   660.120    acquireToHDMIwithZynq_i/acquireToDisplay_AXI_0/U0/acquireToDisplay_AXI_slave_lite_v1_0_S00_AXI_inst/oscilloscope_inst/datapath_inst/vc/inst/clk_out1_clk_wiz_0
    BUFGCTRL_X0Y1        BUFG (Prop_bufg_I_O)         0.091   660.211 r  acquireToHDMIwithZynq_i/acquireToDisplay_AXI_0/U0/acquireToDisplay_AXI_slave_lite_v1_0_S00_AXI_inst/oscilloscope_inst/datapath_inst/vc/inst/clkout1_buf/O
                         net (fo=224, routed)         1.558   661.769    acquireToHDMIwithZynq_i/acquireToDisplay_AXI_0/U0/acquireToDisplay_AXI_slave_lite_v1_0_S00_AXI_inst/oscilloscope_inst/datapath_inst/hdmi0_inst/inst/encr/pix_clk
    SLICE_X36Y24         FDCE                                         r  acquireToHDMIwithZynq_i/acquireToDisplay_AXI_0/U0/acquireToDisplay_AXI_slave_lite_v1_0_S00_AXI_inst/oscilloscope_inst/datapath_inst/hdmi0_inst/inst/encr/dout_reg[5]/C
                         clock pessimism              0.000   661.769    
                         clock uncertainty           -0.991   660.778    
    SLICE_X36Y24         FDCE (Recov_fdce_C_CLR)     -0.405   660.373    acquireToHDMIwithZynq_i/acquireToDisplay_AXI_0/U0/acquireToDisplay_AXI_slave_lite_v1_0_S00_AXI_inst/oscilloscope_inst/datapath_inst/hdmi0_inst/inst/encr/dout_reg[5]
  -------------------------------------------------------------------
                         required time                        660.373    
                         arrival time                        -665.785    
  -------------------------------------------------------------------
                         slack                                 -5.412    

Slack (VIOLATED) :        -5.412ns  (required time - arrival time)
  Source:                 acquireToHDMIwithZynq_i/rst_ps7_0_50M/U0/ACTIVE_LOW_PR_OUT_DFF[0].FDRE_PER_N/C
                            (rising edge-triggered cell FDRE clocked by clk_fpga_0  {rise@0.000ns fall@10.000ns period=20.000ns})
  Destination:            acquireToHDMIwithZynq_i/acquireToDisplay_AXI_0/U0/acquireToDisplay_AXI_slave_lite_v1_0_S00_AXI_inst/oscilloscope_inst/datapath_inst/hdmi0_inst/inst/encr/dout_reg[6]/CLR
                            (recovery check against rising-edge clock clk_out1_clk_wiz_0  {rise@0.000ns fall@6.737ns period=13.474ns})
  Path Group:             **async_default**
  Path Type:              Recovery (Max at Slow Process Corner)
  Requirement:            0.211ns  (clk_out1_clk_wiz_0 rise@660.211ns - clk_fpga_0 rise@660.000ns)
  Data Path Delay:        2.823ns  (logic 0.580ns (20.547%)  route 2.243ns (79.453%))
  Logic Levels:           1  (LUT2=1)
  Clock Path Skew:        -1.404ns (DCD - SCD + CPR)
    Destination Clock Delay (DCD):    1.558ns = ( 661.769 - 660.211 ) 
    Source Clock Delay      (SCD):    2.962ns = ( 662.962 - 660.000 ) 
    Clock Pessimism Removal (CPR):    0.000ns
  Clock Uncertainty:      0.991ns  ((TSJ^2 + TIJ^2 + DJ^2)^1/2) / 2 + PE
    Total System Jitter     (TSJ):    0.071ns
    Total Input Jitter      (TIJ):    0.600ns
    Discrete Jitter          (DJ):    0.462ns
    Phase Error              (PE):    0.611ns
  Clock Domain Crossing:  Inter clock paths are considered valid unless explicitly excluded by timing constraints such as set_clock_groups or set_false_path.

    Location             Delay type                Incr(ns)  Path(ns)    Netlist Resource(s)
  -------------------------------------------------------------------    -------------------
                         (clock clk_fpga_0 rise edge)
                                                    660.000   660.000 r  
    PS7_X0Y0             PS7                          0.000   660.000 r  acquireToHDMIwithZynq_i/processing_system7_0/inst/PS7_i/FCLKCLK[0]
                         net (fo=1, routed)           1.207   661.207    acquireToHDMIwithZynq_i/processing_system7_0/inst/FCLK_CLK_unbuffered[0]
    BUFGCTRL_X0Y0        BUFG (Prop_bufg_I_O)         0.101   661.308 r  acquireToHDMIwithZynq_i/processing_system7_0/inst/buffer_fclk_clk_0.FCLK_CLK_0_BUFG/O
                         net (fo=1484, routed)        1.654   662.962    acquireToHDMIwithZynq_i/rst_ps7_0_50M/U0/slowest_sync_clk
    SLICE_X35Y25         FDRE                                         r  acquireToHDMIwithZynq_i/rst_ps7_0_50M/U0/ACTIVE_LOW_PR_OUT_DFF[0].FDRE_PER_N/C
  -------------------------------------------------------------------    -------------------
    SLICE_X35Y25         FDRE (Prop_fdre_C_Q)         0.456   663.418 r  acquireToHDMIwithZynq_i/rst_ps7_0_50M/U0/ACTIVE_LOW_PR_OUT_DFF[0].FDRE_PER_N/Q
                         net (fo=21, routed)          1.131   664.549    acquireToHDMIwithZynq_i/acquireToDisplay_AXI_0/U0/acquireToDisplay_AXI_slave_lite_v1_0_S00_AXI_inst/oscilloscope_inst/datapath_inst/hdmi0_inst/inst/encr/lopt
    SLICE_X35Y23         LUT2 (Prop_lut2_I0_O)        0.124   664.673 f  acquireToHDMIwithZynq_i/acquireToDisplay_AXI_0/U0/acquireToDisplay_AXI_slave_lite_v1_0_S00_AXI_inst/oscilloscope_inst/datapath_inst/hdmi0_inst/inst/encr/oserdes_m_i_1/O
                         net (fo=50, routed)          1.112   665.785    acquireToHDMIwithZynq_i/acquireToDisplay_AXI_0/U0/acquireToDisplay_AXI_slave_lite_v1_0_S00_AXI_inst/oscilloscope_inst/datapath_inst/hdmi0_inst/inst/encr/AR[0]
    SLICE_X36Y24         FDCE                                         f  acquireToHDMIwithZynq_i/acquireToDisplay_AXI_0/U0/acquireToDisplay_AXI_slave_lite_v1_0_S00_AXI_inst/oscilloscope_inst/datapath_inst/hdmi0_inst/inst/encr/dout_reg[6]/CLR
  -------------------------------------------------------------------    -------------------

                         (clock clk_out1_clk_wiz_0 rise edge)
                                                    660.211   660.211 r  
    BUFGCTRL_X0Y0        BUFG                         0.000   660.211 r  acquireToHDMIwithZynq_i/processing_system7_0/inst/buffer_fclk_clk_0.FCLK_CLK_0_BUFG/O
                         net (fo=1484, routed)        1.487   661.698    acquireToHDMIwithZynq_i/acquireToDisplay_AXI_0/U0/acquireToDisplay_AXI_slave_lite_v1_0_S00_AXI_inst/oscilloscope_inst/datapath_inst/vc/inst/clk_in1
    MMCME2_ADV_X0Y0      MMCME2_ADV (Prop_mmcme2_adv_CLKIN1_CLKOUT0)
                                                     -3.177   658.521 r  acquireToHDMIwithZynq_i/acquireToDisplay_AXI_0/U0/acquireToDisplay_AXI_slave_lite_v1_0_S00_AXI_inst/oscilloscope_inst/datapath_inst/vc/inst/mmcm_adv_inst/CLKOUT0
                         net (fo=1, routed)           1.599   660.120    acquireToHDMIwithZynq_i/acquireToDisplay_AXI_0/U0/acquireToDisplay_AXI_slave_lite_v1_0_S00_AXI_inst/oscilloscope_inst/datapath_inst/vc/inst/clk_out1_clk_wiz_0
    BUFGCTRL_X0Y1        BUFG (Prop_bufg_I_O)         0.091   660.211 r  acquireToHDMIwithZynq_i/acquireToDisplay_AXI_0/U0/acquireToDisplay_AXI_slave_lite_v1_0_S00_AXI_inst/oscilloscope_inst/datapath_inst/vc/inst/clkout1_buf/O
                         net (fo=224, routed)         1.558   661.769    acquireToHDMIwithZynq_i/acquireToDisplay_AXI_0/U0/acquireToDisplay_AXI_slave_lite_v1_0_S00_AXI_inst/oscilloscope_inst/datapath_inst/hdmi0_inst/inst/encr/pix_clk
    SLICE_X36Y24         FDCE                                         r  acquireToHDMIwithZynq_i/acquireToDisplay_AXI_0/U0/acquireToDisplay_AXI_slave_lite_v1_0_S00_AXI_inst/oscilloscope_inst/datapath_inst/hdmi0_inst/inst/encr/dout_reg[6]/C
                         clock pessimism              0.000   661.769    
                         clock uncertainty           -0.991   660.778    
    SLICE_X36Y24         FDCE (Recov_fdce_C_CLR)     -0.405   660.373    acquireToHDMIwithZynq_i/acquireToDisplay_AXI_0/U0/acquireToDisplay_AXI_slave_lite_v1_0_S00_AXI_inst/oscilloscope_inst/datapath_inst/hdmi0_inst/inst/encr/dout_reg[6]
  -------------------------------------------------------------------
                         required time                        660.373    
                         arrival time                        -665.785    
  -------------------------------------------------------------------
                         slack                                 -5.412    

Slack (VIOLATED) :        -5.412ns  (required time - arrival time)
  Source:                 acquireToHDMIwithZynq_i/rst_ps7_0_50M/U0/ACTIVE_LOW_PR_OUT_DFF[0].FDRE_PER_N/C
                            (rising edge-triggered cell FDRE clocked by clk_fpga_0  {rise@0.000ns fall@10.000ns period=20.000ns})
  Destination:            acquireToHDMIwithZynq_i/acquireToDisplay_AXI_0/U0/acquireToDisplay_AXI_slave_lite_v1_0_S00_AXI_inst/oscilloscope_inst/datapath_inst/hdmi0_inst/inst/encr/dout_reg[7]/CLR
                            (recovery check against rising-edge clock clk_out1_clk_wiz_0  {rise@0.000ns fall@6.737ns period=13.474ns})
  Path Group:             **async_default**
  Path Type:              Recovery (Max at Slow Process Corner)
  Requirement:            0.211ns  (clk_out1_clk_wiz_0 rise@660.211ns - clk_fpga_0 rise@660.000ns)
  Data Path Delay:        2.823ns  (logic 0.580ns (20.547%)  route 2.243ns (79.453%))
  Logic Levels:           1  (LUT2=1)
  Clock Path Skew:        -1.404ns (DCD - SCD + CPR)
    Destination Clock Delay (DCD):    1.558ns = ( 661.769 - 660.211 ) 
    Source Clock Delay      (SCD):    2.962ns = ( 662.962 - 660.000 ) 
    Clock Pessimism Removal (CPR):    0.000ns
  Clock Uncertainty:      0.991ns  ((TSJ^2 + TIJ^2 + DJ^2)^1/2) / 2 + PE
    Total System Jitter     (TSJ):    0.071ns
    Total Input Jitter      (TIJ):    0.600ns
    Discrete Jitter          (DJ):    0.462ns
    Phase Error              (PE):    0.611ns
  Clock Domain Crossing:  Inter clock paths are considered valid unless explicitly excluded by timing constraints such as set_clock_groups or set_false_path.

    Location             Delay type                Incr(ns)  Path(ns)    Netlist Resource(s)
  -------------------------------------------------------------------    -------------------
                         (clock clk_fpga_0 rise edge)
                                                    660.000   660.000 r  
    PS7_X0Y0             PS7                          0.000   660.000 r  acquireToHDMIwithZynq_i/processing_system7_0/inst/PS7_i/FCLKCLK[0]
                         net (fo=1, routed)           1.207   661.207    acquireToHDMIwithZynq_i/processing_system7_0/inst/FCLK_CLK_unbuffered[0]
    BUFGCTRL_X0Y0        BUFG (Prop_bufg_I_O)         0.101   661.308 r  acquireToHDMIwithZynq_i/processing_system7_0/inst/buffer_fclk_clk_0.FCLK_CLK_0_BUFG/O
                         net (fo=1484, routed)        1.654   662.962    acquireToHDMIwithZynq_i/rst_ps7_0_50M/U0/slowest_sync_clk
    SLICE_X35Y25         FDRE                                         r  acquireToHDMIwithZynq_i/rst_ps7_0_50M/U0/ACTIVE_LOW_PR_OUT_DFF[0].FDRE_PER_N/C
  -------------------------------------------------------------------    -------------------
    SLICE_X35Y25         FDRE (Prop_fdre_C_Q)         0.456   663.418 r  acquireToHDMIwithZynq_i/rst_ps7_0_50M/U0/ACTIVE_LOW_PR_OUT_DFF[0].FDRE_PER_N/Q
                         net (fo=21, routed)          1.131   664.549    acquireToHDMIwithZynq_i/acquireToDisplay_AXI_0/U0/acquireToDisplay_AXI_slave_lite_v1_0_S00_AXI_inst/oscilloscope_inst/datapath_inst/hdmi0_inst/inst/encr/lopt
    SLICE_X35Y23         LUT2 (Prop_lut2_I0_O)        0.124   664.673 f  acquireToHDMIwithZynq_i/acquireToDisplay_AXI_0/U0/acquireToDisplay_AXI_slave_lite_v1_0_S00_AXI_inst/oscilloscope_inst/datapath_inst/hdmi0_inst/inst/encr/oserdes_m_i_1/O
                         net (fo=50, routed)          1.112   665.785    acquireToHDMIwithZynq_i/acquireToDisplay_AXI_0/U0/acquireToDisplay_AXI_slave_lite_v1_0_S00_AXI_inst/oscilloscope_inst/datapath_inst/hdmi0_inst/inst/encr/AR[0]
    SLICE_X36Y24         FDCE                                         f  acquireToHDMIwithZynq_i/acquireToDisplay_AXI_0/U0/acquireToDisplay_AXI_slave_lite_v1_0_S00_AXI_inst/oscilloscope_inst/datapath_inst/hdmi0_inst/inst/encr/dout_reg[7]/CLR
  -------------------------------------------------------------------    -------------------

                         (clock clk_out1_clk_wiz_0 rise edge)
                                                    660.211   660.211 r  
    BUFGCTRL_X0Y0        BUFG                         0.000   660.211 r  acquireToHDMIwithZynq_i/processing_system7_0/inst/buffer_fclk_clk_0.FCLK_CLK_0_BUFG/O
                         net (fo=1484, routed)        1.487   661.698    acquireToHDMIwithZynq_i/acquireToDisplay_AXI_0/U0/acquireToDisplay_AXI_slave_lite_v1_0_S00_AXI_inst/oscilloscope_inst/datapath_inst/vc/inst/clk_in1
    MMCME2_ADV_X0Y0      MMCME2_ADV (Prop_mmcme2_adv_CLKIN1_CLKOUT0)
                                                     -3.177   658.521 r  acquireToHDMIwithZynq_i/acquireToDisplay_AXI_0/U0/acquireToDisplay_AXI_slave_lite_v1_0_S00_AXI_inst/oscilloscope_inst/datapath_inst/vc/inst/mmcm_adv_inst/CLKOUT0
                         net (fo=1, routed)           1.599   660.120    acquireToHDMIwithZynq_i/acquireToDisplay_AXI_0/U0/acquireToDisplay_AXI_slave_lite_v1_0_S00_AXI_inst/oscilloscope_inst/datapath_inst/vc/inst/clk_out1_clk_wiz_0
    BUFGCTRL_X0Y1        BUFG (Prop_bufg_I_O)         0.091   660.211 r  acquireToHDMIwithZynq_i/acquireToDisplay_AXI_0/U0/acquireToDisplay_AXI_slave_lite_v1_0_S00_AXI_inst/oscilloscope_inst/datapath_inst/vc/inst/clkout1_buf/O
                         net (fo=224, routed)         1.558   661.769    acquireToHDMIwithZynq_i/acquireToDisplay_AXI_0/U0/acquireToDisplay_AXI_slave_lite_v1_0_S00_AXI_inst/oscilloscope_inst/datapath_inst/hdmi0_inst/inst/encr/pix_clk
    SLICE_X36Y24         FDCE                                         r  acquireToHDMIwithZynq_i/acquireToDisplay_AXI_0/U0/acquireToDisplay_AXI_slave_lite_v1_0_S00_AXI_inst/oscilloscope_inst/datapath_inst/hdmi0_inst/inst/encr/dout_reg[7]/C
                         clock pessimism              0.000   661.769    
                         clock uncertainty           -0.991   660.778    
    SLICE_X36Y24         FDCE (Recov_fdce_C_CLR)     -0.405   660.373    acquireToHDMIwithZynq_i/acquireToDisplay_AXI_0/U0/acquireToDisplay_AXI_slave_lite_v1_0_S00_AXI_inst/oscilloscope_inst/datapath_inst/hdmi0_inst/inst/encr/dout_reg[7]
  -------------------------------------------------------------------
                         required time                        660.373    
                         arrival time                        -665.785    
  -------------------------------------------------------------------
                         slack                                 -5.412    

Slack (VIOLATED) :        -5.408ns  (required time - arrival time)
  Source:                 acquireToHDMIwithZynq_i/rst_ps7_0_50M/U0/ACTIVE_LOW_PR_OUT_DFF[0].FDRE_PER_N/C
                            (rising edge-triggered cell FDRE clocked by clk_fpga_0  {rise@0.000ns fall@10.000ns period=20.000ns})
  Destination:            acquireToHDMIwithZynq_i/acquireToDisplay_AXI_0/U0/acquireToDisplay_AXI_slave_lite_v1_0_S00_AXI_inst/oscilloscope_inst/datapath_inst/hdmi0_inst/inst/encb/cnt_reg[2]/CLR
                            (recovery check against rising-edge clock clk_out1_clk_wiz_0  {rise@0.000ns fall@6.737ns period=13.474ns})
  Path Group:             **async_default**
  Path Type:              Recovery (Max at Slow Process Corner)
  Requirement:            0.211ns  (clk_out1_clk_wiz_0 rise@660.211ns - clk_fpga_0 rise@660.000ns)
  Data Path Delay:        2.818ns  (logic 0.580ns (20.579%)  route 2.238ns (79.421%))
  Logic Levels:           1  (LUT2=1)
  Clock Path Skew:        -1.404ns (DCD - SCD + CPR)
    Destination Clock Delay (DCD):    1.558ns = ( 661.769 - 660.211 ) 
    Source Clock Delay      (SCD):    2.962ns = ( 662.962 - 660.000 ) 
    Clock Pessimism Removal (CPR):    0.000ns
  Clock Uncertainty:      0.991ns  ((TSJ^2 + TIJ^2 + DJ^2)^1/2) / 2 + PE
    Total System Jitter     (TSJ):    0.071ns
    Total Input Jitter      (TIJ):    0.600ns
    Discrete Jitter          (DJ):    0.462ns
    Phase Error              (PE):    0.611ns
  Clock Domain Crossing:  Inter clock paths are considered valid unless explicitly excluded by timing constraints such as set_clock_groups or set_false_path.

    Location             Delay type                Incr(ns)  Path(ns)    Netlist Resource(s)
  -------------------------------------------------------------------    -------------------
                         (clock clk_fpga_0 rise edge)
                                                    660.000   660.000 r  
    PS7_X0Y0             PS7                          0.000   660.000 r  acquireToHDMIwithZynq_i/processing_system7_0/inst/PS7_i/FCLKCLK[0]
                         net (fo=1, routed)           1.207   661.207    acquireToHDMIwithZynq_i/processing_system7_0/inst/FCLK_CLK_unbuffered[0]
    BUFGCTRL_X0Y0        BUFG (Prop_bufg_I_O)         0.101   661.308 r  acquireToHDMIwithZynq_i/processing_system7_0/inst/buffer_fclk_clk_0.FCLK_CLK_0_BUFG/O
                         net (fo=1484, routed)        1.654   662.962    acquireToHDMIwithZynq_i/rst_ps7_0_50M/U0/slowest_sync_clk
    SLICE_X35Y25         FDRE                                         r  acquireToHDMIwithZynq_i/rst_ps7_0_50M/U0/ACTIVE_LOW_PR_OUT_DFF[0].FDRE_PER_N/C
  -------------------------------------------------------------------    -------------------
    SLICE_X35Y25         FDRE (Prop_fdre_C_Q)         0.456   663.418 r  acquireToHDMIwithZynq_i/rst_ps7_0_50M/U0/ACTIVE_LOW_PR_OUT_DFF[0].FDRE_PER_N/Q
                         net (fo=21, routed)          1.131   664.549    acquireToHDMIwithZynq_i/acquireToDisplay_AXI_0/U0/acquireToDisplay_AXI_slave_lite_v1_0_S00_AXI_inst/oscilloscope_inst/datapath_inst/hdmi0_inst/inst/encr/lopt
    SLICE_X35Y23         LUT2 (Prop_lut2_I0_O)        0.124   664.673 f  acquireToHDMIwithZynq_i/acquireToDisplay_AXI_0/U0/acquireToDisplay_AXI_slave_lite_v1_0_S00_AXI_inst/oscilloscope_inst/datapath_inst/hdmi0_inst/inst/encr/oserdes_m_i_1/O
                         net (fo=50, routed)          1.107   665.780    acquireToHDMIwithZynq_i/acquireToDisplay_AXI_0/U0/acquireToDisplay_AXI_slave_lite_v1_0_S00_AXI_inst/oscilloscope_inst/datapath_inst/hdmi0_inst/inst/encb/AR[0]
    SLICE_X37Y24         FDCE                                         f  acquireToHDMIwithZynq_i/acquireToDisplay_AXI_0/U0/acquireToDisplay_AXI_slave_lite_v1_0_S00_AXI_inst/oscilloscope_inst/datapath_inst/hdmi0_inst/inst/encb/cnt_reg[2]/CLR
  -------------------------------------------------------------------    -------------------

                         (clock clk_out1_clk_wiz_0 rise edge)
                                                    660.211   660.211 r  
    BUFGCTRL_X0Y0        BUFG                         0.000   660.211 r  acquireToHDMIwithZynq_i/processing_system7_0/inst/buffer_fclk_clk_0.FCLK_CLK_0_BUFG/O
                         net (fo=1484, routed)        1.487   661.698    acquireToHDMIwithZynq_i/acquireToDisplay_AXI_0/U0/acquireToDisplay_AXI_slave_lite_v1_0_S00_AXI_inst/oscilloscope_inst/datapath_inst/vc/inst/clk_in1
    MMCME2_ADV_X0Y0      MMCME2_ADV (Prop_mmcme2_adv_CLKIN1_CLKOUT0)
                                                     -3.177   658.521 r  acquireToHDMIwithZynq_i/acquireToDisplay_AXI_0/U0/acquireToDisplay_AXI_slave_lite_v1_0_S00_AXI_inst/oscilloscope_inst/datapath_inst/vc/inst/mmcm_adv_inst/CLKOUT0
                         net (fo=1, routed)           1.599   660.120    acquireToHDMIwithZynq_i/acquireToDisplay_AXI_0/U0/acquireToDisplay_AXI_slave_lite_v1_0_S00_AXI_inst/oscilloscope_inst/datapath_inst/vc/inst/clk_out1_clk_wiz_0
    BUFGCTRL_X0Y1        BUFG (Prop_bufg_I_O)         0.091   660.211 r  acquireToHDMIwithZynq_i/acquireToDisplay_AXI_0/U0/acquireToDisplay_AXI_slave_lite_v1_0_S00_AXI_inst/oscilloscope_inst/datapath_inst/vc/inst/clkout1_buf/O
                         net (fo=224, routed)         1.558   661.769    acquireToHDMIwithZynq_i/acquireToDisplay_AXI_0/U0/acquireToDisplay_AXI_slave_lite_v1_0_S00_AXI_inst/oscilloscope_inst/datapath_inst/hdmi0_inst/inst/encb/pix_clk
    SLICE_X37Y24         FDCE                                         r  acquireToHDMIwithZynq_i/acquireToDisplay_AXI_0/U0/acquireToDisplay_AXI_slave_lite_v1_0_S00_AXI_inst/oscilloscope_inst/datapath_inst/hdmi0_inst/inst/encb/cnt_reg[2]/C
                         clock pessimism              0.000   661.769    
                         clock uncertainty           -0.991   660.778    
    SLICE_X37Y24         FDCE (Recov_fdce_C_CLR)     -0.405   660.373    acquireToHDMIwithZynq_i/acquireToDisplay_AXI_0/U0/acquireToDisplay_AXI_slave_lite_v1_0_S00_AXI_inst/oscilloscope_inst/datapath_inst/hdmi0_inst/inst/encb/cnt_reg[2]
  -------------------------------------------------------------------
                         required time                        660.373    
                         arrival time                        -665.780    
  -------------------------------------------------------------------
                         slack                                 -5.408    

Slack (VIOLATED) :        -5.408ns  (required time - arrival time)
  Source:                 acquireToHDMIwithZynq_i/rst_ps7_0_50M/U0/ACTIVE_LOW_PR_OUT_DFF[0].FDRE_PER_N/C
                            (rising edge-triggered cell FDRE clocked by clk_fpga_0  {rise@0.000ns fall@10.000ns period=20.000ns})
  Destination:            acquireToHDMIwithZynq_i/acquireToDisplay_AXI_0/U0/acquireToDisplay_AXI_slave_lite_v1_0_S00_AXI_inst/oscilloscope_inst/datapath_inst/hdmi0_inst/inst/encb/cnt_reg[4]/CLR
                            (recovery check against rising-edge clock clk_out1_clk_wiz_0  {rise@0.000ns fall@6.737ns period=13.474ns})
  Path Group:             **async_default**
  Path Type:              Recovery (Max at Slow Process Corner)
  Requirement:            0.211ns  (clk_out1_clk_wiz_0 rise@660.211ns - clk_fpga_0 rise@660.000ns)
  Data Path Delay:        2.818ns  (logic 0.580ns (20.579%)  route 2.238ns (79.421%))
  Logic Levels:           1  (LUT2=1)
  Clock Path Skew:        -1.404ns (DCD - SCD + CPR)
    Destination Clock Delay (DCD):    1.558ns = ( 661.769 - 660.211 ) 
    Source Clock Delay      (SCD):    2.962ns = ( 662.962 - 660.000 ) 
    Clock Pessimism Removal (CPR):    0.000ns
  Clock Uncertainty:      0.991ns  ((TSJ^2 + TIJ^2 + DJ^2)^1/2) / 2 + PE
    Total System Jitter     (TSJ):    0.071ns
    Total Input Jitter      (TIJ):    0.600ns
    Discrete Jitter          (DJ):    0.462ns
    Phase Error              (PE):    0.611ns
  Clock Domain Crossing:  Inter clock paths are considered valid unless explicitly excluded by timing constraints such as set_clock_groups or set_false_path.

    Location             Delay type                Incr(ns)  Path(ns)    Netlist Resource(s)
  -------------------------------------------------------------------    -------------------
                         (clock clk_fpga_0 rise edge)
                                                    660.000   660.000 r  
    PS7_X0Y0             PS7                          0.000   660.000 r  acquireToHDMIwithZynq_i/processing_system7_0/inst/PS7_i/FCLKCLK[0]
                         net (fo=1, routed)           1.207   661.207    acquireToHDMIwithZynq_i/processing_system7_0/inst/FCLK_CLK_unbuffered[0]
    BUFGCTRL_X0Y0        BUFG (Prop_bufg_I_O)         0.101   661.308 r  acquireToHDMIwithZynq_i/processing_system7_0/inst/buffer_fclk_clk_0.FCLK_CLK_0_BUFG/O
                         net (fo=1484, routed)        1.654   662.962    acquireToHDMIwithZynq_i/rst_ps7_0_50M/U0/slowest_sync_clk
    SLICE_X35Y25         FDRE                                         r  acquireToHDMIwithZynq_i/rst_ps7_0_50M/U0/ACTIVE_LOW_PR_OUT_DFF[0].FDRE_PER_N/C
  -------------------------------------------------------------------    -------------------
    SLICE_X35Y25         FDRE (Prop_fdre_C_Q)         0.456   663.418 r  acquireToHDMIwithZynq_i/rst_ps7_0_50M/U0/ACTIVE_LOW_PR_OUT_DFF[0].FDRE_PER_N/Q
                         net (fo=21, routed)          1.131   664.549    acquireToHDMIwithZynq_i/acquireToDisplay_AXI_0/U0/acquireToDisplay_AXI_slave_lite_v1_0_S00_AXI_inst/oscilloscope_inst/datapath_inst/hdmi0_inst/inst/encr/lopt
    SLICE_X35Y23         LUT2 (Prop_lut2_I0_O)        0.124   664.673 f  acquireToHDMIwithZynq_i/acquireToDisplay_AXI_0/U0/acquireToDisplay_AXI_slave_lite_v1_0_S00_AXI_inst/oscilloscope_inst/datapath_inst/hdmi0_inst/inst/encr/oserdes_m_i_1/O
                         net (fo=50, routed)          1.107   665.780    acquireToHDMIwithZynq_i/acquireToDisplay_AXI_0/U0/acquireToDisplay_AXI_slave_lite_v1_0_S00_AXI_inst/oscilloscope_inst/datapath_inst/hdmi0_inst/inst/encb/AR[0]
    SLICE_X37Y24         FDCE                                         f  acquireToHDMIwithZynq_i/acquireToDisplay_AXI_0/U0/acquireToDisplay_AXI_slave_lite_v1_0_S00_AXI_inst/oscilloscope_inst/datapath_inst/hdmi0_inst/inst/encb/cnt_reg[4]/CLR
  -------------------------------------------------------------------    -------------------

                         (clock clk_out1_clk_wiz_0 rise edge)
                                                    660.211   660.211 r  
    BUFGCTRL_X0Y0        BUFG                         0.000   660.211 r  acquireToHDMIwithZynq_i/processing_system7_0/inst/buffer_fclk_clk_0.FCLK_CLK_0_BUFG/O
                         net (fo=1484, routed)        1.487   661.698    acquireToHDMIwithZynq_i/acquireToDisplay_AXI_0/U0/acquireToDisplay_AXI_slave_lite_v1_0_S00_AXI_inst/oscilloscope_inst/datapath_inst/vc/inst/clk_in1
    MMCME2_ADV_X0Y0      MMCME2_ADV (Prop_mmcme2_adv_CLKIN1_CLKOUT0)
                                                     -3.177   658.521 r  acquireToHDMIwithZynq_i/acquireToDisplay_AXI_0/U0/acquireToDisplay_AXI_slave_lite_v1_0_S00_AXI_inst/oscilloscope_inst/datapath_inst/vc/inst/mmcm_adv_inst/CLKOUT0
                         net (fo=1, routed)           1.599   660.120    acquireToHDMIwithZynq_i/acquireToDisplay_AXI_0/U0/acquireToDisplay_AXI_slave_lite_v1_0_S00_AXI_inst/oscilloscope_inst/datapath_inst/vc/inst/clk_out1_clk_wiz_0
    BUFGCTRL_X0Y1        BUFG (Prop_bufg_I_O)         0.091   660.211 r  acquireToHDMIwithZynq_i/acquireToDisplay_AXI_0/U0/acquireToDisplay_AXI_slave_lite_v1_0_S00_AXI_inst/oscilloscope_inst/datapath_inst/vc/inst/clkout1_buf/O
                         net (fo=224, routed)         1.558   661.769    acquireToHDMIwithZynq_i/acquireToDisplay_AXI_0/U0/acquireToDisplay_AXI_slave_lite_v1_0_S00_AXI_inst/oscilloscope_inst/datapath_inst/hdmi0_inst/inst/encb/pix_clk
    SLICE_X37Y24         FDCE                                         r  acquireToHDMIwithZynq_i/acquireToDisplay_AXI_0/U0/acquireToDisplay_AXI_slave_lite_v1_0_S00_AXI_inst/oscilloscope_inst/datapath_inst/hdmi0_inst/inst/encb/cnt_reg[4]/C
                         clock pessimism              0.000   661.769    
                         clock uncertainty           -0.991   660.778    
    SLICE_X37Y24         FDCE (Recov_fdce_C_CLR)     -0.405   660.373    acquireToHDMIwithZynq_i/acquireToDisplay_AXI_0/U0/acquireToDisplay_AXI_slave_lite_v1_0_S00_AXI_inst/oscilloscope_inst/datapath_inst/hdmi0_inst/inst/encb/cnt_reg[4]
  -------------------------------------------------------------------
                         required time                        660.373    
                         arrival time                        -665.780    
  -------------------------------------------------------------------
                         slack                                 -5.408    





Min Delay Paths
--------------------------------------------------------------------------------------
Slack (MET) :             0.206ns  (arrival time - required time)
  Source:                 acquireToHDMIwithZynq_i/rst_ps7_0_50M/U0/ACTIVE_LOW_PR_OUT_DFF[0].FDRE_PER_N/C
                            (rising edge-triggered cell FDRE clocked by clk_fpga_0  {rise@0.000ns fall@10.000ns period=20.000ns})
  Destination:            acquireToHDMIwithZynq_i/acquireToDisplay_AXI_0/U0/acquireToDisplay_AXI_slave_lite_v1_0_S00_AXI_inst/oscilloscope_inst/datapath_inst/hdmi0_inst/inst/encb/dout_reg[1]/CLR
                            (removal check against rising-edge clock clk_out1_clk_wiz_0  {rise@0.000ns fall@6.737ns period=13.474ns})
  Path Group:             **async_default**
  Path Type:              Removal (Min at Fast Process Corner)
  Requirement:            0.000ns  (clk_out1_clk_wiz_0 rise@0.000ns - clk_fpga_0 rise@0.000ns)
  Data Path Delay:        1.084ns  (logic 0.186ns (17.158%)  route 0.898ns (82.842%))
  Logic Levels:           1  (LUT2=1)
  Clock Path Skew:        -0.047ns (DCD - SCD - CPR)
    Destination Clock Delay (DCD):    0.844ns
    Source Clock Delay      (SCD):    0.891ns
    Clock Pessimism Removal (CPR):    -0.000ns
  Clock Uncertainty:      0.991ns  ((TSJ^2 + TIJ^2 + DJ^2)^1/2) / 2 + PE
    Total System Jitter     (TSJ):    0.071ns
    Total Input Jitter      (TIJ):    0.600ns
    Discrete Jitter          (DJ):    0.462ns
    Phase Error              (PE):    0.611ns
  Clock Domain Crossing:  Inter clock paths are considered valid unless explicitly excluded by timing constraints such as set_clock_groups or set_false_path.

    Location             Delay type                Incr(ns)  Path(ns)    Netlist Resource(s)
  -------------------------------------------------------------------    -------------------
                         (clock clk_fpga_0 rise edge)
                                                      0.000     0.000 r  
    PS7_X0Y0             PS7                          0.000     0.000 r  acquireToHDMIwithZynq_i/processing_system7_0/inst/PS7_i/FCLKCLK[0]
                         net (fo=1, routed)           0.315     0.315    acquireToHDMIwithZynq_i/processing_system7_0/inst/FCLK_CLK_unbuffered[0]
    BUFGCTRL_X0Y0        BUFG (Prop_bufg_I_O)         0.026     0.341 r  acquireToHDMIwithZynq_i/processing_system7_0/inst/buffer_fclk_clk_0.FCLK_CLK_0_BUFG/O
                         net (fo=1484, routed)        0.550     0.891    acquireToHDMIwithZynq_i/rst_ps7_0_50M/U0/slowest_sync_clk
    SLICE_X35Y25         FDRE                                         r  acquireToHDMIwithZynq_i/rst_ps7_0_50M/U0/ACTIVE_LOW_PR_OUT_DFF[0].FDRE_PER_N/C
  -------------------------------------------------------------------    -------------------
    SLICE_X35Y25         FDRE (Prop_fdre_C_Q)         0.141     1.031 r  acquireToHDMIwithZynq_i/rst_ps7_0_50M/U0/ACTIVE_LOW_PR_OUT_DFF[0].FDRE_PER_N/Q
                         net (fo=21, routed)          0.503     1.535    acquireToHDMIwithZynq_i/acquireToDisplay_AXI_0/U0/acquireToDisplay_AXI_slave_lite_v1_0_S00_AXI_inst/oscilloscope_inst/datapath_inst/hdmi0_inst/inst/encr/lopt
    SLICE_X35Y23         LUT2 (Prop_lut2_I0_O)        0.045     1.580 f  acquireToHDMIwithZynq_i/acquireToDisplay_AXI_0/U0/acquireToDisplay_AXI_slave_lite_v1_0_S00_AXI_inst/oscilloscope_inst/datapath_inst/hdmi0_inst/inst/encr/oserdes_m_i_1/O
                         net (fo=50, routed)          0.395     1.975    acquireToHDMIwithZynq_i/acquireToDisplay_AXI_0/U0/acquireToDisplay_AXI_slave_lite_v1_0_S00_AXI_inst/oscilloscope_inst/datapath_inst/hdmi0_inst/inst/encb/AR[0]
    SLICE_X38Y23         FDCE                                         f  acquireToHDMIwithZynq_i/acquireToDisplay_AXI_0/U0/acquireToDisplay_AXI_slave_lite_v1_0_S00_AXI_inst/oscilloscope_inst/datapath_inst/hdmi0_inst/inst/encb/dout_reg[1]/CLR
  -------------------------------------------------------------------    -------------------

                         (clock clk_out1_clk_wiz_0 rise edge)
                                                      0.000     0.000 r  
    BUFGCTRL_X0Y0        BUFG                         0.000     0.000 r  acquireToHDMIwithZynq_i/processing_system7_0/inst/buffer_fclk_clk_0.FCLK_CLK_0_BUFG/O
                         net (fo=1484, routed)        0.812     0.812    acquireToHDMIwithZynq_i/acquireToDisplay_AXI_0/U0/acquireToDisplay_AXI_slave_lite_v1_0_S00_AXI_inst/oscilloscope_inst/datapath_inst/vc/inst/clk_in1
    MMCME2_ADV_X0Y0      MMCME2_ADV (Prop_mmcme2_adv_CLKIN1_CLKOUT0)
                                                     -1.369    -0.557 r  acquireToHDMIwithZynq_i/acquireToDisplay_AXI_0/U0/acquireToDisplay_AXI_slave_lite_v1_0_S00_AXI_inst/oscilloscope_inst/datapath_inst/vc/inst/mmcm_adv_inst/CLKOUT0
                         net (fo=1, routed)           0.528    -0.029    acquireToHDMIwithZynq_i/acquireToDisplay_AXI_0/U0/acquireToDisplay_AXI_slave_lite_v1_0_S00_AXI_inst/oscilloscope_inst/datapath_inst/vc/inst/clk_out1_clk_wiz_0
    BUFGCTRL_X0Y1        BUFG (Prop_bufg_I_O)         0.029    -0.000 r  acquireToHDMIwithZynq_i/acquireToDisplay_AXI_0/U0/acquireToDisplay_AXI_slave_lite_v1_0_S00_AXI_inst/oscilloscope_inst/datapath_inst/vc/inst/clkout1_buf/O
                         net (fo=224, routed)         0.844     0.844    acquireToHDMIwithZynq_i/acquireToDisplay_AXI_0/U0/acquireToDisplay_AXI_slave_lite_v1_0_S00_AXI_inst/oscilloscope_inst/datapath_inst/hdmi0_inst/inst/encb/pix_clk
    SLICE_X38Y23         FDCE                                         r  acquireToHDMIwithZynq_i/acquireToDisplay_AXI_0/U0/acquireToDisplay_AXI_slave_lite_v1_0_S00_AXI_inst/oscilloscope_inst/datapath_inst/hdmi0_inst/inst/encb/dout_reg[1]/C
                         clock pessimism              0.000     0.844    
                         clock uncertainty            0.991     1.835    
    SLICE_X38Y23         FDCE (Remov_fdce_C_CLR)     -0.067     1.768    acquireToHDMIwithZynq_i/acquireToDisplay_AXI_0/U0/acquireToDisplay_AXI_slave_lite_v1_0_S00_AXI_inst/oscilloscope_inst/datapath_inst/hdmi0_inst/inst/encb/dout_reg[1]
  -------------------------------------------------------------------
                         required time                         -1.768    
                         arrival time                           1.975    
  -------------------------------------------------------------------
                         slack                                  0.206    

Slack (MET) :             0.206ns  (arrival time - required time)
  Source:                 acquireToHDMIwithZynq_i/rst_ps7_0_50M/U0/ACTIVE_LOW_PR_OUT_DFF[0].FDRE_PER_N/C
                            (rising edge-triggered cell FDRE clocked by clk_fpga_0  {rise@0.000ns fall@10.000ns period=20.000ns})
  Destination:            acquireToHDMIwithZynq_i/acquireToDisplay_AXI_0/U0/acquireToDisplay_AXI_slave_lite_v1_0_S00_AXI_inst/oscilloscope_inst/datapath_inst/hdmi0_inst/inst/encr/cnt_reg[1]/CLR
                            (removal check against rising-edge clock clk_out1_clk_wiz_0  {rise@0.000ns fall@6.737ns period=13.474ns})
  Path Group:             **async_default**
  Path Type:              Removal (Min at Fast Process Corner)
  Requirement:            0.000ns  (clk_out1_clk_wiz_0 rise@0.000ns - clk_fpga_0 rise@0.000ns)
  Data Path Delay:        1.084ns  (logic 0.186ns (17.158%)  route 0.898ns (82.842%))
  Logic Levels:           1  (LUT2=1)
  Clock Path Skew:        -0.047ns (DCD - SCD - CPR)
    Destination Clock Delay (DCD):    0.844ns
    Source Clock Delay      (SCD):    0.891ns
    Clock Pessimism Removal (CPR):    -0.000ns
  Clock Uncertainty:      0.991ns  ((TSJ^2 + TIJ^2 + DJ^2)^1/2) / 2 + PE
    Total System Jitter     (TSJ):    0.071ns
    Total Input Jitter      (TIJ):    0.600ns
    Discrete Jitter          (DJ):    0.462ns
    Phase Error              (PE):    0.611ns
  Clock Domain Crossing:  Inter clock paths are considered valid unless explicitly excluded by timing constraints such as set_clock_groups or set_false_path.

    Location             Delay type                Incr(ns)  Path(ns)    Netlist Resource(s)
  -------------------------------------------------------------------    -------------------
                         (clock clk_fpga_0 rise edge)
                                                      0.000     0.000 r  
    PS7_X0Y0             PS7                          0.000     0.000 r  acquireToHDMIwithZynq_i/processing_system7_0/inst/PS7_i/FCLKCLK[0]
                         net (fo=1, routed)           0.315     0.315    acquireToHDMIwithZynq_i/processing_system7_0/inst/FCLK_CLK_unbuffered[0]
    BUFGCTRL_X0Y0        BUFG (Prop_bufg_I_O)         0.026     0.341 r  acquireToHDMIwithZynq_i/processing_system7_0/inst/buffer_fclk_clk_0.FCLK_CLK_0_BUFG/O
                         net (fo=1484, routed)        0.550     0.891    acquireToHDMIwithZynq_i/rst_ps7_0_50M/U0/slowest_sync_clk
    SLICE_X35Y25         FDRE                                         r  acquireToHDMIwithZynq_i/rst_ps7_0_50M/U0/ACTIVE_LOW_PR_OUT_DFF[0].FDRE_PER_N/C
  -------------------------------------------------------------------    -------------------
    SLICE_X35Y25         FDRE (Prop_fdre_C_Q)         0.141     1.031 r  acquireToHDMIwithZynq_i/rst_ps7_0_50M/U0/ACTIVE_LOW_PR_OUT_DFF[0].FDRE_PER_N/Q
                         net (fo=21, routed)          0.503     1.535    acquireToHDMIwithZynq_i/acquireToDisplay_AXI_0/U0/acquireToDisplay_AXI_slave_lite_v1_0_S00_AXI_inst/oscilloscope_inst/datapath_inst/hdmi0_inst/inst/encr/lopt
    SLICE_X35Y23         LUT2 (Prop_lut2_I0_O)        0.045     1.580 f  acquireToHDMIwithZynq_i/acquireToDisplay_AXI_0/U0/acquireToDisplay_AXI_slave_lite_v1_0_S00_AXI_inst/oscilloscope_inst/datapath_inst/hdmi0_inst/inst/encr/oserdes_m_i_1/O
                         net (fo=50, routed)          0.395     1.975    acquireToHDMIwithZynq_i/acquireToDisplay_AXI_0/U0/acquireToDisplay_AXI_slave_lite_v1_0_S00_AXI_inst/oscilloscope_inst/datapath_inst/hdmi0_inst/inst/encr/AR[0]
    SLICE_X38Y23         FDCE                                         f  acquireToHDMIwithZynq_i/acquireToDisplay_AXI_0/U0/acquireToDisplay_AXI_slave_lite_v1_0_S00_AXI_inst/oscilloscope_inst/datapath_inst/hdmi0_inst/inst/encr/cnt_reg[1]/CLR
  -------------------------------------------------------------------    -------------------

                         (clock clk_out1_clk_wiz_0 rise edge)
                                                      0.000     0.000 r  
    BUFGCTRL_X0Y0        BUFG                         0.000     0.000 r  acquireToHDMIwithZynq_i/processing_system7_0/inst/buffer_fclk_clk_0.FCLK_CLK_0_BUFG/O
                         net (fo=1484, routed)        0.812     0.812    acquireToHDMIwithZynq_i/acquireToDisplay_AXI_0/U0/acquireToDisplay_AXI_slave_lite_v1_0_S00_AXI_inst/oscilloscope_inst/datapath_inst/vc/inst/clk_in1
    MMCME2_ADV_X0Y0      MMCME2_ADV (Prop_mmcme2_adv_CLKIN1_CLKOUT0)
                                                     -1.369    -0.557 r  acquireToHDMIwithZynq_i/acquireToDisplay_AXI_0/U0/acquireToDisplay_AXI_slave_lite_v1_0_S00_AXI_inst/oscilloscope_inst/datapath_inst/vc/inst/mmcm_adv_inst/CLKOUT0
                         net (fo=1, routed)           0.528    -0.029    acquireToHDMIwithZynq_i/acquireToDisplay_AXI_0/U0/acquireToDisplay_AXI_slave_lite_v1_0_S00_AXI_inst/oscilloscope_inst/datapath_inst/vc/inst/clk_out1_clk_wiz_0
    BUFGCTRL_X0Y1        BUFG (Prop_bufg_I_O)         0.029    -0.000 r  acquireToHDMIwithZynq_i/acquireToDisplay_AXI_0/U0/acquireToDisplay_AXI_slave_lite_v1_0_S00_AXI_inst/oscilloscope_inst/datapath_inst/vc/inst/clkout1_buf/O
                         net (fo=224, routed)         0.844     0.844    acquireToHDMIwithZynq_i/acquireToDisplay_AXI_0/U0/acquireToDisplay_AXI_slave_lite_v1_0_S00_AXI_inst/oscilloscope_inst/datapath_inst/hdmi0_inst/inst/encr/pix_clk
    SLICE_X38Y23         FDCE                                         r  acquireToHDMIwithZynq_i/acquireToDisplay_AXI_0/U0/acquireToDisplay_AXI_slave_lite_v1_0_S00_AXI_inst/oscilloscope_inst/datapath_inst/hdmi0_inst/inst/encr/cnt_reg[1]/C
                         clock pessimism              0.000     0.844    
                         clock uncertainty            0.991     1.835    
    SLICE_X38Y23         FDCE (Remov_fdce_C_CLR)     -0.067     1.768    acquireToHDMIwithZynq_i/acquireToDisplay_AXI_0/U0/acquireToDisplay_AXI_slave_lite_v1_0_S00_AXI_inst/oscilloscope_inst/datapath_inst/hdmi0_inst/inst/encr/cnt_reg[1]
  -------------------------------------------------------------------
                         required time                         -1.768    
                         arrival time                           1.975    
  -------------------------------------------------------------------
                         slack                                  0.206    

Slack (MET) :             0.206ns  (arrival time - required time)
  Source:                 acquireToHDMIwithZynq_i/rst_ps7_0_50M/U0/ACTIVE_LOW_PR_OUT_DFF[0].FDRE_PER_N/C
                            (rising edge-triggered cell FDRE clocked by clk_fpga_0  {rise@0.000ns fall@10.000ns period=20.000ns})
  Destination:            acquireToHDMIwithZynq_i/acquireToDisplay_AXI_0/U0/acquireToDisplay_AXI_slave_lite_v1_0_S00_AXI_inst/oscilloscope_inst/datapath_inst/hdmi0_inst/inst/encr/cnt_reg[4]/CLR
                            (removal check against rising-edge clock clk_out1_clk_wiz_0  {rise@0.000ns fall@6.737ns period=13.474ns})
  Path Group:             **async_default**
  Path Type:              Removal (Min at Fast Process Corner)
  Requirement:            0.000ns  (clk_out1_clk_wiz_0 rise@0.000ns - clk_fpga_0 rise@0.000ns)
  Data Path Delay:        1.084ns  (logic 0.186ns (17.158%)  route 0.898ns (82.842%))
  Logic Levels:           1  (LUT2=1)
  Clock Path Skew:        -0.047ns (DCD - SCD - CPR)
    Destination Clock Delay (DCD):    0.844ns
    Source Clock Delay      (SCD):    0.891ns
    Clock Pessimism Removal (CPR):    -0.000ns
  Clock Uncertainty:      0.991ns  ((TSJ^2 + TIJ^2 + DJ^2)^1/2) / 2 + PE
    Total System Jitter     (TSJ):    0.071ns
    Total Input Jitter      (TIJ):    0.600ns
    Discrete Jitter          (DJ):    0.462ns
    Phase Error              (PE):    0.611ns
  Clock Domain Crossing:  Inter clock paths are considered valid unless explicitly excluded by timing constraints such as set_clock_groups or set_false_path.

    Location             Delay type                Incr(ns)  Path(ns)    Netlist Resource(s)
  -------------------------------------------------------------------    -------------------
                         (clock clk_fpga_0 rise edge)
                                                      0.000     0.000 r  
    PS7_X0Y0             PS7                          0.000     0.000 r  acquireToHDMIwithZynq_i/processing_system7_0/inst/PS7_i/FCLKCLK[0]
                         net (fo=1, routed)           0.315     0.315    acquireToHDMIwithZynq_i/processing_system7_0/inst/FCLK_CLK_unbuffered[0]
    BUFGCTRL_X0Y0        BUFG (Prop_bufg_I_O)         0.026     0.341 r  acquireToHDMIwithZynq_i/processing_system7_0/inst/buffer_fclk_clk_0.FCLK_CLK_0_BUFG/O
                         net (fo=1484, routed)        0.550     0.891    acquireToHDMIwithZynq_i/rst_ps7_0_50M/U0/slowest_sync_clk
    SLICE_X35Y25         FDRE                                         r  acquireToHDMIwithZynq_i/rst_ps7_0_50M/U0/ACTIVE_LOW_PR_OUT_DFF[0].FDRE_PER_N/C
  -------------------------------------------------------------------    -------------------
    SLICE_X35Y25         FDRE (Prop_fdre_C_Q)         0.141     1.031 r  acquireToHDMIwithZynq_i/rst_ps7_0_50M/U0/ACTIVE_LOW_PR_OUT_DFF[0].FDRE_PER_N/Q
                         net (fo=21, routed)          0.503     1.535    acquireToHDMIwithZynq_i/acquireToDisplay_AXI_0/U0/acquireToDisplay_AXI_slave_lite_v1_0_S00_AXI_inst/oscilloscope_inst/datapath_inst/hdmi0_inst/inst/encr/lopt
    SLICE_X35Y23         LUT2 (Prop_lut2_I0_O)        0.045     1.580 f  acquireToHDMIwithZynq_i/acquireToDisplay_AXI_0/U0/acquireToDisplay_AXI_slave_lite_v1_0_S00_AXI_inst/oscilloscope_inst/datapath_inst/hdmi0_inst/inst/encr/oserdes_m_i_1/O
                         net (fo=50, routed)          0.395     1.975    acquireToHDMIwithZynq_i/acquireToDisplay_AXI_0/U0/acquireToDisplay_AXI_slave_lite_v1_0_S00_AXI_inst/oscilloscope_inst/datapath_inst/hdmi0_inst/inst/encr/AR[0]
    SLICE_X38Y23         FDCE                                         f  acquireToHDMIwithZynq_i/acquireToDisplay_AXI_0/U0/acquireToDisplay_AXI_slave_lite_v1_0_S00_AXI_inst/oscilloscope_inst/datapath_inst/hdmi0_inst/inst/encr/cnt_reg[4]/CLR
  -------------------------------------------------------------------    -------------------

                         (clock clk_out1_clk_wiz_0 rise edge)
                                                      0.000     0.000 r  
    BUFGCTRL_X0Y0        BUFG                         0.000     0.000 r  acquireToHDMIwithZynq_i/processing_system7_0/inst/buffer_fclk_clk_0.FCLK_CLK_0_BUFG/O
                         net (fo=1484, routed)        0.812     0.812    acquireToHDMIwithZynq_i/acquireToDisplay_AXI_0/U0/acquireToDisplay_AXI_slave_lite_v1_0_S00_AXI_inst/oscilloscope_inst/datapath_inst/vc/inst/clk_in1
    MMCME2_ADV_X0Y0      MMCME2_ADV (Prop_mmcme2_adv_CLKIN1_CLKOUT0)
                                                     -1.369    -0.557 r  acquireToHDMIwithZynq_i/acquireToDisplay_AXI_0/U0/acquireToDisplay_AXI_slave_lite_v1_0_S00_AXI_inst/oscilloscope_inst/datapath_inst/vc/inst/mmcm_adv_inst/CLKOUT0
                         net (fo=1, routed)           0.528    -0.029    acquireToHDMIwithZynq_i/acquireToDisplay_AXI_0/U0/acquireToDisplay_AXI_slave_lite_v1_0_S00_AXI_inst/oscilloscope_inst/datapath_inst/vc/inst/clk_out1_clk_wiz_0
    BUFGCTRL_X0Y1        BUFG (Prop_bufg_I_O)         0.029    -0.000 r  acquireToHDMIwithZynq_i/acquireToDisplay_AXI_0/U0/acquireToDisplay_AXI_slave_lite_v1_0_S00_AXI_inst/oscilloscope_inst/datapath_inst/vc/inst/clkout1_buf/O
                         net (fo=224, routed)         0.844     0.844    acquireToHDMIwithZynq_i/acquireToDisplay_AXI_0/U0/acquireToDisplay_AXI_slave_lite_v1_0_S00_AXI_inst/oscilloscope_inst/datapath_inst/hdmi0_inst/inst/encr/pix_clk
    SLICE_X38Y23         FDCE                                         r  acquireToHDMIwithZynq_i/acquireToDisplay_AXI_0/U0/acquireToDisplay_AXI_slave_lite_v1_0_S00_AXI_inst/oscilloscope_inst/datapath_inst/hdmi0_inst/inst/encr/cnt_reg[4]/C
                         clock pessimism              0.000     0.844    
                         clock uncertainty            0.991     1.835    
    SLICE_X38Y23         FDCE (Remov_fdce_C_CLR)     -0.067     1.768    acquireToHDMIwithZynq_i/acquireToDisplay_AXI_0/U0/acquireToDisplay_AXI_slave_lite_v1_0_S00_AXI_inst/oscilloscope_inst/datapath_inst/hdmi0_inst/inst/encr/cnt_reg[4]
  -------------------------------------------------------------------
                         required time                         -1.768    
                         arrival time                           1.975    
  -------------------------------------------------------------------
                         slack                                  0.206    

Slack (MET) :             0.206ns  (arrival time - required time)
  Source:                 acquireToHDMIwithZynq_i/rst_ps7_0_50M/U0/ACTIVE_LOW_PR_OUT_DFF[0].FDRE_PER_N/C
                            (rising edge-triggered cell FDRE clocked by clk_fpga_0  {rise@0.000ns fall@10.000ns period=20.000ns})
  Destination:            acquireToHDMIwithZynq_i/acquireToDisplay_AXI_0/U0/acquireToDisplay_AXI_slave_lite_v1_0_S00_AXI_inst/oscilloscope_inst/datapath_inst/hdmi0_inst/inst/encr/dout_reg[1]/CLR
                            (removal check against rising-edge clock clk_out1_clk_wiz_0  {rise@0.000ns fall@6.737ns period=13.474ns})
  Path Group:             **async_default**
  Path Type:              Removal (Min at Fast Process Corner)
  Requirement:            0.000ns  (clk_out1_clk_wiz_0 rise@0.000ns - clk_fpga_0 rise@0.000ns)
  Data Path Delay:        1.084ns  (logic 0.186ns (17.158%)  route 0.898ns (82.842%))
  Logic Levels:           1  (LUT2=1)
  Clock Path Skew:        -0.047ns (DCD - SCD - CPR)
    Destination Clock Delay (DCD):    0.844ns
    Source Clock Delay      (SCD):    0.891ns
    Clock Pessimism Removal (CPR):    -0.000ns
  Clock Uncertainty:      0.991ns  ((TSJ^2 + TIJ^2 + DJ^2)^1/2) / 2 + PE
    Total System Jitter     (TSJ):    0.071ns
    Total Input Jitter      (TIJ):    0.600ns
    Discrete Jitter          (DJ):    0.462ns
    Phase Error              (PE):    0.611ns
  Clock Domain Crossing:  Inter clock paths are considered valid unless explicitly excluded by timing constraints such as set_clock_groups or set_false_path.

    Location             Delay type                Incr(ns)  Path(ns)    Netlist Resource(s)
  -------------------------------------------------------------------    -------------------
                         (clock clk_fpga_0 rise edge)
                                                      0.000     0.000 r  
    PS7_X0Y0             PS7                          0.000     0.000 r  acquireToHDMIwithZynq_i/processing_system7_0/inst/PS7_i/FCLKCLK[0]
                         net (fo=1, routed)           0.315     0.315    acquireToHDMIwithZynq_i/processing_system7_0/inst/FCLK_CLK_unbuffered[0]
    BUFGCTRL_X0Y0        BUFG (Prop_bufg_I_O)         0.026     0.341 r  acquireToHDMIwithZynq_i/processing_system7_0/inst/buffer_fclk_clk_0.FCLK_CLK_0_BUFG/O
                         net (fo=1484, routed)        0.550     0.891    acquireToHDMIwithZynq_i/rst_ps7_0_50M/U0/slowest_sync_clk
    SLICE_X35Y25         FDRE                                         r  acquireToHDMIwithZynq_i/rst_ps7_0_50M/U0/ACTIVE_LOW_PR_OUT_DFF[0].FDRE_PER_N/C
  -------------------------------------------------------------------    -------------------
    SLICE_X35Y25         FDRE (Prop_fdre_C_Q)         0.141     1.031 r  acquireToHDMIwithZynq_i/rst_ps7_0_50M/U0/ACTIVE_LOW_PR_OUT_DFF[0].FDRE_PER_N/Q
                         net (fo=21, routed)          0.503     1.535    acquireToHDMIwithZynq_i/acquireToDisplay_AXI_0/U0/acquireToDisplay_AXI_slave_lite_v1_0_S00_AXI_inst/oscilloscope_inst/datapath_inst/hdmi0_inst/inst/encr/lopt
    SLICE_X35Y23         LUT2 (Prop_lut2_I0_O)        0.045     1.580 f  acquireToHDMIwithZynq_i/acquireToDisplay_AXI_0/U0/acquireToDisplay_AXI_slave_lite_v1_0_S00_AXI_inst/oscilloscope_inst/datapath_inst/hdmi0_inst/inst/encr/oserdes_m_i_1/O
                         net (fo=50, routed)          0.395     1.975    acquireToHDMIwithZynq_i/acquireToDisplay_AXI_0/U0/acquireToDisplay_AXI_slave_lite_v1_0_S00_AXI_inst/oscilloscope_inst/datapath_inst/hdmi0_inst/inst/encr/AR[0]
    SLICE_X38Y23         FDCE                                         f  acquireToHDMIwithZynq_i/acquireToDisplay_AXI_0/U0/acquireToDisplay_AXI_slave_lite_v1_0_S00_AXI_inst/oscilloscope_inst/datapath_inst/hdmi0_inst/inst/encr/dout_reg[1]/CLR
  -------------------------------------------------------------------    -------------------

                         (clock clk_out1_clk_wiz_0 rise edge)
                                                      0.000     0.000 r  
    BUFGCTRL_X0Y0        BUFG                         0.000     0.000 r  acquireToHDMIwithZynq_i/processing_system7_0/inst/buffer_fclk_clk_0.FCLK_CLK_0_BUFG/O
                         net (fo=1484, routed)        0.812     0.812    acquireToHDMIwithZynq_i/acquireToDisplay_AXI_0/U0/acquireToDisplay_AXI_slave_lite_v1_0_S00_AXI_inst/oscilloscope_inst/datapath_inst/vc/inst/clk_in1
    MMCME2_ADV_X0Y0      MMCME2_ADV (Prop_mmcme2_adv_CLKIN1_CLKOUT0)
                                                     -1.369    -0.557 r  acquireToHDMIwithZynq_i/acquireToDisplay_AXI_0/U0/acquireToDisplay_AXI_slave_lite_v1_0_S00_AXI_inst/oscilloscope_inst/datapath_inst/vc/inst/mmcm_adv_inst/CLKOUT0
                         net (fo=1, routed)           0.528    -0.029    acquireToHDMIwithZynq_i/acquireToDisplay_AXI_0/U0/acquireToDisplay_AXI_slave_lite_v1_0_S00_AXI_inst/oscilloscope_inst/datapath_inst/vc/inst/clk_out1_clk_wiz_0
    BUFGCTRL_X0Y1        BUFG (Prop_bufg_I_O)         0.029    -0.000 r  acquireToHDMIwithZynq_i/acquireToDisplay_AXI_0/U0/acquireToDisplay_AXI_slave_lite_v1_0_S00_AXI_inst/oscilloscope_inst/datapath_inst/vc/inst/clkout1_buf/O
                         net (fo=224, routed)         0.844     0.844    acquireToHDMIwithZynq_i/acquireToDisplay_AXI_0/U0/acquireToDisplay_AXI_slave_lite_v1_0_S00_AXI_inst/oscilloscope_inst/datapath_inst/hdmi0_inst/inst/encr/pix_clk
    SLICE_X38Y23         FDCE                                         r  acquireToHDMIwithZynq_i/acquireToDisplay_AXI_0/U0/acquireToDisplay_AXI_slave_lite_v1_0_S00_AXI_inst/oscilloscope_inst/datapath_inst/hdmi0_inst/inst/encr/dout_reg[1]/C
                         clock pessimism              0.000     0.844    
                         clock uncertainty            0.991     1.835    
    SLICE_X38Y23         FDCE (Remov_fdce_C_CLR)     -0.067     1.768    acquireToHDMIwithZynq_i/acquireToDisplay_AXI_0/U0/acquireToDisplay_AXI_slave_lite_v1_0_S00_AXI_inst/oscilloscope_inst/datapath_inst/hdmi0_inst/inst/encr/dout_reg[1]
  -------------------------------------------------------------------
                         required time                         -1.768    
                         arrival time                           1.975    
  -------------------------------------------------------------------
                         slack                                  0.206    

Slack (MET) :             0.240ns  (arrival time - required time)
  Source:                 acquireToHDMIwithZynq_i/rst_ps7_0_50M/U0/ACTIVE_LOW_PR_OUT_DFF[0].FDRE_PER_N/C
                            (rising edge-triggered cell FDRE clocked by clk_fpga_0  {rise@0.000ns fall@10.000ns period=20.000ns})
  Destination:            acquireToHDMIwithZynq_i/acquireToDisplay_AXI_0/U0/acquireToDisplay_AXI_slave_lite_v1_0_S00_AXI_inst/oscilloscope_inst/datapath_inst/hdmi0_inst/inst/encb/dout_reg[0]/CLR
                            (removal check against rising-edge clock clk_out1_clk_wiz_0  {rise@0.000ns fall@6.737ns period=13.474ns})
  Path Group:             **async_default**
  Path Type:              Removal (Min at Fast Process Corner)
  Requirement:            0.000ns  (clk_out1_clk_wiz_0 rise@0.000ns - clk_fpga_0 rise@0.000ns)
  Data Path Delay:        1.116ns  (logic 0.186ns (16.661%)  route 0.930ns (83.339%))
  Logic Levels:           1  (LUT2=1)
  Clock Path Skew:        -0.048ns (DCD - SCD - CPR)
    Destination Clock Delay (DCD):    0.843ns
    Source Clock Delay      (SCD):    0.891ns
    Clock Pessimism Removal (CPR):    -0.000ns
  Clock Uncertainty:      0.991ns  ((TSJ^2 + TIJ^2 + DJ^2)^1/2) / 2 + PE
    Total System Jitter     (TSJ):    0.071ns
    Total Input Jitter      (TIJ):    0.600ns
    Discrete Jitter          (DJ):    0.462ns
    Phase Error              (PE):    0.611ns
  Clock Domain Crossing:  Inter clock paths are considered valid unless explicitly excluded by timing constraints such as set_clock_groups or set_false_path.

    Location             Delay type                Incr(ns)  Path(ns)    Netlist Resource(s)
  -------------------------------------------------------------------    -------------------
                         (clock clk_fpga_0 rise edge)
                                                      0.000     0.000 r  
    PS7_X0Y0             PS7                          0.000     0.000 r  acquireToHDMIwithZynq_i/processing_system7_0/inst/PS7_i/FCLKCLK[0]
                         net (fo=1, routed)           0.315     0.315    acquireToHDMIwithZynq_i/processing_system7_0/inst/FCLK_CLK_unbuffered[0]
    BUFGCTRL_X0Y0        BUFG (Prop_bufg_I_O)         0.026     0.341 r  acquireToHDMIwithZynq_i/processing_system7_0/inst/buffer_fclk_clk_0.FCLK_CLK_0_BUFG/O
                         net (fo=1484, routed)        0.550     0.891    acquireToHDMIwithZynq_i/rst_ps7_0_50M/U0/slowest_sync_clk
    SLICE_X35Y25         FDRE                                         r  acquireToHDMIwithZynq_i/rst_ps7_0_50M/U0/ACTIVE_LOW_PR_OUT_DFF[0].FDRE_PER_N/C
  -------------------------------------------------------------------    -------------------
    SLICE_X35Y25         FDRE (Prop_fdre_C_Q)         0.141     1.031 r  acquireToHDMIwithZynq_i/rst_ps7_0_50M/U0/ACTIVE_LOW_PR_OUT_DFF[0].FDRE_PER_N/Q
                         net (fo=21, routed)          0.503     1.535    acquireToHDMIwithZynq_i/acquireToDisplay_AXI_0/U0/acquireToDisplay_AXI_slave_lite_v1_0_S00_AXI_inst/oscilloscope_inst/datapath_inst/hdmi0_inst/inst/encr/lopt
    SLICE_X35Y23         LUT2 (Prop_lut2_I0_O)        0.045     1.580 f  acquireToHDMIwithZynq_i/acquireToDisplay_AXI_0/U0/acquireToDisplay_AXI_slave_lite_v1_0_S00_AXI_inst/oscilloscope_inst/datapath_inst/hdmi0_inst/inst/encr/oserdes_m_i_1/O
                         net (fo=50, routed)          0.427     2.007    acquireToHDMIwithZynq_i/acquireToDisplay_AXI_0/U0/acquireToDisplay_AXI_slave_lite_v1_0_S00_AXI_inst/oscilloscope_inst/datapath_inst/hdmi0_inst/inst/encb/AR[0]
    SLICE_X38Y24         FDCE                                         f  acquireToHDMIwithZynq_i/acquireToDisplay_AXI_0/U0/acquireToDisplay_AXI_slave_lite_v1_0_S00_AXI_inst/oscilloscope_inst/datapath_inst/hdmi0_inst/inst/encb/dout_reg[0]/CLR
  -------------------------------------------------------------------    -------------------

                         (clock clk_out1_clk_wiz_0 rise edge)
                                                      0.000     0.000 r  
    BUFGCTRL_X0Y0        BUFG                         0.000     0.000 r  acquireToHDMIwithZynq_i/processing_system7_0/inst/buffer_fclk_clk_0.FCLK_CLK_0_BUFG/O
                         net (fo=1484, routed)        0.812     0.812    acquireToHDMIwithZynq_i/acquireToDisplay_AXI_0/U0/acquireToDisplay_AXI_slave_lite_v1_0_S00_AXI_inst/oscilloscope_inst/datapath_inst/vc/inst/clk_in1
    MMCME2_ADV_X0Y0      MMCME2_ADV (Prop_mmcme2_adv_CLKIN1_CLKOUT0)
                                                     -1.369    -0.557 r  acquireToHDMIwithZynq_i/acquireToDisplay_AXI_0/U0/acquireToDisplay_AXI_slave_lite_v1_0_S00_AXI_inst/oscilloscope_inst/datapath_inst/vc/inst/mmcm_adv_inst/CLKOUT0
                         net (fo=1, routed)           0.528    -0.029    acquireToHDMIwithZynq_i/acquireToDisplay_AXI_0/U0/acquireToDisplay_AXI_slave_lite_v1_0_S00_AXI_inst/oscilloscope_inst/datapath_inst/vc/inst/clk_out1_clk_wiz_0
    BUFGCTRL_X0Y1        BUFG (Prop_bufg_I_O)         0.029    -0.000 r  acquireToHDMIwithZynq_i/acquireToDisplay_AXI_0/U0/acquireToDisplay_AXI_slave_lite_v1_0_S00_AXI_inst/oscilloscope_inst/datapath_inst/vc/inst/clkout1_buf/O
                         net (fo=224, routed)         0.843     0.843    acquireToHDMIwithZynq_i/acquireToDisplay_AXI_0/U0/acquireToDisplay_AXI_slave_lite_v1_0_S00_AXI_inst/oscilloscope_inst/datapath_inst/hdmi0_inst/inst/encb/pix_clk
    SLICE_X38Y24         FDCE                                         r  acquireToHDMIwithZynq_i/acquireToDisplay_AXI_0/U0/acquireToDisplay_AXI_slave_lite_v1_0_S00_AXI_inst/oscilloscope_inst/datapath_inst/hdmi0_inst/inst/encb/dout_reg[0]/C
                         clock pessimism              0.000     0.843    
                         clock uncertainty            0.991     1.834    
    SLICE_X38Y24         FDCE (Remov_fdce_C_CLR)     -0.067     1.767    acquireToHDMIwithZynq_i/acquireToDisplay_AXI_0/U0/acquireToDisplay_AXI_slave_lite_v1_0_S00_AXI_inst/oscilloscope_inst/datapath_inst/hdmi0_inst/inst/encb/dout_reg[0]
  -------------------------------------------------------------------
                         required time                         -1.767    
                         arrival time                           2.007    
  -------------------------------------------------------------------
                         slack                                  0.240    

Slack (MET) :             0.240ns  (arrival time - required time)
  Source:                 acquireToHDMIwithZynq_i/rst_ps7_0_50M/U0/ACTIVE_LOW_PR_OUT_DFF[0].FDRE_PER_N/C
                            (rising edge-triggered cell FDRE clocked by clk_fpga_0  {rise@0.000ns fall@10.000ns period=20.000ns})
  Destination:            acquireToHDMIwithZynq_i/acquireToDisplay_AXI_0/U0/acquireToDisplay_AXI_slave_lite_v1_0_S00_AXI_inst/oscilloscope_inst/datapath_inst/hdmi0_inst/inst/encg/cnt_reg[1]/CLR
                            (removal check against rising-edge clock clk_out1_clk_wiz_0  {rise@0.000ns fall@6.737ns period=13.474ns})
  Path Group:             **async_default**
  Path Type:              Removal (Min at Fast Process Corner)
  Requirement:            0.000ns  (clk_out1_clk_wiz_0 rise@0.000ns - clk_fpga_0 rise@0.000ns)
  Data Path Delay:        1.116ns  (logic 0.186ns (16.661%)  route 0.930ns (83.339%))
  Logic Levels:           1  (LUT2=1)
  Clock Path Skew:        -0.048ns (DCD - SCD - CPR)
    Destination Clock Delay (DCD):    0.843ns
    Source Clock Delay      (SCD):    0.891ns
    Clock Pessimism Removal (CPR):    -0.000ns
  Clock Uncertainty:      0.991ns  ((TSJ^2 + TIJ^2 + DJ^2)^1/2) / 2 + PE
    Total System Jitter     (TSJ):    0.071ns
    Total Input Jitter      (TIJ):    0.600ns
    Discrete Jitter          (DJ):    0.462ns
    Phase Error              (PE):    0.611ns
  Clock Domain Crossing:  Inter clock paths are considered valid unless explicitly excluded by timing constraints such as set_clock_groups or set_false_path.

    Location             Delay type                Incr(ns)  Path(ns)    Netlist Resource(s)
  -------------------------------------------------------------------    -------------------
                         (clock clk_fpga_0 rise edge)
                                                      0.000     0.000 r  
    PS7_X0Y0             PS7                          0.000     0.000 r  acquireToHDMIwithZynq_i/processing_system7_0/inst/PS7_i/FCLKCLK[0]
                         net (fo=1, routed)           0.315     0.315    acquireToHDMIwithZynq_i/processing_system7_0/inst/FCLK_CLK_unbuffered[0]
    BUFGCTRL_X0Y0        BUFG (Prop_bufg_I_O)         0.026     0.341 r  acquireToHDMIwithZynq_i/processing_system7_0/inst/buffer_fclk_clk_0.FCLK_CLK_0_BUFG/O
                         net (fo=1484, routed)        0.550     0.891    acquireToHDMIwithZynq_i/rst_ps7_0_50M/U0/slowest_sync_clk
    SLICE_X35Y25         FDRE                                         r  acquireToHDMIwithZynq_i/rst_ps7_0_50M/U0/ACTIVE_LOW_PR_OUT_DFF[0].FDRE_PER_N/C
  -------------------------------------------------------------------    -------------------
    SLICE_X35Y25         FDRE (Prop_fdre_C_Q)         0.141     1.031 r  acquireToHDMIwithZynq_i/rst_ps7_0_50M/U0/ACTIVE_LOW_PR_OUT_DFF[0].FDRE_PER_N/Q
                         net (fo=21, routed)          0.503     1.535    acquireToHDMIwithZynq_i/acquireToDisplay_AXI_0/U0/acquireToDisplay_AXI_slave_lite_v1_0_S00_AXI_inst/oscilloscope_inst/datapath_inst/hdmi0_inst/inst/encr/lopt
    SLICE_X35Y23         LUT2 (Prop_lut2_I0_O)        0.045     1.580 f  acquireToHDMIwithZynq_i/acquireToDisplay_AXI_0/U0/acquireToDisplay_AXI_slave_lite_v1_0_S00_AXI_inst/oscilloscope_inst/datapath_inst/hdmi0_inst/inst/encr/oserdes_m_i_1/O
                         net (fo=50, routed)          0.427     2.007    acquireToHDMIwithZynq_i/acquireToDisplay_AXI_0/U0/acquireToDisplay_AXI_slave_lite_v1_0_S00_AXI_inst/oscilloscope_inst/datapath_inst/hdmi0_inst/inst/encg/AR[0]
    SLICE_X38Y24         FDCE                                         f  acquireToHDMIwithZynq_i/acquireToDisplay_AXI_0/U0/acquireToDisplay_AXI_slave_lite_v1_0_S00_AXI_inst/oscilloscope_inst/datapath_inst/hdmi0_inst/inst/encg/cnt_reg[1]/CLR
  -------------------------------------------------------------------    -------------------

                         (clock clk_out1_clk_wiz_0 rise edge)
                                                      0.000     0.000 r  
    BUFGCTRL_X0Y0        BUFG                         0.000     0.000 r  acquireToHDMIwithZynq_i/processing_system7_0/inst/buffer_fclk_clk_0.FCLK_CLK_0_BUFG/O
                         net (fo=1484, routed)        0.812     0.812    acquireToHDMIwithZynq_i/acquireToDisplay_AXI_0/U0/acquireToDisplay_AXI_slave_lite_v1_0_S00_AXI_inst/oscilloscope_inst/datapath_inst/vc/inst/clk_in1
    MMCME2_ADV_X0Y0      MMCME2_ADV (Prop_mmcme2_adv_CLKIN1_CLKOUT0)
                                                     -1.369    -0.557 r  acquireToHDMIwithZynq_i/acquireToDisplay_AXI_0/U0/acquireToDisplay_AXI_slave_lite_v1_0_S00_AXI_inst/oscilloscope_inst/datapath_inst/vc/inst/mmcm_adv_inst/CLKOUT0
                         net (fo=1, routed)           0.528    -0.029    acquireToHDMIwithZynq_i/acquireToDisplay_AXI_0/U0/acquireToDisplay_AXI_slave_lite_v1_0_S00_AXI_inst/oscilloscope_inst/datapath_inst/vc/inst/clk_out1_clk_wiz_0
    BUFGCTRL_X0Y1        BUFG (Prop_bufg_I_O)         0.029    -0.000 r  acquireToHDMIwithZynq_i/acquireToDisplay_AXI_0/U0/acquireToDisplay_AXI_slave_lite_v1_0_S00_AXI_inst/oscilloscope_inst/datapath_inst/vc/inst/clkout1_buf/O
                         net (fo=224, routed)         0.843     0.843    acquireToHDMIwithZynq_i/acquireToDisplay_AXI_0/U0/acquireToDisplay_AXI_slave_lite_v1_0_S00_AXI_inst/oscilloscope_inst/datapath_inst/hdmi0_inst/inst/encg/pix_clk
    SLICE_X38Y24         FDCE                                         r  acquireToHDMIwithZynq_i/acquireToDisplay_AXI_0/U0/acquireToDisplay_AXI_slave_lite_v1_0_S00_AXI_inst/oscilloscope_inst/datapath_inst/hdmi0_inst/inst/encg/cnt_reg[1]/C
                         clock pessimism              0.000     0.843    
                         clock uncertainty            0.991     1.834    
    SLICE_X38Y24         FDCE (Remov_fdce_C_CLR)     -0.067     1.767    acquireToHDMIwithZynq_i/acquireToDisplay_AXI_0/U0/acquireToDisplay_AXI_slave_lite_v1_0_S00_AXI_inst/oscilloscope_inst/datapath_inst/hdmi0_inst/inst/encg/cnt_reg[1]
  -------------------------------------------------------------------
                         required time                         -1.767    
                         arrival time                           2.007    
  -------------------------------------------------------------------
                         slack                                  0.240    

Slack (MET) :             0.240ns  (arrival time - required time)
  Source:                 acquireToHDMIwithZynq_i/rst_ps7_0_50M/U0/ACTIVE_LOW_PR_OUT_DFF[0].FDRE_PER_N/C
                            (rising edge-triggered cell FDRE clocked by clk_fpga_0  {rise@0.000ns fall@10.000ns period=20.000ns})
  Destination:            acquireToHDMIwithZynq_i/acquireToDisplay_AXI_0/U0/acquireToDisplay_AXI_slave_lite_v1_0_S00_AXI_inst/oscilloscope_inst/datapath_inst/hdmi0_inst/inst/encg/cnt_reg[2]/CLR
                            (removal check against rising-edge clock clk_out1_clk_wiz_0  {rise@0.000ns fall@6.737ns period=13.474ns})
  Path Group:             **async_default**
  Path Type:              Removal (Min at Fast Process Corner)
  Requirement:            0.000ns  (clk_out1_clk_wiz_0 rise@0.000ns - clk_fpga_0 rise@0.000ns)
  Data Path Delay:        1.116ns  (logic 0.186ns (16.661%)  route 0.930ns (83.339%))
  Logic Levels:           1  (LUT2=1)
  Clock Path Skew:        -0.048ns (DCD - SCD - CPR)
    Destination Clock Delay (DCD):    0.843ns
    Source Clock Delay      (SCD):    0.891ns
    Clock Pessimism Removal (CPR):    -0.000ns
  Clock Uncertainty:      0.991ns  ((TSJ^2 + TIJ^2 + DJ^2)^1/2) / 2 + PE
    Total System Jitter     (TSJ):    0.071ns
    Total Input Jitter      (TIJ):    0.600ns
    Discrete Jitter          (DJ):    0.462ns
    Phase Error              (PE):    0.611ns
  Clock Domain Crossing:  Inter clock paths are considered valid unless explicitly excluded by timing constraints such as set_clock_groups or set_false_path.

    Location             Delay type                Incr(ns)  Path(ns)    Netlist Resource(s)
  -------------------------------------------------------------------    -------------------
                         (clock clk_fpga_0 rise edge)
                                                      0.000     0.000 r  
    PS7_X0Y0             PS7                          0.000     0.000 r  acquireToHDMIwithZynq_i/processing_system7_0/inst/PS7_i/FCLKCLK[0]
                         net (fo=1, routed)           0.315     0.315    acquireToHDMIwithZynq_i/processing_system7_0/inst/FCLK_CLK_unbuffered[0]
    BUFGCTRL_X0Y0        BUFG (Prop_bufg_I_O)         0.026     0.341 r  acquireToHDMIwithZynq_i/processing_system7_0/inst/buffer_fclk_clk_0.FCLK_CLK_0_BUFG/O
                         net (fo=1484, routed)        0.550     0.891    acquireToHDMIwithZynq_i/rst_ps7_0_50M/U0/slowest_sync_clk
    SLICE_X35Y25         FDRE                                         r  acquireToHDMIwithZynq_i/rst_ps7_0_50M/U0/ACTIVE_LOW_PR_OUT_DFF[0].FDRE_PER_N/C
  -------------------------------------------------------------------    -------------------
    SLICE_X35Y25         FDRE (Prop_fdre_C_Q)         0.141     1.031 r  acquireToHDMIwithZynq_i/rst_ps7_0_50M/U0/ACTIVE_LOW_PR_OUT_DFF[0].FDRE_PER_N/Q
                         net (fo=21, routed)          0.503     1.535    acquireToHDMIwithZynq_i/acquireToDisplay_AXI_0/U0/acquireToDisplay_AXI_slave_lite_v1_0_S00_AXI_inst/oscilloscope_inst/datapath_inst/hdmi0_inst/inst/encr/lopt
    SLICE_X35Y23         LUT2 (Prop_lut2_I0_O)        0.045     1.580 f  acquireToHDMIwithZynq_i/acquireToDisplay_AXI_0/U0/acquireToDisplay_AXI_slave_lite_v1_0_S00_AXI_inst/oscilloscope_inst/datapath_inst/hdmi0_inst/inst/encr/oserdes_m_i_1/O
                         net (fo=50, routed)          0.427     2.007    acquireToHDMIwithZynq_i/acquireToDisplay_AXI_0/U0/acquireToDisplay_AXI_slave_lite_v1_0_S00_AXI_inst/oscilloscope_inst/datapath_inst/hdmi0_inst/inst/encg/AR[0]
    SLICE_X38Y24         FDCE                                         f  acquireToHDMIwithZynq_i/acquireToDisplay_AXI_0/U0/acquireToDisplay_AXI_slave_lite_v1_0_S00_AXI_inst/oscilloscope_inst/datapath_inst/hdmi0_inst/inst/encg/cnt_reg[2]/CLR
  -------------------------------------------------------------------    -------------------

                         (clock clk_out1_clk_wiz_0 rise edge)
                                                      0.000     0.000 r  
    BUFGCTRL_X0Y0        BUFG                         0.000     0.000 r  acquireToHDMIwithZynq_i/processing_system7_0/inst/buffer_fclk_clk_0.FCLK_CLK_0_BUFG/O
                         net (fo=1484, routed)        0.812     0.812    acquireToHDMIwithZynq_i/acquireToDisplay_AXI_0/U0/acquireToDisplay_AXI_slave_lite_v1_0_S00_AXI_inst/oscilloscope_inst/datapath_inst/vc/inst/clk_in1
    MMCME2_ADV_X0Y0      MMCME2_ADV (Prop_mmcme2_adv_CLKIN1_CLKOUT0)
                                                     -1.369    -0.557 r  acquireToHDMIwithZynq_i/acquireToDisplay_AXI_0/U0/acquireToDisplay_AXI_slave_lite_v1_0_S00_AXI_inst/oscilloscope_inst/datapath_inst/vc/inst/mmcm_adv_inst/CLKOUT0
                         net (fo=1, routed)           0.528    -0.029    acquireToHDMIwithZynq_i/acquireToDisplay_AXI_0/U0/acquireToDisplay_AXI_slave_lite_v1_0_S00_AXI_inst/oscilloscope_inst/datapath_inst/vc/inst/clk_out1_clk_wiz_0
    BUFGCTRL_X0Y1        BUFG (Prop_bufg_I_O)         0.029    -0.000 r  acquireToHDMIwithZynq_i/acquireToDisplay_AXI_0/U0/acquireToDisplay_AXI_slave_lite_v1_0_S00_AXI_inst/oscilloscope_inst/datapath_inst/vc/inst/clkout1_buf/O
                         net (fo=224, routed)         0.843     0.843    acquireToHDMIwithZynq_i/acquireToDisplay_AXI_0/U0/acquireToDisplay_AXI_slave_lite_v1_0_S00_AXI_inst/oscilloscope_inst/datapath_inst/hdmi0_inst/inst/encg/pix_clk
    SLICE_X38Y24         FDCE                                         r  acquireToHDMIwithZynq_i/acquireToDisplay_AXI_0/U0/acquireToDisplay_AXI_slave_lite_v1_0_S00_AXI_inst/oscilloscope_inst/datapath_inst/hdmi0_inst/inst/encg/cnt_reg[2]/C
                         clock pessimism              0.000     0.843    
                         clock uncertainty            0.991     1.834    
    SLICE_X38Y24         FDCE (Remov_fdce_C_CLR)     -0.067     1.767    acquireToHDMIwithZynq_i/acquireToDisplay_AXI_0/U0/acquireToDisplay_AXI_slave_lite_v1_0_S00_AXI_inst/oscilloscope_inst/datapath_inst/hdmi0_inst/inst/encg/cnt_reg[2]
  -------------------------------------------------------------------
                         required time                         -1.767    
                         arrival time                           2.007    
  -------------------------------------------------------------------
                         slack                                  0.240    

Slack (MET) :             0.240ns  (arrival time - required time)
  Source:                 acquireToHDMIwithZynq_i/rst_ps7_0_50M/U0/ACTIVE_LOW_PR_OUT_DFF[0].FDRE_PER_N/C
                            (rising edge-triggered cell FDRE clocked by clk_fpga_0  {rise@0.000ns fall@10.000ns period=20.000ns})
  Destination:            acquireToHDMIwithZynq_i/acquireToDisplay_AXI_0/U0/acquireToDisplay_AXI_slave_lite_v1_0_S00_AXI_inst/oscilloscope_inst/datapath_inst/hdmi0_inst/inst/encg/dout_reg[2]/CLR
                            (removal check against rising-edge clock clk_out1_clk_wiz_0  {rise@0.000ns fall@6.737ns period=13.474ns})
  Path Group:             **async_default**
  Path Type:              Removal (Min at Fast Process Corner)
  Requirement:            0.000ns  (clk_out1_clk_wiz_0 rise@0.000ns - clk_fpga_0 rise@0.000ns)
  Data Path Delay:        1.116ns  (logic 0.186ns (16.661%)  route 0.930ns (83.339%))
  Logic Levels:           1  (LUT2=1)
  Clock Path Skew:        -0.048ns (DCD - SCD - CPR)
    Destination Clock Delay (DCD):    0.843ns
    Source Clock Delay      (SCD):    0.891ns
    Clock Pessimism Removal (CPR):    -0.000ns
  Clock Uncertainty:      0.991ns  ((TSJ^2 + TIJ^2 + DJ^2)^1/2) / 2 + PE
    Total System Jitter     (TSJ):    0.071ns
    Total Input Jitter      (TIJ):    0.600ns
    Discrete Jitter          (DJ):    0.462ns
    Phase Error              (PE):    0.611ns
  Clock Domain Crossing:  Inter clock paths are considered valid unless explicitly excluded by timing constraints such as set_clock_groups or set_false_path.

    Location             Delay type                Incr(ns)  Path(ns)    Netlist Resource(s)
  -------------------------------------------------------------------    -------------------
                         (clock clk_fpga_0 rise edge)
                                                      0.000     0.000 r  
    PS7_X0Y0             PS7                          0.000     0.000 r  acquireToHDMIwithZynq_i/processing_system7_0/inst/PS7_i/FCLKCLK[0]
                         net (fo=1, routed)           0.315     0.315    acquireToHDMIwithZynq_i/processing_system7_0/inst/FCLK_CLK_unbuffered[0]
    BUFGCTRL_X0Y0        BUFG (Prop_bufg_I_O)         0.026     0.341 r  acquireToHDMIwithZynq_i/processing_system7_0/inst/buffer_fclk_clk_0.FCLK_CLK_0_BUFG/O
                         net (fo=1484, routed)        0.550     0.891    acquireToHDMIwithZynq_i/rst_ps7_0_50M/U0/slowest_sync_clk
    SLICE_X35Y25         FDRE                                         r  acquireToHDMIwithZynq_i/rst_ps7_0_50M/U0/ACTIVE_LOW_PR_OUT_DFF[0].FDRE_PER_N/C
  -------------------------------------------------------------------    -------------------
    SLICE_X35Y25         FDRE (Prop_fdre_C_Q)         0.141     1.031 r  acquireToHDMIwithZynq_i/rst_ps7_0_50M/U0/ACTIVE_LOW_PR_OUT_DFF[0].FDRE_PER_N/Q
                         net (fo=21, routed)          0.503     1.535    acquireToHDMIwithZynq_i/acquireToDisplay_AXI_0/U0/acquireToDisplay_AXI_slave_lite_v1_0_S00_AXI_inst/oscilloscope_inst/datapath_inst/hdmi0_inst/inst/encr/lopt
    SLICE_X35Y23         LUT2 (Prop_lut2_I0_O)        0.045     1.580 f  acquireToHDMIwithZynq_i/acquireToDisplay_AXI_0/U0/acquireToDisplay_AXI_slave_lite_v1_0_S00_AXI_inst/oscilloscope_inst/datapath_inst/hdmi0_inst/inst/encr/oserdes_m_i_1/O
                         net (fo=50, routed)          0.427     2.007    acquireToHDMIwithZynq_i/acquireToDisplay_AXI_0/U0/acquireToDisplay_AXI_slave_lite_v1_0_S00_AXI_inst/oscilloscope_inst/datapath_inst/hdmi0_inst/inst/encg/AR[0]
    SLICE_X38Y24         FDCE                                         f  acquireToHDMIwithZynq_i/acquireToDisplay_AXI_0/U0/acquireToDisplay_AXI_slave_lite_v1_0_S00_AXI_inst/oscilloscope_inst/datapath_inst/hdmi0_inst/inst/encg/dout_reg[2]/CLR
  -------------------------------------------------------------------    -------------------

                         (clock clk_out1_clk_wiz_0 rise edge)
                                                      0.000     0.000 r  
    BUFGCTRL_X0Y0        BUFG                         0.000     0.000 r  acquireToHDMIwithZynq_i/processing_system7_0/inst/buffer_fclk_clk_0.FCLK_CLK_0_BUFG/O
                         net (fo=1484, routed)        0.812     0.812    acquireToHDMIwithZynq_i/acquireToDisplay_AXI_0/U0/acquireToDisplay_AXI_slave_lite_v1_0_S00_AXI_inst/oscilloscope_inst/datapath_inst/vc/inst/clk_in1
    MMCME2_ADV_X0Y0      MMCME2_ADV (Prop_mmcme2_adv_CLKIN1_CLKOUT0)
                                                     -1.369    -0.557 r  acquireToHDMIwithZynq_i/acquireToDisplay_AXI_0/U0/acquireToDisplay_AXI_slave_lite_v1_0_S00_AXI_inst/oscilloscope_inst/datapath_inst/vc/inst/mmcm_adv_inst/CLKOUT0
                         net (fo=1, routed)           0.528    -0.029    acquireToHDMIwithZynq_i/acquireToDisplay_AXI_0/U0/acquireToDisplay_AXI_slave_lite_v1_0_S00_AXI_inst/oscilloscope_inst/datapath_inst/vc/inst/clk_out1_clk_wiz_0
    BUFGCTRL_X0Y1        BUFG (Prop_bufg_I_O)         0.029    -0.000 r  acquireToHDMIwithZynq_i/acquireToDisplay_AXI_0/U0/acquireToDisplay_AXI_slave_lite_v1_0_S00_AXI_inst/oscilloscope_inst/datapath_inst/vc/inst/clkout1_buf/O
                         net (fo=224, routed)         0.843     0.843    acquireToHDMIwithZynq_i/acquireToDisplay_AXI_0/U0/acquireToDisplay_AXI_slave_lite_v1_0_S00_AXI_inst/oscilloscope_inst/datapath_inst/hdmi0_inst/inst/encg/pix_clk
    SLICE_X38Y24         FDCE                                         r  acquireToHDMIwithZynq_i/acquireToDisplay_AXI_0/U0/acquireToDisplay_AXI_slave_lite_v1_0_S00_AXI_inst/oscilloscope_inst/datapath_inst/hdmi0_inst/inst/encg/dout_reg[2]/C
                         clock pessimism              0.000     0.843    
                         clock uncertainty            0.991     1.834    
    SLICE_X38Y24         FDCE (Remov_fdce_C_CLR)     -0.067     1.767    acquireToHDMIwithZynq_i/acquireToDisplay_AXI_0/U0/acquireToDisplay_AXI_slave_lite_v1_0_S00_AXI_inst/oscilloscope_inst/datapath_inst/hdmi0_inst/inst/encg/dout_reg[2]
  -------------------------------------------------------------------
                         required time                         -1.767    
                         arrival time                           2.007    
  -------------------------------------------------------------------
                         slack                                  0.240    

Slack (MET) :             0.240ns  (arrival time - required time)
  Source:                 acquireToHDMIwithZynq_i/rst_ps7_0_50M/U0/ACTIVE_LOW_PR_OUT_DFF[0].FDRE_PER_N/C
                            (rising edge-triggered cell FDRE clocked by clk_fpga_0  {rise@0.000ns fall@10.000ns period=20.000ns})
  Destination:            acquireToHDMIwithZynq_i/acquireToDisplay_AXI_0/U0/acquireToDisplay_AXI_slave_lite_v1_0_S00_AXI_inst/oscilloscope_inst/datapath_inst/hdmi0_inst/inst/encg/dout_reg[4]/CLR
                            (removal check against rising-edge clock clk_out1_clk_wiz_0  {rise@0.000ns fall@6.737ns period=13.474ns})
  Path Group:             **async_default**
  Path Type:              Removal (Min at Fast Process Corner)
  Requirement:            0.000ns  (clk_out1_clk_wiz_0 rise@0.000ns - clk_fpga_0 rise@0.000ns)
  Data Path Delay:        1.116ns  (logic 0.186ns (16.661%)  route 0.930ns (83.339%))
  Logic Levels:           1  (LUT2=1)
  Clock Path Skew:        -0.048ns (DCD - SCD - CPR)
    Destination Clock Delay (DCD):    0.843ns
    Source Clock Delay      (SCD):    0.891ns
    Clock Pessimism Removal (CPR):    -0.000ns
  Clock Uncertainty:      0.991ns  ((TSJ^2 + TIJ^2 + DJ^2)^1/2) / 2 + PE
    Total System Jitter     (TSJ):    0.071ns
    Total Input Jitter      (TIJ):    0.600ns
    Discrete Jitter          (DJ):    0.462ns
    Phase Error              (PE):    0.611ns
  Clock Domain Crossing:  Inter clock paths are considered valid unless explicitly excluded by timing constraints such as set_clock_groups or set_false_path.

    Location             Delay type                Incr(ns)  Path(ns)    Netlist Resource(s)
  -------------------------------------------------------------------    -------------------
                         (clock clk_fpga_0 rise edge)
                                                      0.000     0.000 r  
    PS7_X0Y0             PS7                          0.000     0.000 r  acquireToHDMIwithZynq_i/processing_system7_0/inst/PS7_i/FCLKCLK[0]
                         net (fo=1, routed)           0.315     0.315    acquireToHDMIwithZynq_i/processing_system7_0/inst/FCLK_CLK_unbuffered[0]
    BUFGCTRL_X0Y0        BUFG (Prop_bufg_I_O)         0.026     0.341 r  acquireToHDMIwithZynq_i/processing_system7_0/inst/buffer_fclk_clk_0.FCLK_CLK_0_BUFG/O
                         net (fo=1484, routed)        0.550     0.891    acquireToHDMIwithZynq_i/rst_ps7_0_50M/U0/slowest_sync_clk
    SLICE_X35Y25         FDRE                                         r  acquireToHDMIwithZynq_i/rst_ps7_0_50M/U0/ACTIVE_LOW_PR_OUT_DFF[0].FDRE_PER_N/C
  -------------------------------------------------------------------    -------------------
    SLICE_X35Y25         FDRE (Prop_fdre_C_Q)         0.141     1.031 r  acquireToHDMIwithZynq_i/rst_ps7_0_50M/U0/ACTIVE_LOW_PR_OUT_DFF[0].FDRE_PER_N/Q
                         net (fo=21, routed)          0.503     1.535    acquireToHDMIwithZynq_i/acquireToDisplay_AXI_0/U0/acquireToDisplay_AXI_slave_lite_v1_0_S00_AXI_inst/oscilloscope_inst/datapath_inst/hdmi0_inst/inst/encr/lopt
    SLICE_X35Y23         LUT2 (Prop_lut2_I0_O)        0.045     1.580 f  acquireToHDMIwithZynq_i/acquireToDisplay_AXI_0/U0/acquireToDisplay_AXI_slave_lite_v1_0_S00_AXI_inst/oscilloscope_inst/datapath_inst/hdmi0_inst/inst/encr/oserdes_m_i_1/O
                         net (fo=50, routed)          0.427     2.007    acquireToHDMIwithZynq_i/acquireToDisplay_AXI_0/U0/acquireToDisplay_AXI_slave_lite_v1_0_S00_AXI_inst/oscilloscope_inst/datapath_inst/hdmi0_inst/inst/encg/AR[0]
    SLICE_X38Y24         FDCE                                         f  acquireToHDMIwithZynq_i/acquireToDisplay_AXI_0/U0/acquireToDisplay_AXI_slave_lite_v1_0_S00_AXI_inst/oscilloscope_inst/datapath_inst/hdmi0_inst/inst/encg/dout_reg[4]/CLR
  -------------------------------------------------------------------    -------------------

                         (clock clk_out1_clk_wiz_0 rise edge)
                                                      0.000     0.000 r  
    BUFGCTRL_X0Y0        BUFG                         0.000     0.000 r  acquireToHDMIwithZynq_i/processing_system7_0/inst/buffer_fclk_clk_0.FCLK_CLK_0_BUFG/O
                         net (fo=1484, routed)        0.812     0.812    acquireToHDMIwithZynq_i/acquireToDisplay_AXI_0/U0/acquireToDisplay_AXI_slave_lite_v1_0_S00_AXI_inst/oscilloscope_inst/datapath_inst/vc/inst/clk_in1
    MMCME2_ADV_X0Y0      MMCME2_ADV (Prop_mmcme2_adv_CLKIN1_CLKOUT0)
                                                     -1.369    -0.557 r  acquireToHDMIwithZynq_i/acquireToDisplay_AXI_0/U0/acquireToDisplay_AXI_slave_lite_v1_0_S00_AXI_inst/oscilloscope_inst/datapath_inst/vc/inst/mmcm_adv_inst/CLKOUT0
                         net (fo=1, routed)           0.528    -0.029    acquireToHDMIwithZynq_i/acquireToDisplay_AXI_0/U0/acquireToDisplay_AXI_slave_lite_v1_0_S00_AXI_inst/oscilloscope_inst/datapath_inst/vc/inst/clk_out1_clk_wiz_0
    BUFGCTRL_X0Y1        BUFG (Prop_bufg_I_O)         0.029    -0.000 r  acquireToHDMIwithZynq_i/acquireToDisplay_AXI_0/U0/acquireToDisplay_AXI_slave_lite_v1_0_S00_AXI_inst/oscilloscope_inst/datapath_inst/vc/inst/clkout1_buf/O
                         net (fo=224, routed)         0.843     0.843    acquireToHDMIwithZynq_i/acquireToDisplay_AXI_0/U0/acquireToDisplay_AXI_slave_lite_v1_0_S00_AXI_inst/oscilloscope_inst/datapath_inst/hdmi0_inst/inst/encg/pix_clk
    SLICE_X38Y24         FDCE                                         r  acquireToHDMIwithZynq_i/acquireToDisplay_AXI_0/U0/acquireToDisplay_AXI_slave_lite_v1_0_S00_AXI_inst/oscilloscope_inst/datapath_inst/hdmi0_inst/inst/encg/dout_reg[4]/C
                         clock pessimism              0.000     0.843    
                         clock uncertainty            0.991     1.834    
    SLICE_X38Y24         FDCE (Remov_fdce_C_CLR)     -0.067     1.767    acquireToHDMIwithZynq_i/acquireToDisplay_AXI_0/U0/acquireToDisplay_AXI_slave_lite_v1_0_S00_AXI_inst/oscilloscope_inst/datapath_inst/hdmi0_inst/inst/encg/dout_reg[4]
  -------------------------------------------------------------------
                         required time                         -1.767    
                         arrival time                           2.007    
  -------------------------------------------------------------------
                         slack                                  0.240    

Slack (MET) :             0.240ns  (arrival time - required time)
  Source:                 acquireToHDMIwithZynq_i/rst_ps7_0_50M/U0/ACTIVE_LOW_PR_OUT_DFF[0].FDRE_PER_N/C
                            (rising edge-triggered cell FDRE clocked by clk_fpga_0  {rise@0.000ns fall@10.000ns period=20.000ns})
  Destination:            acquireToHDMIwithZynq_i/acquireToDisplay_AXI_0/U0/acquireToDisplay_AXI_slave_lite_v1_0_S00_AXI_inst/oscilloscope_inst/datapath_inst/hdmi0_inst/inst/encr/cnt_reg[2]/CLR
                            (removal check against rising-edge clock clk_out1_clk_wiz_0  {rise@0.000ns fall@6.737ns period=13.474ns})
  Path Group:             **async_default**
  Path Type:              Removal (Min at Fast Process Corner)
  Requirement:            0.000ns  (clk_out1_clk_wiz_0 rise@0.000ns - clk_fpga_0 rise@0.000ns)
  Data Path Delay:        1.116ns  (logic 0.186ns (16.661%)  route 0.930ns (83.339%))
  Logic Levels:           1  (LUT2=1)
  Clock Path Skew:        -0.048ns (DCD - SCD - CPR)
    Destination Clock Delay (DCD):    0.843ns
    Source Clock Delay      (SCD):    0.891ns
    Clock Pessimism Removal (CPR):    -0.000ns
  Clock Uncertainty:      0.991ns  ((TSJ^2 + TIJ^2 + DJ^2)^1/2) / 2 + PE
    Total System Jitter     (TSJ):    0.071ns
    Total Input Jitter      (TIJ):    0.600ns
    Discrete Jitter          (DJ):    0.462ns
    Phase Error              (PE):    0.611ns
  Clock Domain Crossing:  Inter clock paths are considered valid unless explicitly excluded by timing constraints such as set_clock_groups or set_false_path.

    Location             Delay type                Incr(ns)  Path(ns)    Netlist Resource(s)
  -------------------------------------------------------------------    -------------------
                         (clock clk_fpga_0 rise edge)
                                                      0.000     0.000 r  
    PS7_X0Y0             PS7                          0.000     0.000 r  acquireToHDMIwithZynq_i/processing_system7_0/inst/PS7_i/FCLKCLK[0]
                         net (fo=1, routed)           0.315     0.315    acquireToHDMIwithZynq_i/processing_system7_0/inst/FCLK_CLK_unbuffered[0]
    BUFGCTRL_X0Y0        BUFG (Prop_bufg_I_O)         0.026     0.341 r  acquireToHDMIwithZynq_i/processing_system7_0/inst/buffer_fclk_clk_0.FCLK_CLK_0_BUFG/O
                         net (fo=1484, routed)        0.550     0.891    acquireToHDMIwithZynq_i/rst_ps7_0_50M/U0/slowest_sync_clk
    SLICE_X35Y25         FDRE                                         r  acquireToHDMIwithZynq_i/rst_ps7_0_50M/U0/ACTIVE_LOW_PR_OUT_DFF[0].FDRE_PER_N/C
  -------------------------------------------------------------------    -------------------
    SLICE_X35Y25         FDRE (Prop_fdre_C_Q)         0.141     1.031 r  acquireToHDMIwithZynq_i/rst_ps7_0_50M/U0/ACTIVE_LOW_PR_OUT_DFF[0].FDRE_PER_N/Q
                         net (fo=21, routed)          0.503     1.535    acquireToHDMIwithZynq_i/acquireToDisplay_AXI_0/U0/acquireToDisplay_AXI_slave_lite_v1_0_S00_AXI_inst/oscilloscope_inst/datapath_inst/hdmi0_inst/inst/encr/lopt
    SLICE_X35Y23         LUT2 (Prop_lut2_I0_O)        0.045     1.580 f  acquireToHDMIwithZynq_i/acquireToDisplay_AXI_0/U0/acquireToDisplay_AXI_slave_lite_v1_0_S00_AXI_inst/oscilloscope_inst/datapath_inst/hdmi0_inst/inst/encr/oserdes_m_i_1/O
                         net (fo=50, routed)          0.427     2.007    acquireToHDMIwithZynq_i/acquireToDisplay_AXI_0/U0/acquireToDisplay_AXI_slave_lite_v1_0_S00_AXI_inst/oscilloscope_inst/datapath_inst/hdmi0_inst/inst/encr/AR[0]
    SLICE_X38Y24         FDCE                                         f  acquireToHDMIwithZynq_i/acquireToDisplay_AXI_0/U0/acquireToDisplay_AXI_slave_lite_v1_0_S00_AXI_inst/oscilloscope_inst/datapath_inst/hdmi0_inst/inst/encr/cnt_reg[2]/CLR
  -------------------------------------------------------------------    -------------------

                         (clock clk_out1_clk_wiz_0 rise edge)
                                                      0.000     0.000 r  
    BUFGCTRL_X0Y0        BUFG                         0.000     0.000 r  acquireToHDMIwithZynq_i/processing_system7_0/inst/buffer_fclk_clk_0.FCLK_CLK_0_BUFG/O
                         net (fo=1484, routed)        0.812     0.812    acquireToHDMIwithZynq_i/acquireToDisplay_AXI_0/U0/acquireToDisplay_AXI_slave_lite_v1_0_S00_AXI_inst/oscilloscope_inst/datapath_inst/vc/inst/clk_in1
    MMCME2_ADV_X0Y0      MMCME2_ADV (Prop_mmcme2_adv_CLKIN1_CLKOUT0)
                                                     -1.369    -0.557 r  acquireToHDMIwithZynq_i/acquireToDisplay_AXI_0/U0/acquireToDisplay_AXI_slave_lite_v1_0_S00_AXI_inst/oscilloscope_inst/datapath_inst/vc/inst/mmcm_adv_inst/CLKOUT0
                         net (fo=1, routed)           0.528    -0.029    acquireToHDMIwithZynq_i/acquireToDisplay_AXI_0/U0/acquireToDisplay_AXI_slave_lite_v1_0_S00_AXI_inst/oscilloscope_inst/datapath_inst/vc/inst/clk_out1_clk_wiz_0
    BUFGCTRL_X0Y1        BUFG (Prop_bufg_I_O)         0.029    -0.000 r  acquireToHDMIwithZynq_i/acquireToDisplay_AXI_0/U0/acquireToDisplay_AXI_slave_lite_v1_0_S00_AXI_inst/oscilloscope_inst/datapath_inst/vc/inst/clkout1_buf/O
                         net (fo=224, routed)         0.843     0.843    acquireToHDMIwithZynq_i/acquireToDisplay_AXI_0/U0/acquireToDisplay_AXI_slave_lite_v1_0_S00_AXI_inst/oscilloscope_inst/datapath_inst/hdmi0_inst/inst/encr/pix_clk
    SLICE_X38Y24         FDCE                                         r  acquireToHDMIwithZynq_i/acquireToDisplay_AXI_0/U0/acquireToDisplay_AXI_slave_lite_v1_0_S00_AXI_inst/oscilloscope_inst/datapath_inst/hdmi0_inst/inst/encr/cnt_reg[2]/C
                         clock pessimism              0.000     0.843    
                         clock uncertainty            0.991     1.834    
    SLICE_X38Y24         FDCE (Remov_fdce_C_CLR)     -0.067     1.767    acquireToHDMIwithZynq_i/acquireToDisplay_AXI_0/U0/acquireToDisplay_AXI_slave_lite_v1_0_S00_AXI_inst/oscilloscope_inst/datapath_inst/hdmi0_inst/inst/encr/cnt_reg[2]
  -------------------------------------------------------------------
                         required time                         -1.767    
                         arrival time                           2.007    
  -------------------------------------------------------------------
                         slack                                  0.240    





--------------------------------------------------------------------------------------
Path Group:  (none)
From Clock:  
  To Clock:  clk_fpga_0

Max Delay             1 Endpoint
Min Delay             1 Endpoint
--------------------------------------------------------------------------------------


Max Delay Paths
--------------------------------------------------------------------------------------
Slack:                    inf
  Source:                 acquireToHDMIwithZynq_i/processing_system7_0/inst/PS7_i/FCLKRESETN[0]
                            (internal pin)
  Destination:            acquireToHDMIwithZynq_i/rst_ps7_0_50M/U0/EXT_LPF/ACTIVE_LOW_EXT.ACT_LO_EXT/syncstages_ff_reg[0]/D
                            (rising edge-triggered cell FDRE clocked by clk_fpga_0  {rise@0.000ns fall@10.000ns period=20.000ns})
  Path Group:             (none)
  Path Type:              Setup (Max at Slow Process Corner)
  Data Path Delay:        2.272ns  (logic 0.124ns (5.457%)  route 2.148ns (94.543%))
  Logic Levels:           1  (LUT1=1)
  Clock Uncertainty:      0.301ns  ((TSJ^2 + TIJ^2)^1/2 + DJ) / 2 + PE
    Total System Jitter     (TSJ):    0.050ns
    Total Input Jitter      (TIJ):    0.600ns
    Discrete Jitter          (DJ):    0.000ns
    Phase Error              (PE):    0.000ns
  Timing Exception:       False Path

    Location             Delay type                Incr(ns)  Path(ns)    Netlist Resource(s)
  -------------------------------------------------------------------    -------------------
    PS7_X0Y0             PS7                          0.000     0.000 f  acquireToHDMIwithZynq_i/processing_system7_0/inst/PS7_i/FCLKRESETN[0]
                         net (fo=1, routed)           2.148     2.148    acquireToHDMIwithZynq_i/rst_ps7_0_50M/U0/EXT_LPF/ext_reset_in
    SLICE_X26Y28         LUT1 (Prop_lut1_I0_O)        0.124     2.272 r  acquireToHDMIwithZynq_i/rst_ps7_0_50M/U0/EXT_LPF/ACTIVE_LOW_EXT.ACT_LO_EXT_i_1/O
                         net (fo=1, routed)           0.000     2.272    acquireToHDMIwithZynq_i/rst_ps7_0_50M/U0/EXT_LPF/ACTIVE_LOW_EXT.ACT_LO_EXT/src_in
    SLICE_X26Y28         FDRE                                         r  acquireToHDMIwithZynq_i/rst_ps7_0_50M/U0/EXT_LPF/ACTIVE_LOW_EXT.ACT_LO_EXT/syncstages_ff_reg[0]/D
  -------------------------------------------------------------------    -------------------

                         (clock clk_fpga_0 rise edge)
                                                      0.000     0.000 r  
    PS7_X0Y0             PS7                          0.000     0.000 r  acquireToHDMIwithZynq_i/processing_system7_0/inst/PS7_i/FCLKCLK[0]
                         net (fo=1, routed)           1.101     1.101    acquireToHDMIwithZynq_i/processing_system7_0/inst/FCLK_CLK_unbuffered[0]
    BUFGCTRL_X0Y0        BUFG (Prop_bufg_I_O)         0.091     1.192 r  acquireToHDMIwithZynq_i/processing_system7_0/inst/buffer_fclk_clk_0.FCLK_CLK_0_BUFG/O
                         net (fo=1484, routed)        1.487     2.679    acquireToHDMIwithZynq_i/rst_ps7_0_50M/U0/EXT_LPF/ACTIVE_LOW_EXT.ACT_LO_EXT/dest_clk
    SLICE_X26Y28         FDRE                                         r  acquireToHDMIwithZynq_i/rst_ps7_0_50M/U0/EXT_LPF/ACTIVE_LOW_EXT.ACT_LO_EXT/syncstages_ff_reg[0]/C





Min Delay Paths
--------------------------------------------------------------------------------------
Slack:                    inf
  Source:                 acquireToHDMIwithZynq_i/processing_system7_0/inst/PS7_i/FCLKRESETN[0]
                            (internal pin)
  Destination:            acquireToHDMIwithZynq_i/rst_ps7_0_50M/U0/EXT_LPF/ACTIVE_LOW_EXT.ACT_LO_EXT/syncstages_ff_reg[0]/D
                            (rising edge-triggered cell FDRE clocked by clk_fpga_0  {rise@0.000ns fall@10.000ns period=20.000ns})
  Path Group:             (none)
  Path Type:              Hold (Min at Fast Process Corner)
  Data Path Delay:        0.982ns  (logic 0.045ns (4.581%)  route 0.937ns (95.419%))
  Logic Levels:           1  (LUT1=1)
  Clock Uncertainty:      0.301ns  ((TSJ^2 + TIJ^2)^1/2 + DJ) / 2 + PE
    Total System Jitter     (TSJ):    0.050ns
    Total Input Jitter      (TIJ):    0.600ns
    Discrete Jitter          (DJ):    0.000ns
    Phase Error              (PE):    0.000ns
  Timing Exception:       False Path

    Location             Delay type                Incr(ns)  Path(ns)    Netlist Resource(s)
  -------------------------------------------------------------------    -------------------
    PS7_X0Y0             PS7                          0.000     0.000 f  acquireToHDMIwithZynq_i/processing_system7_0/inst/PS7_i/FCLKRESETN[0]
                         net (fo=1, routed)           0.937     0.937    acquireToHDMIwithZynq_i/rst_ps7_0_50M/U0/EXT_LPF/ext_reset_in
    SLICE_X26Y28         LUT1 (Prop_lut1_I0_O)        0.045     0.982 r  acquireToHDMIwithZynq_i/rst_ps7_0_50M/U0/EXT_LPF/ACTIVE_LOW_EXT.ACT_LO_EXT_i_1/O
                         net (fo=1, routed)           0.000     0.982    acquireToHDMIwithZynq_i/rst_ps7_0_50M/U0/EXT_LPF/ACTIVE_LOW_EXT.ACT_LO_EXT/src_in
    SLICE_X26Y28         FDRE                                         r  acquireToHDMIwithZynq_i/rst_ps7_0_50M/U0/EXT_LPF/ACTIVE_LOW_EXT.ACT_LO_EXT/syncstages_ff_reg[0]/D
  -------------------------------------------------------------------    -------------------

                         (clock clk_fpga_0 rise edge)
                                                      0.000     0.000 r  
    PS7_X0Y0             PS7                          0.000     0.000 r  acquireToHDMIwithZynq_i/processing_system7_0/inst/PS7_i/FCLKCLK[0]
                         net (fo=1, routed)           0.341     0.341    acquireToHDMIwithZynq_i/processing_system7_0/inst/FCLK_CLK_unbuffered[0]
    BUFGCTRL_X0Y0        BUFG (Prop_bufg_I_O)         0.029     0.370 r  acquireToHDMIwithZynq_i/processing_system7_0/inst/buffer_fclk_clk_0.FCLK_CLK_0_BUFG/O
                         net (fo=1484, routed)        0.819     1.189    acquireToHDMIwithZynq_i/rst_ps7_0_50M/U0/EXT_LPF/ACTIVE_LOW_EXT.ACT_LO_EXT/dest_clk
    SLICE_X26Y28         FDRE                                         r  acquireToHDMIwithZynq_i/rst_ps7_0_50M/U0/EXT_LPF/ACTIVE_LOW_EXT.ACT_LO_EXT/syncstages_ff_reg[0]/C





--------------------------------------------------------------------------------------
Path Group:  (none)
From Clock:  clk_fpga_0
  To Clock:  clk_fpga_0

Max Delay            94 Endpoints
Min Delay            94 Endpoints
--------------------------------------------------------------------------------------


Max Delay Paths
--------------------------------------------------------------------------------------
Slack:                    inf
  Source:                 acquireToHDMIwithZynq_i/rst_ps7_0_50M/U0/ACTIVE_LOW_PR_OUT_DFF[0].FDRE_PER_N/C
                            (rising edge-triggered cell FDRE clocked by clk_fpga_0  {rise@0.000ns fall@10.000ns period=20.000ns})
  Destination:            acquireToHDMIwithZynq_i/axi_smc/inst/clk_map/psr_aclk/U0/EXT_LPF/ACTIVE_LOW_AUX.ACT_LO_AUX/syncstages_ff_reg[0]/D
                            (rising edge-triggered cell FDRE clocked by clk_fpga_0  {rise@0.000ns fall@10.000ns period=20.000ns})
  Path Group:             (none)
  Path Type:              Setup (Max at Slow Process Corner)
  Data Path Delay:        5.785ns  (logic 0.576ns (9.957%)  route 5.209ns (90.043%))
  Logic Levels:           1  (LUT1=1)
  Clock Path Skew:        -0.281ns (DCD - SCD + CPR)
    Destination Clock Delay (DCD):    2.681ns
    Source Clock Delay      (SCD):    2.962ns
    Clock Pessimism Removal (CPR):    0.000ns
  Clock Uncertainty:      0.302ns  ((TSJ^2 + TIJ^2)^1/2 + DJ) / 2 + PE
    Total System Jitter     (TSJ):    0.071ns
    Total Input Jitter      (TIJ):    0.600ns
    Discrete Jitter          (DJ):    0.000ns
    Phase Error              (PE):    0.000ns
  Timing Exception:       False Path

    Location             Delay type                Incr(ns)  Path(ns)    Netlist Resource(s)
  -------------------------------------------------------------------    -------------------
                         (clock clk_fpga_0 rise edge)
                                                      0.000     0.000 r  
    PS7_X0Y0             PS7                          0.000     0.000 r  acquireToHDMIwithZynq_i/processing_system7_0/inst/PS7_i/FCLKCLK[0]
                         net (fo=1, routed)           1.207     1.207    acquireToHDMIwithZynq_i/processing_system7_0/inst/FCLK_CLK_unbuffered[0]
    BUFGCTRL_X0Y0        BUFG (Prop_bufg_I_O)         0.101     1.308 r  acquireToHDMIwithZynq_i/processing_system7_0/inst/buffer_fclk_clk_0.FCLK_CLK_0_BUFG/O
                         net (fo=1484, routed)        1.654     2.962    acquireToHDMIwithZynq_i/rst_ps7_0_50M/U0/slowest_sync_clk
    SLICE_X35Y25         FDRE                                         r  acquireToHDMIwithZynq_i/rst_ps7_0_50M/U0/ACTIVE_LOW_PR_OUT_DFF[0].FDRE_PER_N/C
  -------------------------------------------------------------------    -------------------
    SLICE_X35Y25         FDRE (Prop_fdre_C_Q)         0.456     3.418 f  acquireToHDMIwithZynq_i/rst_ps7_0_50M/U0/ACTIVE_LOW_PR_OUT_DFF[0].FDRE_PER_N/Q
                         net (fo=21, routed)          4.557     7.975    acquireToHDMIwithZynq_i/axi_smc/inst/clk_map/psr_aclk/U0/EXT_LPF/aresetn
    SLICE_X14Y50         LUT1 (Prop_lut1_I0_O)        0.120     8.095 r  acquireToHDMIwithZynq_i/axi_smc/inst/clk_map/psr_aclk/U0/EXT_LPF/ACTIVE_LOW_AUX.ACT_LO_AUX_i_1/O
                         net (fo=1, routed)           0.653     8.747    acquireToHDMIwithZynq_i/axi_smc/inst/clk_map/psr_aclk/U0/EXT_LPF/ACTIVE_LOW_AUX.ACT_LO_AUX/src_in
    SLICE_X20Y53         FDRE                                         r  acquireToHDMIwithZynq_i/axi_smc/inst/clk_map/psr_aclk/U0/EXT_LPF/ACTIVE_LOW_AUX.ACT_LO_AUX/syncstages_ff_reg[0]/D
  -------------------------------------------------------------------    -------------------

                         (clock clk_fpga_0 rise edge)
                                                      0.000     0.000 r  
    PS7_X0Y0             PS7                          0.000     0.000 r  acquireToHDMIwithZynq_i/processing_system7_0/inst/PS7_i/FCLKCLK[0]
                         net (fo=1, routed)           1.101     1.101    acquireToHDMIwithZynq_i/processing_system7_0/inst/FCLK_CLK_unbuffered[0]
    BUFGCTRL_X0Y0        BUFG (Prop_bufg_I_O)         0.091     1.192 r  acquireToHDMIwithZynq_i/processing_system7_0/inst/buffer_fclk_clk_0.FCLK_CLK_0_BUFG/O
                         net (fo=1484, routed)        1.489     2.681    acquireToHDMIwithZynq_i/axi_smc/inst/clk_map/psr_aclk/U0/EXT_LPF/ACTIVE_LOW_AUX.ACT_LO_AUX/dest_clk
    SLICE_X20Y53         FDRE                                         r  acquireToHDMIwithZynq_i/axi_smc/inst/clk_map/psr_aclk/U0/EXT_LPF/ACTIVE_LOW_AUX.ACT_LO_AUX/syncstages_ff_reg[0]/C

Slack:                    inf
  Source:                 acquireToHDMIwithZynq_i/axi_smc/inst/clk_map/psr_aclk/U0/ACTIVE_LOW_BSR_OUT_DFF[0].FDRE_BSR_N/C
                            (rising edge-triggered cell FDRE clocked by clk_fpga_0  {rise@0.000ns fall@10.000ns period=20.000ns})
  Destination:            <hidden>
                            (recovery check against rising-edge clock clk_fpga_0  {rise@0.000ns fall@10.000ns period=20.000ns})
  Path Group:             (none)
  Path Type:              Recovery (Max at Slow Process Corner)
  Data Path Delay:        3.857ns  (logic 0.580ns (15.037%)  route 3.277ns (84.963%))
  Logic Levels:           1  (LUT1=1)
  Clock Path Skew:        -0.241ns (DCD - SCD + CPR)
    Destination Clock Delay (DCD):    2.730ns
    Source Clock Delay      (SCD):    2.971ns
    Clock Pessimism Removal (CPR):    0.000ns
  Clock Uncertainty:      0.302ns  ((TSJ^2 + TIJ^2)^1/2 + DJ) / 2 + PE
    Total System Jitter     (TSJ):    0.071ns
    Total Input Jitter      (TIJ):    0.600ns
    Discrete Jitter          (DJ):    0.000ns
    Phase Error              (PE):    0.000ns
  Timing Exception:       False Path

    Location             Delay type                Incr(ns)  Path(ns)    Netlist Resource(s)
  -------------------------------------------------------------------    -------------------
                         (clock clk_fpga_0 rise edge)
                                                      0.000     0.000 r  
    PS7_X0Y0             PS7                          0.000     0.000 r  acquireToHDMIwithZynq_i/processing_system7_0/inst/PS7_i/FCLKCLK[0]
                         net (fo=1, routed)           1.207     1.207    acquireToHDMIwithZynq_i/processing_system7_0/inst/FCLK_CLK_unbuffered[0]
    BUFGCTRL_X0Y0        BUFG (Prop_bufg_I_O)         0.101     1.308 r  acquireToHDMIwithZynq_i/processing_system7_0/inst/buffer_fclk_clk_0.FCLK_CLK_0_BUFG/O
                         net (fo=1484, routed)        1.663     2.971    acquireToHDMIwithZynq_i/axi_smc/inst/clk_map/psr_aclk/U0/aclk
    SLICE_X18Y55         FDRE                                         r  acquireToHDMIwithZynq_i/axi_smc/inst/clk_map/psr_aclk/U0/ACTIVE_LOW_BSR_OUT_DFF[0].FDRE_BSR_N/C
  -------------------------------------------------------------------    -------------------
    SLICE_X18Y55         FDRE (Prop_fdre_C_Q)         0.456     3.427 r  acquireToHDMIwithZynq_i/axi_smc/inst/clk_map/psr_aclk/U0/ACTIVE_LOW_BSR_OUT_DFF[0].FDRE_BSR_N/Q
                         net (fo=31, routed)          2.701     6.128    <hidden>
    SLICE_X4Y27          LUT1 (Prop_lut1_I0_O)        0.124     6.252 f  <hidden>
                         net (fo=3, routed)           0.576     6.828    <hidden>
    SLICE_X4Y27          FDCE                                         f  <hidden>
  -------------------------------------------------------------------    -------------------

                         (clock clk_fpga_0 rise edge)
                                                      0.000     0.000 r  
    PS7_X0Y0             PS7                          0.000     0.000 r  acquireToHDMIwithZynq_i/processing_system7_0/inst/PS7_i/FCLKCLK[0]
                         net (fo=1, routed)           1.101     1.101    acquireToHDMIwithZynq_i/processing_system7_0/inst/FCLK_CLK_unbuffered[0]
    BUFGCTRL_X0Y0        BUFG (Prop_bufg_I_O)         0.091     1.192 r  acquireToHDMIwithZynq_i/processing_system7_0/inst/buffer_fclk_clk_0.FCLK_CLK_0_BUFG/O
                         net (fo=1484, routed)        1.537     2.729    <hidden>
    SLICE_X4Y27          FDCE                                         r  <hidden>

Slack:                    inf
  Source:                 acquireToHDMIwithZynq_i/axi_smc/inst/clk_map/psr_aclk/U0/ACTIVE_LOW_BSR_OUT_DFF[0].FDRE_BSR_N/C
                            (rising edge-triggered cell FDRE clocked by clk_fpga_0  {rise@0.000ns fall@10.000ns period=20.000ns})
  Destination:            <hidden>
                            (recovery check against rising-edge clock clk_fpga_0  {rise@0.000ns fall@10.000ns period=20.000ns})
  Path Group:             (none)
  Path Type:              Recovery (Max at Slow Process Corner)
  Data Path Delay:        3.857ns  (logic 0.580ns (15.037%)  route 3.277ns (84.963%))
  Logic Levels:           1  (LUT1=1)
  Clock Path Skew:        -0.241ns (DCD - SCD + CPR)
    Destination Clock Delay (DCD):    2.730ns
    Source Clock Delay      (SCD):    2.971ns
    Clock Pessimism Removal (CPR):    0.000ns
  Clock Uncertainty:      0.302ns  ((TSJ^2 + TIJ^2)^1/2 + DJ) / 2 + PE
    Total System Jitter     (TSJ):    0.071ns
    Total Input Jitter      (TIJ):    0.600ns
    Discrete Jitter          (DJ):    0.000ns
    Phase Error              (PE):    0.000ns
  Timing Exception:       False Path

    Location             Delay type                Incr(ns)  Path(ns)    Netlist Resource(s)
  -------------------------------------------------------------------    -------------------
                         (clock clk_fpga_0 rise edge)
                                                      0.000     0.000 r  
    PS7_X0Y0             PS7                          0.000     0.000 r  acquireToHDMIwithZynq_i/processing_system7_0/inst/PS7_i/FCLKCLK[0]
                         net (fo=1, routed)           1.207     1.207    acquireToHDMIwithZynq_i/processing_system7_0/inst/FCLK_CLK_unbuffered[0]
    BUFGCTRL_X0Y0        BUFG (Prop_bufg_I_O)         0.101     1.308 r  acquireToHDMIwithZynq_i/processing_system7_0/inst/buffer_fclk_clk_0.FCLK_CLK_0_BUFG/O
                         net (fo=1484, routed)        1.663     2.971    acquireToHDMIwithZynq_i/axi_smc/inst/clk_map/psr_aclk/U0/aclk
    SLICE_X18Y55         FDRE                                         r  acquireToHDMIwithZynq_i/axi_smc/inst/clk_map/psr_aclk/U0/ACTIVE_LOW_BSR_OUT_DFF[0].FDRE_BSR_N/C
  -------------------------------------------------------------------    -------------------
    SLICE_X18Y55         FDRE (Prop_fdre_C_Q)         0.456     3.427 r  acquireToHDMIwithZynq_i/axi_smc/inst/clk_map/psr_aclk/U0/ACTIVE_LOW_BSR_OUT_DFF[0].FDRE_BSR_N/Q
                         net (fo=31, routed)          2.701     6.128    <hidden>
    SLICE_X4Y27          LUT1 (Prop_lut1_I0_O)        0.124     6.252 f  <hidden>
                         net (fo=3, routed)           0.576     6.828    <hidden>
    SLICE_X4Y27          FDCE                                         f  <hidden>
  -------------------------------------------------------------------    -------------------

                         (clock clk_fpga_0 rise edge)
                                                      0.000     0.000 r  
    PS7_X0Y0             PS7                          0.000     0.000 r  acquireToHDMIwithZynq_i/processing_system7_0/inst/PS7_i/FCLKCLK[0]
                         net (fo=1, routed)           1.101     1.101    acquireToHDMIwithZynq_i/processing_system7_0/inst/FCLK_CLK_unbuffered[0]
    BUFGCTRL_X0Y0        BUFG (Prop_bufg_I_O)         0.091     1.192 r  acquireToHDMIwithZynq_i/processing_system7_0/inst/buffer_fclk_clk_0.FCLK_CLK_0_BUFG/O
                         net (fo=1484, routed)        1.537     2.729    <hidden>
    SLICE_X4Y27          FDCE                                         r  <hidden>

Slack:                    inf
  Source:                 acquireToHDMIwithZynq_i/axi_smc/inst/clk_map/psr_aclk/U0/ACTIVE_LOW_BSR_OUT_DFF[0].FDRE_BSR_N/C
                            (rising edge-triggered cell FDRE clocked by clk_fpga_0  {rise@0.000ns fall@10.000ns period=20.000ns})
  Destination:            <hidden>
                            (recovery check against rising-edge clock clk_fpga_0  {rise@0.000ns fall@10.000ns period=20.000ns})
  Path Group:             (none)
  Path Type:              Recovery (Max at Slow Process Corner)
  Data Path Delay:        3.857ns  (logic 0.580ns (15.037%)  route 3.277ns (84.963%))
  Logic Levels:           1  (LUT1=1)
  Clock Path Skew:        -0.241ns (DCD - SCD + CPR)
    Destination Clock Delay (DCD):    2.730ns
    Source Clock Delay      (SCD):    2.971ns
    Clock Pessimism Removal (CPR):    0.000ns
  Clock Uncertainty:      0.302ns  ((TSJ^2 + TIJ^2)^1/2 + DJ) / 2 + PE
    Total System Jitter     (TSJ):    0.071ns
    Total Input Jitter      (TIJ):    0.600ns
    Discrete Jitter          (DJ):    0.000ns
    Phase Error              (PE):    0.000ns
  Timing Exception:       False Path

    Location             Delay type                Incr(ns)  Path(ns)    Netlist Resource(s)
  -------------------------------------------------------------------    -------------------
                         (clock clk_fpga_0 rise edge)
                                                      0.000     0.000 r  
    PS7_X0Y0             PS7                          0.000     0.000 r  acquireToHDMIwithZynq_i/processing_system7_0/inst/PS7_i/FCLKCLK[0]
                         net (fo=1, routed)           1.207     1.207    acquireToHDMIwithZynq_i/processing_system7_0/inst/FCLK_CLK_unbuffered[0]
    BUFGCTRL_X0Y0        BUFG (Prop_bufg_I_O)         0.101     1.308 r  acquireToHDMIwithZynq_i/processing_system7_0/inst/buffer_fclk_clk_0.FCLK_CLK_0_BUFG/O
                         net (fo=1484, routed)        1.663     2.971    acquireToHDMIwithZynq_i/axi_smc/inst/clk_map/psr_aclk/U0/aclk
    SLICE_X18Y55         FDRE                                         r  acquireToHDMIwithZynq_i/axi_smc/inst/clk_map/psr_aclk/U0/ACTIVE_LOW_BSR_OUT_DFF[0].FDRE_BSR_N/C
  -------------------------------------------------------------------    -------------------
    SLICE_X18Y55         FDRE (Prop_fdre_C_Q)         0.456     3.427 r  acquireToHDMIwithZynq_i/axi_smc/inst/clk_map/psr_aclk/U0/ACTIVE_LOW_BSR_OUT_DFF[0].FDRE_BSR_N/Q
                         net (fo=31, routed)          2.701     6.128    <hidden>
    SLICE_X4Y27          LUT1 (Prop_lut1_I0_O)        0.124     6.252 f  <hidden>
                         net (fo=3, routed)           0.576     6.828    <hidden>
    SLICE_X4Y27          FDCE                                         f  <hidden>
  -------------------------------------------------------------------    -------------------

                         (clock clk_fpga_0 rise edge)
                                                      0.000     0.000 r  
    PS7_X0Y0             PS7                          0.000     0.000 r  acquireToHDMIwithZynq_i/processing_system7_0/inst/PS7_i/FCLKCLK[0]
                         net (fo=1, routed)           1.101     1.101    acquireToHDMIwithZynq_i/processing_system7_0/inst/FCLK_CLK_unbuffered[0]
    BUFGCTRL_X0Y0        BUFG (Prop_bufg_I_O)         0.091     1.192 r  acquireToHDMIwithZynq_i/processing_system7_0/inst/buffer_fclk_clk_0.FCLK_CLK_0_BUFG/O
                         net (fo=1484, routed)        1.537     2.729    <hidden>
    SLICE_X4Y27          FDCE                                         r  <hidden>

Slack:                    inf
  Source:                 acquireToHDMIwithZynq_i/axi_smc/inst/clk_map/psr_aclk/U0/ACTIVE_LOW_BSR_OUT_DFF[0].FDRE_BSR_N/C
                            (rising edge-triggered cell FDRE clocked by clk_fpga_0  {rise@0.000ns fall@10.000ns period=20.000ns})
  Destination:            <hidden>
                            (recovery check against rising-edge clock clk_fpga_0  {rise@0.000ns fall@10.000ns period=20.000ns})
  Path Group:             (none)
  Path Type:              Recovery (Max at Slow Process Corner)
  Data Path Delay:        3.835ns  (logic 0.609ns (15.882%)  route 3.226ns (84.118%))
  Logic Levels:           1  (LUT1=1)
  Clock Path Skew:        -0.241ns (DCD - SCD + CPR)
    Destination Clock Delay (DCD):    2.730ns
    Source Clock Delay      (SCD):    2.971ns
    Clock Pessimism Removal (CPR):    0.000ns
  Clock Uncertainty:      0.302ns  ((TSJ^2 + TIJ^2)^1/2 + DJ) / 2 + PE
    Total System Jitter     (TSJ):    0.071ns
    Total Input Jitter      (TIJ):    0.600ns
    Discrete Jitter          (DJ):    0.000ns
    Phase Error              (PE):    0.000ns
  Timing Exception:       False Path

    Location             Delay type                Incr(ns)  Path(ns)    Netlist Resource(s)
  -------------------------------------------------------------------    -------------------
                         (clock clk_fpga_0 rise edge)
                                                      0.000     0.000 r  
    PS7_X0Y0             PS7                          0.000     0.000 r  acquireToHDMIwithZynq_i/processing_system7_0/inst/PS7_i/FCLKCLK[0]
                         net (fo=1, routed)           1.207     1.207    acquireToHDMIwithZynq_i/processing_system7_0/inst/FCLK_CLK_unbuffered[0]
    BUFGCTRL_X0Y0        BUFG (Prop_bufg_I_O)         0.101     1.308 r  acquireToHDMIwithZynq_i/processing_system7_0/inst/buffer_fclk_clk_0.FCLK_CLK_0_BUFG/O
                         net (fo=1484, routed)        1.663     2.971    acquireToHDMIwithZynq_i/axi_smc/inst/clk_map/psr_aclk/U0/aclk
    SLICE_X18Y55         FDRE                                         r  acquireToHDMIwithZynq_i/axi_smc/inst/clk_map/psr_aclk/U0/ACTIVE_LOW_BSR_OUT_DFF[0].FDRE_BSR_N/C
  -------------------------------------------------------------------    -------------------
    SLICE_X18Y55         FDRE (Prop_fdre_C_Q)         0.456     3.427 r  acquireToHDMIwithZynq_i/axi_smc/inst/clk_map/psr_aclk/U0/ACTIVE_LOW_BSR_OUT_DFF[0].FDRE_BSR_N/Q
                         net (fo=31, routed)          2.701     6.128    <hidden>
    SLICE_X4Y27          LUT1 (Prop_lut1_I0_O)        0.153     6.281 f  <hidden>
                         net (fo=3, routed)           0.525     6.806    <hidden>
    SLICE_X3Y27          FDCE                                         f  <hidden>
  -------------------------------------------------------------------    -------------------

                         (clock clk_fpga_0 rise edge)
                                                      0.000     0.000 r  
    PS7_X0Y0             PS7                          0.000     0.000 r  acquireToHDMIwithZynq_i/processing_system7_0/inst/PS7_i/FCLKCLK[0]
                         net (fo=1, routed)           1.101     1.101    acquireToHDMIwithZynq_i/processing_system7_0/inst/FCLK_CLK_unbuffered[0]
    BUFGCTRL_X0Y0        BUFG (Prop_bufg_I_O)         0.091     1.192 r  acquireToHDMIwithZynq_i/processing_system7_0/inst/buffer_fclk_clk_0.FCLK_CLK_0_BUFG/O
                         net (fo=1484, routed)        1.537     2.729    <hidden>
    SLICE_X3Y27          FDCE                                         r  <hidden>

Slack:                    inf
  Source:                 acquireToHDMIwithZynq_i/axi_smc/inst/clk_map/psr_aclk/U0/ACTIVE_LOW_BSR_OUT_DFF[0].FDRE_BSR_N/C
                            (rising edge-triggered cell FDRE clocked by clk_fpga_0  {rise@0.000ns fall@10.000ns period=20.000ns})
  Destination:            <hidden>
                            (recovery check against rising-edge clock clk_fpga_0  {rise@0.000ns fall@10.000ns period=20.000ns})
  Path Group:             (none)
  Path Type:              Recovery (Max at Slow Process Corner)
  Data Path Delay:        3.835ns  (logic 0.609ns (15.882%)  route 3.226ns (84.118%))
  Logic Levels:           1  (LUT1=1)
  Clock Path Skew:        -0.241ns (DCD - SCD + CPR)
    Destination Clock Delay (DCD):    2.730ns
    Source Clock Delay      (SCD):    2.971ns
    Clock Pessimism Removal (CPR):    0.000ns
  Clock Uncertainty:      0.302ns  ((TSJ^2 + TIJ^2)^1/2 + DJ) / 2 + PE
    Total System Jitter     (TSJ):    0.071ns
    Total Input Jitter      (TIJ):    0.600ns
    Discrete Jitter          (DJ):    0.000ns
    Phase Error              (PE):    0.000ns
  Timing Exception:       False Path

    Location             Delay type                Incr(ns)  Path(ns)    Netlist Resource(s)
  -------------------------------------------------------------------    -------------------
                         (clock clk_fpga_0 rise edge)
                                                      0.000     0.000 r  
    PS7_X0Y0             PS7                          0.000     0.000 r  acquireToHDMIwithZynq_i/processing_system7_0/inst/PS7_i/FCLKCLK[0]
                         net (fo=1, routed)           1.207     1.207    acquireToHDMIwithZynq_i/processing_system7_0/inst/FCLK_CLK_unbuffered[0]
    BUFGCTRL_X0Y0        BUFG (Prop_bufg_I_O)         0.101     1.308 r  acquireToHDMIwithZynq_i/processing_system7_0/inst/buffer_fclk_clk_0.FCLK_CLK_0_BUFG/O
                         net (fo=1484, routed)        1.663     2.971    acquireToHDMIwithZynq_i/axi_smc/inst/clk_map/psr_aclk/U0/aclk
    SLICE_X18Y55         FDRE                                         r  acquireToHDMIwithZynq_i/axi_smc/inst/clk_map/psr_aclk/U0/ACTIVE_LOW_BSR_OUT_DFF[0].FDRE_BSR_N/C
  -------------------------------------------------------------------    -------------------
    SLICE_X18Y55         FDRE (Prop_fdre_C_Q)         0.456     3.427 r  acquireToHDMIwithZynq_i/axi_smc/inst/clk_map/psr_aclk/U0/ACTIVE_LOW_BSR_OUT_DFF[0].FDRE_BSR_N/Q
                         net (fo=31, routed)          2.701     6.128    <hidden>
    SLICE_X4Y27          LUT1 (Prop_lut1_I0_O)        0.153     6.281 f  <hidden>
                         net (fo=3, routed)           0.525     6.806    <hidden>
    SLICE_X3Y27          FDCE                                         f  <hidden>
  -------------------------------------------------------------------    -------------------

                         (clock clk_fpga_0 rise edge)
                                                      0.000     0.000 r  
    PS7_X0Y0             PS7                          0.000     0.000 r  acquireToHDMIwithZynq_i/processing_system7_0/inst/PS7_i/FCLKCLK[0]
                         net (fo=1, routed)           1.101     1.101    acquireToHDMIwithZynq_i/processing_system7_0/inst/FCLK_CLK_unbuffered[0]
    BUFGCTRL_X0Y0        BUFG (Prop_bufg_I_O)         0.091     1.192 r  acquireToHDMIwithZynq_i/processing_system7_0/inst/buffer_fclk_clk_0.FCLK_CLK_0_BUFG/O
                         net (fo=1484, routed)        1.537     2.729    <hidden>
    SLICE_X3Y27          FDCE                                         r  <hidden>

Slack:                    inf
  Source:                 acquireToHDMIwithZynq_i/axi_smc/inst/clk_map/psr_aclk/U0/ACTIVE_LOW_BSR_OUT_DFF[0].FDRE_BSR_N/C
                            (rising edge-triggered cell FDRE clocked by clk_fpga_0  {rise@0.000ns fall@10.000ns period=20.000ns})
  Destination:            <hidden>
                            (recovery check against rising-edge clock clk_fpga_0  {rise@0.000ns fall@10.000ns period=20.000ns})
  Path Group:             (none)
  Path Type:              Recovery (Max at Slow Process Corner)
  Data Path Delay:        3.835ns  (logic 0.609ns (15.882%)  route 3.226ns (84.118%))
  Logic Levels:           1  (LUT1=1)
  Clock Path Skew:        -0.241ns (DCD - SCD + CPR)
    Destination Clock Delay (DCD):    2.730ns
    Source Clock Delay      (SCD):    2.971ns
    Clock Pessimism Removal (CPR):    0.000ns
  Clock Uncertainty:      0.302ns  ((TSJ^2 + TIJ^2)^1/2 + DJ) / 2 + PE
    Total System Jitter     (TSJ):    0.071ns
    Total Input Jitter      (TIJ):    0.600ns
    Discrete Jitter          (DJ):    0.000ns
    Phase Error              (PE):    0.000ns
  Timing Exception:       False Path

    Location             Delay type                Incr(ns)  Path(ns)    Netlist Resource(s)
  -------------------------------------------------------------------    -------------------
                         (clock clk_fpga_0 rise edge)
                                                      0.000     0.000 r  
    PS7_X0Y0             PS7                          0.000     0.000 r  acquireToHDMIwithZynq_i/processing_system7_0/inst/PS7_i/FCLKCLK[0]
                         net (fo=1, routed)           1.207     1.207    acquireToHDMIwithZynq_i/processing_system7_0/inst/FCLK_CLK_unbuffered[0]
    BUFGCTRL_X0Y0        BUFG (Prop_bufg_I_O)         0.101     1.308 r  acquireToHDMIwithZynq_i/processing_system7_0/inst/buffer_fclk_clk_0.FCLK_CLK_0_BUFG/O
                         net (fo=1484, routed)        1.663     2.971    acquireToHDMIwithZynq_i/axi_smc/inst/clk_map/psr_aclk/U0/aclk
    SLICE_X18Y55         FDRE                                         r  acquireToHDMIwithZynq_i/axi_smc/inst/clk_map/psr_aclk/U0/ACTIVE_LOW_BSR_OUT_DFF[0].FDRE_BSR_N/C
  -------------------------------------------------------------------    -------------------
    SLICE_X18Y55         FDRE (Prop_fdre_C_Q)         0.456     3.427 r  acquireToHDMIwithZynq_i/axi_smc/inst/clk_map/psr_aclk/U0/ACTIVE_LOW_BSR_OUT_DFF[0].FDRE_BSR_N/Q
                         net (fo=31, routed)          2.701     6.128    <hidden>
    SLICE_X4Y27          LUT1 (Prop_lut1_I0_O)        0.153     6.281 f  <hidden>
                         net (fo=3, routed)           0.525     6.806    <hidden>
    SLICE_X3Y27          FDCE                                         f  <hidden>
  -------------------------------------------------------------------    -------------------

                         (clock clk_fpga_0 rise edge)
                                                      0.000     0.000 r  
    PS7_X0Y0             PS7                          0.000     0.000 r  acquireToHDMIwithZynq_i/processing_system7_0/inst/PS7_i/FCLKCLK[0]
                         net (fo=1, routed)           1.101     1.101    acquireToHDMIwithZynq_i/processing_system7_0/inst/FCLK_CLK_unbuffered[0]
    BUFGCTRL_X0Y0        BUFG (Prop_bufg_I_O)         0.091     1.192 r  acquireToHDMIwithZynq_i/processing_system7_0/inst/buffer_fclk_clk_0.FCLK_CLK_0_BUFG/O
                         net (fo=1484, routed)        1.537     2.729    <hidden>
    SLICE_X3Y27          FDCE                                         r  <hidden>

Slack:                    inf
  Source:                 acquireToHDMIwithZynq_i/axi_smc/inst/clk_map/psr_aclk/U0/ACTIVE_LOW_BSR_OUT_DFF[0].FDRE_BSR_N/C
                            (rising edge-triggered cell FDRE clocked by clk_fpga_0  {rise@0.000ns fall@10.000ns period=20.000ns})
  Destination:            <hidden>
                            (recovery check against rising-edge clock clk_fpga_0  {rise@0.000ns fall@10.000ns period=20.000ns})
  Path Group:             (none)
  Path Type:              Recovery (Max at Slow Process Corner)
  Data Path Delay:        3.834ns  (logic 0.580ns (15.128%)  route 3.254ns (84.872%))
  Logic Levels:           1  (LUT1=1)
  Clock Path Skew:        -0.238ns (DCD - SCD + CPR)
    Destination Clock Delay (DCD):    2.733ns
    Source Clock Delay      (SCD):    2.971ns
    Clock Pessimism Removal (CPR):    0.000ns
  Clock Uncertainty:      0.302ns  ((TSJ^2 + TIJ^2)^1/2 + DJ) / 2 + PE
    Total System Jitter     (TSJ):    0.071ns
    Total Input Jitter      (TIJ):    0.600ns
    Discrete Jitter          (DJ):    0.000ns
    Phase Error              (PE):    0.000ns
  Timing Exception:       False Path

    Location             Delay type                Incr(ns)  Path(ns)    Netlist Resource(s)
  -------------------------------------------------------------------    -------------------
                         (clock clk_fpga_0 rise edge)
                                                      0.000     0.000 r  
    PS7_X0Y0             PS7                          0.000     0.000 r  acquireToHDMIwithZynq_i/processing_system7_0/inst/PS7_i/FCLKCLK[0]
                         net (fo=1, routed)           1.207     1.207    acquireToHDMIwithZynq_i/processing_system7_0/inst/FCLK_CLK_unbuffered[0]
    BUFGCTRL_X0Y0        BUFG (Prop_bufg_I_O)         0.101     1.308 r  acquireToHDMIwithZynq_i/processing_system7_0/inst/buffer_fclk_clk_0.FCLK_CLK_0_BUFG/O
                         net (fo=1484, routed)        1.663     2.971    acquireToHDMIwithZynq_i/axi_smc/inst/clk_map/psr_aclk/U0/aclk
    SLICE_X18Y55         FDRE                                         r  acquireToHDMIwithZynq_i/axi_smc/inst/clk_map/psr_aclk/U0/ACTIVE_LOW_BSR_OUT_DFF[0].FDRE_BSR_N/C
  -------------------------------------------------------------------    -------------------
    SLICE_X18Y55         FDRE (Prop_fdre_C_Q)         0.456     3.427 r  acquireToHDMIwithZynq_i/axi_smc/inst/clk_map/psr_aclk/U0/ACTIVE_LOW_BSR_OUT_DFF[0].FDRE_BSR_N/Q
                         net (fo=31, routed)          2.633     6.060    <hidden>
    SLICE_X4Y30          LUT1 (Prop_lut1_I0_O)        0.124     6.184 f  <hidden>
                         net (fo=3, routed)           0.621     6.805    <hidden>
    SLICE_X4Y30          FDCE                                         f  <hidden>
  -------------------------------------------------------------------    -------------------

                         (clock clk_fpga_0 rise edge)
                                                      0.000     0.000 r  
    PS7_X0Y0             PS7                          0.000     0.000 r  acquireToHDMIwithZynq_i/processing_system7_0/inst/PS7_i/FCLKCLK[0]
                         net (fo=1, routed)           1.101     1.101    acquireToHDMIwithZynq_i/processing_system7_0/inst/FCLK_CLK_unbuffered[0]
    BUFGCTRL_X0Y0        BUFG (Prop_bufg_I_O)         0.091     1.192 r  acquireToHDMIwithZynq_i/processing_system7_0/inst/buffer_fclk_clk_0.FCLK_CLK_0_BUFG/O
                         net (fo=1484, routed)        1.540     2.733    <hidden>
    SLICE_X4Y30          FDCE                                         r  <hidden>

Slack:                    inf
  Source:                 acquireToHDMIwithZynq_i/axi_smc/inst/clk_map/psr_aclk/U0/ACTIVE_LOW_BSR_OUT_DFF[0].FDRE_BSR_N/C
                            (rising edge-triggered cell FDRE clocked by clk_fpga_0  {rise@0.000ns fall@10.000ns period=20.000ns})
  Destination:            <hidden>
                            (recovery check against rising-edge clock clk_fpga_0  {rise@0.000ns fall@10.000ns period=20.000ns})
  Path Group:             (none)
  Path Type:              Recovery (Max at Slow Process Corner)
  Data Path Delay:        3.834ns  (logic 0.580ns (15.128%)  route 3.254ns (84.872%))
  Logic Levels:           1  (LUT1=1)
  Clock Path Skew:        -0.238ns (DCD - SCD + CPR)
    Destination Clock Delay (DCD):    2.733ns
    Source Clock Delay      (SCD):    2.971ns
    Clock Pessimism Removal (CPR):    0.000ns
  Clock Uncertainty:      0.302ns  ((TSJ^2 + TIJ^2)^1/2 + DJ) / 2 + PE
    Total System Jitter     (TSJ):    0.071ns
    Total Input Jitter      (TIJ):    0.600ns
    Discrete Jitter          (DJ):    0.000ns
    Phase Error              (PE):    0.000ns
  Timing Exception:       False Path

    Location             Delay type                Incr(ns)  Path(ns)    Netlist Resource(s)
  -------------------------------------------------------------------    -------------------
                         (clock clk_fpga_0 rise edge)
                                                      0.000     0.000 r  
    PS7_X0Y0             PS7                          0.000     0.000 r  acquireToHDMIwithZynq_i/processing_system7_0/inst/PS7_i/FCLKCLK[0]
                         net (fo=1, routed)           1.207     1.207    acquireToHDMIwithZynq_i/processing_system7_0/inst/FCLK_CLK_unbuffered[0]
    BUFGCTRL_X0Y0        BUFG (Prop_bufg_I_O)         0.101     1.308 r  acquireToHDMIwithZynq_i/processing_system7_0/inst/buffer_fclk_clk_0.FCLK_CLK_0_BUFG/O
                         net (fo=1484, routed)        1.663     2.971    acquireToHDMIwithZynq_i/axi_smc/inst/clk_map/psr_aclk/U0/aclk
    SLICE_X18Y55         FDRE                                         r  acquireToHDMIwithZynq_i/axi_smc/inst/clk_map/psr_aclk/U0/ACTIVE_LOW_BSR_OUT_DFF[0].FDRE_BSR_N/C
  -------------------------------------------------------------------    -------------------
    SLICE_X18Y55         FDRE (Prop_fdre_C_Q)         0.456     3.427 r  acquireToHDMIwithZynq_i/axi_smc/inst/clk_map/psr_aclk/U0/ACTIVE_LOW_BSR_OUT_DFF[0].FDRE_BSR_N/Q
                         net (fo=31, routed)          2.633     6.060    <hidden>
    SLICE_X4Y30          LUT1 (Prop_lut1_I0_O)        0.124     6.184 f  <hidden>
                         net (fo=3, routed)           0.621     6.805    <hidden>
    SLICE_X4Y30          FDCE                                         f  <hidden>
  -------------------------------------------------------------------    -------------------

                         (clock clk_fpga_0 rise edge)
                                                      0.000     0.000 r  
    PS7_X0Y0             PS7                          0.000     0.000 r  acquireToHDMIwithZynq_i/processing_system7_0/inst/PS7_i/FCLKCLK[0]
                         net (fo=1, routed)           1.101     1.101    acquireToHDMIwithZynq_i/processing_system7_0/inst/FCLK_CLK_unbuffered[0]
    BUFGCTRL_X0Y0        BUFG (Prop_bufg_I_O)         0.091     1.192 r  acquireToHDMIwithZynq_i/processing_system7_0/inst/buffer_fclk_clk_0.FCLK_CLK_0_BUFG/O
                         net (fo=1484, routed)        1.540     2.733    <hidden>
    SLICE_X4Y30          FDCE                                         r  <hidden>

Slack:                    inf
  Source:                 acquireToHDMIwithZynq_i/axi_smc/inst/clk_map/psr_aclk/U0/ACTIVE_LOW_BSR_OUT_DFF[0].FDRE_BSR_N/C
                            (rising edge-triggered cell FDRE clocked by clk_fpga_0  {rise@0.000ns fall@10.000ns period=20.000ns})
  Destination:            <hidden>
                            (recovery check against rising-edge clock clk_fpga_0  {rise@0.000ns fall@10.000ns period=20.000ns})
  Path Group:             (none)
  Path Type:              Recovery (Max at Slow Process Corner)
  Data Path Delay:        3.834ns  (logic 0.580ns (15.128%)  route 3.254ns (84.872%))
  Logic Levels:           1  (LUT1=1)
  Clock Path Skew:        -0.238ns (DCD - SCD + CPR)
    Destination Clock Delay (DCD):    2.733ns
    Source Clock Delay      (SCD):    2.971ns
    Clock Pessimism Removal (CPR):    0.000ns
  Clock Uncertainty:      0.302ns  ((TSJ^2 + TIJ^2)^1/2 + DJ) / 2 + PE
    Total System Jitter     (TSJ):    0.071ns
    Total Input Jitter      (TIJ):    0.600ns
    Discrete Jitter          (DJ):    0.000ns
    Phase Error              (PE):    0.000ns
  Timing Exception:       False Path

    Location             Delay type                Incr(ns)  Path(ns)    Netlist Resource(s)
  -------------------------------------------------------------------    -------------------
                         (clock clk_fpga_0 rise edge)
                                                      0.000     0.000 r  
    PS7_X0Y0             PS7                          0.000     0.000 r  acquireToHDMIwithZynq_i/processing_system7_0/inst/PS7_i/FCLKCLK[0]
                         net (fo=1, routed)           1.207     1.207    acquireToHDMIwithZynq_i/processing_system7_0/inst/FCLK_CLK_unbuffered[0]
    BUFGCTRL_X0Y0        BUFG (Prop_bufg_I_O)         0.101     1.308 r  acquireToHDMIwithZynq_i/processing_system7_0/inst/buffer_fclk_clk_0.FCLK_CLK_0_BUFG/O
                         net (fo=1484, routed)        1.663     2.971    acquireToHDMIwithZynq_i/axi_smc/inst/clk_map/psr_aclk/U0/aclk
    SLICE_X18Y55         FDRE                                         r  acquireToHDMIwithZynq_i/axi_smc/inst/clk_map/psr_aclk/U0/ACTIVE_LOW_BSR_OUT_DFF[0].FDRE_BSR_N/C
  -------------------------------------------------------------------    -------------------
    SLICE_X18Y55         FDRE (Prop_fdre_C_Q)         0.456     3.427 r  acquireToHDMIwithZynq_i/axi_smc/inst/clk_map/psr_aclk/U0/ACTIVE_LOW_BSR_OUT_DFF[0].FDRE_BSR_N/Q
                         net (fo=31, routed)          2.633     6.060    <hidden>
    SLICE_X4Y30          LUT1 (Prop_lut1_I0_O)        0.124     6.184 f  <hidden>
                         net (fo=3, routed)           0.621     6.805    <hidden>
    SLICE_X4Y30          FDCE                                         f  <hidden>
  -------------------------------------------------------------------    -------------------

                         (clock clk_fpga_0 rise edge)
                                                      0.000     0.000 r  
    PS7_X0Y0             PS7                          0.000     0.000 r  acquireToHDMIwithZynq_i/processing_system7_0/inst/PS7_i/FCLKCLK[0]
                         net (fo=1, routed)           1.101     1.101    acquireToHDMIwithZynq_i/processing_system7_0/inst/FCLK_CLK_unbuffered[0]
    BUFGCTRL_X0Y0        BUFG (Prop_bufg_I_O)         0.091     1.192 r  acquireToHDMIwithZynq_i/processing_system7_0/inst/buffer_fclk_clk_0.FCLK_CLK_0_BUFG/O
                         net (fo=1484, routed)        1.540     2.733    <hidden>
    SLICE_X4Y30          FDCE                                         r  <hidden>





Min Delay Paths
--------------------------------------------------------------------------------------
Slack:                    inf
  Source:                 acquireToHDMIwithZynq_i/axi_smc/inst/clk_map/psr_aclk/U0/ACTIVE_LOW_BSR_OUT_DFF[0].FDRE_BSR_N/C
                            (rising edge-triggered cell FDRE clocked by clk_fpga_0  {rise@0.000ns fall@10.000ns period=20.000ns})
  Destination:            <hidden>
                            (removal check against rising-edge clock clk_fpga_0  {rise@0.000ns fall@10.000ns period=20.000ns})
  Path Group:             (none)
  Path Type:              Removal (Min at Fast Process Corner)
  Data Path Delay:        0.640ns  (logic 0.183ns (28.583%)  route 0.457ns (71.417%))
  Logic Levels:           1  (LUT1=1)
  Clock Path Skew:        0.298ns (DCD - SCD - CPR)
    Destination Clock Delay (DCD):    1.200ns
    Source Clock Delay      (SCD):    0.902ns
    Clock Pessimism Removal (CPR):    -0.000ns
  Clock Uncertainty:      0.302ns  ((TSJ^2 + TIJ^2)^1/2 + DJ) / 2 + PE
    Total System Jitter     (TSJ):    0.071ns
    Total Input Jitter      (TIJ):    0.600ns
    Discrete Jitter          (DJ):    0.000ns
    Phase Error              (PE):    0.000ns
  Timing Exception:       False Path

    Location             Delay type                Incr(ns)  Path(ns)    Netlist Resource(s)
  -------------------------------------------------------------------    -------------------
                         (clock clk_fpga_0 rise edge)
                                                      0.000     0.000 r  
    PS7_X0Y0             PS7                          0.000     0.000 r  acquireToHDMIwithZynq_i/processing_system7_0/inst/PS7_i/FCLKCLK[0]
                         net (fo=1, routed)           0.315     0.315    acquireToHDMIwithZynq_i/processing_system7_0/inst/FCLK_CLK_unbuffered[0]
    BUFGCTRL_X0Y0        BUFG (Prop_bufg_I_O)         0.026     0.341 r  acquireToHDMIwithZynq_i/processing_system7_0/inst/buffer_fclk_clk_0.FCLK_CLK_0_BUFG/O
                         net (fo=1484, routed)        0.561     0.902    acquireToHDMIwithZynq_i/axi_smc/inst/clk_map/psr_aclk/U0/aclk
    SLICE_X18Y55         FDRE                                         r  acquireToHDMIwithZynq_i/axi_smc/inst/clk_map/psr_aclk/U0/ACTIVE_LOW_BSR_OUT_DFF[0].FDRE_BSR_N/C
  -------------------------------------------------------------------    -------------------
    SLICE_X18Y55         FDRE (Prop_fdre_C_Q)         0.141     1.043 r  acquireToHDMIwithZynq_i/axi_smc/inst/clk_map/psr_aclk/U0/ACTIVE_LOW_BSR_OUT_DFF[0].FDRE_BSR_N/Q
                         net (fo=31, routed)          0.280     1.323    <hidden>
    SLICE_X17Y53         LUT1 (Prop_lut1_I0_O)        0.042     1.365 f  <hidden>
                         net (fo=3, routed)           0.177     1.542    <hidden>
    SLICE_X17Y53         FDCE                                         f  <hidden>
  -------------------------------------------------------------------    -------------------

                         (clock clk_fpga_0 rise edge)
                                                      0.000     0.000 r  
    PS7_X0Y0             PS7                          0.000     0.000 r  acquireToHDMIwithZynq_i/processing_system7_0/inst/PS7_i/FCLKCLK[0]
                         net (fo=1, routed)           0.341     0.341    acquireToHDMIwithZynq_i/processing_system7_0/inst/FCLK_CLK_unbuffered[0]
    BUFGCTRL_X0Y0        BUFG (Prop_bufg_I_O)         0.029     0.370 r  acquireToHDMIwithZynq_i/processing_system7_0/inst/buffer_fclk_clk_0.FCLK_CLK_0_BUFG/O
                         net (fo=1484, routed)        0.830     1.200    <hidden>
    SLICE_X17Y53         FDCE                                         r  <hidden>

Slack:                    inf
  Source:                 acquireToHDMIwithZynq_i/axi_smc/inst/clk_map/psr_aclk/U0/ACTIVE_LOW_BSR_OUT_DFF[0].FDRE_BSR_N/C
                            (rising edge-triggered cell FDRE clocked by clk_fpga_0  {rise@0.000ns fall@10.000ns period=20.000ns})
  Destination:            <hidden>
                            (removal check against rising-edge clock clk_fpga_0  {rise@0.000ns fall@10.000ns period=20.000ns})
  Path Group:             (none)
  Path Type:              Removal (Min at Fast Process Corner)
  Data Path Delay:        0.640ns  (logic 0.183ns (28.583%)  route 0.457ns (71.417%))
  Logic Levels:           1  (LUT1=1)
  Clock Path Skew:        0.298ns (DCD - SCD - CPR)
    Destination Clock Delay (DCD):    1.200ns
    Source Clock Delay      (SCD):    0.902ns
    Clock Pessimism Removal (CPR):    -0.000ns
  Clock Uncertainty:      0.302ns  ((TSJ^2 + TIJ^2)^1/2 + DJ) / 2 + PE
    Total System Jitter     (TSJ):    0.071ns
    Total Input Jitter      (TIJ):    0.600ns
    Discrete Jitter          (DJ):    0.000ns
    Phase Error              (PE):    0.000ns
  Timing Exception:       False Path

    Location             Delay type                Incr(ns)  Path(ns)    Netlist Resource(s)
  -------------------------------------------------------------------    -------------------
                         (clock clk_fpga_0 rise edge)
                                                      0.000     0.000 r  
    PS7_X0Y0             PS7                          0.000     0.000 r  acquireToHDMIwithZynq_i/processing_system7_0/inst/PS7_i/FCLKCLK[0]
                         net (fo=1, routed)           0.315     0.315    acquireToHDMIwithZynq_i/processing_system7_0/inst/FCLK_CLK_unbuffered[0]
    BUFGCTRL_X0Y0        BUFG (Prop_bufg_I_O)         0.026     0.341 r  acquireToHDMIwithZynq_i/processing_system7_0/inst/buffer_fclk_clk_0.FCLK_CLK_0_BUFG/O
                         net (fo=1484, routed)        0.561     0.902    acquireToHDMIwithZynq_i/axi_smc/inst/clk_map/psr_aclk/U0/aclk
    SLICE_X18Y55         FDRE                                         r  acquireToHDMIwithZynq_i/axi_smc/inst/clk_map/psr_aclk/U0/ACTIVE_LOW_BSR_OUT_DFF[0].FDRE_BSR_N/C
  -------------------------------------------------------------------    -------------------
    SLICE_X18Y55         FDRE (Prop_fdre_C_Q)         0.141     1.043 r  acquireToHDMIwithZynq_i/axi_smc/inst/clk_map/psr_aclk/U0/ACTIVE_LOW_BSR_OUT_DFF[0].FDRE_BSR_N/Q
                         net (fo=31, routed)          0.280     1.323    <hidden>
    SLICE_X17Y53         LUT1 (Prop_lut1_I0_O)        0.042     1.365 f  <hidden>
                         net (fo=3, routed)           0.177     1.542    <hidden>
    SLICE_X17Y53         FDCE                                         f  <hidden>
  -------------------------------------------------------------------    -------------------

                         (clock clk_fpga_0 rise edge)
                                                      0.000     0.000 r  
    PS7_X0Y0             PS7                          0.000     0.000 r  acquireToHDMIwithZynq_i/processing_system7_0/inst/PS7_i/FCLKCLK[0]
                         net (fo=1, routed)           0.341     0.341    acquireToHDMIwithZynq_i/processing_system7_0/inst/FCLK_CLK_unbuffered[0]
    BUFGCTRL_X0Y0        BUFG (Prop_bufg_I_O)         0.029     0.370 r  acquireToHDMIwithZynq_i/processing_system7_0/inst/buffer_fclk_clk_0.FCLK_CLK_0_BUFG/O
                         net (fo=1484, routed)        0.830     1.200    <hidden>
    SLICE_X17Y53         FDCE                                         r  <hidden>

Slack:                    inf
  Source:                 acquireToHDMIwithZynq_i/axi_smc/inst/clk_map/psr_aclk/U0/ACTIVE_LOW_BSR_OUT_DFF[0].FDRE_BSR_N/C
                            (rising edge-triggered cell FDRE clocked by clk_fpga_0  {rise@0.000ns fall@10.000ns period=20.000ns})
  Destination:            <hidden>
                            (removal check against rising-edge clock clk_fpga_0  {rise@0.000ns fall@10.000ns period=20.000ns})
  Path Group:             (none)
  Path Type:              Removal (Min at Fast Process Corner)
  Data Path Delay:        0.640ns  (logic 0.183ns (28.583%)  route 0.457ns (71.417%))
  Logic Levels:           1  (LUT1=1)
  Clock Path Skew:        0.298ns (DCD - SCD - CPR)
    Destination Clock Delay (DCD):    1.200ns
    Source Clock Delay      (SCD):    0.902ns
    Clock Pessimism Removal (CPR):    -0.000ns
  Clock Uncertainty:      0.302ns  ((TSJ^2 + TIJ^2)^1/2 + DJ) / 2 + PE
    Total System Jitter     (TSJ):    0.071ns
    Total Input Jitter      (TIJ):    0.600ns
    Discrete Jitter          (DJ):    0.000ns
    Phase Error              (PE):    0.000ns
  Timing Exception:       False Path

    Location             Delay type                Incr(ns)  Path(ns)    Netlist Resource(s)
  -------------------------------------------------------------------    -------------------
                         (clock clk_fpga_0 rise edge)
                                                      0.000     0.000 r  
    PS7_X0Y0             PS7                          0.000     0.000 r  acquireToHDMIwithZynq_i/processing_system7_0/inst/PS7_i/FCLKCLK[0]
                         net (fo=1, routed)           0.315     0.315    acquireToHDMIwithZynq_i/processing_system7_0/inst/FCLK_CLK_unbuffered[0]
    BUFGCTRL_X0Y0        BUFG (Prop_bufg_I_O)         0.026     0.341 r  acquireToHDMIwithZynq_i/processing_system7_0/inst/buffer_fclk_clk_0.FCLK_CLK_0_BUFG/O
                         net (fo=1484, routed)        0.561     0.902    acquireToHDMIwithZynq_i/axi_smc/inst/clk_map/psr_aclk/U0/aclk
    SLICE_X18Y55         FDRE                                         r  acquireToHDMIwithZynq_i/axi_smc/inst/clk_map/psr_aclk/U0/ACTIVE_LOW_BSR_OUT_DFF[0].FDRE_BSR_N/C
  -------------------------------------------------------------------    -------------------
    SLICE_X18Y55         FDRE (Prop_fdre_C_Q)         0.141     1.043 r  acquireToHDMIwithZynq_i/axi_smc/inst/clk_map/psr_aclk/U0/ACTIVE_LOW_BSR_OUT_DFF[0].FDRE_BSR_N/Q
                         net (fo=31, routed)          0.280     1.323    <hidden>
    SLICE_X17Y53         LUT1 (Prop_lut1_I0_O)        0.042     1.365 f  <hidden>
                         net (fo=3, routed)           0.177     1.542    <hidden>
    SLICE_X17Y53         FDCE                                         f  <hidden>
  -------------------------------------------------------------------    -------------------

                         (clock clk_fpga_0 rise edge)
                                                      0.000     0.000 r  
    PS7_X0Y0             PS7                          0.000     0.000 r  acquireToHDMIwithZynq_i/processing_system7_0/inst/PS7_i/FCLKCLK[0]
                         net (fo=1, routed)           0.341     0.341    acquireToHDMIwithZynq_i/processing_system7_0/inst/FCLK_CLK_unbuffered[0]
    BUFGCTRL_X0Y0        BUFG (Prop_bufg_I_O)         0.029     0.370 r  acquireToHDMIwithZynq_i/processing_system7_0/inst/buffer_fclk_clk_0.FCLK_CLK_0_BUFG/O
                         net (fo=1484, routed)        0.830     1.200    <hidden>
    SLICE_X17Y53         FDCE                                         r  <hidden>

Slack:                    inf
  Source:                 acquireToHDMIwithZynq_i/axi_smc/inst/clk_map/psr_aclk/U0/ACTIVE_LOW_BSR_OUT_DFF[0].FDRE_BSR_N/C
                            (rising edge-triggered cell FDRE clocked by clk_fpga_0  {rise@0.000ns fall@10.000ns period=20.000ns})
  Destination:            <hidden>
                            (removal check against rising-edge clock clk_fpga_0  {rise@0.000ns fall@10.000ns period=20.000ns})
  Path Group:             (none)
  Path Type:              Removal (Min at Fast Process Corner)
  Data Path Delay:        0.697ns  (logic 0.186ns (26.678%)  route 0.511ns (73.322%))
  Logic Levels:           1  (LUT1=1)
  Clock Path Skew:        0.298ns (DCD - SCD - CPR)
    Destination Clock Delay (DCD):    1.200ns
    Source Clock Delay      (SCD):    0.902ns
    Clock Pessimism Removal (CPR):    -0.000ns
  Clock Uncertainty:      0.302ns  ((TSJ^2 + TIJ^2)^1/2 + DJ) / 2 + PE
    Total System Jitter     (TSJ):    0.071ns
    Total Input Jitter      (TIJ):    0.600ns
    Discrete Jitter          (DJ):    0.000ns
    Phase Error              (PE):    0.000ns
  Timing Exception:       False Path

    Location             Delay type                Incr(ns)  Path(ns)    Netlist Resource(s)
  -------------------------------------------------------------------    -------------------
                         (clock clk_fpga_0 rise edge)
                                                      0.000     0.000 r  
    PS7_X0Y0             PS7                          0.000     0.000 r  acquireToHDMIwithZynq_i/processing_system7_0/inst/PS7_i/FCLKCLK[0]
                         net (fo=1, routed)           0.315     0.315    acquireToHDMIwithZynq_i/processing_system7_0/inst/FCLK_CLK_unbuffered[0]
    BUFGCTRL_X0Y0        BUFG (Prop_bufg_I_O)         0.026     0.341 r  acquireToHDMIwithZynq_i/processing_system7_0/inst/buffer_fclk_clk_0.FCLK_CLK_0_BUFG/O
                         net (fo=1484, routed)        0.561     0.902    acquireToHDMIwithZynq_i/axi_smc/inst/clk_map/psr_aclk/U0/aclk
    SLICE_X18Y55         FDRE                                         r  acquireToHDMIwithZynq_i/axi_smc/inst/clk_map/psr_aclk/U0/ACTIVE_LOW_BSR_OUT_DFF[0].FDRE_BSR_N/C
  -------------------------------------------------------------------    -------------------
    SLICE_X18Y55         FDRE (Prop_fdre_C_Q)         0.141     1.043 r  acquireToHDMIwithZynq_i/axi_smc/inst/clk_map/psr_aclk/U0/ACTIVE_LOW_BSR_OUT_DFF[0].FDRE_BSR_N/Q
                         net (fo=31, routed)          0.280     1.323    <hidden>
    SLICE_X17Y53         LUT1 (Prop_lut1_I0_O)        0.045     1.368 f  <hidden>
                         net (fo=3, routed)           0.231     1.599    <hidden>
    SLICE_X16Y53         FDCE                                         f  <hidden>
  -------------------------------------------------------------------    -------------------

                         (clock clk_fpga_0 rise edge)
                                                      0.000     0.000 r  
    PS7_X0Y0             PS7                          0.000     0.000 r  acquireToHDMIwithZynq_i/processing_system7_0/inst/PS7_i/FCLKCLK[0]
                         net (fo=1, routed)           0.341     0.341    acquireToHDMIwithZynq_i/processing_system7_0/inst/FCLK_CLK_unbuffered[0]
    BUFGCTRL_X0Y0        BUFG (Prop_bufg_I_O)         0.029     0.370 r  acquireToHDMIwithZynq_i/processing_system7_0/inst/buffer_fclk_clk_0.FCLK_CLK_0_BUFG/O
                         net (fo=1484, routed)        0.830     1.200    <hidden>
    SLICE_X16Y53         FDCE                                         r  <hidden>

Slack:                    inf
  Source:                 acquireToHDMIwithZynq_i/axi_smc/inst/clk_map/psr_aclk/U0/ACTIVE_LOW_BSR_OUT_DFF[0].FDRE_BSR_N/C
                            (rising edge-triggered cell FDRE clocked by clk_fpga_0  {rise@0.000ns fall@10.000ns period=20.000ns})
  Destination:            <hidden>
                            (removal check against rising-edge clock clk_fpga_0  {rise@0.000ns fall@10.000ns period=20.000ns})
  Path Group:             (none)
  Path Type:              Removal (Min at Fast Process Corner)
  Data Path Delay:        0.697ns  (logic 0.186ns (26.678%)  route 0.511ns (73.322%))
  Logic Levels:           1  (LUT1=1)
  Clock Path Skew:        0.298ns (DCD - SCD - CPR)
    Destination Clock Delay (DCD):    1.200ns
    Source Clock Delay      (SCD):    0.902ns
    Clock Pessimism Removal (CPR):    -0.000ns
  Clock Uncertainty:      0.302ns  ((TSJ^2 + TIJ^2)^1/2 + DJ) / 2 + PE
    Total System Jitter     (TSJ):    0.071ns
    Total Input Jitter      (TIJ):    0.600ns
    Discrete Jitter          (DJ):    0.000ns
    Phase Error              (PE):    0.000ns
  Timing Exception:       False Path

    Location             Delay type                Incr(ns)  Path(ns)    Netlist Resource(s)
  -------------------------------------------------------------------    -------------------
                         (clock clk_fpga_0 rise edge)
                                                      0.000     0.000 r  
    PS7_X0Y0             PS7                          0.000     0.000 r  acquireToHDMIwithZynq_i/processing_system7_0/inst/PS7_i/FCLKCLK[0]
                         net (fo=1, routed)           0.315     0.315    acquireToHDMIwithZynq_i/processing_system7_0/inst/FCLK_CLK_unbuffered[0]
    BUFGCTRL_X0Y0        BUFG (Prop_bufg_I_O)         0.026     0.341 r  acquireToHDMIwithZynq_i/processing_system7_0/inst/buffer_fclk_clk_0.FCLK_CLK_0_BUFG/O
                         net (fo=1484, routed)        0.561     0.902    acquireToHDMIwithZynq_i/axi_smc/inst/clk_map/psr_aclk/U0/aclk
    SLICE_X18Y55         FDRE                                         r  acquireToHDMIwithZynq_i/axi_smc/inst/clk_map/psr_aclk/U0/ACTIVE_LOW_BSR_OUT_DFF[0].FDRE_BSR_N/C
  -------------------------------------------------------------------    -------------------
    SLICE_X18Y55         FDRE (Prop_fdre_C_Q)         0.141     1.043 r  acquireToHDMIwithZynq_i/axi_smc/inst/clk_map/psr_aclk/U0/ACTIVE_LOW_BSR_OUT_DFF[0].FDRE_BSR_N/Q
                         net (fo=31, routed)          0.280     1.323    <hidden>
    SLICE_X17Y53         LUT1 (Prop_lut1_I0_O)        0.045     1.368 f  <hidden>
                         net (fo=3, routed)           0.231     1.599    <hidden>
    SLICE_X16Y53         FDCE                                         f  <hidden>
  -------------------------------------------------------------------    -------------------

                         (clock clk_fpga_0 rise edge)
                                                      0.000     0.000 r  
    PS7_X0Y0             PS7                          0.000     0.000 r  acquireToHDMIwithZynq_i/processing_system7_0/inst/PS7_i/FCLKCLK[0]
                         net (fo=1, routed)           0.341     0.341    acquireToHDMIwithZynq_i/processing_system7_0/inst/FCLK_CLK_unbuffered[0]
    BUFGCTRL_X0Y0        BUFG (Prop_bufg_I_O)         0.029     0.370 r  acquireToHDMIwithZynq_i/processing_system7_0/inst/buffer_fclk_clk_0.FCLK_CLK_0_BUFG/O
                         net (fo=1484, routed)        0.830     1.200    <hidden>
    SLICE_X16Y53         FDCE                                         r  <hidden>

Slack:                    inf
  Source:                 acquireToHDMIwithZynq_i/axi_smc/inst/clk_map/psr_aclk/U0/ACTIVE_LOW_BSR_OUT_DFF[0].FDRE_BSR_N/C
                            (rising edge-triggered cell FDRE clocked by clk_fpga_0  {rise@0.000ns fall@10.000ns period=20.000ns})
  Destination:            <hidden>
                            (removal check against rising-edge clock clk_fpga_0  {rise@0.000ns fall@10.000ns period=20.000ns})
  Path Group:             (none)
  Path Type:              Removal (Min at Fast Process Corner)
  Data Path Delay:        0.697ns  (logic 0.186ns (26.678%)  route 0.511ns (73.322%))
  Logic Levels:           1  (LUT1=1)
  Clock Path Skew:        0.298ns (DCD - SCD - CPR)
    Destination Clock Delay (DCD):    1.200ns
    Source Clock Delay      (SCD):    0.902ns
    Clock Pessimism Removal (CPR):    -0.000ns
  Clock Uncertainty:      0.302ns  ((TSJ^2 + TIJ^2)^1/2 + DJ) / 2 + PE
    Total System Jitter     (TSJ):    0.071ns
    Total Input Jitter      (TIJ):    0.600ns
    Discrete Jitter          (DJ):    0.000ns
    Phase Error              (PE):    0.000ns
  Timing Exception:       False Path

    Location             Delay type                Incr(ns)  Path(ns)    Netlist Resource(s)
  -------------------------------------------------------------------    -------------------
                         (clock clk_fpga_0 rise edge)
                                                      0.000     0.000 r  
    PS7_X0Y0             PS7                          0.000     0.000 r  acquireToHDMIwithZynq_i/processing_system7_0/inst/PS7_i/FCLKCLK[0]
                         net (fo=1, routed)           0.315     0.315    acquireToHDMIwithZynq_i/processing_system7_0/inst/FCLK_CLK_unbuffered[0]
    BUFGCTRL_X0Y0        BUFG (Prop_bufg_I_O)         0.026     0.341 r  acquireToHDMIwithZynq_i/processing_system7_0/inst/buffer_fclk_clk_0.FCLK_CLK_0_BUFG/O
                         net (fo=1484, routed)        0.561     0.902    acquireToHDMIwithZynq_i/axi_smc/inst/clk_map/psr_aclk/U0/aclk
    SLICE_X18Y55         FDRE                                         r  acquireToHDMIwithZynq_i/axi_smc/inst/clk_map/psr_aclk/U0/ACTIVE_LOW_BSR_OUT_DFF[0].FDRE_BSR_N/C
  -------------------------------------------------------------------    -------------------
    SLICE_X18Y55         FDRE (Prop_fdre_C_Q)         0.141     1.043 r  acquireToHDMIwithZynq_i/axi_smc/inst/clk_map/psr_aclk/U0/ACTIVE_LOW_BSR_OUT_DFF[0].FDRE_BSR_N/Q
                         net (fo=31, routed)          0.280     1.323    <hidden>
    SLICE_X17Y53         LUT1 (Prop_lut1_I0_O)        0.045     1.368 f  <hidden>
                         net (fo=3, routed)           0.231     1.599    <hidden>
    SLICE_X16Y53         FDCE                                         f  <hidden>
  -------------------------------------------------------------------    -------------------

                         (clock clk_fpga_0 rise edge)
                                                      0.000     0.000 r  
    PS7_X0Y0             PS7                          0.000     0.000 r  acquireToHDMIwithZynq_i/processing_system7_0/inst/PS7_i/FCLKCLK[0]
                         net (fo=1, routed)           0.341     0.341    acquireToHDMIwithZynq_i/processing_system7_0/inst/FCLK_CLK_unbuffered[0]
    BUFGCTRL_X0Y0        BUFG (Prop_bufg_I_O)         0.029     0.370 r  acquireToHDMIwithZynq_i/processing_system7_0/inst/buffer_fclk_clk_0.FCLK_CLK_0_BUFG/O
                         net (fo=1484, routed)        0.830     1.200    <hidden>
    SLICE_X16Y53         FDCE                                         r  <hidden>

Slack:                    inf
  Source:                 acquireToHDMIwithZynq_i/axi_smc/inst/clk_map/psr_aclk/U0/ACTIVE_LOW_BSR_OUT_DFF[0].FDRE_BSR_N/C
                            (rising edge-triggered cell FDRE clocked by clk_fpga_0  {rise@0.000ns fall@10.000ns period=20.000ns})
  Destination:            <hidden>
                            (removal check against rising-edge clock clk_fpga_0  {rise@0.000ns fall@10.000ns period=20.000ns})
  Path Group:             (none)
  Path Type:              Removal (Min at Fast Process Corner)
  Data Path Delay:        0.710ns  (logic 0.192ns (27.041%)  route 0.518ns (72.959%))
  Logic Levels:           1  (LUT1=1)
  Clock Path Skew:        0.302ns (DCD - SCD - CPR)
    Destination Clock Delay (DCD):    1.204ns
    Source Clock Delay      (SCD):    0.902ns
    Clock Pessimism Removal (CPR):    -0.000ns
  Clock Uncertainty:      0.302ns  ((TSJ^2 + TIJ^2)^1/2 + DJ) / 2 + PE
    Total System Jitter     (TSJ):    0.071ns
    Total Input Jitter      (TIJ):    0.600ns
    Discrete Jitter          (DJ):    0.000ns
    Phase Error              (PE):    0.000ns
  Timing Exception:       False Path

    Location             Delay type                Incr(ns)  Path(ns)    Netlist Resource(s)
  -------------------------------------------------------------------    -------------------
                         (clock clk_fpga_0 rise edge)
                                                      0.000     0.000 r  
    PS7_X0Y0             PS7                          0.000     0.000 r  acquireToHDMIwithZynq_i/processing_system7_0/inst/PS7_i/FCLKCLK[0]
                         net (fo=1, routed)           0.315     0.315    acquireToHDMIwithZynq_i/processing_system7_0/inst/FCLK_CLK_unbuffered[0]
    BUFGCTRL_X0Y0        BUFG (Prop_bufg_I_O)         0.026     0.341 r  acquireToHDMIwithZynq_i/processing_system7_0/inst/buffer_fclk_clk_0.FCLK_CLK_0_BUFG/O
                         net (fo=1484, routed)        0.561     0.902    acquireToHDMIwithZynq_i/axi_smc/inst/clk_map/psr_aclk/U0/aclk
    SLICE_X18Y55         FDRE                                         r  acquireToHDMIwithZynq_i/axi_smc/inst/clk_map/psr_aclk/U0/ACTIVE_LOW_BSR_OUT_DFF[0].FDRE_BSR_N/C
  -------------------------------------------------------------------    -------------------
    SLICE_X18Y55         FDRE (Prop_fdre_C_Q)         0.141     1.043 r  acquireToHDMIwithZynq_i/axi_smc/inst/clk_map/psr_aclk/U0/ACTIVE_LOW_BSR_OUT_DFF[0].FDRE_BSR_N/Q
                         net (fo=31, routed)          0.291     1.334    <hidden>
    SLICE_X14Y52         LUT1 (Prop_lut1_I0_O)        0.051     1.385 f  <hidden>
                         net (fo=3, routed)           0.227     1.612    <hidden>
    SLICE_X13Y51         FDCE                                         f  <hidden>
  -------------------------------------------------------------------    -------------------

                         (clock clk_fpga_0 rise edge)
                                                      0.000     0.000 r  
    PS7_X0Y0             PS7                          0.000     0.000 r  acquireToHDMIwithZynq_i/processing_system7_0/inst/PS7_i/FCLKCLK[0]
                         net (fo=1, routed)           0.341     0.341    acquireToHDMIwithZynq_i/processing_system7_0/inst/FCLK_CLK_unbuffered[0]
    BUFGCTRL_X0Y0        BUFG (Prop_bufg_I_O)         0.029     0.370 r  acquireToHDMIwithZynq_i/processing_system7_0/inst/buffer_fclk_clk_0.FCLK_CLK_0_BUFG/O
                         net (fo=1484, routed)        0.834     1.204    <hidden>
    SLICE_X13Y51         FDCE                                         r  <hidden>

Slack:                    inf
  Source:                 acquireToHDMIwithZynq_i/axi_smc/inst/clk_map/psr_aclk/U0/ACTIVE_LOW_BSR_OUT_DFF[0].FDRE_BSR_N/C
                            (rising edge-triggered cell FDRE clocked by clk_fpga_0  {rise@0.000ns fall@10.000ns period=20.000ns})
  Destination:            <hidden>
                            (removal check against rising-edge clock clk_fpga_0  {rise@0.000ns fall@10.000ns period=20.000ns})
  Path Group:             (none)
  Path Type:              Removal (Min at Fast Process Corner)
  Data Path Delay:        0.710ns  (logic 0.192ns (27.041%)  route 0.518ns (72.959%))
  Logic Levels:           1  (LUT1=1)
  Clock Path Skew:        0.302ns (DCD - SCD - CPR)
    Destination Clock Delay (DCD):    1.204ns
    Source Clock Delay      (SCD):    0.902ns
    Clock Pessimism Removal (CPR):    -0.000ns
  Clock Uncertainty:      0.302ns  ((TSJ^2 + TIJ^2)^1/2 + DJ) / 2 + PE
    Total System Jitter     (TSJ):    0.071ns
    Total Input Jitter      (TIJ):    0.600ns
    Discrete Jitter          (DJ):    0.000ns
    Phase Error              (PE):    0.000ns
  Timing Exception:       False Path

    Location             Delay type                Incr(ns)  Path(ns)    Netlist Resource(s)
  -------------------------------------------------------------------    -------------------
                         (clock clk_fpga_0 rise edge)
                                                      0.000     0.000 r  
    PS7_X0Y0             PS7                          0.000     0.000 r  acquireToHDMIwithZynq_i/processing_system7_0/inst/PS7_i/FCLKCLK[0]
                         net (fo=1, routed)           0.315     0.315    acquireToHDMIwithZynq_i/processing_system7_0/inst/FCLK_CLK_unbuffered[0]
    BUFGCTRL_X0Y0        BUFG (Prop_bufg_I_O)         0.026     0.341 r  acquireToHDMIwithZynq_i/processing_system7_0/inst/buffer_fclk_clk_0.FCLK_CLK_0_BUFG/O
                         net (fo=1484, routed)        0.561     0.902    acquireToHDMIwithZynq_i/axi_smc/inst/clk_map/psr_aclk/U0/aclk
    SLICE_X18Y55         FDRE                                         r  acquireToHDMIwithZynq_i/axi_smc/inst/clk_map/psr_aclk/U0/ACTIVE_LOW_BSR_OUT_DFF[0].FDRE_BSR_N/C
  -------------------------------------------------------------------    -------------------
    SLICE_X18Y55         FDRE (Prop_fdre_C_Q)         0.141     1.043 r  acquireToHDMIwithZynq_i/axi_smc/inst/clk_map/psr_aclk/U0/ACTIVE_LOW_BSR_OUT_DFF[0].FDRE_BSR_N/Q
                         net (fo=31, routed)          0.291     1.334    <hidden>
    SLICE_X14Y52         LUT1 (Prop_lut1_I0_O)        0.051     1.385 f  <hidden>
                         net (fo=3, routed)           0.227     1.612    <hidden>
    SLICE_X13Y51         FDCE                                         f  <hidden>
  -------------------------------------------------------------------    -------------------

                         (clock clk_fpga_0 rise edge)
                                                      0.000     0.000 r  
    PS7_X0Y0             PS7                          0.000     0.000 r  acquireToHDMIwithZynq_i/processing_system7_0/inst/PS7_i/FCLKCLK[0]
                         net (fo=1, routed)           0.341     0.341    acquireToHDMIwithZynq_i/processing_system7_0/inst/FCLK_CLK_unbuffered[0]
    BUFGCTRL_X0Y0        BUFG (Prop_bufg_I_O)         0.029     0.370 r  acquireToHDMIwithZynq_i/processing_system7_0/inst/buffer_fclk_clk_0.FCLK_CLK_0_BUFG/O
                         net (fo=1484, routed)        0.834     1.204    <hidden>
    SLICE_X13Y51         FDCE                                         r  <hidden>

Slack:                    inf
  Source:                 acquireToHDMIwithZynq_i/axi_smc/inst/clk_map/psr_aclk/U0/ACTIVE_LOW_BSR_OUT_DFF[0].FDRE_BSR_N/C
                            (rising edge-triggered cell FDRE clocked by clk_fpga_0  {rise@0.000ns fall@10.000ns period=20.000ns})
  Destination:            <hidden>
                            (removal check against rising-edge clock clk_fpga_0  {rise@0.000ns fall@10.000ns period=20.000ns})
  Path Group:             (none)
  Path Type:              Removal (Min at Fast Process Corner)
  Data Path Delay:        0.710ns  (logic 0.192ns (27.041%)  route 0.518ns (72.959%))
  Logic Levels:           1  (LUT1=1)
  Clock Path Skew:        0.302ns (DCD - SCD - CPR)
    Destination Clock Delay (DCD):    1.204ns
    Source Clock Delay      (SCD):    0.902ns
    Clock Pessimism Removal (CPR):    -0.000ns
  Clock Uncertainty:      0.302ns  ((TSJ^2 + TIJ^2)^1/2 + DJ) / 2 + PE
    Total System Jitter     (TSJ):    0.071ns
    Total Input Jitter      (TIJ):    0.600ns
    Discrete Jitter          (DJ):    0.000ns
    Phase Error              (PE):    0.000ns
  Timing Exception:       False Path

    Location             Delay type                Incr(ns)  Path(ns)    Netlist Resource(s)
  -------------------------------------------------------------------    -------------------
                         (clock clk_fpga_0 rise edge)
                                                      0.000     0.000 r  
    PS7_X0Y0             PS7                          0.000     0.000 r  acquireToHDMIwithZynq_i/processing_system7_0/inst/PS7_i/FCLKCLK[0]
                         net (fo=1, routed)           0.315     0.315    acquireToHDMIwithZynq_i/processing_system7_0/inst/FCLK_CLK_unbuffered[0]
    BUFGCTRL_X0Y0        BUFG (Prop_bufg_I_O)         0.026     0.341 r  acquireToHDMIwithZynq_i/processing_system7_0/inst/buffer_fclk_clk_0.FCLK_CLK_0_BUFG/O
                         net (fo=1484, routed)        0.561     0.902    acquireToHDMIwithZynq_i/axi_smc/inst/clk_map/psr_aclk/U0/aclk
    SLICE_X18Y55         FDRE                                         r  acquireToHDMIwithZynq_i/axi_smc/inst/clk_map/psr_aclk/U0/ACTIVE_LOW_BSR_OUT_DFF[0].FDRE_BSR_N/C
  -------------------------------------------------------------------    -------------------
    SLICE_X18Y55         FDRE (Prop_fdre_C_Q)         0.141     1.043 r  acquireToHDMIwithZynq_i/axi_smc/inst/clk_map/psr_aclk/U0/ACTIVE_LOW_BSR_OUT_DFF[0].FDRE_BSR_N/Q
                         net (fo=31, routed)          0.291     1.334    <hidden>
    SLICE_X14Y52         LUT1 (Prop_lut1_I0_O)        0.051     1.385 f  <hidden>
                         net (fo=3, routed)           0.227     1.612    <hidden>
    SLICE_X13Y51         FDCE                                         f  <hidden>
  -------------------------------------------------------------------    -------------------

                         (clock clk_fpga_0 rise edge)
                                                      0.000     0.000 r  
    PS7_X0Y0             PS7                          0.000     0.000 r  acquireToHDMIwithZynq_i/processing_system7_0/inst/PS7_i/FCLKCLK[0]
                         net (fo=1, routed)           0.341     0.341    acquireToHDMIwithZynq_i/processing_system7_0/inst/FCLK_CLK_unbuffered[0]
    BUFGCTRL_X0Y0        BUFG (Prop_bufg_I_O)         0.029     0.370 r  acquireToHDMIwithZynq_i/processing_system7_0/inst/buffer_fclk_clk_0.FCLK_CLK_0_BUFG/O
                         net (fo=1484, routed)        0.834     1.204    <hidden>
    SLICE_X13Y51         FDCE                                         r  <hidden>

Slack:                    inf
  Source:                 acquireToHDMIwithZynq_i/axi_smc/inst/clk_map/psr_aclk/U0/ACTIVE_LOW_BSR_OUT_DFF[0].FDRE_BSR_N/C
                            (rising edge-triggered cell FDRE clocked by clk_fpga_0  {rise@0.000ns fall@10.000ns period=20.000ns})
  Destination:            <hidden>
                            (removal check against rising-edge clock clk_fpga_0  {rise@0.000ns fall@10.000ns period=20.000ns})
  Path Group:             (none)
  Path Type:              Removal (Min at Fast Process Corner)
  Data Path Delay:        0.771ns  (logic 0.186ns (24.112%)  route 0.585ns (75.888%))
  Logic Levels:           1  (LUT1=1)
  Clock Path Skew:        0.299ns (DCD - SCD - CPR)
    Destination Clock Delay (DCD):    1.201ns
    Source Clock Delay      (SCD):    0.902ns
    Clock Pessimism Removal (CPR):    -0.000ns
  Clock Uncertainty:      0.302ns  ((TSJ^2 + TIJ^2)^1/2 + DJ) / 2 + PE
    Total System Jitter     (TSJ):    0.071ns
    Total Input Jitter      (TIJ):    0.600ns
    Discrete Jitter          (DJ):    0.000ns
    Phase Error              (PE):    0.000ns
  Timing Exception:       False Path

    Location             Delay type                Incr(ns)  Path(ns)    Netlist Resource(s)
  -------------------------------------------------------------------    -------------------
                         (clock clk_fpga_0 rise edge)
                                                      0.000     0.000 r  
    PS7_X0Y0             PS7                          0.000     0.000 r  acquireToHDMIwithZynq_i/processing_system7_0/inst/PS7_i/FCLKCLK[0]
                         net (fo=1, routed)           0.315     0.315    acquireToHDMIwithZynq_i/processing_system7_0/inst/FCLK_CLK_unbuffered[0]
    BUFGCTRL_X0Y0        BUFG (Prop_bufg_I_O)         0.026     0.341 r  acquireToHDMIwithZynq_i/processing_system7_0/inst/buffer_fclk_clk_0.FCLK_CLK_0_BUFG/O
                         net (fo=1484, routed)        0.561     0.902    acquireToHDMIwithZynq_i/axi_smc/inst/clk_map/psr_aclk/U0/aclk
    SLICE_X18Y55         FDRE                                         r  acquireToHDMIwithZynq_i/axi_smc/inst/clk_map/psr_aclk/U0/ACTIVE_LOW_BSR_OUT_DFF[0].FDRE_BSR_N/C
  -------------------------------------------------------------------    -------------------
    SLICE_X18Y55         FDRE (Prop_fdre_C_Q)         0.141     1.043 r  acquireToHDMIwithZynq_i/axi_smc/inst/clk_map/psr_aclk/U0/ACTIVE_LOW_BSR_OUT_DFF[0].FDRE_BSR_N/Q
                         net (fo=31, routed)          0.291     1.334    <hidden>
    SLICE_X14Y52         LUT1 (Prop_lut1_I0_O)        0.045     1.379 f  <hidden>
                         net (fo=3, routed)           0.294     1.673    <hidden>
    SLICE_X14Y52         FDCE                                         f  <hidden>
  -------------------------------------------------------------------    -------------------

                         (clock clk_fpga_0 rise edge)
                                                      0.000     0.000 r  
    PS7_X0Y0             PS7                          0.000     0.000 r  acquireToHDMIwithZynq_i/processing_system7_0/inst/PS7_i/FCLKCLK[0]
                         net (fo=1, routed)           0.341     0.341    acquireToHDMIwithZynq_i/processing_system7_0/inst/FCLK_CLK_unbuffered[0]
    BUFGCTRL_X0Y0        BUFG (Prop_bufg_I_O)         0.029     0.370 r  acquireToHDMIwithZynq_i/processing_system7_0/inst/buffer_fclk_clk_0.FCLK_CLK_0_BUFG/O
                         net (fo=1484, routed)        0.831     1.201    <hidden>
    SLICE_X14Y52         FDCE                                         r  <hidden>





--------------------------------------------------------------------------------------
Path Group:  (none)
From Clock:  clk_fpga_0
  To Clock:  

Max Delay             6 Endpoints
Min Delay             6 Endpoints
--------------------------------------------------------------------------------------


Max Delay Paths
--------------------------------------------------------------------------------------
Slack:                    inf
  Source:                 acquireToHDMIwithZynq_i/enhancedPwmAXI_0/U0/enhancedPwmAXI_slave_lite_v1_0_S00_AXI_inst/enhancedPwm_inst/counter_inst/tmp_reg[1]/C
                            (rising edge-triggered cell FDRE clocked by clk_fpga_0  {rise@0.000ns fall@10.000ns period=20.000ns})
  Destination:            pwmSignal_ext_0
                            (output port)
  Path Group:             (none)
  Path Type:              Max at Slow Process Corner
  Data Path Delay:        11.258ns  (logic 5.281ns (46.910%)  route 5.977ns (53.090%))
  Logic Levels:           4  (CARRY4=2 LUT4=1 OBUF=1)
  Clock Uncertainty:      0.301ns  ((TSJ^2 + TIJ^2)^1/2 + DJ) / 2 + PE
    Total System Jitter     (TSJ):    0.050ns
    Total Input Jitter      (TIJ):    0.600ns
    Discrete Jitter          (DJ):    0.000ns
    Phase Error              (PE):    0.000ns

    Location             Delay type                Incr(ns)  Path(ns)    Netlist Resource(s)
  -------------------------------------------------------------------    -------------------
                         (clock clk_fpga_0 rise edge)
                                                      0.000     0.000 r  
    PS7_X0Y0             PS7                          0.000     0.000 r  acquireToHDMIwithZynq_i/processing_system7_0/inst/PS7_i/FCLKCLK[0]
                         net (fo=1, routed)           1.207     1.207    acquireToHDMIwithZynq_i/processing_system7_0/inst/FCLK_CLK_unbuffered[0]
    BUFGCTRL_X0Y0        BUFG (Prop_bufg_I_O)         0.101     1.308 r  acquireToHDMIwithZynq_i/processing_system7_0/inst/buffer_fclk_clk_0.FCLK_CLK_0_BUFG/O
                         net (fo=1484, routed)        1.670     2.978    acquireToHDMIwithZynq_i/enhancedPwmAXI_0/U0/enhancedPwmAXI_slave_lite_v1_0_S00_AXI_inst/enhancedPwm_inst/counter_inst/s00_axi_aclk
    SLICE_X7Y31          FDRE                                         r  acquireToHDMIwithZynq_i/enhancedPwmAXI_0/U0/enhancedPwmAXI_slave_lite_v1_0_S00_AXI_inst/enhancedPwm_inst/counter_inst/tmp_reg[1]/C
  -------------------------------------------------------------------    -------------------
    SLICE_X7Y31          FDRE (Prop_fdre_C_Q)         0.419     3.397 r  acquireToHDMIwithZynq_i/enhancedPwmAXI_0/U0/enhancedPwmAXI_slave_lite_v1_0_S00_AXI_inst/enhancedPwm_inst/counter_inst/tmp_reg[1]/Q
                         net (fo=9, routed)           1.240     4.637    acquireToHDMIwithZynq_i/enhancedPwmAXI_0/U0/enhancedPwmAXI_slave_lite_v1_0_S00_AXI_inst/enhancedPwm_inst/counter_inst/tmp[1]
    SLICE_X5Y29          LUT4 (Prop_lut4_I0_O)        0.299     4.936 r  acquireToHDMIwithZynq_i/enhancedPwmAXI_0/U0/enhancedPwmAXI_slave_lite_v1_0_S00_AXI_inst/enhancedPwm_inst/counter_inst/i__carry_i_8/O
                         net (fo=1, routed)           0.000     4.936    acquireToHDMIwithZynq_i/enhancedPwmAXI_0/U0/enhancedPwmAXI_slave_lite_v1_0_S00_AXI_inst/enhancedPwm_inst/dutyCompare/S[0]
    SLICE_X5Y29          CARRY4 (Prop_carry4_S[0]_CO[3])
                                                      0.532     5.468 r  acquireToHDMIwithZynq_i/enhancedPwmAXI_0/U0/enhancedPwmAXI_slave_lite_v1_0_S00_AXI_inst/enhancedPwm_inst/dutyCompare/tmp1_inferred__0/i__carry/CO[3]
                         net (fo=1, routed)           0.000     5.468    acquireToHDMIwithZynq_i/enhancedPwmAXI_0/U0/enhancedPwmAXI_slave_lite_v1_0_S00_AXI_inst/enhancedPwm_inst/dutyCompare/tmp1_inferred__0/i__carry_n_0
    SLICE_X5Y30          CARRY4 (Prop_carry4_CI_CO[0])
                                                      0.271     5.739 r  acquireToHDMIwithZynq_i/enhancedPwmAXI_0/U0/enhancedPwmAXI_slave_lite_v1_0_S00_AXI_inst/enhancedPwm_inst/dutyCompare/tmp1_inferred__0/i__carry__0/CO[0]
                         net (fo=1, routed)           4.737    10.476    pwmSignal_ext_0_OBUF
    F17                  OBUF (Prop_obuf_I_O)         3.760    14.236 r  pwmSignal_ext_0_OBUF_inst/O
                         net (fo=0)                   0.000    14.236    pwmSignal_ext_0
    F17                                                               r  pwmSignal_ext_0 (OUT)
  -------------------------------------------------------------------    -------------------

Slack:                    inf
  Source:                 acquireToHDMIwithZynq_i/enhancedPwmAXI_1/U0/enhancedPwmAXI_slave_lite_v1_0_S00_AXI_inst/enhancedPwm_inst/counter_inst/tmp_reg[3]/C
                            (rising edge-triggered cell FDRE clocked by clk_fpga_0  {rise@0.000ns fall@10.000ns period=20.000ns})
  Destination:            pwmSignal_ext_1
                            (output port)
  Path Group:             (none)
  Path Type:              Max at Slow Process Corner
  Data Path Delay:        10.741ns  (logic 5.164ns (48.080%)  route 5.576ns (51.920%))
  Logic Levels:           4  (CARRY4=2 LUT4=1 OBUF=1)
  Clock Uncertainty:      0.301ns  ((TSJ^2 + TIJ^2)^1/2 + DJ) / 2 + PE
    Total System Jitter     (TSJ):    0.050ns
    Total Input Jitter      (TIJ):    0.600ns
    Discrete Jitter          (DJ):    0.000ns
    Phase Error              (PE):    0.000ns

    Location             Delay type                Incr(ns)  Path(ns)    Netlist Resource(s)
  -------------------------------------------------------------------    -------------------
                         (clock clk_fpga_0 rise edge)
                                                      0.000     0.000 r  
    PS7_X0Y0             PS7                          0.000     0.000 r  acquireToHDMIwithZynq_i/processing_system7_0/inst/PS7_i/FCLKCLK[0]
                         net (fo=1, routed)           1.207     1.207    acquireToHDMIwithZynq_i/processing_system7_0/inst/FCLK_CLK_unbuffered[0]
    BUFGCTRL_X0Y0        BUFG (Prop_bufg_I_O)         0.101     1.308 r  acquireToHDMIwithZynq_i/processing_system7_0/inst/buffer_fclk_clk_0.FCLK_CLK_0_BUFG/O
                         net (fo=1484, routed)        1.674     2.982    acquireToHDMIwithZynq_i/enhancedPwmAXI_1/U0/enhancedPwmAXI_slave_lite_v1_0_S00_AXI_inst/enhancedPwm_inst/counter_inst/s00_axi_aclk
    SLICE_X13Y34         FDRE                                         r  acquireToHDMIwithZynq_i/enhancedPwmAXI_1/U0/enhancedPwmAXI_slave_lite_v1_0_S00_AXI_inst/enhancedPwm_inst/counter_inst/tmp_reg[3]/C
  -------------------------------------------------------------------    -------------------
    SLICE_X13Y34         FDRE (Prop_fdre_C_Q)         0.456     3.438 r  acquireToHDMIwithZynq_i/enhancedPwmAXI_1/U0/enhancedPwmAXI_slave_lite_v1_0_S00_AXI_inst/enhancedPwm_inst/counter_inst/tmp_reg[3]/Q
                         net (fo=7, routed)           1.037     4.475    acquireToHDMIwithZynq_i/enhancedPwmAXI_1/U0/enhancedPwmAXI_slave_lite_v1_0_S00_AXI_inst/enhancedPwm_inst/counter_inst/tmp[3]
    SLICE_X11Y34         LUT4 (Prop_lut4_I0_O)        0.124     4.599 r  acquireToHDMIwithZynq_i/enhancedPwmAXI_1/U0/enhancedPwmAXI_slave_lite_v1_0_S00_AXI_inst/enhancedPwm_inst/counter_inst/i__carry_i_7/O
                         net (fo=1, routed)           0.000     4.599    acquireToHDMIwithZynq_i/enhancedPwmAXI_1/U0/enhancedPwmAXI_slave_lite_v1_0_S00_AXI_inst/enhancedPwm_inst/dutyCompare/S[1]
    SLICE_X11Y34         CARRY4 (Prop_carry4_S[1]_CO[3])
                                                      0.550     5.149 r  acquireToHDMIwithZynq_i/enhancedPwmAXI_1/U0/enhancedPwmAXI_slave_lite_v1_0_S00_AXI_inst/enhancedPwm_inst/dutyCompare/tmp1_inferred__0/i__carry/CO[3]
                         net (fo=1, routed)           0.000     5.149    acquireToHDMIwithZynq_i/enhancedPwmAXI_1/U0/enhancedPwmAXI_slave_lite_v1_0_S00_AXI_inst/enhancedPwm_inst/dutyCompare/tmp1_inferred__0/i__carry_n_0
    SLICE_X11Y35         CARRY4 (Prop_carry4_CI_CO[0])
                                                      0.271     5.420 r  acquireToHDMIwithZynq_i/enhancedPwmAXI_1/U0/enhancedPwmAXI_slave_lite_v1_0_S00_AXI_inst/enhancedPwm_inst/dutyCompare/tmp1_inferred__0/i__carry__0/CO[0]
                         net (fo=1, routed)           4.539     9.959    pwmSignal_ext_1_OBUF
    F16                  OBUF (Prop_obuf_I_O)         3.763    13.723 r  pwmSignal_ext_1_OBUF_inst/O
                         net (fo=0)                   0.000    13.723    pwmSignal_ext_1
    F16                                                               r  pwmSignal_ext_1 (OUT)
  -------------------------------------------------------------------    -------------------

Slack:                    inf
  Source:                 acquireToHDMIwithZynq_i/acquireToDisplay_AXI_0/U0/acquireToDisplay_AXI_slave_lite_v1_0_S00_AXI_inst/oscilloscope_inst/control_inst/FSM_sequential_state_reg[4]/C
                            (rising edge-triggered cell FDRE clocked by clk_fpga_0  {rise@0.000ns fall@10.000ns period=20.000ns})
  Destination:            an7606rd_ext_0
                            (output port)
  Path Group:             (none)
  Path Type:              Max at Slow Process Corner
  Data Path Delay:        10.063ns  (logic 4.425ns (43.973%)  route 5.638ns (56.027%))
  Logic Levels:           2  (LUT5=1 OBUF=1)
  Clock Uncertainty:      0.301ns  ((TSJ^2 + TIJ^2)^1/2 + DJ) / 2 + PE
    Total System Jitter     (TSJ):    0.050ns
    Total Input Jitter      (TIJ):    0.600ns
    Discrete Jitter          (DJ):    0.000ns
    Phase Error              (PE):    0.000ns

    Location             Delay type                Incr(ns)  Path(ns)    Netlist Resource(s)
  -------------------------------------------------------------------    -------------------
                         (clock clk_fpga_0 rise edge)
                                                      0.000     0.000 r  
    PS7_X0Y0             PS7                          0.000     0.000 r  acquireToHDMIwithZynq_i/processing_system7_0/inst/PS7_i/FCLKCLK[0]
                         net (fo=1, routed)           1.207     1.207    acquireToHDMIwithZynq_i/processing_system7_0/inst/FCLK_CLK_unbuffered[0]
    BUFGCTRL_X0Y0        BUFG (Prop_bufg_I_O)         0.101     1.308 r  acquireToHDMIwithZynq_i/processing_system7_0/inst/buffer_fclk_clk_0.FCLK_CLK_0_BUFG/O
                         net (fo=1484, routed)        1.657     2.965    acquireToHDMIwithZynq_i/acquireToDisplay_AXI_0/U0/acquireToDisplay_AXI_slave_lite_v1_0_S00_AXI_inst/oscilloscope_inst/control_inst/s00_axi_aclk
    SLICE_X22Y30         FDRE                                         r  acquireToHDMIwithZynq_i/acquireToDisplay_AXI_0/U0/acquireToDisplay_AXI_slave_lite_v1_0_S00_AXI_inst/oscilloscope_inst/control_inst/FSM_sequential_state_reg[4]/C
  -------------------------------------------------------------------    -------------------
    SLICE_X22Y30         FDRE (Prop_fdre_C_Q)         0.456     3.421 r  acquireToHDMIwithZynq_i/acquireToDisplay_AXI_0/U0/acquireToDisplay_AXI_slave_lite_v1_0_S00_AXI_inst/oscilloscope_inst/control_inst/FSM_sequential_state_reg[4]/Q
                         net (fo=81, routed)          3.262     6.683    acquireToHDMIwithZynq_i/acquireToDisplay_AXI_0/U0/acquireToDisplay_AXI_slave_lite_v1_0_S00_AXI_inst/oscilloscope_inst/control_inst/Q[0]
    SLICE_X23Y35         LUT5 (Prop_lut5_I2_O)        0.152     6.835 r  acquireToHDMIwithZynq_i/acquireToDisplay_AXI_0/U0/acquireToDisplay_AXI_slave_lite_v1_0_S00_AXI_inst/oscilloscope_inst/control_inst/an7606rd_ext_INST_0/O
                         net (fo=1, routed)           2.376     9.211    an7606rd_ext_0_OBUF
    Y17                  OBUF (Prop_obuf_I_O)         3.817    13.028 r  an7606rd_ext_0_OBUF_inst/O
                         net (fo=0)                   0.000    13.028    an7606rd_ext_0
    Y17                                                               r  an7606rd_ext_0 (OUT)
  -------------------------------------------------------------------    -------------------

Slack:                    inf
  Source:                 acquireToHDMIwithZynq_i/acquireToDisplay_AXI_0/U0/acquireToDisplay_AXI_slave_lite_v1_0_S00_AXI_inst/oscilloscope_inst/control_inst/FSM_sequential_state_reg[4]/C
                            (rising edge-triggered cell FDRE clocked by clk_fpga_0  {rise@0.000ns fall@10.000ns period=20.000ns})
  Destination:            an7606conv_ext_0
                            (output port)
  Path Group:             (none)
  Path Type:              Max at Slow Process Corner
  Data Path Delay:        9.703ns  (logic 4.147ns (42.743%)  route 5.555ns (57.257%))
  Logic Levels:           2  (LUT5=1 OBUF=1)
  Clock Uncertainty:      0.301ns  ((TSJ^2 + TIJ^2)^1/2 + DJ) / 2 + PE
    Total System Jitter     (TSJ):    0.050ns
    Total Input Jitter      (TIJ):    0.600ns
    Discrete Jitter          (DJ):    0.000ns
    Phase Error              (PE):    0.000ns

    Location             Delay type                Incr(ns)  Path(ns)    Netlist Resource(s)
  -------------------------------------------------------------------    -------------------
                         (clock clk_fpga_0 rise edge)
                                                      0.000     0.000 r  
    PS7_X0Y0             PS7                          0.000     0.000 r  acquireToHDMIwithZynq_i/processing_system7_0/inst/PS7_i/FCLKCLK[0]
                         net (fo=1, routed)           1.207     1.207    acquireToHDMIwithZynq_i/processing_system7_0/inst/FCLK_CLK_unbuffered[0]
    BUFGCTRL_X0Y0        BUFG (Prop_bufg_I_O)         0.101     1.308 r  acquireToHDMIwithZynq_i/processing_system7_0/inst/buffer_fclk_clk_0.FCLK_CLK_0_BUFG/O
                         net (fo=1484, routed)        1.657     2.965    acquireToHDMIwithZynq_i/acquireToDisplay_AXI_0/U0/acquireToDisplay_AXI_slave_lite_v1_0_S00_AXI_inst/oscilloscope_inst/control_inst/s00_axi_aclk
    SLICE_X22Y30         FDRE                                         r  acquireToHDMIwithZynq_i/acquireToDisplay_AXI_0/U0/acquireToDisplay_AXI_slave_lite_v1_0_S00_AXI_inst/oscilloscope_inst/control_inst/FSM_sequential_state_reg[4]/C
  -------------------------------------------------------------------    -------------------
    SLICE_X22Y30         FDRE (Prop_fdre_C_Q)         0.456     3.421 r  acquireToHDMIwithZynq_i/acquireToDisplay_AXI_0/U0/acquireToDisplay_AXI_slave_lite_v1_0_S00_AXI_inst/oscilloscope_inst/control_inst/FSM_sequential_state_reg[4]/Q
                         net (fo=81, routed)          3.281     6.702    acquireToHDMIwithZynq_i/acquireToDisplay_AXI_0/U0/acquireToDisplay_AXI_slave_lite_v1_0_S00_AXI_inst/oscilloscope_inst/control_inst/Q[0]
    SLICE_X27Y35         LUT5 (Prop_lut5_I1_O)        0.124     6.826 r  acquireToHDMIwithZynq_i/acquireToDisplay_AXI_0/U0/acquireToDisplay_AXI_slave_lite_v1_0_S00_AXI_inst/oscilloscope_inst/control_inst/an7606conv_ext_INST_0/O
                         net (fo=1, routed)           2.274     9.100    an7606conv_ext_0_OBUF
    R14                  OBUF (Prop_obuf_I_O)         3.567    12.668 r  an7606conv_ext_0_OBUF_inst/O
                         net (fo=0)                   0.000    12.668    an7606conv_ext_0
    R14                                                               r  an7606conv_ext_0 (OUT)
  -------------------------------------------------------------------    -------------------

Slack:                    inf
  Source:                 acquireToHDMIwithZynq_i/acquireToDisplay_AXI_0/U0/acquireToDisplay_AXI_slave_lite_v1_0_S00_AXI_inst/oscilloscope_inst/control_inst/FSM_sequential_state_reg[3]/C
                            (rising edge-triggered cell FDRE clocked by clk_fpga_0  {rise@0.000ns fall@10.000ns period=20.000ns})
  Destination:            an7606reset_ext_0
                            (output port)
  Path Group:             (none)
  Path Type:              Max at Slow Process Corner
  Data Path Delay:        8.213ns  (logic 4.432ns (53.958%)  route 3.782ns (46.042%))
  Logic Levels:           2  (LUT5=1 OBUF=1)
  Clock Uncertainty:      0.301ns  ((TSJ^2 + TIJ^2)^1/2 + DJ) / 2 + PE
    Total System Jitter     (TSJ):    0.050ns
    Total Input Jitter      (TIJ):    0.600ns
    Discrete Jitter          (DJ):    0.000ns
    Phase Error              (PE):    0.000ns

    Location             Delay type                Incr(ns)  Path(ns)    Netlist Resource(s)
  -------------------------------------------------------------------    -------------------
                         (clock clk_fpga_0 rise edge)
                                                      0.000     0.000 r  
    PS7_X0Y0             PS7                          0.000     0.000 r  acquireToHDMIwithZynq_i/processing_system7_0/inst/PS7_i/FCLKCLK[0]
                         net (fo=1, routed)           1.207     1.207    acquireToHDMIwithZynq_i/processing_system7_0/inst/FCLK_CLK_unbuffered[0]
    BUFGCTRL_X0Y0        BUFG (Prop_bufg_I_O)         0.101     1.308 r  acquireToHDMIwithZynq_i/processing_system7_0/inst/buffer_fclk_clk_0.FCLK_CLK_0_BUFG/O
                         net (fo=1484, routed)        1.658     2.966    acquireToHDMIwithZynq_i/acquireToDisplay_AXI_0/U0/acquireToDisplay_AXI_slave_lite_v1_0_S00_AXI_inst/oscilloscope_inst/control_inst/s00_axi_aclk
    SLICE_X22Y31         FDRE                                         r  acquireToHDMIwithZynq_i/acquireToDisplay_AXI_0/U0/acquireToDisplay_AXI_slave_lite_v1_0_S00_AXI_inst/oscilloscope_inst/control_inst/FSM_sequential_state_reg[3]/C
  -------------------------------------------------------------------    -------------------
    SLICE_X22Y31         FDRE (Prop_fdre_C_Q)         0.456     3.422 f  acquireToHDMIwithZynq_i/acquireToDisplay_AXI_0/U0/acquireToDisplay_AXI_slave_lite_v1_0_S00_AXI_inst/oscilloscope_inst/control_inst/FSM_sequential_state_reg[3]/Q
                         net (fo=80, routed)          1.438     4.860    acquireToHDMIwithZynq_i/acquireToDisplay_AXI_0/U0/acquireToDisplay_AXI_slave_lite_v1_0_S00_AXI_inst/oscilloscope_inst/control_inst/state[3]
    SLICE_X27Y30         LUT5 (Prop_lut5_I4_O)        0.152     5.012 r  acquireToHDMIwithZynq_i/acquireToDisplay_AXI_0/U0/acquireToDisplay_AXI_slave_lite_v1_0_S00_AXI_inst/oscilloscope_inst/control_inst/an7606reset_ext_INST_0/O
                         net (fo=1, routed)           2.344     7.356    an7606reset_ext_0_OBUF
    Y16                  OBUF (Prop_obuf_I_O)         3.824    11.179 r  an7606reset_ext_0_OBUF_inst/O
                         net (fo=0)                   0.000    11.179    an7606reset_ext_0
    Y16                                                               r  an7606reset_ext_0 (OUT)
  -------------------------------------------------------------------    -------------------

Slack:                    inf
  Source:                 acquireToHDMIwithZynq_i/acquireToDisplay_AXI_0/U0/acquireToDisplay_AXI_slave_lite_v1_0_S00_AXI_inst/oscilloscope_inst/control_inst/FSM_sequential_state_reg[3]/C
                            (rising edge-triggered cell FDRE clocked by clk_fpga_0  {rise@0.000ns fall@10.000ns period=20.000ns})
  Destination:            an7606cs_ext_0
                            (output port)
  Path Group:             (none)
  Path Type:              Max at Slow Process Corner
  Data Path Delay:        7.774ns  (logic 4.204ns (54.079%)  route 3.570ns (45.921%))
  Logic Levels:           2  (LUT5=1 OBUF=1)
  Clock Uncertainty:      0.301ns  ((TSJ^2 + TIJ^2)^1/2 + DJ) / 2 + PE
    Total System Jitter     (TSJ):    0.050ns
    Total Input Jitter      (TIJ):    0.600ns
    Discrete Jitter          (DJ):    0.000ns
    Phase Error              (PE):    0.000ns

    Location             Delay type                Incr(ns)  Path(ns)    Netlist Resource(s)
  -------------------------------------------------------------------    -------------------
                         (clock clk_fpga_0 rise edge)
                                                      0.000     0.000 r  
    PS7_X0Y0             PS7                          0.000     0.000 r  acquireToHDMIwithZynq_i/processing_system7_0/inst/PS7_i/FCLKCLK[0]
                         net (fo=1, routed)           1.207     1.207    acquireToHDMIwithZynq_i/processing_system7_0/inst/FCLK_CLK_unbuffered[0]
    BUFGCTRL_X0Y0        BUFG (Prop_bufg_I_O)         0.101     1.308 r  acquireToHDMIwithZynq_i/processing_system7_0/inst/buffer_fclk_clk_0.FCLK_CLK_0_BUFG/O
                         net (fo=1484, routed)        1.658     2.966    acquireToHDMIwithZynq_i/acquireToDisplay_AXI_0/U0/acquireToDisplay_AXI_slave_lite_v1_0_S00_AXI_inst/oscilloscope_inst/control_inst/s00_axi_aclk
    SLICE_X22Y31         FDRE                                         r  acquireToHDMIwithZynq_i/acquireToDisplay_AXI_0/U0/acquireToDisplay_AXI_slave_lite_v1_0_S00_AXI_inst/oscilloscope_inst/control_inst/FSM_sequential_state_reg[3]/C
  -------------------------------------------------------------------    -------------------
    SLICE_X22Y31         FDRE (Prop_fdre_C_Q)         0.456     3.422 f  acquireToHDMIwithZynq_i/acquireToDisplay_AXI_0/U0/acquireToDisplay_AXI_slave_lite_v1_0_S00_AXI_inst/oscilloscope_inst/control_inst/FSM_sequential_state_reg[3]/Q
                         net (fo=80, routed)          1.438     4.860    acquireToHDMIwithZynq_i/acquireToDisplay_AXI_0/U0/acquireToDisplay_AXI_slave_lite_v1_0_S00_AXI_inst/oscilloscope_inst/control_inst/state[3]
    SLICE_X27Y30         LUT5 (Prop_lut5_I4_O)        0.124     4.984 r  acquireToHDMIwithZynq_i/acquireToDisplay_AXI_0/U0/acquireToDisplay_AXI_slave_lite_v1_0_S00_AXI_inst/oscilloscope_inst/control_inst/an7606cs_ext_INST_0/O
                         net (fo=1, routed)           2.132     7.116    an7606cs_ext_0_OBUF
    V15                  OBUF (Prop_obuf_I_O)         3.624    10.740 r  an7606cs_ext_0_OBUF_inst/O
                         net (fo=0)                   0.000    10.740    an7606cs_ext_0
    V15                                                               r  an7606cs_ext_0 (OUT)
  -------------------------------------------------------------------    -------------------





Min Delay Paths
--------------------------------------------------------------------------------------
Slack:                    inf
  Source:                 acquireToHDMIwithZynq_i/acquireToDisplay_AXI_0/U0/acquireToDisplay_AXI_slave_lite_v1_0_S00_AXI_inst/oscilloscope_inst/control_inst/FSM_sequential_state_reg[2]/C
                            (rising edge-triggered cell FDRE clocked by clk_fpga_0  {rise@0.000ns fall@10.000ns period=20.000ns})
  Destination:            an7606cs_ext_0
                            (output port)
  Path Group:             (none)
  Path Type:              Min at Fast Process Corner
  Data Path Delay:        2.496ns  (logic 1.510ns (60.495%)  route 0.986ns (39.505%))
  Logic Levels:           2  (LUT5=1 OBUF=1)
  Clock Uncertainty:      0.301ns  ((TSJ^2 + TIJ^2)^1/2 + DJ) / 2 + PE
    Total System Jitter     (TSJ):    0.050ns
    Total Input Jitter      (TIJ):    0.600ns
    Discrete Jitter          (DJ):    0.000ns
    Phase Error              (PE):    0.000ns

    Location             Delay type                Incr(ns)  Path(ns)    Netlist Resource(s)
  -------------------------------------------------------------------    -------------------
                         (clock clk_fpga_0 rise edge)
                                                      0.000     0.000 r  
    PS7_X0Y0             PS7                          0.000     0.000 r  acquireToHDMIwithZynq_i/processing_system7_0/inst/PS7_i/FCLKCLK[0]
                         net (fo=1, routed)           0.315     0.315    acquireToHDMIwithZynq_i/processing_system7_0/inst/FCLK_CLK_unbuffered[0]
    BUFGCTRL_X0Y0        BUFG (Prop_bufg_I_O)         0.026     0.341 r  acquireToHDMIwithZynq_i/processing_system7_0/inst/buffer_fclk_clk_0.FCLK_CLK_0_BUFG/O
                         net (fo=1484, routed)        0.553     0.894    acquireToHDMIwithZynq_i/acquireToDisplay_AXI_0/U0/acquireToDisplay_AXI_slave_lite_v1_0_S00_AXI_inst/oscilloscope_inst/control_inst/s00_axi_aclk
    SLICE_X23Y31         FDRE                                         r  acquireToHDMIwithZynq_i/acquireToDisplay_AXI_0/U0/acquireToDisplay_AXI_slave_lite_v1_0_S00_AXI_inst/oscilloscope_inst/control_inst/FSM_sequential_state_reg[2]/C
  -------------------------------------------------------------------    -------------------
    SLICE_X23Y31         FDRE (Prop_fdre_C_Q)         0.141     1.035 f  acquireToHDMIwithZynq_i/acquireToDisplay_AXI_0/U0/acquireToDisplay_AXI_slave_lite_v1_0_S00_AXI_inst/oscilloscope_inst/control_inst/FSM_sequential_state_reg[2]/Q
                         net (fo=81, routed)          0.422     1.456    acquireToHDMIwithZynq_i/acquireToDisplay_AXI_0/U0/acquireToDisplay_AXI_slave_lite_v1_0_S00_AXI_inst/oscilloscope_inst/control_inst/state[2]
    SLICE_X27Y30         LUT5 (Prop_lut5_I2_O)        0.045     1.501 r  acquireToHDMIwithZynq_i/acquireToDisplay_AXI_0/U0/acquireToDisplay_AXI_slave_lite_v1_0_S00_AXI_inst/oscilloscope_inst/control_inst/an7606cs_ext_INST_0/O
                         net (fo=1, routed)           0.564     2.065    an7606cs_ext_0_OBUF
    V15                  OBUF (Prop_obuf_I_O)         1.324     3.389 r  an7606cs_ext_0_OBUF_inst/O
                         net (fo=0)                   0.000     3.389    an7606cs_ext_0
    V15                                                               r  an7606cs_ext_0 (OUT)
  -------------------------------------------------------------------    -------------------

Slack:                    inf
  Source:                 acquireToHDMIwithZynq_i/acquireToDisplay_AXI_0/U0/acquireToDisplay_AXI_slave_lite_v1_0_S00_AXI_inst/oscilloscope_inst/control_inst/FSM_sequential_state_reg[3]/C
                            (rising edge-triggered cell FDRE clocked by clk_fpga_0  {rise@0.000ns fall@10.000ns period=20.000ns})
  Destination:            an7606rd_ext_0
                            (output port)
  Path Group:             (none)
  Path Type:              Min at Fast Process Corner
  Data Path Delay:        2.627ns  (logic 1.566ns (59.611%)  route 1.061ns (40.389%))
  Logic Levels:           2  (LUT5=1 OBUF=1)
  Clock Uncertainty:      0.301ns  ((TSJ^2 + TIJ^2)^1/2 + DJ) / 2 + PE
    Total System Jitter     (TSJ):    0.050ns
    Total Input Jitter      (TIJ):    0.600ns
    Discrete Jitter          (DJ):    0.000ns
    Phase Error              (PE):    0.000ns

    Location             Delay type                Incr(ns)  Path(ns)    Netlist Resource(s)
  -------------------------------------------------------------------    -------------------
                         (clock clk_fpga_0 rise edge)
                                                      0.000     0.000 r  
    PS7_X0Y0             PS7                          0.000     0.000 r  acquireToHDMIwithZynq_i/processing_system7_0/inst/PS7_i/FCLKCLK[0]
                         net (fo=1, routed)           0.315     0.315    acquireToHDMIwithZynq_i/processing_system7_0/inst/FCLK_CLK_unbuffered[0]
    BUFGCTRL_X0Y0        BUFG (Prop_bufg_I_O)         0.026     0.341 r  acquireToHDMIwithZynq_i/processing_system7_0/inst/buffer_fclk_clk_0.FCLK_CLK_0_BUFG/O
                         net (fo=1484, routed)        0.553     0.894    acquireToHDMIwithZynq_i/acquireToDisplay_AXI_0/U0/acquireToDisplay_AXI_slave_lite_v1_0_S00_AXI_inst/oscilloscope_inst/control_inst/s00_axi_aclk
    SLICE_X22Y31         FDRE                                         r  acquireToHDMIwithZynq_i/acquireToDisplay_AXI_0/U0/acquireToDisplay_AXI_slave_lite_v1_0_S00_AXI_inst/oscilloscope_inst/control_inst/FSM_sequential_state_reg[3]/C
  -------------------------------------------------------------------    -------------------
    SLICE_X22Y31         FDRE (Prop_fdre_C_Q)         0.141     1.035 f  acquireToHDMIwithZynq_i/acquireToDisplay_AXI_0/U0/acquireToDisplay_AXI_slave_lite_v1_0_S00_AXI_inst/oscilloscope_inst/control_inst/FSM_sequential_state_reg[3]/Q
                         net (fo=80, routed)          0.343     1.377    acquireToHDMIwithZynq_i/acquireToDisplay_AXI_0/U0/acquireToDisplay_AXI_slave_lite_v1_0_S00_AXI_inst/oscilloscope_inst/control_inst/state[3]
    SLICE_X23Y35         LUT5 (Prop_lut5_I0_O)        0.048     1.425 r  acquireToHDMIwithZynq_i/acquireToDisplay_AXI_0/U0/acquireToDisplay_AXI_slave_lite_v1_0_S00_AXI_inst/oscilloscope_inst/control_inst/an7606rd_ext_INST_0/O
                         net (fo=1, routed)           0.718     2.144    an7606rd_ext_0_OBUF
    Y17                  OBUF (Prop_obuf_I_O)         1.377     3.520 r  an7606rd_ext_0_OBUF_inst/O
                         net (fo=0)                   0.000     3.520    an7606rd_ext_0
    Y17                                                               r  an7606rd_ext_0 (OUT)
  -------------------------------------------------------------------    -------------------

Slack:                    inf
  Source:                 acquireToHDMIwithZynq_i/acquireToDisplay_AXI_0/U0/acquireToDisplay_AXI_slave_lite_v1_0_S00_AXI_inst/oscilloscope_inst/control_inst/FSM_sequential_state_reg[2]/C
                            (rising edge-triggered cell FDRE clocked by clk_fpga_0  {rise@0.000ns fall@10.000ns period=20.000ns})
  Destination:            an7606conv_ext_0
                            (output port)
  Path Group:             (none)
  Path Type:              Min at Fast Process Corner
  Data Path Delay:        2.640ns  (logic 1.454ns (55.067%)  route 1.186ns (44.933%))
  Logic Levels:           2  (LUT5=1 OBUF=1)
  Clock Uncertainty:      0.301ns  ((TSJ^2 + TIJ^2)^1/2 + DJ) / 2 + PE
    Total System Jitter     (TSJ):    0.050ns
    Total Input Jitter      (TIJ):    0.600ns
    Discrete Jitter          (DJ):    0.000ns
    Phase Error              (PE):    0.000ns

    Location             Delay type                Incr(ns)  Path(ns)    Netlist Resource(s)
  -------------------------------------------------------------------    -------------------
                         (clock clk_fpga_0 rise edge)
                                                      0.000     0.000 r  
    PS7_X0Y0             PS7                          0.000     0.000 r  acquireToHDMIwithZynq_i/processing_system7_0/inst/PS7_i/FCLKCLK[0]
                         net (fo=1, routed)           0.315     0.315    acquireToHDMIwithZynq_i/processing_system7_0/inst/FCLK_CLK_unbuffered[0]
    BUFGCTRL_X0Y0        BUFG (Prop_bufg_I_O)         0.026     0.341 r  acquireToHDMIwithZynq_i/processing_system7_0/inst/buffer_fclk_clk_0.FCLK_CLK_0_BUFG/O
                         net (fo=1484, routed)        0.553     0.894    acquireToHDMIwithZynq_i/acquireToDisplay_AXI_0/U0/acquireToDisplay_AXI_slave_lite_v1_0_S00_AXI_inst/oscilloscope_inst/control_inst/s00_axi_aclk
    SLICE_X23Y31         FDRE                                         r  acquireToHDMIwithZynq_i/acquireToDisplay_AXI_0/U0/acquireToDisplay_AXI_slave_lite_v1_0_S00_AXI_inst/oscilloscope_inst/control_inst/FSM_sequential_state_reg[2]/C
  -------------------------------------------------------------------    -------------------
    SLICE_X23Y31         FDRE (Prop_fdre_C_Q)         0.141     1.035 f  acquireToHDMIwithZynq_i/acquireToDisplay_AXI_0/U0/acquireToDisplay_AXI_slave_lite_v1_0_S00_AXI_inst/oscilloscope_inst/control_inst/FSM_sequential_state_reg[2]/Q
                         net (fo=81, routed)          0.562     1.596    acquireToHDMIwithZynq_i/acquireToDisplay_AXI_0/U0/acquireToDisplay_AXI_slave_lite_v1_0_S00_AXI_inst/oscilloscope_inst/control_inst/state[2]
    SLICE_X27Y35         LUT5 (Prop_lut5_I4_O)        0.045     1.641 r  acquireToHDMIwithZynq_i/acquireToDisplay_AXI_0/U0/acquireToDisplay_AXI_slave_lite_v1_0_S00_AXI_inst/oscilloscope_inst/control_inst/an7606conv_ext_INST_0/O
                         net (fo=1, routed)           0.624     2.266    an7606conv_ext_0_OBUF
    R14                  OBUF (Prop_obuf_I_O)         1.268     3.533 r  an7606conv_ext_0_OBUF_inst/O
                         net (fo=0)                   0.000     3.533    an7606conv_ext_0
    R14                                                               r  an7606conv_ext_0 (OUT)
  -------------------------------------------------------------------    -------------------

Slack:                    inf
  Source:                 acquireToHDMIwithZynq_i/acquireToDisplay_AXI_0/U0/acquireToDisplay_AXI_slave_lite_v1_0_S00_AXI_inst/oscilloscope_inst/control_inst/FSM_sequential_state_reg[1]/C
                            (rising edge-triggered cell FDRE clocked by clk_fpga_0  {rise@0.000ns fall@10.000ns period=20.000ns})
  Destination:            an7606reset_ext_0
                            (output port)
  Path Group:             (none)
  Path Type:              Min at Fast Process Corner
  Data Path Delay:        2.649ns  (logic 1.567ns (59.143%)  route 1.082ns (40.857%))
  Logic Levels:           2  (LUT5=1 OBUF=1)
  Clock Uncertainty:      0.301ns  ((TSJ^2 + TIJ^2)^1/2 + DJ) / 2 + PE
    Total System Jitter     (TSJ):    0.050ns
    Total Input Jitter      (TIJ):    0.600ns
    Discrete Jitter          (DJ):    0.000ns
    Phase Error              (PE):    0.000ns

    Location             Delay type                Incr(ns)  Path(ns)    Netlist Resource(s)
  -------------------------------------------------------------------    -------------------
                         (clock clk_fpga_0 rise edge)
                                                      0.000     0.000 r  
    PS7_X0Y0             PS7                          0.000     0.000 r  acquireToHDMIwithZynq_i/processing_system7_0/inst/PS7_i/FCLKCLK[0]
                         net (fo=1, routed)           0.315     0.315    acquireToHDMIwithZynq_i/processing_system7_0/inst/FCLK_CLK_unbuffered[0]
    BUFGCTRL_X0Y0        BUFG (Prop_bufg_I_O)         0.026     0.341 r  acquireToHDMIwithZynq_i/processing_system7_0/inst/buffer_fclk_clk_0.FCLK_CLK_0_BUFG/O
                         net (fo=1484, routed)        0.553     0.894    acquireToHDMIwithZynq_i/acquireToDisplay_AXI_0/U0/acquireToDisplay_AXI_slave_lite_v1_0_S00_AXI_inst/oscilloscope_inst/control_inst/s00_axi_aclk
    SLICE_X23Y31         FDRE                                         r  acquireToHDMIwithZynq_i/acquireToDisplay_AXI_0/U0/acquireToDisplay_AXI_slave_lite_v1_0_S00_AXI_inst/oscilloscope_inst/control_inst/FSM_sequential_state_reg[1]/C
  -------------------------------------------------------------------    -------------------
    SLICE_X23Y31         FDRE (Prop_fdre_C_Q)         0.141     1.035 r  acquireToHDMIwithZynq_i/acquireToDisplay_AXI_0/U0/acquireToDisplay_AXI_slave_lite_v1_0_S00_AXI_inst/oscilloscope_inst/control_inst/FSM_sequential_state_reg[1]/Q
                         net (fo=84, routed)          0.423     1.458    acquireToHDMIwithZynq_i/acquireToDisplay_AXI_0/U0/acquireToDisplay_AXI_slave_lite_v1_0_S00_AXI_inst/oscilloscope_inst/control_inst/state[1]
    SLICE_X27Y30         LUT5 (Prop_lut5_I2_O)        0.042     1.500 r  acquireToHDMIwithZynq_i/acquireToDisplay_AXI_0/U0/acquireToDisplay_AXI_slave_lite_v1_0_S00_AXI_inst/oscilloscope_inst/control_inst/an7606reset_ext_INST_0/O
                         net (fo=1, routed)           0.659     2.159    an7606reset_ext_0_OBUF
    Y16                  OBUF (Prop_obuf_I_O)         1.384     3.543 r  an7606reset_ext_0_OBUF_inst/O
                         net (fo=0)                   0.000     3.543    an7606reset_ext_0
    Y16                                                               r  an7606reset_ext_0 (OUT)
  -------------------------------------------------------------------    -------------------

Slack:                    inf
  Source:                 acquireToHDMIwithZynq_i/enhancedPwmAXI_1/U0/enhancedPwmAXI_slave_lite_v1_0_S00_AXI_inst/enhancedPwm_inst/dutyCycle_int_reg[7]/C
                            (rising edge-triggered cell FDRE clocked by clk_fpga_0  {rise@0.000ns fall@10.000ns period=20.000ns})
  Destination:            pwmSignal_ext_1
                            (output port)
  Path Group:             (none)
  Path Type:              Min at Fast Process Corner
  Data Path Delay:        3.502ns  (logic 1.677ns (47.886%)  route 1.825ns (52.114%))
  Logic Levels:           4  (CARRY4=2 LUT4=1 OBUF=1)
  Clock Uncertainty:      0.301ns  ((TSJ^2 + TIJ^2)^1/2 + DJ) / 2 + PE
    Total System Jitter     (TSJ):    0.050ns
    Total Input Jitter      (TIJ):    0.600ns
    Discrete Jitter          (DJ):    0.000ns
    Phase Error              (PE):    0.000ns

    Location             Delay type                Incr(ns)  Path(ns)    Netlist Resource(s)
  -------------------------------------------------------------------    -------------------
                         (clock clk_fpga_0 rise edge)
                                                      0.000     0.000 r  
    PS7_X0Y0             PS7                          0.000     0.000 r  acquireToHDMIwithZynq_i/processing_system7_0/inst/PS7_i/FCLKCLK[0]
                         net (fo=1, routed)           0.315     0.315    acquireToHDMIwithZynq_i/processing_system7_0/inst/FCLK_CLK_unbuffered[0]
    BUFGCTRL_X0Y0        BUFG (Prop_bufg_I_O)         0.026     0.341 r  acquireToHDMIwithZynq_i/processing_system7_0/inst/buffer_fclk_clk_0.FCLK_CLK_0_BUFG/O
                         net (fo=1484, routed)        0.562     0.903    acquireToHDMIwithZynq_i/enhancedPwmAXI_1/U0/enhancedPwmAXI_slave_lite_v1_0_S00_AXI_inst/enhancedPwm_inst/s00_axi_aclk
    SLICE_X10Y34         FDRE                                         r  acquireToHDMIwithZynq_i/enhancedPwmAXI_1/U0/enhancedPwmAXI_slave_lite_v1_0_S00_AXI_inst/enhancedPwm_inst/dutyCycle_int_reg[7]/C
  -------------------------------------------------------------------    -------------------
    SLICE_X10Y34         FDRE (Prop_fdre_C_Q)         0.164     1.067 r  acquireToHDMIwithZynq_i/enhancedPwmAXI_1/U0/enhancedPwmAXI_slave_lite_v1_0_S00_AXI_inst/enhancedPwm_inst/dutyCycle_int_reg[7]/Q
                         net (fo=2, routed)           0.082     1.149    acquireToHDMIwithZynq_i/enhancedPwmAXI_1/U0/enhancedPwmAXI_slave_lite_v1_0_S00_AXI_inst/enhancedPwm_inst/counter_inst/Q[7]
    SLICE_X11Y34         LUT4 (Prop_lut4_I0_O)        0.049     1.198 r  acquireToHDMIwithZynq_i/enhancedPwmAXI_1/U0/enhancedPwmAXI_slave_lite_v1_0_S00_AXI_inst/enhancedPwm_inst/counter_inst/i__carry_i_1/O
                         net (fo=1, routed)           0.000     1.198    acquireToHDMIwithZynq_i/enhancedPwmAXI_1/U0/enhancedPwmAXI_slave_lite_v1_0_S00_AXI_inst/enhancedPwm_inst/dutyCompare/DI[3]
    SLICE_X11Y34         CARRY4 (Prop_carry4_DI[3]_CO[3])
                                                      0.092     1.290 r  acquireToHDMIwithZynq_i/enhancedPwmAXI_1/U0/enhancedPwmAXI_slave_lite_v1_0_S00_AXI_inst/enhancedPwm_inst/dutyCompare/tmp1_inferred__0/i__carry/CO[3]
                         net (fo=1, routed)           0.000     1.290    acquireToHDMIwithZynq_i/enhancedPwmAXI_1/U0/enhancedPwmAXI_slave_lite_v1_0_S00_AXI_inst/enhancedPwm_inst/dutyCompare/tmp1_inferred__0/i__carry_n_0
    SLICE_X11Y35         CARRY4 (Prop_carry4_CI_CO[0])
                                                      0.076     1.366 r  acquireToHDMIwithZynq_i/enhancedPwmAXI_1/U0/enhancedPwmAXI_slave_lite_v1_0_S00_AXI_inst/enhancedPwm_inst/dutyCompare/tmp1_inferred__0/i__carry__0/CO[0]
                         net (fo=1, routed)           1.743     3.109    pwmSignal_ext_1_OBUF
    F16                  OBUF (Prop_obuf_I_O)         1.296     4.405 r  pwmSignal_ext_1_OBUF_inst/O
                         net (fo=0)                   0.000     4.405    pwmSignal_ext_1
    F16                                                               r  pwmSignal_ext_1 (OUT)
  -------------------------------------------------------------------    -------------------

Slack:                    inf
  Source:                 acquireToHDMIwithZynq_i/enhancedPwmAXI_0/U0/enhancedPwmAXI_slave_lite_v1_0_S00_AXI_inst/enhancedPwm_inst/dutyCycle_int_reg[5]/C
                            (rising edge-triggered cell FDRE clocked by clk_fpga_0  {rise@0.000ns fall@10.000ns period=20.000ns})
  Destination:            pwmSignal_ext_0
                            (output port)
  Path Group:             (none)
  Path Type:              Min at Fast Process Corner
  Data Path Delay:        3.884ns  (logic 1.649ns (42.466%)  route 2.235ns (57.534%))
  Logic Levels:           4  (CARRY4=2 LUT4=1 OBUF=1)
  Clock Uncertainty:      0.301ns  ((TSJ^2 + TIJ^2)^1/2 + DJ) / 2 + PE
    Total System Jitter     (TSJ):    0.050ns
    Total Input Jitter      (TIJ):    0.600ns
    Discrete Jitter          (DJ):    0.000ns
    Phase Error              (PE):    0.000ns

    Location             Delay type                Incr(ns)  Path(ns)    Netlist Resource(s)
  -------------------------------------------------------------------    -------------------
                         (clock clk_fpga_0 rise edge)
                                                      0.000     0.000 r  
    PS7_X0Y0             PS7                          0.000     0.000 r  acquireToHDMIwithZynq_i/processing_system7_0/inst/PS7_i/FCLKCLK[0]
                         net (fo=1, routed)           0.315     0.315    acquireToHDMIwithZynq_i/processing_system7_0/inst/FCLK_CLK_unbuffered[0]
    BUFGCTRL_X0Y0        BUFG (Prop_bufg_I_O)         0.026     0.341 r  acquireToHDMIwithZynq_i/processing_system7_0/inst/buffer_fclk_clk_0.FCLK_CLK_0_BUFG/O
                         net (fo=1484, routed)        0.557     0.898    acquireToHDMIwithZynq_i/enhancedPwmAXI_0/U0/enhancedPwmAXI_slave_lite_v1_0_S00_AXI_inst/enhancedPwm_inst/s00_axi_aclk
    SLICE_X7Y29          FDRE                                         r  acquireToHDMIwithZynq_i/enhancedPwmAXI_0/U0/enhancedPwmAXI_slave_lite_v1_0_S00_AXI_inst/enhancedPwm_inst/dutyCycle_int_reg[5]/C
  -------------------------------------------------------------------    -------------------
    SLICE_X7Y29          FDRE (Prop_fdre_C_Q)         0.141     1.039 r  acquireToHDMIwithZynq_i/enhancedPwmAXI_0/U0/enhancedPwmAXI_slave_lite_v1_0_S00_AXI_inst/enhancedPwm_inst/dutyCycle_int_reg[5]/Q
                         net (fo=2, routed)           0.322     1.360    acquireToHDMIwithZynq_i/enhancedPwmAXI_0/U0/enhancedPwmAXI_slave_lite_v1_0_S00_AXI_inst/enhancedPwm_inst/counter_inst/Q[5]
    SLICE_X5Y29          LUT4 (Prop_lut4_I0_O)        0.045     1.405 r  acquireToHDMIwithZynq_i/enhancedPwmAXI_0/U0/enhancedPwmAXI_slave_lite_v1_0_S00_AXI_inst/enhancedPwm_inst/counter_inst/i__carry_i_2/O
                         net (fo=1, routed)           0.000     1.405    acquireToHDMIwithZynq_i/enhancedPwmAXI_0/U0/enhancedPwmAXI_slave_lite_v1_0_S00_AXI_inst/enhancedPwm_inst/dutyCompare/DI[2]
    SLICE_X5Y29          CARRY4 (Prop_carry4_DI[2]_CO[3])
                                                      0.094     1.499 r  acquireToHDMIwithZynq_i/enhancedPwmAXI_0/U0/enhancedPwmAXI_slave_lite_v1_0_S00_AXI_inst/enhancedPwm_inst/dutyCompare/tmp1_inferred__0/i__carry/CO[3]
                         net (fo=1, routed)           0.000     1.499    acquireToHDMIwithZynq_i/enhancedPwmAXI_0/U0/enhancedPwmAXI_slave_lite_v1_0_S00_AXI_inst/enhancedPwm_inst/dutyCompare/tmp1_inferred__0/i__carry_n_0
    SLICE_X5Y30          CARRY4 (Prop_carry4_CI_CO[0])
                                                      0.076     1.575 r  acquireToHDMIwithZynq_i/enhancedPwmAXI_0/U0/enhancedPwmAXI_slave_lite_v1_0_S00_AXI_inst/enhancedPwm_inst/dutyCompare/tmp1_inferred__0/i__carry__0/CO[0]
                         net (fo=1, routed)           1.913     3.488    pwmSignal_ext_0_OBUF
    F17                  OBUF (Prop_obuf_I_O)         1.293     4.781 r  pwmSignal_ext_0_OBUF_inst/O
                         net (fo=0)                   0.000     4.781    pwmSignal_ext_0
    F17                                                               r  pwmSignal_ext_0 (OUT)
  -------------------------------------------------------------------    -------------------





--------------------------------------------------------------------------------------
Path Group:  (none)
From Clock:  clk_out2_clk_wiz_0
  To Clock:  

Max Delay             8 Endpoints
Min Delay             8 Endpoints
--------------------------------------------------------------------------------------


Max Delay Paths
--------------------------------------------------------------------------------------
Slack:                    inf
  Source:                 acquireToHDMIwithZynq_i/acquireToDisplay_AXI_0/U0/acquireToDisplay_AXI_slave_lite_v1_0_S00_AXI_inst/oscilloscope_inst/datapath_inst/hdmi0_inst/inst/serial_b/oserdes_m/CLK
                            (rising edge-triggered cell OSERDESE2 clocked by clk_out2_clk_wiz_0  {rise@0.000ns fall@1.347ns period=2.695ns})
  Destination:            tmdsDataN_ext_0[0]
                            (output port)
  Path Group:             (none)
  Path Type:              Max at Slow Process Corner
  Data Path Delay:        2.347ns  (logic 2.346ns (99.957%)  route 0.001ns (0.043%))
  Logic Levels:           1  (OBUFDS=1)
  Clock Uncertainty:      0.799ns  ((TSJ^2 + DJ^2)^1/2) / 2 + PE
    Total System Jitter     (TSJ):    0.050ns
    Discrete Jitter          (DJ):    0.373ns
    Phase Error              (PE):    0.611ns

    Location             Delay type                Incr(ns)  Path(ns)    Netlist Resource(s)
  -------------------------------------------------------------------    -------------------
                         (clock clk_out2_clk_wiz_0 rise edge)
                                                      0.000     0.000 r  
    BUFGCTRL_X0Y0        BUFG                         0.000     0.000 r  acquireToHDMIwithZynq_i/processing_system7_0/inst/buffer_fclk_clk_0.FCLK_CLK_0_BUFG/O
                         net (fo=1484, routed)        1.677     1.677    acquireToHDMIwithZynq_i/acquireToDisplay_AXI_0/U0/acquireToDisplay_AXI_slave_lite_v1_0_S00_AXI_inst/oscilloscope_inst/datapath_inst/vc/inst/clk_in1
    MMCME2_ADV_X0Y0      MMCME2_ADV (Prop_mmcme2_adv_CLKIN1_CLKOUT1)
                                                     -3.538    -1.861 r  acquireToHDMIwithZynq_i/acquireToDisplay_AXI_0/U0/acquireToDisplay_AXI_slave_lite_v1_0_S00_AXI_inst/oscilloscope_inst/datapath_inst/vc/inst/mmcm_adv_inst/CLKOUT1
                         net (fo=1, routed)           1.760    -0.101    acquireToHDMIwithZynq_i/acquireToDisplay_AXI_0/U0/acquireToDisplay_AXI_slave_lite_v1_0_S00_AXI_inst/oscilloscope_inst/datapath_inst/vc/inst/clk_out2_clk_wiz_0
    BUFGCTRL_X0Y2        BUFG (Prop_bufg_I_O)         0.101     0.000 r  acquireToHDMIwithZynq_i/acquireToDisplay_AXI_0/U0/acquireToDisplay_AXI_slave_lite_v1_0_S00_AXI_inst/oscilloscope_inst/datapath_inst/vc/inst/clkout2_buf/O
                         net (fo=8, routed)           1.766     1.766    acquireToHDMIwithZynq_i/acquireToDisplay_AXI_0/U0/acquireToDisplay_AXI_slave_lite_v1_0_S00_AXI_inst/oscilloscope_inst/datapath_inst/hdmi0_inst/inst/serial_b/pix_clkx5
    OLOGIC_X0Y18         OSERDESE2                                    r  acquireToHDMIwithZynq_i/acquireToDisplay_AXI_0/U0/acquireToDisplay_AXI_slave_lite_v1_0_S00_AXI_inst/oscilloscope_inst/datapath_inst/hdmi0_inst/inst/serial_b/oserdes_m/CLK
  -------------------------------------------------------------------    -------------------
    OLOGIC_X0Y18         OSERDESE2 (Prop_oserdese2_CLK_OQ)
                                                      0.472     2.238 r  acquireToHDMIwithZynq_i/acquireToDisplay_AXI_0/U0/acquireToDisplay_AXI_slave_lite_v1_0_S00_AXI_inst/oscilloscope_inst/datapath_inst/hdmi0_inst/inst/serial_b/oserdes_m/OQ
                         net (fo=1, routed)           0.001     2.239    acquireToHDMIwithZynq_i/acquireToDisplay_AXI_0/U0/acquireToDisplay_AXI_slave_lite_v1_0_S00_AXI_inst/oscilloscope_inst/datapath_inst/hdmi0_inst/inst/TMDSINT_0
    V20                  OBUFDS (Prop_obufds_I_OB)    1.874     4.113 r  acquireToHDMIwithZynq_i/acquireToDisplay_AXI_0/U0/acquireToDisplay_AXI_slave_lite_v1_0_S00_AXI_inst/oscilloscope_inst/datapath_inst/hdmi0_inst/inst/OBUFDS_B/OB
                         net (fo=0)                   0.000     4.113    tmdsDataN_ext_0[0]
    W20                                                               r  tmdsDataN_ext_0[0] (OUT)
  -------------------------------------------------------------------    -------------------

Slack:                    inf
  Source:                 acquireToHDMIwithZynq_i/acquireToDisplay_AXI_0/U0/acquireToDisplay_AXI_slave_lite_v1_0_S00_AXI_inst/oscilloscope_inst/datapath_inst/hdmi0_inst/inst/serial_b/oserdes_m/CLK
                            (rising edge-triggered cell OSERDESE2 clocked by clk_out2_clk_wiz_0  {rise@0.000ns fall@1.347ns period=2.695ns})
  Destination:            tmdsDataP_ext_0[0]
                            (output port)
  Path Group:             (none)
  Path Type:              Max at Slow Process Corner
  Data Path Delay:        2.346ns  (logic 2.345ns (99.957%)  route 0.001ns (0.043%))
  Logic Levels:           1  (OBUFDS=1)
  Clock Uncertainty:      0.799ns  ((TSJ^2 + DJ^2)^1/2) / 2 + PE
    Total System Jitter     (TSJ):    0.050ns
    Discrete Jitter          (DJ):    0.373ns
    Phase Error              (PE):    0.611ns

    Location             Delay type                Incr(ns)  Path(ns)    Netlist Resource(s)
  -------------------------------------------------------------------    -------------------
                         (clock clk_out2_clk_wiz_0 rise edge)
                                                      0.000     0.000 r  
    BUFGCTRL_X0Y0        BUFG                         0.000     0.000 r  acquireToHDMIwithZynq_i/processing_system7_0/inst/buffer_fclk_clk_0.FCLK_CLK_0_BUFG/O
                         net (fo=1484, routed)        1.677     1.677    acquireToHDMIwithZynq_i/acquireToDisplay_AXI_0/U0/acquireToDisplay_AXI_slave_lite_v1_0_S00_AXI_inst/oscilloscope_inst/datapath_inst/vc/inst/clk_in1
    MMCME2_ADV_X0Y0      MMCME2_ADV (Prop_mmcme2_adv_CLKIN1_CLKOUT1)
                                                     -3.538    -1.861 r  acquireToHDMIwithZynq_i/acquireToDisplay_AXI_0/U0/acquireToDisplay_AXI_slave_lite_v1_0_S00_AXI_inst/oscilloscope_inst/datapath_inst/vc/inst/mmcm_adv_inst/CLKOUT1
                         net (fo=1, routed)           1.760    -0.101    acquireToHDMIwithZynq_i/acquireToDisplay_AXI_0/U0/acquireToDisplay_AXI_slave_lite_v1_0_S00_AXI_inst/oscilloscope_inst/datapath_inst/vc/inst/clk_out2_clk_wiz_0
    BUFGCTRL_X0Y2        BUFG (Prop_bufg_I_O)         0.101     0.000 r  acquireToHDMIwithZynq_i/acquireToDisplay_AXI_0/U0/acquireToDisplay_AXI_slave_lite_v1_0_S00_AXI_inst/oscilloscope_inst/datapath_inst/vc/inst/clkout2_buf/O
                         net (fo=8, routed)           1.766     1.766    acquireToHDMIwithZynq_i/acquireToDisplay_AXI_0/U0/acquireToDisplay_AXI_slave_lite_v1_0_S00_AXI_inst/oscilloscope_inst/datapath_inst/hdmi0_inst/inst/serial_b/pix_clkx5
    OLOGIC_X0Y18         OSERDESE2                                    r  acquireToHDMIwithZynq_i/acquireToDisplay_AXI_0/U0/acquireToDisplay_AXI_slave_lite_v1_0_S00_AXI_inst/oscilloscope_inst/datapath_inst/hdmi0_inst/inst/serial_b/oserdes_m/CLK
  -------------------------------------------------------------------    -------------------
    OLOGIC_X0Y18         OSERDESE2 (Prop_oserdese2_CLK_OQ)
                                                      0.472     2.238 r  acquireToHDMIwithZynq_i/acquireToDisplay_AXI_0/U0/acquireToDisplay_AXI_slave_lite_v1_0_S00_AXI_inst/oscilloscope_inst/datapath_inst/hdmi0_inst/inst/serial_b/oserdes_m/OQ
                         net (fo=1, routed)           0.001     2.239    acquireToHDMIwithZynq_i/acquireToDisplay_AXI_0/U0/acquireToDisplay_AXI_slave_lite_v1_0_S00_AXI_inst/oscilloscope_inst/datapath_inst/hdmi0_inst/inst/TMDSINT_0
    V20                  OBUFDS (Prop_obufds_I_O)     1.873     4.112 r  acquireToHDMIwithZynq_i/acquireToDisplay_AXI_0/U0/acquireToDisplay_AXI_slave_lite_v1_0_S00_AXI_inst/oscilloscope_inst/datapath_inst/hdmi0_inst/inst/OBUFDS_B/O
                         net (fo=0)                   0.000     4.112    tmdsDataP_ext_0[0]
    V20                                                               r  tmdsDataP_ext_0[0] (OUT)
  -------------------------------------------------------------------    -------------------

Slack:                    inf
  Source:                 acquireToHDMIwithZynq_i/acquireToDisplay_AXI_0/U0/acquireToDisplay_AXI_slave_lite_v1_0_S00_AXI_inst/oscilloscope_inst/datapath_inst/hdmi0_inst/inst/serial_r/oserdes_m/CLK
                            (rising edge-triggered cell OSERDESE2 clocked by clk_out2_clk_wiz_0  {rise@0.000ns fall@1.347ns period=2.695ns})
  Destination:            tmdsDataN_ext_0[2]
                            (output port)
  Path Group:             (none)
  Path Type:              Max at Slow Process Corner
  Data Path Delay:        2.351ns  (logic 2.350ns (99.957%)  route 0.001ns (0.043%))
  Logic Levels:           1  (OBUFDS=1)
  Clock Uncertainty:      0.799ns  ((TSJ^2 + DJ^2)^1/2) / 2 + PE
    Total System Jitter     (TSJ):    0.050ns
    Discrete Jitter          (DJ):    0.373ns
    Phase Error              (PE):    0.611ns

    Location             Delay type                Incr(ns)  Path(ns)    Netlist Resource(s)
  -------------------------------------------------------------------    -------------------
                         (clock clk_out2_clk_wiz_0 rise edge)
                                                      0.000     0.000 r  
    BUFGCTRL_X0Y0        BUFG                         0.000     0.000 r  acquireToHDMIwithZynq_i/processing_system7_0/inst/buffer_fclk_clk_0.FCLK_CLK_0_BUFG/O
                         net (fo=1484, routed)        1.677     1.677    acquireToHDMIwithZynq_i/acquireToDisplay_AXI_0/U0/acquireToDisplay_AXI_slave_lite_v1_0_S00_AXI_inst/oscilloscope_inst/datapath_inst/vc/inst/clk_in1
    MMCME2_ADV_X0Y0      MMCME2_ADV (Prop_mmcme2_adv_CLKIN1_CLKOUT1)
                                                     -3.538    -1.861 r  acquireToHDMIwithZynq_i/acquireToDisplay_AXI_0/U0/acquireToDisplay_AXI_slave_lite_v1_0_S00_AXI_inst/oscilloscope_inst/datapath_inst/vc/inst/mmcm_adv_inst/CLKOUT1
                         net (fo=1, routed)           1.760    -0.101    acquireToHDMIwithZynq_i/acquireToDisplay_AXI_0/U0/acquireToDisplay_AXI_slave_lite_v1_0_S00_AXI_inst/oscilloscope_inst/datapath_inst/vc/inst/clk_out2_clk_wiz_0
    BUFGCTRL_X0Y2        BUFG (Prop_bufg_I_O)         0.101     0.000 r  acquireToHDMIwithZynq_i/acquireToDisplay_AXI_0/U0/acquireToDisplay_AXI_slave_lite_v1_0_S00_AXI_inst/oscilloscope_inst/datapath_inst/vc/inst/clkout2_buf/O
                         net (fo=8, routed)           1.760     1.760    acquireToHDMIwithZynq_i/acquireToDisplay_AXI_0/U0/acquireToDisplay_AXI_slave_lite_v1_0_S00_AXI_inst/oscilloscope_inst/datapath_inst/hdmi0_inst/inst/serial_r/pix_clkx5
    OLOGIC_X0Y22         OSERDESE2                                    r  acquireToHDMIwithZynq_i/acquireToDisplay_AXI_0/U0/acquireToDisplay_AXI_slave_lite_v1_0_S00_AXI_inst/oscilloscope_inst/datapath_inst/hdmi0_inst/inst/serial_r/oserdes_m/CLK
  -------------------------------------------------------------------    -------------------
    OLOGIC_X0Y22         OSERDESE2 (Prop_oserdese2_CLK_OQ)
                                                      0.472     2.232 r  acquireToHDMIwithZynq_i/acquireToDisplay_AXI_0/U0/acquireToDisplay_AXI_slave_lite_v1_0_S00_AXI_inst/oscilloscope_inst/datapath_inst/hdmi0_inst/inst/serial_r/oserdes_m/OQ
                         net (fo=1, routed)           0.001     2.233    acquireToHDMIwithZynq_i/acquireToDisplay_AXI_0/U0/acquireToDisplay_AXI_slave_lite_v1_0_S00_AXI_inst/oscilloscope_inst/datapath_inst/hdmi0_inst/inst/TMDSINT_2
    N20                  OBUFDS (Prop_obufds_I_OB)    1.878     4.111 r  acquireToHDMIwithZynq_i/acquireToDisplay_AXI_0/U0/acquireToDisplay_AXI_slave_lite_v1_0_S00_AXI_inst/oscilloscope_inst/datapath_inst/hdmi0_inst/inst/OBUFDS_R/OB
                         net (fo=0)                   0.000     4.111    tmdsDataN_ext_0[2]
    P20                                                               r  tmdsDataN_ext_0[2] (OUT)
  -------------------------------------------------------------------    -------------------

Slack:                    inf
  Source:                 acquireToHDMIwithZynq_i/acquireToDisplay_AXI_0/U0/acquireToDisplay_AXI_slave_lite_v1_0_S00_AXI_inst/oscilloscope_inst/datapath_inst/hdmi0_inst/inst/serial_r/oserdes_m/CLK
                            (rising edge-triggered cell OSERDESE2 clocked by clk_out2_clk_wiz_0  {rise@0.000ns fall@1.347ns period=2.695ns})
  Destination:            tmdsDataP_ext_0[2]
                            (output port)
  Path Group:             (none)
  Path Type:              Max at Slow Process Corner
  Data Path Delay:        2.350ns  (logic 2.349ns (99.957%)  route 0.001ns (0.043%))
  Logic Levels:           1  (OBUFDS=1)
  Clock Uncertainty:      0.799ns  ((TSJ^2 + DJ^2)^1/2) / 2 + PE
    Total System Jitter     (TSJ):    0.050ns
    Discrete Jitter          (DJ):    0.373ns
    Phase Error              (PE):    0.611ns

    Location             Delay type                Incr(ns)  Path(ns)    Netlist Resource(s)
  -------------------------------------------------------------------    -------------------
                         (clock clk_out2_clk_wiz_0 rise edge)
                                                      0.000     0.000 r  
    BUFGCTRL_X0Y0        BUFG                         0.000     0.000 r  acquireToHDMIwithZynq_i/processing_system7_0/inst/buffer_fclk_clk_0.FCLK_CLK_0_BUFG/O
                         net (fo=1484, routed)        1.677     1.677    acquireToHDMIwithZynq_i/acquireToDisplay_AXI_0/U0/acquireToDisplay_AXI_slave_lite_v1_0_S00_AXI_inst/oscilloscope_inst/datapath_inst/vc/inst/clk_in1
    MMCME2_ADV_X0Y0      MMCME2_ADV (Prop_mmcme2_adv_CLKIN1_CLKOUT1)
                                                     -3.538    -1.861 r  acquireToHDMIwithZynq_i/acquireToDisplay_AXI_0/U0/acquireToDisplay_AXI_slave_lite_v1_0_S00_AXI_inst/oscilloscope_inst/datapath_inst/vc/inst/mmcm_adv_inst/CLKOUT1
                         net (fo=1, routed)           1.760    -0.101    acquireToHDMIwithZynq_i/acquireToDisplay_AXI_0/U0/acquireToDisplay_AXI_slave_lite_v1_0_S00_AXI_inst/oscilloscope_inst/datapath_inst/vc/inst/clk_out2_clk_wiz_0
    BUFGCTRL_X0Y2        BUFG (Prop_bufg_I_O)         0.101     0.000 r  acquireToHDMIwithZynq_i/acquireToDisplay_AXI_0/U0/acquireToDisplay_AXI_slave_lite_v1_0_S00_AXI_inst/oscilloscope_inst/datapath_inst/vc/inst/clkout2_buf/O
                         net (fo=8, routed)           1.760     1.760    acquireToHDMIwithZynq_i/acquireToDisplay_AXI_0/U0/acquireToDisplay_AXI_slave_lite_v1_0_S00_AXI_inst/oscilloscope_inst/datapath_inst/hdmi0_inst/inst/serial_r/pix_clkx5
    OLOGIC_X0Y22         OSERDESE2                                    r  acquireToHDMIwithZynq_i/acquireToDisplay_AXI_0/U0/acquireToDisplay_AXI_slave_lite_v1_0_S00_AXI_inst/oscilloscope_inst/datapath_inst/hdmi0_inst/inst/serial_r/oserdes_m/CLK
  -------------------------------------------------------------------    -------------------
    OLOGIC_X0Y22         OSERDESE2 (Prop_oserdese2_CLK_OQ)
                                                      0.472     2.232 r  acquireToHDMIwithZynq_i/acquireToDisplay_AXI_0/U0/acquireToDisplay_AXI_slave_lite_v1_0_S00_AXI_inst/oscilloscope_inst/datapath_inst/hdmi0_inst/inst/serial_r/oserdes_m/OQ
                         net (fo=1, routed)           0.001     2.233    acquireToHDMIwithZynq_i/acquireToDisplay_AXI_0/U0/acquireToDisplay_AXI_slave_lite_v1_0_S00_AXI_inst/oscilloscope_inst/datapath_inst/hdmi0_inst/inst/TMDSINT_2
    N20                  OBUFDS (Prop_obufds_I_O)     1.877     4.110 r  acquireToHDMIwithZynq_i/acquireToDisplay_AXI_0/U0/acquireToDisplay_AXI_slave_lite_v1_0_S00_AXI_inst/oscilloscope_inst/datapath_inst/hdmi0_inst/inst/OBUFDS_R/O
                         net (fo=0)                   0.000     4.110    tmdsDataP_ext_0[2]
    N20                                                               r  tmdsDataP_ext_0[2] (OUT)
  -------------------------------------------------------------------    -------------------

Slack:                    inf
  Source:                 acquireToHDMIwithZynq_i/acquireToDisplay_AXI_0/U0/acquireToDisplay_AXI_slave_lite_v1_0_S00_AXI_inst/oscilloscope_inst/datapath_inst/hdmi0_inst/inst/serial_clk/oserdes_m/CLK
                            (rising edge-triggered cell OSERDESE2 clocked by clk_out2_clk_wiz_0  {rise@0.000ns fall@1.347ns period=2.695ns})
  Destination:            tmdsClkN_ext_0
                            (output port)
  Path Group:             (none)
  Path Type:              Max at Slow Process Corner
  Data Path Delay:        2.349ns  (logic 2.348ns (99.957%)  route 0.001ns (0.043%))
  Logic Levels:           1  (OBUFDS=1)
  Clock Uncertainty:      0.799ns  ((TSJ^2 + DJ^2)^1/2) / 2 + PE
    Total System Jitter     (TSJ):    0.050ns
    Discrete Jitter          (DJ):    0.373ns
    Phase Error              (PE):    0.611ns

    Location             Delay type                Incr(ns)  Path(ns)    Netlist Resource(s)
  -------------------------------------------------------------------    -------------------
                         (clock clk_out2_clk_wiz_0 rise edge)
                                                      0.000     0.000 r  
    BUFGCTRL_X0Y0        BUFG                         0.000     0.000 r  acquireToHDMIwithZynq_i/processing_system7_0/inst/buffer_fclk_clk_0.FCLK_CLK_0_BUFG/O
                         net (fo=1484, routed)        1.677     1.677    acquireToHDMIwithZynq_i/acquireToDisplay_AXI_0/U0/acquireToDisplay_AXI_slave_lite_v1_0_S00_AXI_inst/oscilloscope_inst/datapath_inst/vc/inst/clk_in1
    MMCME2_ADV_X0Y0      MMCME2_ADV (Prop_mmcme2_adv_CLKIN1_CLKOUT1)
                                                     -3.538    -1.861 r  acquireToHDMIwithZynq_i/acquireToDisplay_AXI_0/U0/acquireToDisplay_AXI_slave_lite_v1_0_S00_AXI_inst/oscilloscope_inst/datapath_inst/vc/inst/mmcm_adv_inst/CLKOUT1
                         net (fo=1, routed)           1.760    -0.101    acquireToHDMIwithZynq_i/acquireToDisplay_AXI_0/U0/acquireToDisplay_AXI_slave_lite_v1_0_S00_AXI_inst/oscilloscope_inst/datapath_inst/vc/inst/clk_out2_clk_wiz_0
    BUFGCTRL_X0Y2        BUFG (Prop_bufg_I_O)         0.101     0.000 r  acquireToHDMIwithZynq_i/acquireToDisplay_AXI_0/U0/acquireToDisplay_AXI_slave_lite_v1_0_S00_AXI_inst/oscilloscope_inst/datapath_inst/vc/inst/clkout2_buf/O
                         net (fo=8, routed)           1.758     1.758    acquireToHDMIwithZynq_i/acquireToDisplay_AXI_0/U0/acquireToDisplay_AXI_slave_lite_v1_0_S00_AXI_inst/oscilloscope_inst/datapath_inst/hdmi0_inst/inst/serial_clk/pix_clkx5
    OLOGIC_X0Y24         OSERDESE2                                    r  acquireToHDMIwithZynq_i/acquireToDisplay_AXI_0/U0/acquireToDisplay_AXI_slave_lite_v1_0_S00_AXI_inst/oscilloscope_inst/datapath_inst/hdmi0_inst/inst/serial_clk/oserdes_m/CLK
  -------------------------------------------------------------------    -------------------
    OLOGIC_X0Y24         OSERDESE2 (Prop_oserdese2_CLK_OQ)
                                                      0.472     2.230 r  acquireToHDMIwithZynq_i/acquireToDisplay_AXI_0/U0/acquireToDisplay_AXI_slave_lite_v1_0_S00_AXI_inst/oscilloscope_inst/datapath_inst/hdmi0_inst/inst/serial_clk/oserdes_m/OQ
                         net (fo=1, routed)           0.001     2.231    acquireToHDMIwithZynq_i/acquireToDisplay_AXI_0/U0/acquireToDisplay_AXI_slave_lite_v1_0_S00_AXI_inst/oscilloscope_inst/datapath_inst/hdmi0_inst/inst/tmdsclk
    N18                  OBUFDS (Prop_obufds_I_OB)    1.876     4.107 r  acquireToHDMIwithZynq_i/acquireToDisplay_AXI_0/U0/acquireToDisplay_AXI_slave_lite_v1_0_S00_AXI_inst/oscilloscope_inst/datapath_inst/hdmi0_inst/inst/OBUFDS_CLK/OB
                         net (fo=0)                   0.000     4.107    tmdsClkN_ext_0
    P19                                                               r  tmdsClkN_ext_0 (OUT)
  -------------------------------------------------------------------    -------------------

Slack:                    inf
  Source:                 acquireToHDMIwithZynq_i/acquireToDisplay_AXI_0/U0/acquireToDisplay_AXI_slave_lite_v1_0_S00_AXI_inst/oscilloscope_inst/datapath_inst/hdmi0_inst/inst/serial_clk/oserdes_m/CLK
                            (rising edge-triggered cell OSERDESE2 clocked by clk_out2_clk_wiz_0  {rise@0.000ns fall@1.347ns period=2.695ns})
  Destination:            tmdsClkP_ext_0
                            (output port)
  Path Group:             (none)
  Path Type:              Max at Slow Process Corner
  Data Path Delay:        2.348ns  (logic 2.347ns (99.957%)  route 0.001ns (0.043%))
  Logic Levels:           1  (OBUFDS=1)
  Clock Uncertainty:      0.799ns  ((TSJ^2 + DJ^2)^1/2) / 2 + PE
    Total System Jitter     (TSJ):    0.050ns
    Discrete Jitter          (DJ):    0.373ns
    Phase Error              (PE):    0.611ns

    Location             Delay type                Incr(ns)  Path(ns)    Netlist Resource(s)
  -------------------------------------------------------------------    -------------------
                         (clock clk_out2_clk_wiz_0 rise edge)
                                                      0.000     0.000 r  
    BUFGCTRL_X0Y0        BUFG                         0.000     0.000 r  acquireToHDMIwithZynq_i/processing_system7_0/inst/buffer_fclk_clk_0.FCLK_CLK_0_BUFG/O
                         net (fo=1484, routed)        1.677     1.677    acquireToHDMIwithZynq_i/acquireToDisplay_AXI_0/U0/acquireToDisplay_AXI_slave_lite_v1_0_S00_AXI_inst/oscilloscope_inst/datapath_inst/vc/inst/clk_in1
    MMCME2_ADV_X0Y0      MMCME2_ADV (Prop_mmcme2_adv_CLKIN1_CLKOUT1)
                                                     -3.538    -1.861 r  acquireToHDMIwithZynq_i/acquireToDisplay_AXI_0/U0/acquireToDisplay_AXI_slave_lite_v1_0_S00_AXI_inst/oscilloscope_inst/datapath_inst/vc/inst/mmcm_adv_inst/CLKOUT1
                         net (fo=1, routed)           1.760    -0.101    acquireToHDMIwithZynq_i/acquireToDisplay_AXI_0/U0/acquireToDisplay_AXI_slave_lite_v1_0_S00_AXI_inst/oscilloscope_inst/datapath_inst/vc/inst/clk_out2_clk_wiz_0
    BUFGCTRL_X0Y2        BUFG (Prop_bufg_I_O)         0.101     0.000 r  acquireToHDMIwithZynq_i/acquireToDisplay_AXI_0/U0/acquireToDisplay_AXI_slave_lite_v1_0_S00_AXI_inst/oscilloscope_inst/datapath_inst/vc/inst/clkout2_buf/O
                         net (fo=8, routed)           1.758     1.758    acquireToHDMIwithZynq_i/acquireToDisplay_AXI_0/U0/acquireToDisplay_AXI_slave_lite_v1_0_S00_AXI_inst/oscilloscope_inst/datapath_inst/hdmi0_inst/inst/serial_clk/pix_clkx5
    OLOGIC_X0Y24         OSERDESE2                                    r  acquireToHDMIwithZynq_i/acquireToDisplay_AXI_0/U0/acquireToDisplay_AXI_slave_lite_v1_0_S00_AXI_inst/oscilloscope_inst/datapath_inst/hdmi0_inst/inst/serial_clk/oserdes_m/CLK
  -------------------------------------------------------------------    -------------------
    OLOGIC_X0Y24         OSERDESE2 (Prop_oserdese2_CLK_OQ)
                                                      0.472     2.230 r  acquireToHDMIwithZynq_i/acquireToDisplay_AXI_0/U0/acquireToDisplay_AXI_slave_lite_v1_0_S00_AXI_inst/oscilloscope_inst/datapath_inst/hdmi0_inst/inst/serial_clk/oserdes_m/OQ
                         net (fo=1, routed)           0.001     2.231    acquireToHDMIwithZynq_i/acquireToDisplay_AXI_0/U0/acquireToDisplay_AXI_slave_lite_v1_0_S00_AXI_inst/oscilloscope_inst/datapath_inst/hdmi0_inst/inst/tmdsclk
    N18                  OBUFDS (Prop_obufds_I_O)     1.875     4.106 r  acquireToHDMIwithZynq_i/acquireToDisplay_AXI_0/U0/acquireToDisplay_AXI_slave_lite_v1_0_S00_AXI_inst/oscilloscope_inst/datapath_inst/hdmi0_inst/inst/OBUFDS_CLK/O
                         net (fo=0)                   0.000     4.106    tmdsClkP_ext_0
    N18                                                               r  tmdsClkP_ext_0 (OUT)
  -------------------------------------------------------------------    -------------------

Slack:                    inf
  Source:                 acquireToHDMIwithZynq_i/acquireToDisplay_AXI_0/U0/acquireToDisplay_AXI_slave_lite_v1_0_S00_AXI_inst/oscilloscope_inst/datapath_inst/hdmi0_inst/inst/serial_g/oserdes_m/CLK
                            (rising edge-triggered cell OSERDESE2 clocked by clk_out2_clk_wiz_0  {rise@0.000ns fall@1.347ns period=2.695ns})
  Destination:            tmdsDataN_ext_0[1]
                            (output port)
  Path Group:             (none)
  Path Type:              Max at Slow Process Corner
  Data Path Delay:        2.339ns  (logic 2.338ns (99.957%)  route 0.001ns (0.043%))
  Logic Levels:           1  (OBUFDS=1)
  Clock Uncertainty:      0.799ns  ((TSJ^2 + DJ^2)^1/2) / 2 + PE
    Total System Jitter     (TSJ):    0.050ns
    Discrete Jitter          (DJ):    0.373ns
    Phase Error              (PE):    0.611ns

    Location             Delay type                Incr(ns)  Path(ns)    Netlist Resource(s)
  -------------------------------------------------------------------    -------------------
                         (clock clk_out2_clk_wiz_0 rise edge)
                                                      0.000     0.000 r  
    BUFGCTRL_X0Y0        BUFG                         0.000     0.000 r  acquireToHDMIwithZynq_i/processing_system7_0/inst/buffer_fclk_clk_0.FCLK_CLK_0_BUFG/O
                         net (fo=1484, routed)        1.677     1.677    acquireToHDMIwithZynq_i/acquireToDisplay_AXI_0/U0/acquireToDisplay_AXI_slave_lite_v1_0_S00_AXI_inst/oscilloscope_inst/datapath_inst/vc/inst/clk_in1
    MMCME2_ADV_X0Y0      MMCME2_ADV (Prop_mmcme2_adv_CLKIN1_CLKOUT1)
                                                     -3.538    -1.861 r  acquireToHDMIwithZynq_i/acquireToDisplay_AXI_0/U0/acquireToDisplay_AXI_slave_lite_v1_0_S00_AXI_inst/oscilloscope_inst/datapath_inst/vc/inst/mmcm_adv_inst/CLKOUT1
                         net (fo=1, routed)           1.760    -0.101    acquireToHDMIwithZynq_i/acquireToDisplay_AXI_0/U0/acquireToDisplay_AXI_slave_lite_v1_0_S00_AXI_inst/oscilloscope_inst/datapath_inst/vc/inst/clk_out2_clk_wiz_0
    BUFGCTRL_X0Y2        BUFG (Prop_bufg_I_O)         0.101     0.000 r  acquireToHDMIwithZynq_i/acquireToDisplay_AXI_0/U0/acquireToDisplay_AXI_slave_lite_v1_0_S00_AXI_inst/oscilloscope_inst/datapath_inst/vc/inst/clkout2_buf/O
                         net (fo=8, routed)           1.762     1.762    acquireToHDMIwithZynq_i/acquireToDisplay_AXI_0/U0/acquireToDisplay_AXI_slave_lite_v1_0_S00_AXI_inst/oscilloscope_inst/datapath_inst/hdmi0_inst/inst/serial_g/pix_clkx5
    OLOGIC_X0Y20         OSERDESE2                                    r  acquireToHDMIwithZynq_i/acquireToDisplay_AXI_0/U0/acquireToDisplay_AXI_slave_lite_v1_0_S00_AXI_inst/oscilloscope_inst/datapath_inst/hdmi0_inst/inst/serial_g/oserdes_m/CLK
  -------------------------------------------------------------------    -------------------
    OLOGIC_X0Y20         OSERDESE2 (Prop_oserdese2_CLK_OQ)
                                                      0.472     2.234 r  acquireToHDMIwithZynq_i/acquireToDisplay_AXI_0/U0/acquireToDisplay_AXI_slave_lite_v1_0_S00_AXI_inst/oscilloscope_inst/datapath_inst/hdmi0_inst/inst/serial_g/oserdes_m/OQ
                         net (fo=1, routed)           0.001     2.235    acquireToHDMIwithZynq_i/acquireToDisplay_AXI_0/U0/acquireToDisplay_AXI_slave_lite_v1_0_S00_AXI_inst/oscilloscope_inst/datapath_inst/hdmi0_inst/inst/TMDSINT_1
    T20                  OBUFDS (Prop_obufds_I_OB)    1.866     4.102 r  acquireToHDMIwithZynq_i/acquireToDisplay_AXI_0/U0/acquireToDisplay_AXI_slave_lite_v1_0_S00_AXI_inst/oscilloscope_inst/datapath_inst/hdmi0_inst/inst/OBUFDS_G/OB
                         net (fo=0)                   0.000     4.102    tmdsDataN_ext_0[1]
    U20                                                               r  tmdsDataN_ext_0[1] (OUT)
  -------------------------------------------------------------------    -------------------

Slack:                    inf
  Source:                 acquireToHDMIwithZynq_i/acquireToDisplay_AXI_0/U0/acquireToDisplay_AXI_slave_lite_v1_0_S00_AXI_inst/oscilloscope_inst/datapath_inst/hdmi0_inst/inst/serial_g/oserdes_m/CLK
                            (rising edge-triggered cell OSERDESE2 clocked by clk_out2_clk_wiz_0  {rise@0.000ns fall@1.347ns period=2.695ns})
  Destination:            tmdsDataP_ext_0[1]
                            (output port)
  Path Group:             (none)
  Path Type:              Max at Slow Process Corner
  Data Path Delay:        2.338ns  (logic 2.337ns (99.957%)  route 0.001ns (0.043%))
  Logic Levels:           1  (OBUFDS=1)
  Clock Uncertainty:      0.799ns  ((TSJ^2 + DJ^2)^1/2) / 2 + PE
    Total System Jitter     (TSJ):    0.050ns
    Discrete Jitter          (DJ):    0.373ns
    Phase Error              (PE):    0.611ns

    Location             Delay type                Incr(ns)  Path(ns)    Netlist Resource(s)
  -------------------------------------------------------------------    -------------------
                         (clock clk_out2_clk_wiz_0 rise edge)
                                                      0.000     0.000 r  
    BUFGCTRL_X0Y0        BUFG                         0.000     0.000 r  acquireToHDMIwithZynq_i/processing_system7_0/inst/buffer_fclk_clk_0.FCLK_CLK_0_BUFG/O
                         net (fo=1484, routed)        1.677     1.677    acquireToHDMIwithZynq_i/acquireToDisplay_AXI_0/U0/acquireToDisplay_AXI_slave_lite_v1_0_S00_AXI_inst/oscilloscope_inst/datapath_inst/vc/inst/clk_in1
    MMCME2_ADV_X0Y0      MMCME2_ADV (Prop_mmcme2_adv_CLKIN1_CLKOUT1)
                                                     -3.538    -1.861 r  acquireToHDMIwithZynq_i/acquireToDisplay_AXI_0/U0/acquireToDisplay_AXI_slave_lite_v1_0_S00_AXI_inst/oscilloscope_inst/datapath_inst/vc/inst/mmcm_adv_inst/CLKOUT1
                         net (fo=1, routed)           1.760    -0.101    acquireToHDMIwithZynq_i/acquireToDisplay_AXI_0/U0/acquireToDisplay_AXI_slave_lite_v1_0_S00_AXI_inst/oscilloscope_inst/datapath_inst/vc/inst/clk_out2_clk_wiz_0
    BUFGCTRL_X0Y2        BUFG (Prop_bufg_I_O)         0.101     0.000 r  acquireToHDMIwithZynq_i/acquireToDisplay_AXI_0/U0/acquireToDisplay_AXI_slave_lite_v1_0_S00_AXI_inst/oscilloscope_inst/datapath_inst/vc/inst/clkout2_buf/O
                         net (fo=8, routed)           1.762     1.762    acquireToHDMIwithZynq_i/acquireToDisplay_AXI_0/U0/acquireToDisplay_AXI_slave_lite_v1_0_S00_AXI_inst/oscilloscope_inst/datapath_inst/hdmi0_inst/inst/serial_g/pix_clkx5
    OLOGIC_X0Y20         OSERDESE2                                    r  acquireToHDMIwithZynq_i/acquireToDisplay_AXI_0/U0/acquireToDisplay_AXI_slave_lite_v1_0_S00_AXI_inst/oscilloscope_inst/datapath_inst/hdmi0_inst/inst/serial_g/oserdes_m/CLK
  -------------------------------------------------------------------    -------------------
    OLOGIC_X0Y20         OSERDESE2 (Prop_oserdese2_CLK_OQ)
                                                      0.472     2.234 r  acquireToHDMIwithZynq_i/acquireToDisplay_AXI_0/U0/acquireToDisplay_AXI_slave_lite_v1_0_S00_AXI_inst/oscilloscope_inst/datapath_inst/hdmi0_inst/inst/serial_g/oserdes_m/OQ
                         net (fo=1, routed)           0.001     2.235    acquireToHDMIwithZynq_i/acquireToDisplay_AXI_0/U0/acquireToDisplay_AXI_slave_lite_v1_0_S00_AXI_inst/oscilloscope_inst/datapath_inst/hdmi0_inst/inst/TMDSINT_1
    T20                  OBUFDS (Prop_obufds_I_O)     1.865     4.101 r  acquireToHDMIwithZynq_i/acquireToDisplay_AXI_0/U0/acquireToDisplay_AXI_slave_lite_v1_0_S00_AXI_inst/oscilloscope_inst/datapath_inst/hdmi0_inst/inst/OBUFDS_G/O
                         net (fo=0)                   0.000     4.101    tmdsDataP_ext_0[1]
    T20                                                               r  tmdsDataP_ext_0[1] (OUT)
  -------------------------------------------------------------------    -------------------





Min Delay Paths
--------------------------------------------------------------------------------------
Slack:                    inf
  Source:                 acquireToHDMIwithZynq_i/acquireToDisplay_AXI_0/U0/acquireToDisplay_AXI_slave_lite_v1_0_S00_AXI_inst/oscilloscope_inst/datapath_inst/hdmi0_inst/inst/serial_g/oserdes_m/CLK
                            (rising edge-triggered cell OSERDESE2 clocked by clk_out2_clk_wiz_0  {rise@0.000ns fall@1.347ns period=2.695ns})
  Destination:            tmdsDataP_ext_0[1]
                            (output port)
  Path Group:             (none)
  Path Type:              Min at Fast Process Corner
  Data Path Delay:        0.992ns  (logic 0.991ns (99.899%)  route 0.001ns (0.101%))
  Logic Levels:           1  (OBUFDS=1)
  Clock Uncertainty:      0.799ns  ((TSJ^2 + DJ^2)^1/2) / 2 + PE
    Total System Jitter     (TSJ):    0.050ns
    Discrete Jitter          (DJ):    0.373ns
    Phase Error              (PE):    0.611ns

    Location             Delay type                Incr(ns)  Path(ns)    Netlist Resource(s)
  -------------------------------------------------------------------    -------------------
                         (clock clk_out2_clk_wiz_0 rise edge)
                                                      0.000     0.000 r  
    BUFGCTRL_X0Y0        BUFG                         0.000     0.000 r  acquireToHDMIwithZynq_i/processing_system7_0/inst/buffer_fclk_clk_0.FCLK_CLK_0_BUFG/O
                         net (fo=1484, routed)        0.546     0.546    acquireToHDMIwithZynq_i/acquireToDisplay_AXI_0/U0/acquireToDisplay_AXI_slave_lite_v1_0_S00_AXI_inst/oscilloscope_inst/datapath_inst/vc/inst/clk_in1
    MMCME2_ADV_X0Y0      MMCME2_ADV (Prop_mmcme2_adv_CLKIN1_CLKOUT1)
                                                     -1.053    -0.508 r  acquireToHDMIwithZynq_i/acquireToDisplay_AXI_0/U0/acquireToDisplay_AXI_slave_lite_v1_0_S00_AXI_inst/oscilloscope_inst/datapath_inst/vc/inst/mmcm_adv_inst/CLKOUT1
                         net (fo=1, routed)           0.482    -0.026    acquireToHDMIwithZynq_i/acquireToDisplay_AXI_0/U0/acquireToDisplay_AXI_slave_lite_v1_0_S00_AXI_inst/oscilloscope_inst/datapath_inst/vc/inst/clk_out2_clk_wiz_0
    BUFGCTRL_X0Y2        BUFG (Prop_bufg_I_O)         0.026     0.000 r  acquireToHDMIwithZynq_i/acquireToDisplay_AXI_0/U0/acquireToDisplay_AXI_slave_lite_v1_0_S00_AXI_inst/oscilloscope_inst/datapath_inst/vc/inst/clkout2_buf/O
                         net (fo=8, routed)           0.576     0.576    acquireToHDMIwithZynq_i/acquireToDisplay_AXI_0/U0/acquireToDisplay_AXI_slave_lite_v1_0_S00_AXI_inst/oscilloscope_inst/datapath_inst/hdmi0_inst/inst/serial_g/pix_clkx5
    OLOGIC_X0Y20         OSERDESE2                                    r  acquireToHDMIwithZynq_i/acquireToDisplay_AXI_0/U0/acquireToDisplay_AXI_slave_lite_v1_0_S00_AXI_inst/oscilloscope_inst/datapath_inst/hdmi0_inst/inst/serial_g/oserdes_m/CLK
  -------------------------------------------------------------------    -------------------
    OLOGIC_X0Y20         OSERDESE2 (Prop_oserdese2_CLK_OQ)
                                                      0.177     0.753 r  acquireToHDMIwithZynq_i/acquireToDisplay_AXI_0/U0/acquireToDisplay_AXI_slave_lite_v1_0_S00_AXI_inst/oscilloscope_inst/datapath_inst/hdmi0_inst/inst/serial_g/oserdes_m/OQ
                         net (fo=1, routed)           0.001     0.754    acquireToHDMIwithZynq_i/acquireToDisplay_AXI_0/U0/acquireToDisplay_AXI_slave_lite_v1_0_S00_AXI_inst/oscilloscope_inst/datapath_inst/hdmi0_inst/inst/TMDSINT_1
    T20                  OBUFDS (Prop_obufds_I_O)     0.814     1.568 r  acquireToHDMIwithZynq_i/acquireToDisplay_AXI_0/U0/acquireToDisplay_AXI_slave_lite_v1_0_S00_AXI_inst/oscilloscope_inst/datapath_inst/hdmi0_inst/inst/OBUFDS_G/O
                         net (fo=0)                   0.000     1.568    tmdsDataP_ext_0[1]
    T20                                                               r  tmdsDataP_ext_0[1] (OUT)
  -------------------------------------------------------------------    -------------------

Slack:                    inf
  Source:                 acquireToHDMIwithZynq_i/acquireToDisplay_AXI_0/U0/acquireToDisplay_AXI_slave_lite_v1_0_S00_AXI_inst/oscilloscope_inst/datapath_inst/hdmi0_inst/inst/serial_g/oserdes_m/CLK
                            (rising edge-triggered cell OSERDESE2 clocked by clk_out2_clk_wiz_0  {rise@0.000ns fall@1.347ns period=2.695ns})
  Destination:            tmdsDataN_ext_0[1]
                            (output port)
  Path Group:             (none)
  Path Type:              Min at Fast Process Corner
  Data Path Delay:        0.993ns  (logic 0.992ns (99.899%)  route 0.001ns (0.101%))
  Logic Levels:           1  (OBUFDS=1)
  Clock Uncertainty:      0.799ns  ((TSJ^2 + DJ^2)^1/2) / 2 + PE
    Total System Jitter     (TSJ):    0.050ns
    Discrete Jitter          (DJ):    0.373ns
    Phase Error              (PE):    0.611ns

    Location             Delay type                Incr(ns)  Path(ns)    Netlist Resource(s)
  -------------------------------------------------------------------    -------------------
                         (clock clk_out2_clk_wiz_0 rise edge)
                                                      0.000     0.000 r  
    BUFGCTRL_X0Y0        BUFG                         0.000     0.000 r  acquireToHDMIwithZynq_i/processing_system7_0/inst/buffer_fclk_clk_0.FCLK_CLK_0_BUFG/O
                         net (fo=1484, routed)        0.546     0.546    acquireToHDMIwithZynq_i/acquireToDisplay_AXI_0/U0/acquireToDisplay_AXI_slave_lite_v1_0_S00_AXI_inst/oscilloscope_inst/datapath_inst/vc/inst/clk_in1
    MMCME2_ADV_X0Y0      MMCME2_ADV (Prop_mmcme2_adv_CLKIN1_CLKOUT1)
                                                     -1.053    -0.508 r  acquireToHDMIwithZynq_i/acquireToDisplay_AXI_0/U0/acquireToDisplay_AXI_slave_lite_v1_0_S00_AXI_inst/oscilloscope_inst/datapath_inst/vc/inst/mmcm_adv_inst/CLKOUT1
                         net (fo=1, routed)           0.482    -0.026    acquireToHDMIwithZynq_i/acquireToDisplay_AXI_0/U0/acquireToDisplay_AXI_slave_lite_v1_0_S00_AXI_inst/oscilloscope_inst/datapath_inst/vc/inst/clk_out2_clk_wiz_0
    BUFGCTRL_X0Y2        BUFG (Prop_bufg_I_O)         0.026     0.000 r  acquireToHDMIwithZynq_i/acquireToDisplay_AXI_0/U0/acquireToDisplay_AXI_slave_lite_v1_0_S00_AXI_inst/oscilloscope_inst/datapath_inst/vc/inst/clkout2_buf/O
                         net (fo=8, routed)           0.576     0.576    acquireToHDMIwithZynq_i/acquireToDisplay_AXI_0/U0/acquireToDisplay_AXI_slave_lite_v1_0_S00_AXI_inst/oscilloscope_inst/datapath_inst/hdmi0_inst/inst/serial_g/pix_clkx5
    OLOGIC_X0Y20         OSERDESE2                                    r  acquireToHDMIwithZynq_i/acquireToDisplay_AXI_0/U0/acquireToDisplay_AXI_slave_lite_v1_0_S00_AXI_inst/oscilloscope_inst/datapath_inst/hdmi0_inst/inst/serial_g/oserdes_m/CLK
  -------------------------------------------------------------------    -------------------
    OLOGIC_X0Y20         OSERDESE2 (Prop_oserdese2_CLK_OQ)
                                                      0.177     0.753 r  acquireToHDMIwithZynq_i/acquireToDisplay_AXI_0/U0/acquireToDisplay_AXI_slave_lite_v1_0_S00_AXI_inst/oscilloscope_inst/datapath_inst/hdmi0_inst/inst/serial_g/oserdes_m/OQ
                         net (fo=1, routed)           0.001     0.754    acquireToHDMIwithZynq_i/acquireToDisplay_AXI_0/U0/acquireToDisplay_AXI_slave_lite_v1_0_S00_AXI_inst/oscilloscope_inst/datapath_inst/hdmi0_inst/inst/TMDSINT_1
    T20                  OBUFDS (Prop_obufds_I_OB)    0.815     1.569 r  acquireToHDMIwithZynq_i/acquireToDisplay_AXI_0/U0/acquireToDisplay_AXI_slave_lite_v1_0_S00_AXI_inst/oscilloscope_inst/datapath_inst/hdmi0_inst/inst/OBUFDS_G/OB
                         net (fo=0)                   0.000     1.569    tmdsDataN_ext_0[1]
    U20                                                               r  tmdsDataN_ext_0[1] (OUT)
  -------------------------------------------------------------------    -------------------

Slack:                    inf
  Source:                 acquireToHDMIwithZynq_i/acquireToDisplay_AXI_0/U0/acquireToDisplay_AXI_slave_lite_v1_0_S00_AXI_inst/oscilloscope_inst/datapath_inst/hdmi0_inst/inst/serial_clk/oserdes_m/CLK
                            (rising edge-triggered cell OSERDESE2 clocked by clk_out2_clk_wiz_0  {rise@0.000ns fall@1.347ns period=2.695ns})
  Destination:            tmdsClkP_ext_0
                            (output port)
  Path Group:             (none)
  Path Type:              Min at Fast Process Corner
  Data Path Delay:        1.002ns  (logic 1.001ns (99.900%)  route 0.001ns (0.100%))
  Logic Levels:           1  (OBUFDS=1)
  Clock Uncertainty:      0.799ns  ((TSJ^2 + DJ^2)^1/2) / 2 + PE
    Total System Jitter     (TSJ):    0.050ns
    Discrete Jitter          (DJ):    0.373ns
    Phase Error              (PE):    0.611ns

    Location             Delay type                Incr(ns)  Path(ns)    Netlist Resource(s)
  -------------------------------------------------------------------    -------------------
                         (clock clk_out2_clk_wiz_0 rise edge)
                                                      0.000     0.000 r  
    BUFGCTRL_X0Y0        BUFG                         0.000     0.000 r  acquireToHDMIwithZynq_i/processing_system7_0/inst/buffer_fclk_clk_0.FCLK_CLK_0_BUFG/O
                         net (fo=1484, routed)        0.546     0.546    acquireToHDMIwithZynq_i/acquireToDisplay_AXI_0/U0/acquireToDisplay_AXI_slave_lite_v1_0_S00_AXI_inst/oscilloscope_inst/datapath_inst/vc/inst/clk_in1
    MMCME2_ADV_X0Y0      MMCME2_ADV (Prop_mmcme2_adv_CLKIN1_CLKOUT1)
                                                     -1.053    -0.508 r  acquireToHDMIwithZynq_i/acquireToDisplay_AXI_0/U0/acquireToDisplay_AXI_slave_lite_v1_0_S00_AXI_inst/oscilloscope_inst/datapath_inst/vc/inst/mmcm_adv_inst/CLKOUT1
                         net (fo=1, routed)           0.482    -0.026    acquireToHDMIwithZynq_i/acquireToDisplay_AXI_0/U0/acquireToDisplay_AXI_slave_lite_v1_0_S00_AXI_inst/oscilloscope_inst/datapath_inst/vc/inst/clk_out2_clk_wiz_0
    BUFGCTRL_X0Y2        BUFG (Prop_bufg_I_O)         0.026     0.000 r  acquireToHDMIwithZynq_i/acquireToDisplay_AXI_0/U0/acquireToDisplay_AXI_slave_lite_v1_0_S00_AXI_inst/oscilloscope_inst/datapath_inst/vc/inst/clkout2_buf/O
                         net (fo=8, routed)           0.575     0.575    acquireToHDMIwithZynq_i/acquireToDisplay_AXI_0/U0/acquireToDisplay_AXI_slave_lite_v1_0_S00_AXI_inst/oscilloscope_inst/datapath_inst/hdmi0_inst/inst/serial_clk/pix_clkx5
    OLOGIC_X0Y24         OSERDESE2                                    r  acquireToHDMIwithZynq_i/acquireToDisplay_AXI_0/U0/acquireToDisplay_AXI_slave_lite_v1_0_S00_AXI_inst/oscilloscope_inst/datapath_inst/hdmi0_inst/inst/serial_clk/oserdes_m/CLK
  -------------------------------------------------------------------    -------------------
    OLOGIC_X0Y24         OSERDESE2 (Prop_oserdese2_CLK_OQ)
                                                      0.177     0.752 r  acquireToHDMIwithZynq_i/acquireToDisplay_AXI_0/U0/acquireToDisplay_AXI_slave_lite_v1_0_S00_AXI_inst/oscilloscope_inst/datapath_inst/hdmi0_inst/inst/serial_clk/oserdes_m/OQ
                         net (fo=1, routed)           0.001     0.753    acquireToHDMIwithZynq_i/acquireToDisplay_AXI_0/U0/acquireToDisplay_AXI_slave_lite_v1_0_S00_AXI_inst/oscilloscope_inst/datapath_inst/hdmi0_inst/inst/tmdsclk
    N18                  OBUFDS (Prop_obufds_I_O)     0.824     1.576 r  acquireToHDMIwithZynq_i/acquireToDisplay_AXI_0/U0/acquireToDisplay_AXI_slave_lite_v1_0_S00_AXI_inst/oscilloscope_inst/datapath_inst/hdmi0_inst/inst/OBUFDS_CLK/O
                         net (fo=0)                   0.000     1.576    tmdsClkP_ext_0
    N18                                                               r  tmdsClkP_ext_0 (OUT)
  -------------------------------------------------------------------    -------------------

Slack:                    inf
  Source:                 acquireToHDMIwithZynq_i/acquireToDisplay_AXI_0/U0/acquireToDisplay_AXI_slave_lite_v1_0_S00_AXI_inst/oscilloscope_inst/datapath_inst/hdmi0_inst/inst/serial_b/oserdes_m/CLK
                            (rising edge-triggered cell OSERDESE2 clocked by clk_out2_clk_wiz_0  {rise@0.000ns fall@1.347ns period=2.695ns})
  Destination:            tmdsDataP_ext_0[0]
                            (output port)
  Path Group:             (none)
  Path Type:              Min at Fast Process Corner
  Data Path Delay:        0.999ns  (logic 0.998ns (99.900%)  route 0.001ns (0.100%))
  Logic Levels:           1  (OBUFDS=1)
  Clock Uncertainty:      0.799ns  ((TSJ^2 + DJ^2)^1/2) / 2 + PE
    Total System Jitter     (TSJ):    0.050ns
    Discrete Jitter          (DJ):    0.373ns
    Phase Error              (PE):    0.611ns

    Location             Delay type                Incr(ns)  Path(ns)    Netlist Resource(s)
  -------------------------------------------------------------------    -------------------
                         (clock clk_out2_clk_wiz_0 rise edge)
                                                      0.000     0.000 r  
    BUFGCTRL_X0Y0        BUFG                         0.000     0.000 r  acquireToHDMIwithZynq_i/processing_system7_0/inst/buffer_fclk_clk_0.FCLK_CLK_0_BUFG/O
                         net (fo=1484, routed)        0.546     0.546    acquireToHDMIwithZynq_i/acquireToDisplay_AXI_0/U0/acquireToDisplay_AXI_slave_lite_v1_0_S00_AXI_inst/oscilloscope_inst/datapath_inst/vc/inst/clk_in1
    MMCME2_ADV_X0Y0      MMCME2_ADV (Prop_mmcme2_adv_CLKIN1_CLKOUT1)
                                                     -1.053    -0.508 r  acquireToHDMIwithZynq_i/acquireToDisplay_AXI_0/U0/acquireToDisplay_AXI_slave_lite_v1_0_S00_AXI_inst/oscilloscope_inst/datapath_inst/vc/inst/mmcm_adv_inst/CLKOUT1
                         net (fo=1, routed)           0.482    -0.026    acquireToHDMIwithZynq_i/acquireToDisplay_AXI_0/U0/acquireToDisplay_AXI_slave_lite_v1_0_S00_AXI_inst/oscilloscope_inst/datapath_inst/vc/inst/clk_out2_clk_wiz_0
    BUFGCTRL_X0Y2        BUFG (Prop_bufg_I_O)         0.026     0.000 r  acquireToHDMIwithZynq_i/acquireToDisplay_AXI_0/U0/acquireToDisplay_AXI_slave_lite_v1_0_S00_AXI_inst/oscilloscope_inst/datapath_inst/vc/inst/clkout2_buf/O
                         net (fo=8, routed)           0.578     0.578    acquireToHDMIwithZynq_i/acquireToDisplay_AXI_0/U0/acquireToDisplay_AXI_slave_lite_v1_0_S00_AXI_inst/oscilloscope_inst/datapath_inst/hdmi0_inst/inst/serial_b/pix_clkx5
    OLOGIC_X0Y18         OSERDESE2                                    r  acquireToHDMIwithZynq_i/acquireToDisplay_AXI_0/U0/acquireToDisplay_AXI_slave_lite_v1_0_S00_AXI_inst/oscilloscope_inst/datapath_inst/hdmi0_inst/inst/serial_b/oserdes_m/CLK
  -------------------------------------------------------------------    -------------------
    OLOGIC_X0Y18         OSERDESE2 (Prop_oserdese2_CLK_OQ)
                                                      0.177     0.755 r  acquireToHDMIwithZynq_i/acquireToDisplay_AXI_0/U0/acquireToDisplay_AXI_slave_lite_v1_0_S00_AXI_inst/oscilloscope_inst/datapath_inst/hdmi0_inst/inst/serial_b/oserdes_m/OQ
                         net (fo=1, routed)           0.001     0.756    acquireToHDMIwithZynq_i/acquireToDisplay_AXI_0/U0/acquireToDisplay_AXI_slave_lite_v1_0_S00_AXI_inst/oscilloscope_inst/datapath_inst/hdmi0_inst/inst/TMDSINT_0
    V20                  OBUFDS (Prop_obufds_I_O)     0.821     1.577 r  acquireToHDMIwithZynq_i/acquireToDisplay_AXI_0/U0/acquireToDisplay_AXI_slave_lite_v1_0_S00_AXI_inst/oscilloscope_inst/datapath_inst/hdmi0_inst/inst/OBUFDS_B/O
                         net (fo=0)                   0.000     1.577    tmdsDataP_ext_0[0]
    V20                                                               r  tmdsDataP_ext_0[0] (OUT)
  -------------------------------------------------------------------    -------------------

Slack:                    inf
  Source:                 acquireToHDMIwithZynq_i/acquireToDisplay_AXI_0/U0/acquireToDisplay_AXI_slave_lite_v1_0_S00_AXI_inst/oscilloscope_inst/datapath_inst/hdmi0_inst/inst/serial_clk/oserdes_m/CLK
                            (rising edge-triggered cell OSERDESE2 clocked by clk_out2_clk_wiz_0  {rise@0.000ns fall@1.347ns period=2.695ns})
  Destination:            tmdsClkN_ext_0
                            (output port)
  Path Group:             (none)
  Path Type:              Min at Fast Process Corner
  Data Path Delay:        1.003ns  (logic 1.002ns (99.900%)  route 0.001ns (0.100%))
  Logic Levels:           1  (OBUFDS=1)
  Clock Uncertainty:      0.799ns  ((TSJ^2 + DJ^2)^1/2) / 2 + PE
    Total System Jitter     (TSJ):    0.050ns
    Discrete Jitter          (DJ):    0.373ns
    Phase Error              (PE):    0.611ns

    Location             Delay type                Incr(ns)  Path(ns)    Netlist Resource(s)
  -------------------------------------------------------------------    -------------------
                         (clock clk_out2_clk_wiz_0 rise edge)
                                                      0.000     0.000 r  
    BUFGCTRL_X0Y0        BUFG                         0.000     0.000 r  acquireToHDMIwithZynq_i/processing_system7_0/inst/buffer_fclk_clk_0.FCLK_CLK_0_BUFG/O
                         net (fo=1484, routed)        0.546     0.546    acquireToHDMIwithZynq_i/acquireToDisplay_AXI_0/U0/acquireToDisplay_AXI_slave_lite_v1_0_S00_AXI_inst/oscilloscope_inst/datapath_inst/vc/inst/clk_in1
    MMCME2_ADV_X0Y0      MMCME2_ADV (Prop_mmcme2_adv_CLKIN1_CLKOUT1)
                                                     -1.053    -0.508 r  acquireToHDMIwithZynq_i/acquireToDisplay_AXI_0/U0/acquireToDisplay_AXI_slave_lite_v1_0_S00_AXI_inst/oscilloscope_inst/datapath_inst/vc/inst/mmcm_adv_inst/CLKOUT1
                         net (fo=1, routed)           0.482    -0.026    acquireToHDMIwithZynq_i/acquireToDisplay_AXI_0/U0/acquireToDisplay_AXI_slave_lite_v1_0_S00_AXI_inst/oscilloscope_inst/datapath_inst/vc/inst/clk_out2_clk_wiz_0
    BUFGCTRL_X0Y2        BUFG (Prop_bufg_I_O)         0.026     0.000 r  acquireToHDMIwithZynq_i/acquireToDisplay_AXI_0/U0/acquireToDisplay_AXI_slave_lite_v1_0_S00_AXI_inst/oscilloscope_inst/datapath_inst/vc/inst/clkout2_buf/O
                         net (fo=8, routed)           0.575     0.575    acquireToHDMIwithZynq_i/acquireToDisplay_AXI_0/U0/acquireToDisplay_AXI_slave_lite_v1_0_S00_AXI_inst/oscilloscope_inst/datapath_inst/hdmi0_inst/inst/serial_clk/pix_clkx5
    OLOGIC_X0Y24         OSERDESE2                                    r  acquireToHDMIwithZynq_i/acquireToDisplay_AXI_0/U0/acquireToDisplay_AXI_slave_lite_v1_0_S00_AXI_inst/oscilloscope_inst/datapath_inst/hdmi0_inst/inst/serial_clk/oserdes_m/CLK
  -------------------------------------------------------------------    -------------------
    OLOGIC_X0Y24         OSERDESE2 (Prop_oserdese2_CLK_OQ)
                                                      0.177     0.752 r  acquireToHDMIwithZynq_i/acquireToDisplay_AXI_0/U0/acquireToDisplay_AXI_slave_lite_v1_0_S00_AXI_inst/oscilloscope_inst/datapath_inst/hdmi0_inst/inst/serial_clk/oserdes_m/OQ
                         net (fo=1, routed)           0.001     0.753    acquireToHDMIwithZynq_i/acquireToDisplay_AXI_0/U0/acquireToDisplay_AXI_slave_lite_v1_0_S00_AXI_inst/oscilloscope_inst/datapath_inst/hdmi0_inst/inst/tmdsclk
    N18                  OBUFDS (Prop_obufds_I_OB)    0.825     1.577 r  acquireToHDMIwithZynq_i/acquireToDisplay_AXI_0/U0/acquireToDisplay_AXI_slave_lite_v1_0_S00_AXI_inst/oscilloscope_inst/datapath_inst/hdmi0_inst/inst/OBUFDS_CLK/OB
                         net (fo=0)                   0.000     1.577    tmdsClkN_ext_0
    P19                                                               r  tmdsClkN_ext_0 (OUT)
  -------------------------------------------------------------------    -------------------

Slack:                    inf
  Source:                 acquireToHDMIwithZynq_i/acquireToDisplay_AXI_0/U0/acquireToDisplay_AXI_slave_lite_v1_0_S00_AXI_inst/oscilloscope_inst/datapath_inst/hdmi0_inst/inst/serial_b/oserdes_m/CLK
                            (rising edge-triggered cell OSERDESE2 clocked by clk_out2_clk_wiz_0  {rise@0.000ns fall@1.347ns period=2.695ns})
  Destination:            tmdsDataN_ext_0[0]
                            (output port)
  Path Group:             (none)
  Path Type:              Min at Fast Process Corner
  Data Path Delay:        1.000ns  (logic 0.999ns (99.900%)  route 0.001ns (0.100%))
  Logic Levels:           1  (OBUFDS=1)
  Clock Uncertainty:      0.799ns  ((TSJ^2 + DJ^2)^1/2) / 2 + PE
    Total System Jitter     (TSJ):    0.050ns
    Discrete Jitter          (DJ):    0.373ns
    Phase Error              (PE):    0.611ns

    Location             Delay type                Incr(ns)  Path(ns)    Netlist Resource(s)
  -------------------------------------------------------------------    -------------------
                         (clock clk_out2_clk_wiz_0 rise edge)
                                                      0.000     0.000 r  
    BUFGCTRL_X0Y0        BUFG                         0.000     0.000 r  acquireToHDMIwithZynq_i/processing_system7_0/inst/buffer_fclk_clk_0.FCLK_CLK_0_BUFG/O
                         net (fo=1484, routed)        0.546     0.546    acquireToHDMIwithZynq_i/acquireToDisplay_AXI_0/U0/acquireToDisplay_AXI_slave_lite_v1_0_S00_AXI_inst/oscilloscope_inst/datapath_inst/vc/inst/clk_in1
    MMCME2_ADV_X0Y0      MMCME2_ADV (Prop_mmcme2_adv_CLKIN1_CLKOUT1)
                                                     -1.053    -0.508 r  acquireToHDMIwithZynq_i/acquireToDisplay_AXI_0/U0/acquireToDisplay_AXI_slave_lite_v1_0_S00_AXI_inst/oscilloscope_inst/datapath_inst/vc/inst/mmcm_adv_inst/CLKOUT1
                         net (fo=1, routed)           0.482    -0.026    acquireToHDMIwithZynq_i/acquireToDisplay_AXI_0/U0/acquireToDisplay_AXI_slave_lite_v1_0_S00_AXI_inst/oscilloscope_inst/datapath_inst/vc/inst/clk_out2_clk_wiz_0
    BUFGCTRL_X0Y2        BUFG (Prop_bufg_I_O)         0.026     0.000 r  acquireToHDMIwithZynq_i/acquireToDisplay_AXI_0/U0/acquireToDisplay_AXI_slave_lite_v1_0_S00_AXI_inst/oscilloscope_inst/datapath_inst/vc/inst/clkout2_buf/O
                         net (fo=8, routed)           0.578     0.578    acquireToHDMIwithZynq_i/acquireToDisplay_AXI_0/U0/acquireToDisplay_AXI_slave_lite_v1_0_S00_AXI_inst/oscilloscope_inst/datapath_inst/hdmi0_inst/inst/serial_b/pix_clkx5
    OLOGIC_X0Y18         OSERDESE2                                    r  acquireToHDMIwithZynq_i/acquireToDisplay_AXI_0/U0/acquireToDisplay_AXI_slave_lite_v1_0_S00_AXI_inst/oscilloscope_inst/datapath_inst/hdmi0_inst/inst/serial_b/oserdes_m/CLK
  -------------------------------------------------------------------    -------------------
    OLOGIC_X0Y18         OSERDESE2 (Prop_oserdese2_CLK_OQ)
                                                      0.177     0.755 r  acquireToHDMIwithZynq_i/acquireToDisplay_AXI_0/U0/acquireToDisplay_AXI_slave_lite_v1_0_S00_AXI_inst/oscilloscope_inst/datapath_inst/hdmi0_inst/inst/serial_b/oserdes_m/OQ
                         net (fo=1, routed)           0.001     0.756    acquireToHDMIwithZynq_i/acquireToDisplay_AXI_0/U0/acquireToDisplay_AXI_slave_lite_v1_0_S00_AXI_inst/oscilloscope_inst/datapath_inst/hdmi0_inst/inst/TMDSINT_0
    V20                  OBUFDS (Prop_obufds_I_OB)    0.822     1.578 r  acquireToHDMIwithZynq_i/acquireToDisplay_AXI_0/U0/acquireToDisplay_AXI_slave_lite_v1_0_S00_AXI_inst/oscilloscope_inst/datapath_inst/hdmi0_inst/inst/OBUFDS_B/OB
                         net (fo=0)                   0.000     1.578    tmdsDataN_ext_0[0]
    W20                                                               r  tmdsDataN_ext_0[0] (OUT)
  -------------------------------------------------------------------    -------------------

Slack:                    inf
  Source:                 acquireToHDMIwithZynq_i/acquireToDisplay_AXI_0/U0/acquireToDisplay_AXI_slave_lite_v1_0_S00_AXI_inst/oscilloscope_inst/datapath_inst/hdmi0_inst/inst/serial_r/oserdes_m/CLK
                            (rising edge-triggered cell OSERDESE2 clocked by clk_out2_clk_wiz_0  {rise@0.000ns fall@1.347ns period=2.695ns})
  Destination:            tmdsDataP_ext_0[2]
                            (output port)
  Path Group:             (none)
  Path Type:              Min at Fast Process Corner
  Data Path Delay:        1.004ns  (logic 1.003ns (99.900%)  route 0.001ns (0.100%))
  Logic Levels:           1  (OBUFDS=1)
  Clock Uncertainty:      0.799ns  ((TSJ^2 + DJ^2)^1/2) / 2 + PE
    Total System Jitter     (TSJ):    0.050ns
    Discrete Jitter          (DJ):    0.373ns
    Phase Error              (PE):    0.611ns

    Location             Delay type                Incr(ns)  Path(ns)    Netlist Resource(s)
  -------------------------------------------------------------------    -------------------
                         (clock clk_out2_clk_wiz_0 rise edge)
                                                      0.000     0.000 r  
    BUFGCTRL_X0Y0        BUFG                         0.000     0.000 r  acquireToHDMIwithZynq_i/processing_system7_0/inst/buffer_fclk_clk_0.FCLK_CLK_0_BUFG/O
                         net (fo=1484, routed)        0.546     0.546    acquireToHDMIwithZynq_i/acquireToDisplay_AXI_0/U0/acquireToDisplay_AXI_slave_lite_v1_0_S00_AXI_inst/oscilloscope_inst/datapath_inst/vc/inst/clk_in1
    MMCME2_ADV_X0Y0      MMCME2_ADV (Prop_mmcme2_adv_CLKIN1_CLKOUT1)
                                                     -1.053    -0.508 r  acquireToHDMIwithZynq_i/acquireToDisplay_AXI_0/U0/acquireToDisplay_AXI_slave_lite_v1_0_S00_AXI_inst/oscilloscope_inst/datapath_inst/vc/inst/mmcm_adv_inst/CLKOUT1
                         net (fo=1, routed)           0.482    -0.026    acquireToHDMIwithZynq_i/acquireToDisplay_AXI_0/U0/acquireToDisplay_AXI_slave_lite_v1_0_S00_AXI_inst/oscilloscope_inst/datapath_inst/vc/inst/clk_out2_clk_wiz_0
    BUFGCTRL_X0Y2        BUFG (Prop_bufg_I_O)         0.026     0.000 r  acquireToHDMIwithZynq_i/acquireToDisplay_AXI_0/U0/acquireToDisplay_AXI_slave_lite_v1_0_S00_AXI_inst/oscilloscope_inst/datapath_inst/vc/inst/clkout2_buf/O
                         net (fo=8, routed)           0.575     0.575    acquireToHDMIwithZynq_i/acquireToDisplay_AXI_0/U0/acquireToDisplay_AXI_slave_lite_v1_0_S00_AXI_inst/oscilloscope_inst/datapath_inst/hdmi0_inst/inst/serial_r/pix_clkx5
    OLOGIC_X0Y22         OSERDESE2                                    r  acquireToHDMIwithZynq_i/acquireToDisplay_AXI_0/U0/acquireToDisplay_AXI_slave_lite_v1_0_S00_AXI_inst/oscilloscope_inst/datapath_inst/hdmi0_inst/inst/serial_r/oserdes_m/CLK
  -------------------------------------------------------------------    -------------------
    OLOGIC_X0Y22         OSERDESE2 (Prop_oserdese2_CLK_OQ)
                                                      0.177     0.752 r  acquireToHDMIwithZynq_i/acquireToDisplay_AXI_0/U0/acquireToDisplay_AXI_slave_lite_v1_0_S00_AXI_inst/oscilloscope_inst/datapath_inst/hdmi0_inst/inst/serial_r/oserdes_m/OQ
                         net (fo=1, routed)           0.001     0.753    acquireToHDMIwithZynq_i/acquireToDisplay_AXI_0/U0/acquireToDisplay_AXI_slave_lite_v1_0_S00_AXI_inst/oscilloscope_inst/datapath_inst/hdmi0_inst/inst/TMDSINT_2
    N20                  OBUFDS (Prop_obufds_I_O)     0.826     1.578 r  acquireToHDMIwithZynq_i/acquireToDisplay_AXI_0/U0/acquireToDisplay_AXI_slave_lite_v1_0_S00_AXI_inst/oscilloscope_inst/datapath_inst/hdmi0_inst/inst/OBUFDS_R/O
                         net (fo=0)                   0.000     1.578    tmdsDataP_ext_0[2]
    N20                                                               r  tmdsDataP_ext_0[2] (OUT)
  -------------------------------------------------------------------    -------------------

Slack:                    inf
  Source:                 acquireToHDMIwithZynq_i/acquireToDisplay_AXI_0/U0/acquireToDisplay_AXI_slave_lite_v1_0_S00_AXI_inst/oscilloscope_inst/datapath_inst/hdmi0_inst/inst/serial_r/oserdes_m/CLK
                            (rising edge-triggered cell OSERDESE2 clocked by clk_out2_clk_wiz_0  {rise@0.000ns fall@1.347ns period=2.695ns})
  Destination:            tmdsDataN_ext_0[2]
                            (output port)
  Path Group:             (none)
  Path Type:              Min at Fast Process Corner
  Data Path Delay:        1.005ns  (logic 1.004ns (99.900%)  route 0.001ns (0.100%))
  Logic Levels:           1  (OBUFDS=1)
  Clock Uncertainty:      0.799ns  ((TSJ^2 + DJ^2)^1/2) / 2 + PE
    Total System Jitter     (TSJ):    0.050ns
    Discrete Jitter          (DJ):    0.373ns
    Phase Error              (PE):    0.611ns

    Location             Delay type                Incr(ns)  Path(ns)    Netlist Resource(s)
  -------------------------------------------------------------------    -------------------
                         (clock clk_out2_clk_wiz_0 rise edge)
                                                      0.000     0.000 r  
    BUFGCTRL_X0Y0        BUFG                         0.000     0.000 r  acquireToHDMIwithZynq_i/processing_system7_0/inst/buffer_fclk_clk_0.FCLK_CLK_0_BUFG/O
                         net (fo=1484, routed)        0.546     0.546    acquireToHDMIwithZynq_i/acquireToDisplay_AXI_0/U0/acquireToDisplay_AXI_slave_lite_v1_0_S00_AXI_inst/oscilloscope_inst/datapath_inst/vc/inst/clk_in1
    MMCME2_ADV_X0Y0      MMCME2_ADV (Prop_mmcme2_adv_CLKIN1_CLKOUT1)
                                                     -1.053    -0.508 r  acquireToHDMIwithZynq_i/acquireToDisplay_AXI_0/U0/acquireToDisplay_AXI_slave_lite_v1_0_S00_AXI_inst/oscilloscope_inst/datapath_inst/vc/inst/mmcm_adv_inst/CLKOUT1
                         net (fo=1, routed)           0.482    -0.026    acquireToHDMIwithZynq_i/acquireToDisplay_AXI_0/U0/acquireToDisplay_AXI_slave_lite_v1_0_S00_AXI_inst/oscilloscope_inst/datapath_inst/vc/inst/clk_out2_clk_wiz_0
    BUFGCTRL_X0Y2        BUFG (Prop_bufg_I_O)         0.026     0.000 r  acquireToHDMIwithZynq_i/acquireToDisplay_AXI_0/U0/acquireToDisplay_AXI_slave_lite_v1_0_S00_AXI_inst/oscilloscope_inst/datapath_inst/vc/inst/clkout2_buf/O
                         net (fo=8, routed)           0.575     0.575    acquireToHDMIwithZynq_i/acquireToDisplay_AXI_0/U0/acquireToDisplay_AXI_slave_lite_v1_0_S00_AXI_inst/oscilloscope_inst/datapath_inst/hdmi0_inst/inst/serial_r/pix_clkx5
    OLOGIC_X0Y22         OSERDESE2                                    r  acquireToHDMIwithZynq_i/acquireToDisplay_AXI_0/U0/acquireToDisplay_AXI_slave_lite_v1_0_S00_AXI_inst/oscilloscope_inst/datapath_inst/hdmi0_inst/inst/serial_r/oserdes_m/CLK
  -------------------------------------------------------------------    -------------------
    OLOGIC_X0Y22         OSERDESE2 (Prop_oserdese2_CLK_OQ)
                                                      0.177     0.752 r  acquireToHDMIwithZynq_i/acquireToDisplay_AXI_0/U0/acquireToDisplay_AXI_slave_lite_v1_0_S00_AXI_inst/oscilloscope_inst/datapath_inst/hdmi0_inst/inst/serial_r/oserdes_m/OQ
                         net (fo=1, routed)           0.001     0.753    acquireToHDMIwithZynq_i/acquireToDisplay_AXI_0/U0/acquireToDisplay_AXI_slave_lite_v1_0_S00_AXI_inst/oscilloscope_inst/datapath_inst/hdmi0_inst/inst/TMDSINT_2
    N20                  OBUFDS (Prop_obufds_I_OB)    0.827     1.579 r  acquireToHDMIwithZynq_i/acquireToDisplay_AXI_0/U0/acquireToDisplay_AXI_slave_lite_v1_0_S00_AXI_inst/oscilloscope_inst/datapath_inst/hdmi0_inst/inst/OBUFDS_R/OB
                         net (fo=0)                   0.000     1.579    tmdsDataN_ext_0[2]
    P20                                                               r  tmdsDataN_ext_0[2] (OUT)
  -------------------------------------------------------------------    -------------------





--------------------------------------------------------------------------------------
Path Group:  (none)
From Clock:  
  To Clock:  clk_fpga_0

Max Delay            85 Endpoints
Min Delay            85 Endpoints
--------------------------------------------------------------------------------------


Max Delay Paths
--------------------------------------------------------------------------------------
Slack:                    inf
  Source:                 enb_ext_0
                            (input port)
  Destination:            acquireToHDMIwithZynq_i/enhancedPwmAXI_0/U0/enhancedPwmAXI_slave_lite_v1_0_S00_AXI_inst/enhancedPwm_inst/counter_inst/tmp_reg[2]/CE
                            (rising edge-triggered cell FDRE clocked by clk_fpga_0  {rise@0.000ns fall@10.000ns period=20.000ns})
  Path Group:             (none)
  Path Type:              Setup (Max at Slow Process Corner)
  Data Path Delay:        5.082ns  (logic 1.447ns (28.473%)  route 3.635ns (71.527%))
  Logic Levels:           1  (IBUF=1)
  Clock Path Skew:        2.688ns (DCD - SCD + CPR)
    Destination Clock Delay (DCD):    2.688ns
    Source Clock Delay      (SCD):    0.000ns
    Clock Pessimism Removal (CPR):    0.000ns
  Clock Uncertainty:      0.301ns  ((TSJ^2 + TIJ^2)^1/2 + DJ) / 2 + PE
    Total System Jitter     (TSJ):    0.050ns
    Total Input Jitter      (TIJ):    0.600ns
    Discrete Jitter          (DJ):    0.000ns
    Phase Error              (PE):    0.000ns

    Location             Delay type                Incr(ns)  Path(ns)    Netlist Resource(s)
  -------------------------------------------------------------------    -------------------
    R17                                               0.000     0.000 r  enb_ext_0 (IN)
                         net (fo=0)                   0.000     0.000    enb_ext_0
    R17                  IBUF (Prop_ibuf_I_O)         1.447     1.447 r  enb_ext_0_IBUF_inst/O
                         net (fo=9, routed)           3.635     5.082    acquireToHDMIwithZynq_i/enhancedPwmAXI_0/U0/enhancedPwmAXI_slave_lite_v1_0_S00_AXI_inst/enhancedPwm_inst/counter_inst/enb_ext
    SLICE_X6Y29          FDRE                                         r  acquireToHDMIwithZynq_i/enhancedPwmAXI_0/U0/enhancedPwmAXI_slave_lite_v1_0_S00_AXI_inst/enhancedPwm_inst/counter_inst/tmp_reg[2]/CE
  -------------------------------------------------------------------    -------------------

                         (clock clk_fpga_0 rise edge)
                                                      0.000     0.000 r  
    PS7_X0Y0             PS7                          0.000     0.000 r  acquireToHDMIwithZynq_i/processing_system7_0/inst/PS7_i/FCLKCLK[0]
                         net (fo=1, routed)           1.101     1.101    acquireToHDMIwithZynq_i/processing_system7_0/inst/FCLK_CLK_unbuffered[0]
    BUFGCTRL_X0Y0        BUFG (Prop_bufg_I_O)         0.091     1.192 r  acquireToHDMIwithZynq_i/processing_system7_0/inst/buffer_fclk_clk_0.FCLK_CLK_0_BUFG/O
                         net (fo=1484, routed)        1.495     2.688    acquireToHDMIwithZynq_i/enhancedPwmAXI_0/U0/enhancedPwmAXI_slave_lite_v1_0_S00_AXI_inst/enhancedPwm_inst/counter_inst/s00_axi_aclk
    SLICE_X6Y29          FDRE                                         r  acquireToHDMIwithZynq_i/enhancedPwmAXI_0/U0/enhancedPwmAXI_slave_lite_v1_0_S00_AXI_inst/enhancedPwm_inst/counter_inst/tmp_reg[2]/C

Slack:                    inf
  Source:                 enb_ext_0
                            (input port)
  Destination:            acquireToHDMIwithZynq_i/enhancedPwmAXI_0/U0/enhancedPwmAXI_slave_lite_v1_0_S00_AXI_inst/enhancedPwm_inst/counter_inst/tmp_reg[6]/CE
                            (rising edge-triggered cell FDRE clocked by clk_fpga_0  {rise@0.000ns fall@10.000ns period=20.000ns})
  Path Group:             (none)
  Path Type:              Setup (Max at Slow Process Corner)
  Data Path Delay:        5.082ns  (logic 1.447ns (28.473%)  route 3.635ns (71.527%))
  Logic Levels:           1  (IBUF=1)
  Clock Path Skew:        2.688ns (DCD - SCD + CPR)
    Destination Clock Delay (DCD):    2.688ns
    Source Clock Delay      (SCD):    0.000ns
    Clock Pessimism Removal (CPR):    0.000ns
  Clock Uncertainty:      0.301ns  ((TSJ^2 + TIJ^2)^1/2 + DJ) / 2 + PE
    Total System Jitter     (TSJ):    0.050ns
    Total Input Jitter      (TIJ):    0.600ns
    Discrete Jitter          (DJ):    0.000ns
    Phase Error              (PE):    0.000ns

    Location             Delay type                Incr(ns)  Path(ns)    Netlist Resource(s)
  -------------------------------------------------------------------    -------------------
    R17                                               0.000     0.000 r  enb_ext_0 (IN)
                         net (fo=0)                   0.000     0.000    enb_ext_0
    R17                  IBUF (Prop_ibuf_I_O)         1.447     1.447 r  enb_ext_0_IBUF_inst/O
                         net (fo=9, routed)           3.635     5.082    acquireToHDMIwithZynq_i/enhancedPwmAXI_0/U0/enhancedPwmAXI_slave_lite_v1_0_S00_AXI_inst/enhancedPwm_inst/counter_inst/enb_ext
    SLICE_X6Y29          FDRE                                         r  acquireToHDMIwithZynq_i/enhancedPwmAXI_0/U0/enhancedPwmAXI_slave_lite_v1_0_S00_AXI_inst/enhancedPwm_inst/counter_inst/tmp_reg[6]/CE
  -------------------------------------------------------------------    -------------------

                         (clock clk_fpga_0 rise edge)
                                                      0.000     0.000 r  
    PS7_X0Y0             PS7                          0.000     0.000 r  acquireToHDMIwithZynq_i/processing_system7_0/inst/PS7_i/FCLKCLK[0]
                         net (fo=1, routed)           1.101     1.101    acquireToHDMIwithZynq_i/processing_system7_0/inst/FCLK_CLK_unbuffered[0]
    BUFGCTRL_X0Y0        BUFG (Prop_bufg_I_O)         0.091     1.192 r  acquireToHDMIwithZynq_i/processing_system7_0/inst/buffer_fclk_clk_0.FCLK_CLK_0_BUFG/O
                         net (fo=1484, routed)        1.495     2.688    acquireToHDMIwithZynq_i/enhancedPwmAXI_0/U0/enhancedPwmAXI_slave_lite_v1_0_S00_AXI_inst/enhancedPwm_inst/counter_inst/s00_axi_aclk
    SLICE_X6Y29          FDRE                                         r  acquireToHDMIwithZynq_i/enhancedPwmAXI_0/U0/enhancedPwmAXI_slave_lite_v1_0_S00_AXI_inst/enhancedPwm_inst/counter_inst/tmp_reg[6]/C

Slack:                    inf
  Source:                 enb_ext_0
                            (input port)
  Destination:            acquireToHDMIwithZynq_i/enhancedPwmAXI_0/U0/enhancedPwmAXI_slave_lite_v1_0_S00_AXI_inst/enhancedPwm_inst/counter_inst/tmp_reg[7]/CE
                            (rising edge-triggered cell FDRE clocked by clk_fpga_0  {rise@0.000ns fall@10.000ns period=20.000ns})
  Path Group:             (none)
  Path Type:              Setup (Max at Slow Process Corner)
  Data Path Delay:        5.082ns  (logic 1.447ns (28.473%)  route 3.635ns (71.527%))
  Logic Levels:           1  (IBUF=1)
  Clock Path Skew:        2.688ns (DCD - SCD + CPR)
    Destination Clock Delay (DCD):    2.688ns
    Source Clock Delay      (SCD):    0.000ns
    Clock Pessimism Removal (CPR):    0.000ns
  Clock Uncertainty:      0.301ns  ((TSJ^2 + TIJ^2)^1/2 + DJ) / 2 + PE
    Total System Jitter     (TSJ):    0.050ns
    Total Input Jitter      (TIJ):    0.600ns
    Discrete Jitter          (DJ):    0.000ns
    Phase Error              (PE):    0.000ns

    Location             Delay type                Incr(ns)  Path(ns)    Netlist Resource(s)
  -------------------------------------------------------------------    -------------------
    R17                                               0.000     0.000 r  enb_ext_0 (IN)
                         net (fo=0)                   0.000     0.000    enb_ext_0
    R17                  IBUF (Prop_ibuf_I_O)         1.447     1.447 r  enb_ext_0_IBUF_inst/O
                         net (fo=9, routed)           3.635     5.082    acquireToHDMIwithZynq_i/enhancedPwmAXI_0/U0/enhancedPwmAXI_slave_lite_v1_0_S00_AXI_inst/enhancedPwm_inst/counter_inst/enb_ext
    SLICE_X6Y29          FDRE                                         r  acquireToHDMIwithZynq_i/enhancedPwmAXI_0/U0/enhancedPwmAXI_slave_lite_v1_0_S00_AXI_inst/enhancedPwm_inst/counter_inst/tmp_reg[7]/CE
  -------------------------------------------------------------------    -------------------

                         (clock clk_fpga_0 rise edge)
                                                      0.000     0.000 r  
    PS7_X0Y0             PS7                          0.000     0.000 r  acquireToHDMIwithZynq_i/processing_system7_0/inst/PS7_i/FCLKCLK[0]
                         net (fo=1, routed)           1.101     1.101    acquireToHDMIwithZynq_i/processing_system7_0/inst/FCLK_CLK_unbuffered[0]
    BUFGCTRL_X0Y0        BUFG (Prop_bufg_I_O)         0.091     1.192 r  acquireToHDMIwithZynq_i/processing_system7_0/inst/buffer_fclk_clk_0.FCLK_CLK_0_BUFG/O
                         net (fo=1484, routed)        1.495     2.688    acquireToHDMIwithZynq_i/enhancedPwmAXI_0/U0/enhancedPwmAXI_slave_lite_v1_0_S00_AXI_inst/enhancedPwm_inst/counter_inst/s00_axi_aclk
    SLICE_X6Y29          FDRE                                         r  acquireToHDMIwithZynq_i/enhancedPwmAXI_0/U0/enhancedPwmAXI_slave_lite_v1_0_S00_AXI_inst/enhancedPwm_inst/counter_inst/tmp_reg[7]/C

Slack:                    inf
  Source:                 an7606busy_ext_0
                            (input port)
  Destination:            acquireToHDMIwithZynq_i/acquireToDisplay_AXI_0/U0/acquireToDisplay_AXI_slave_lite_v1_0_S00_AXI_inst/oscilloscope_inst/control_inst/FSM_sequential_state_reg[4]/CE
                            (rising edge-triggered cell FDRE clocked by clk_fpga_0  {rise@0.000ns fall@10.000ns period=20.000ns})
  Path Group:             (none)
  Path Type:              Setup (Max at Slow Process Corner)
  Data Path Delay:        5.044ns  (logic 1.935ns (38.357%)  route 3.109ns (61.643%))
  Logic Levels:           4  (IBUF=1 LUT5=2 LUT6=1)
  Clock Path Skew:        2.676ns (DCD - SCD + CPR)
    Destination Clock Delay (DCD):    2.676ns
    Source Clock Delay      (SCD):    0.000ns
    Clock Pessimism Removal (CPR):    0.000ns
  Clock Uncertainty:      0.301ns  ((TSJ^2 + TIJ^2)^1/2 + DJ) / 2 + PE
    Total System Jitter     (TSJ):    0.050ns
    Total Input Jitter      (TIJ):    0.600ns
    Discrete Jitter          (DJ):    0.000ns
    Phase Error              (PE):    0.000ns

    Location             Delay type                Incr(ns)  Path(ns)    Netlist Resource(s)
  -------------------------------------------------------------------    -------------------
    W15                                               0.000     0.000 r  an7606busy_ext_0 (IN)
                         net (fo=0)                   0.000     0.000    an7606busy_ext_0
    W15                  IBUF (Prop_ibuf_I_O)         1.563     1.563 r  an7606busy_ext_0_IBUF_inst/O
                         net (fo=2, routed)           2.019     3.582    acquireToHDMIwithZynq_i/acquireToDisplay_AXI_0/U0/acquireToDisplay_AXI_slave_lite_v1_0_S00_AXI_inst/oscilloscope_inst/control_inst/an7606busy_ext
    SLICE_X19Y31         LUT5 (Prop_lut5_I2_O)        0.124     3.706 f  acquireToHDMIwithZynq_i/acquireToDisplay_AXI_0/U0/acquireToDisplay_AXI_slave_lite_v1_0_S00_AXI_inst/oscilloscope_inst/control_inst/FSM_sequential_state[4]_i_10/O
                         net (fo=1, routed)           0.151     3.857    acquireToHDMIwithZynq_i/acquireToDisplay_AXI_0/U0/acquireToDisplay_AXI_slave_lite_v1_0_S00_AXI_inst/oscilloscope_inst/control_inst/FSM_sequential_state[4]_i_10_n_0
    SLICE_X19Y31         LUT6 (Prop_lut6_I5_O)        0.124     3.981 f  acquireToHDMIwithZynq_i/acquireToDisplay_AXI_0/U0/acquireToDisplay_AXI_slave_lite_v1_0_S00_AXI_inst/oscilloscope_inst/control_inst/FSM_sequential_state[4]_i_5/O
                         net (fo=1, routed)           0.463     4.444    acquireToHDMIwithZynq_i/acquireToDisplay_AXI_0/U0/acquireToDisplay_AXI_slave_lite_v1_0_S00_AXI_inst/oscilloscope_inst/control_inst/FSM_sequential_state[4]_i_5_n_0
    SLICE_X24Y31         LUT5 (Prop_lut5_I2_O)        0.124     4.568 r  acquireToHDMIwithZynq_i/acquireToDisplay_AXI_0/U0/acquireToDisplay_AXI_slave_lite_v1_0_S00_AXI_inst/oscilloscope_inst/control_inst/FSM_sequential_state[4]_i_1/O
                         net (fo=5, routed)           0.476     5.044    acquireToHDMIwithZynq_i/acquireToDisplay_AXI_0/U0/acquireToDisplay_AXI_slave_lite_v1_0_S00_AXI_inst/oscilloscope_inst/control_inst/FSM_sequential_state[4]_i_1_n_0
    SLICE_X22Y30         FDRE                                         r  acquireToHDMIwithZynq_i/acquireToDisplay_AXI_0/U0/acquireToDisplay_AXI_slave_lite_v1_0_S00_AXI_inst/oscilloscope_inst/control_inst/FSM_sequential_state_reg[4]/CE
  -------------------------------------------------------------------    -------------------

                         (clock clk_fpga_0 rise edge)
                                                      0.000     0.000 r  
    PS7_X0Y0             PS7                          0.000     0.000 r  acquireToHDMIwithZynq_i/processing_system7_0/inst/PS7_i/FCLKCLK[0]
                         net (fo=1, routed)           1.101     1.101    acquireToHDMIwithZynq_i/processing_system7_0/inst/FCLK_CLK_unbuffered[0]
    BUFGCTRL_X0Y0        BUFG (Prop_bufg_I_O)         0.091     1.192 r  acquireToHDMIwithZynq_i/processing_system7_0/inst/buffer_fclk_clk_0.FCLK_CLK_0_BUFG/O
                         net (fo=1484, routed)        1.484     2.676    acquireToHDMIwithZynq_i/acquireToDisplay_AXI_0/U0/acquireToDisplay_AXI_slave_lite_v1_0_S00_AXI_inst/oscilloscope_inst/control_inst/s00_axi_aclk
    SLICE_X22Y30         FDRE                                         r  acquireToHDMIwithZynq_i/acquireToDisplay_AXI_0/U0/acquireToDisplay_AXI_slave_lite_v1_0_S00_AXI_inst/oscilloscope_inst/control_inst/FSM_sequential_state_reg[4]/C

Slack:                    inf
  Source:                 an7606busy_ext_0
                            (input port)
  Destination:            acquireToHDMIwithZynq_i/acquireToDisplay_AXI_0/U0/acquireToDisplay_AXI_slave_lite_v1_0_S00_AXI_inst/oscilloscope_inst/control_inst/FSM_sequential_state_reg[0]/CE
                            (rising edge-triggered cell FDRE clocked by clk_fpga_0  {rise@0.000ns fall@10.000ns period=20.000ns})
  Path Group:             (none)
  Path Type:              Setup (Max at Slow Process Corner)
  Data Path Delay:        4.912ns  (logic 1.935ns (39.388%)  route 2.977ns (60.612%))
  Logic Levels:           4  (IBUF=1 LUT5=2 LUT6=1)
  Clock Path Skew:        2.677ns (DCD - SCD + CPR)
    Destination Clock Delay (DCD):    2.677ns
    Source Clock Delay      (SCD):    0.000ns
    Clock Pessimism Removal (CPR):    0.000ns
  Clock Uncertainty:      0.301ns  ((TSJ^2 + TIJ^2)^1/2 + DJ) / 2 + PE
    Total System Jitter     (TSJ):    0.050ns
    Total Input Jitter      (TIJ):    0.600ns
    Discrete Jitter          (DJ):    0.000ns
    Phase Error              (PE):    0.000ns

    Location             Delay type                Incr(ns)  Path(ns)    Netlist Resource(s)
  -------------------------------------------------------------------    -------------------
    W15                                               0.000     0.000 r  an7606busy_ext_0 (IN)
                         net (fo=0)                   0.000     0.000    an7606busy_ext_0
    W15                  IBUF (Prop_ibuf_I_O)         1.563     1.563 r  an7606busy_ext_0_IBUF_inst/O
                         net (fo=2, routed)           2.019     3.582    acquireToHDMIwithZynq_i/acquireToDisplay_AXI_0/U0/acquireToDisplay_AXI_slave_lite_v1_0_S00_AXI_inst/oscilloscope_inst/control_inst/an7606busy_ext
    SLICE_X19Y31         LUT5 (Prop_lut5_I2_O)        0.124     3.706 f  acquireToHDMIwithZynq_i/acquireToDisplay_AXI_0/U0/acquireToDisplay_AXI_slave_lite_v1_0_S00_AXI_inst/oscilloscope_inst/control_inst/FSM_sequential_state[4]_i_10/O
                         net (fo=1, routed)           0.151     3.857    acquireToHDMIwithZynq_i/acquireToDisplay_AXI_0/U0/acquireToDisplay_AXI_slave_lite_v1_0_S00_AXI_inst/oscilloscope_inst/control_inst/FSM_sequential_state[4]_i_10_n_0
    SLICE_X19Y31         LUT6 (Prop_lut6_I5_O)        0.124     3.981 f  acquireToHDMIwithZynq_i/acquireToDisplay_AXI_0/U0/acquireToDisplay_AXI_slave_lite_v1_0_S00_AXI_inst/oscilloscope_inst/control_inst/FSM_sequential_state[4]_i_5/O
                         net (fo=1, routed)           0.463     4.444    acquireToHDMIwithZynq_i/acquireToDisplay_AXI_0/U0/acquireToDisplay_AXI_slave_lite_v1_0_S00_AXI_inst/oscilloscope_inst/control_inst/FSM_sequential_state[4]_i_5_n_0
    SLICE_X24Y31         LUT5 (Prop_lut5_I2_O)        0.124     4.568 r  acquireToHDMIwithZynq_i/acquireToDisplay_AXI_0/U0/acquireToDisplay_AXI_slave_lite_v1_0_S00_AXI_inst/oscilloscope_inst/control_inst/FSM_sequential_state[4]_i_1/O
                         net (fo=5, routed)           0.344     4.912    acquireToHDMIwithZynq_i/acquireToDisplay_AXI_0/U0/acquireToDisplay_AXI_slave_lite_v1_0_S00_AXI_inst/oscilloscope_inst/control_inst/FSM_sequential_state[4]_i_1_n_0
    SLICE_X22Y31         FDRE                                         r  acquireToHDMIwithZynq_i/acquireToDisplay_AXI_0/U0/acquireToDisplay_AXI_slave_lite_v1_0_S00_AXI_inst/oscilloscope_inst/control_inst/FSM_sequential_state_reg[0]/CE
  -------------------------------------------------------------------    -------------------

                         (clock clk_fpga_0 rise edge)
                                                      0.000     0.000 r  
    PS7_X0Y0             PS7                          0.000     0.000 r  acquireToHDMIwithZynq_i/processing_system7_0/inst/PS7_i/FCLKCLK[0]
                         net (fo=1, routed)           1.101     1.101    acquireToHDMIwithZynq_i/processing_system7_0/inst/FCLK_CLK_unbuffered[0]
    BUFGCTRL_X0Y0        BUFG (Prop_bufg_I_O)         0.091     1.192 r  acquireToHDMIwithZynq_i/processing_system7_0/inst/buffer_fclk_clk_0.FCLK_CLK_0_BUFG/O
                         net (fo=1484, routed)        1.485     2.677    acquireToHDMIwithZynq_i/acquireToDisplay_AXI_0/U0/acquireToDisplay_AXI_slave_lite_v1_0_S00_AXI_inst/oscilloscope_inst/control_inst/s00_axi_aclk
    SLICE_X22Y31         FDRE                                         r  acquireToHDMIwithZynq_i/acquireToDisplay_AXI_0/U0/acquireToDisplay_AXI_slave_lite_v1_0_S00_AXI_inst/oscilloscope_inst/control_inst/FSM_sequential_state_reg[0]/C

Slack:                    inf
  Source:                 an7606busy_ext_0
                            (input port)
  Destination:            acquireToHDMIwithZynq_i/acquireToDisplay_AXI_0/U0/acquireToDisplay_AXI_slave_lite_v1_0_S00_AXI_inst/oscilloscope_inst/control_inst/FSM_sequential_state_reg[1]/CE
                            (rising edge-triggered cell FDRE clocked by clk_fpga_0  {rise@0.000ns fall@10.000ns period=20.000ns})
  Path Group:             (none)
  Path Type:              Setup (Max at Slow Process Corner)
  Data Path Delay:        4.912ns  (logic 1.935ns (39.388%)  route 2.977ns (60.612%))
  Logic Levels:           4  (IBUF=1 LUT5=2 LUT6=1)
  Clock Path Skew:        2.677ns (DCD - SCD + CPR)
    Destination Clock Delay (DCD):    2.677ns
    Source Clock Delay      (SCD):    0.000ns
    Clock Pessimism Removal (CPR):    0.000ns
  Clock Uncertainty:      0.301ns  ((TSJ^2 + TIJ^2)^1/2 + DJ) / 2 + PE
    Total System Jitter     (TSJ):    0.050ns
    Total Input Jitter      (TIJ):    0.600ns
    Discrete Jitter          (DJ):    0.000ns
    Phase Error              (PE):    0.000ns

    Location             Delay type                Incr(ns)  Path(ns)    Netlist Resource(s)
  -------------------------------------------------------------------    -------------------
    W15                                               0.000     0.000 r  an7606busy_ext_0 (IN)
                         net (fo=0)                   0.000     0.000    an7606busy_ext_0
    W15                  IBUF (Prop_ibuf_I_O)         1.563     1.563 r  an7606busy_ext_0_IBUF_inst/O
                         net (fo=2, routed)           2.019     3.582    acquireToHDMIwithZynq_i/acquireToDisplay_AXI_0/U0/acquireToDisplay_AXI_slave_lite_v1_0_S00_AXI_inst/oscilloscope_inst/control_inst/an7606busy_ext
    SLICE_X19Y31         LUT5 (Prop_lut5_I2_O)        0.124     3.706 f  acquireToHDMIwithZynq_i/acquireToDisplay_AXI_0/U0/acquireToDisplay_AXI_slave_lite_v1_0_S00_AXI_inst/oscilloscope_inst/control_inst/FSM_sequential_state[4]_i_10/O
                         net (fo=1, routed)           0.151     3.857    acquireToHDMIwithZynq_i/acquireToDisplay_AXI_0/U0/acquireToDisplay_AXI_slave_lite_v1_0_S00_AXI_inst/oscilloscope_inst/control_inst/FSM_sequential_state[4]_i_10_n_0
    SLICE_X19Y31         LUT6 (Prop_lut6_I5_O)        0.124     3.981 f  acquireToHDMIwithZynq_i/acquireToDisplay_AXI_0/U0/acquireToDisplay_AXI_slave_lite_v1_0_S00_AXI_inst/oscilloscope_inst/control_inst/FSM_sequential_state[4]_i_5/O
                         net (fo=1, routed)           0.463     4.444    acquireToHDMIwithZynq_i/acquireToDisplay_AXI_0/U0/acquireToDisplay_AXI_slave_lite_v1_0_S00_AXI_inst/oscilloscope_inst/control_inst/FSM_sequential_state[4]_i_5_n_0
    SLICE_X24Y31         LUT5 (Prop_lut5_I2_O)        0.124     4.568 r  acquireToHDMIwithZynq_i/acquireToDisplay_AXI_0/U0/acquireToDisplay_AXI_slave_lite_v1_0_S00_AXI_inst/oscilloscope_inst/control_inst/FSM_sequential_state[4]_i_1/O
                         net (fo=5, routed)           0.344     4.912    acquireToHDMIwithZynq_i/acquireToDisplay_AXI_0/U0/acquireToDisplay_AXI_slave_lite_v1_0_S00_AXI_inst/oscilloscope_inst/control_inst/FSM_sequential_state[4]_i_1_n_0
    SLICE_X23Y31         FDRE                                         r  acquireToHDMIwithZynq_i/acquireToDisplay_AXI_0/U0/acquireToDisplay_AXI_slave_lite_v1_0_S00_AXI_inst/oscilloscope_inst/control_inst/FSM_sequential_state_reg[1]/CE
  -------------------------------------------------------------------    -------------------

                         (clock clk_fpga_0 rise edge)
                                                      0.000     0.000 r  
    PS7_X0Y0             PS7                          0.000     0.000 r  acquireToHDMIwithZynq_i/processing_system7_0/inst/PS7_i/FCLKCLK[0]
                         net (fo=1, routed)           1.101     1.101    acquireToHDMIwithZynq_i/processing_system7_0/inst/FCLK_CLK_unbuffered[0]
    BUFGCTRL_X0Y0        BUFG (Prop_bufg_I_O)         0.091     1.192 r  acquireToHDMIwithZynq_i/processing_system7_0/inst/buffer_fclk_clk_0.FCLK_CLK_0_BUFG/O
                         net (fo=1484, routed)        1.485     2.677    acquireToHDMIwithZynq_i/acquireToDisplay_AXI_0/U0/acquireToDisplay_AXI_slave_lite_v1_0_S00_AXI_inst/oscilloscope_inst/control_inst/s00_axi_aclk
    SLICE_X23Y31         FDRE                                         r  acquireToHDMIwithZynq_i/acquireToDisplay_AXI_0/U0/acquireToDisplay_AXI_slave_lite_v1_0_S00_AXI_inst/oscilloscope_inst/control_inst/FSM_sequential_state_reg[1]/C

Slack:                    inf
  Source:                 an7606busy_ext_0
                            (input port)
  Destination:            acquireToHDMIwithZynq_i/acquireToDisplay_AXI_0/U0/acquireToDisplay_AXI_slave_lite_v1_0_S00_AXI_inst/oscilloscope_inst/control_inst/FSM_sequential_state_reg[2]/CE
                            (rising edge-triggered cell FDRE clocked by clk_fpga_0  {rise@0.000ns fall@10.000ns period=20.000ns})
  Path Group:             (none)
  Path Type:              Setup (Max at Slow Process Corner)
  Data Path Delay:        4.912ns  (logic 1.935ns (39.388%)  route 2.977ns (60.612%))
  Logic Levels:           4  (IBUF=1 LUT5=2 LUT6=1)
  Clock Path Skew:        2.677ns (DCD - SCD + CPR)
    Destination Clock Delay (DCD):    2.677ns
    Source Clock Delay      (SCD):    0.000ns
    Clock Pessimism Removal (CPR):    0.000ns
  Clock Uncertainty:      0.301ns  ((TSJ^2 + TIJ^2)^1/2 + DJ) / 2 + PE
    Total System Jitter     (TSJ):    0.050ns
    Total Input Jitter      (TIJ):    0.600ns
    Discrete Jitter          (DJ):    0.000ns
    Phase Error              (PE):    0.000ns

    Location             Delay type                Incr(ns)  Path(ns)    Netlist Resource(s)
  -------------------------------------------------------------------    -------------------
    W15                                               0.000     0.000 r  an7606busy_ext_0 (IN)
                         net (fo=0)                   0.000     0.000    an7606busy_ext_0
    W15                  IBUF (Prop_ibuf_I_O)         1.563     1.563 r  an7606busy_ext_0_IBUF_inst/O
                         net (fo=2, routed)           2.019     3.582    acquireToHDMIwithZynq_i/acquireToDisplay_AXI_0/U0/acquireToDisplay_AXI_slave_lite_v1_0_S00_AXI_inst/oscilloscope_inst/control_inst/an7606busy_ext
    SLICE_X19Y31         LUT5 (Prop_lut5_I2_O)        0.124     3.706 f  acquireToHDMIwithZynq_i/acquireToDisplay_AXI_0/U0/acquireToDisplay_AXI_slave_lite_v1_0_S00_AXI_inst/oscilloscope_inst/control_inst/FSM_sequential_state[4]_i_10/O
                         net (fo=1, routed)           0.151     3.857    acquireToHDMIwithZynq_i/acquireToDisplay_AXI_0/U0/acquireToDisplay_AXI_slave_lite_v1_0_S00_AXI_inst/oscilloscope_inst/control_inst/FSM_sequential_state[4]_i_10_n_0
    SLICE_X19Y31         LUT6 (Prop_lut6_I5_O)        0.124     3.981 f  acquireToHDMIwithZynq_i/acquireToDisplay_AXI_0/U0/acquireToDisplay_AXI_slave_lite_v1_0_S00_AXI_inst/oscilloscope_inst/control_inst/FSM_sequential_state[4]_i_5/O
                         net (fo=1, routed)           0.463     4.444    acquireToHDMIwithZynq_i/acquireToDisplay_AXI_0/U0/acquireToDisplay_AXI_slave_lite_v1_0_S00_AXI_inst/oscilloscope_inst/control_inst/FSM_sequential_state[4]_i_5_n_0
    SLICE_X24Y31         LUT5 (Prop_lut5_I2_O)        0.124     4.568 r  acquireToHDMIwithZynq_i/acquireToDisplay_AXI_0/U0/acquireToDisplay_AXI_slave_lite_v1_0_S00_AXI_inst/oscilloscope_inst/control_inst/FSM_sequential_state[4]_i_1/O
                         net (fo=5, routed)           0.344     4.912    acquireToHDMIwithZynq_i/acquireToDisplay_AXI_0/U0/acquireToDisplay_AXI_slave_lite_v1_0_S00_AXI_inst/oscilloscope_inst/control_inst/FSM_sequential_state[4]_i_1_n_0
    SLICE_X23Y31         FDRE                                         r  acquireToHDMIwithZynq_i/acquireToDisplay_AXI_0/U0/acquireToDisplay_AXI_slave_lite_v1_0_S00_AXI_inst/oscilloscope_inst/control_inst/FSM_sequential_state_reg[2]/CE
  -------------------------------------------------------------------    -------------------

                         (clock clk_fpga_0 rise edge)
                                                      0.000     0.000 r  
    PS7_X0Y0             PS7                          0.000     0.000 r  acquireToHDMIwithZynq_i/processing_system7_0/inst/PS7_i/FCLKCLK[0]
                         net (fo=1, routed)           1.101     1.101    acquireToHDMIwithZynq_i/processing_system7_0/inst/FCLK_CLK_unbuffered[0]
    BUFGCTRL_X0Y0        BUFG (Prop_bufg_I_O)         0.091     1.192 r  acquireToHDMIwithZynq_i/processing_system7_0/inst/buffer_fclk_clk_0.FCLK_CLK_0_BUFG/O
                         net (fo=1484, routed)        1.485     2.677    acquireToHDMIwithZynq_i/acquireToDisplay_AXI_0/U0/acquireToDisplay_AXI_slave_lite_v1_0_S00_AXI_inst/oscilloscope_inst/control_inst/s00_axi_aclk
    SLICE_X23Y31         FDRE                                         r  acquireToHDMIwithZynq_i/acquireToDisplay_AXI_0/U0/acquireToDisplay_AXI_slave_lite_v1_0_S00_AXI_inst/oscilloscope_inst/control_inst/FSM_sequential_state_reg[2]/C

Slack:                    inf
  Source:                 an7606busy_ext_0
                            (input port)
  Destination:            acquireToHDMIwithZynq_i/acquireToDisplay_AXI_0/U0/acquireToDisplay_AXI_slave_lite_v1_0_S00_AXI_inst/oscilloscope_inst/control_inst/FSM_sequential_state_reg[3]/CE
                            (rising edge-triggered cell FDRE clocked by clk_fpga_0  {rise@0.000ns fall@10.000ns period=20.000ns})
  Path Group:             (none)
  Path Type:              Setup (Max at Slow Process Corner)
  Data Path Delay:        4.912ns  (logic 1.935ns (39.388%)  route 2.977ns (60.612%))
  Logic Levels:           4  (IBUF=1 LUT5=2 LUT6=1)
  Clock Path Skew:        2.677ns (DCD - SCD + CPR)
    Destination Clock Delay (DCD):    2.677ns
    Source Clock Delay      (SCD):    0.000ns
    Clock Pessimism Removal (CPR):    0.000ns
  Clock Uncertainty:      0.301ns  ((TSJ^2 + TIJ^2)^1/2 + DJ) / 2 + PE
    Total System Jitter     (TSJ):    0.050ns
    Total Input Jitter      (TIJ):    0.600ns
    Discrete Jitter          (DJ):    0.000ns
    Phase Error              (PE):    0.000ns

    Location             Delay type                Incr(ns)  Path(ns)    Netlist Resource(s)
  -------------------------------------------------------------------    -------------------
    W15                                               0.000     0.000 r  an7606busy_ext_0 (IN)
                         net (fo=0)                   0.000     0.000    an7606busy_ext_0
    W15                  IBUF (Prop_ibuf_I_O)         1.563     1.563 r  an7606busy_ext_0_IBUF_inst/O
                         net (fo=2, routed)           2.019     3.582    acquireToHDMIwithZynq_i/acquireToDisplay_AXI_0/U0/acquireToDisplay_AXI_slave_lite_v1_0_S00_AXI_inst/oscilloscope_inst/control_inst/an7606busy_ext
    SLICE_X19Y31         LUT5 (Prop_lut5_I2_O)        0.124     3.706 f  acquireToHDMIwithZynq_i/acquireToDisplay_AXI_0/U0/acquireToDisplay_AXI_slave_lite_v1_0_S00_AXI_inst/oscilloscope_inst/control_inst/FSM_sequential_state[4]_i_10/O
                         net (fo=1, routed)           0.151     3.857    acquireToHDMIwithZynq_i/acquireToDisplay_AXI_0/U0/acquireToDisplay_AXI_slave_lite_v1_0_S00_AXI_inst/oscilloscope_inst/control_inst/FSM_sequential_state[4]_i_10_n_0
    SLICE_X19Y31         LUT6 (Prop_lut6_I5_O)        0.124     3.981 f  acquireToHDMIwithZynq_i/acquireToDisplay_AXI_0/U0/acquireToDisplay_AXI_slave_lite_v1_0_S00_AXI_inst/oscilloscope_inst/control_inst/FSM_sequential_state[4]_i_5/O
                         net (fo=1, routed)           0.463     4.444    acquireToHDMIwithZynq_i/acquireToDisplay_AXI_0/U0/acquireToDisplay_AXI_slave_lite_v1_0_S00_AXI_inst/oscilloscope_inst/control_inst/FSM_sequential_state[4]_i_5_n_0
    SLICE_X24Y31         LUT5 (Prop_lut5_I2_O)        0.124     4.568 r  acquireToHDMIwithZynq_i/acquireToDisplay_AXI_0/U0/acquireToDisplay_AXI_slave_lite_v1_0_S00_AXI_inst/oscilloscope_inst/control_inst/FSM_sequential_state[4]_i_1/O
                         net (fo=5, routed)           0.344     4.912    acquireToHDMIwithZynq_i/acquireToDisplay_AXI_0/U0/acquireToDisplay_AXI_slave_lite_v1_0_S00_AXI_inst/oscilloscope_inst/control_inst/FSM_sequential_state[4]_i_1_n_0
    SLICE_X22Y31         FDRE                                         r  acquireToHDMIwithZynq_i/acquireToDisplay_AXI_0/U0/acquireToDisplay_AXI_slave_lite_v1_0_S00_AXI_inst/oscilloscope_inst/control_inst/FSM_sequential_state_reg[3]/CE
  -------------------------------------------------------------------    -------------------

                         (clock clk_fpga_0 rise edge)
                                                      0.000     0.000 r  
    PS7_X0Y0             PS7                          0.000     0.000 r  acquireToHDMIwithZynq_i/processing_system7_0/inst/PS7_i/FCLKCLK[0]
                         net (fo=1, routed)           1.101     1.101    acquireToHDMIwithZynq_i/processing_system7_0/inst/FCLK_CLK_unbuffered[0]
    BUFGCTRL_X0Y0        BUFG (Prop_bufg_I_O)         0.091     1.192 r  acquireToHDMIwithZynq_i/processing_system7_0/inst/buffer_fclk_clk_0.FCLK_CLK_0_BUFG/O
                         net (fo=1484, routed)        1.485     2.677    acquireToHDMIwithZynq_i/acquireToDisplay_AXI_0/U0/acquireToDisplay_AXI_slave_lite_v1_0_S00_AXI_inst/oscilloscope_inst/control_inst/s00_axi_aclk
    SLICE_X22Y31         FDRE                                         r  acquireToHDMIwithZynq_i/acquireToDisplay_AXI_0/U0/acquireToDisplay_AXI_slave_lite_v1_0_S00_AXI_inst/oscilloscope_inst/control_inst/FSM_sequential_state_reg[3]/C

Slack:                    inf
  Source:                 enb_ext_0
                            (input port)
  Destination:            acquireToHDMIwithZynq_i/enhancedPwmAXI_0/U0/enhancedPwmAXI_slave_lite_v1_0_S00_AXI_inst/enhancedPwm_inst/counter_inst/tmp_reg[3]/CE
                            (rising edge-triggered cell FDRE clocked by clk_fpga_0  {rise@0.000ns fall@10.000ns period=20.000ns})
  Path Group:             (none)
  Path Type:              Setup (Max at Slow Process Corner)
  Data Path Delay:        4.792ns  (logic 1.447ns (30.196%)  route 3.345ns (69.804%))
  Logic Levels:           1  (IBUF=1)
  Clock Path Skew:        2.691ns (DCD - SCD + CPR)
    Destination Clock Delay (DCD):    2.691ns
    Source Clock Delay      (SCD):    0.000ns
    Clock Pessimism Removal (CPR):    0.000ns
  Clock Uncertainty:      0.301ns  ((TSJ^2 + TIJ^2)^1/2 + DJ) / 2 + PE
    Total System Jitter     (TSJ):    0.050ns
    Total Input Jitter      (TIJ):    0.600ns
    Discrete Jitter          (DJ):    0.000ns
    Phase Error              (PE):    0.000ns

    Location             Delay type                Incr(ns)  Path(ns)    Netlist Resource(s)
  -------------------------------------------------------------------    -------------------
    R17                                               0.000     0.000 r  enb_ext_0 (IN)
                         net (fo=0)                   0.000     0.000    enb_ext_0
    R17                  IBUF (Prop_ibuf_I_O)         1.447     1.447 r  enb_ext_0_IBUF_inst/O
                         net (fo=9, routed)           3.345     4.792    acquireToHDMIwithZynq_i/enhancedPwmAXI_0/U0/enhancedPwmAXI_slave_lite_v1_0_S00_AXI_inst/enhancedPwm_inst/counter_inst/enb_ext
    SLICE_X6Y32          FDRE                                         r  acquireToHDMIwithZynq_i/enhancedPwmAXI_0/U0/enhancedPwmAXI_slave_lite_v1_0_S00_AXI_inst/enhancedPwm_inst/counter_inst/tmp_reg[3]/CE
  -------------------------------------------------------------------    -------------------

                         (clock clk_fpga_0 rise edge)
                                                      0.000     0.000 r  
    PS7_X0Y0             PS7                          0.000     0.000 r  acquireToHDMIwithZynq_i/processing_system7_0/inst/PS7_i/FCLKCLK[0]
                         net (fo=1, routed)           1.101     1.101    acquireToHDMIwithZynq_i/processing_system7_0/inst/FCLK_CLK_unbuffered[0]
    BUFGCTRL_X0Y0        BUFG (Prop_bufg_I_O)         0.091     1.192 r  acquireToHDMIwithZynq_i/processing_system7_0/inst/buffer_fclk_clk_0.FCLK_CLK_0_BUFG/O
                         net (fo=1484, routed)        1.498     2.691    acquireToHDMIwithZynq_i/enhancedPwmAXI_0/U0/enhancedPwmAXI_slave_lite_v1_0_S00_AXI_inst/enhancedPwm_inst/counter_inst/s00_axi_aclk
    SLICE_X6Y32          FDRE                                         r  acquireToHDMIwithZynq_i/enhancedPwmAXI_0/U0/enhancedPwmAXI_slave_lite_v1_0_S00_AXI_inst/enhancedPwm_inst/counter_inst/tmp_reg[3]/C

Slack:                    inf
  Source:                 enb_ext_0
                            (input port)
  Destination:            acquireToHDMIwithZynq_i/enhancedPwmAXI_0/U0/enhancedPwmAXI_slave_lite_v1_0_S00_AXI_inst/enhancedPwm_inst/counter_inst/tmp_reg[4]/CE
                            (rising edge-triggered cell FDRE clocked by clk_fpga_0  {rise@0.000ns fall@10.000ns period=20.000ns})
  Path Group:             (none)
  Path Type:              Setup (Max at Slow Process Corner)
  Data Path Delay:        4.792ns  (logic 1.447ns (30.196%)  route 3.345ns (69.804%))
  Logic Levels:           1  (IBUF=1)
  Clock Path Skew:        2.691ns (DCD - SCD + CPR)
    Destination Clock Delay (DCD):    2.691ns
    Source Clock Delay      (SCD):    0.000ns
    Clock Pessimism Removal (CPR):    0.000ns
  Clock Uncertainty:      0.301ns  ((TSJ^2 + TIJ^2)^1/2 + DJ) / 2 + PE
    Total System Jitter     (TSJ):    0.050ns
    Total Input Jitter      (TIJ):    0.600ns
    Discrete Jitter          (DJ):    0.000ns
    Phase Error              (PE):    0.000ns

    Location             Delay type                Incr(ns)  Path(ns)    Netlist Resource(s)
  -------------------------------------------------------------------    -------------------
    R17                                               0.000     0.000 r  enb_ext_0 (IN)
                         net (fo=0)                   0.000     0.000    enb_ext_0
    R17                  IBUF (Prop_ibuf_I_O)         1.447     1.447 r  enb_ext_0_IBUF_inst/O
                         net (fo=9, routed)           3.345     4.792    acquireToHDMIwithZynq_i/enhancedPwmAXI_0/U0/enhancedPwmAXI_slave_lite_v1_0_S00_AXI_inst/enhancedPwm_inst/counter_inst/enb_ext
    SLICE_X6Y32          FDRE                                         r  acquireToHDMIwithZynq_i/enhancedPwmAXI_0/U0/enhancedPwmAXI_slave_lite_v1_0_S00_AXI_inst/enhancedPwm_inst/counter_inst/tmp_reg[4]/CE
  -------------------------------------------------------------------    -------------------

                         (clock clk_fpga_0 rise edge)
                                                      0.000     0.000 r  
    PS7_X0Y0             PS7                          0.000     0.000 r  acquireToHDMIwithZynq_i/processing_system7_0/inst/PS7_i/FCLKCLK[0]
                         net (fo=1, routed)           1.101     1.101    acquireToHDMIwithZynq_i/processing_system7_0/inst/FCLK_CLK_unbuffered[0]
    BUFGCTRL_X0Y0        BUFG (Prop_bufg_I_O)         0.091     1.192 r  acquireToHDMIwithZynq_i/processing_system7_0/inst/buffer_fclk_clk_0.FCLK_CLK_0_BUFG/O
                         net (fo=1484, routed)        1.498     2.691    acquireToHDMIwithZynq_i/enhancedPwmAXI_0/U0/enhancedPwmAXI_slave_lite_v1_0_S00_AXI_inst/enhancedPwm_inst/counter_inst/s00_axi_aclk
    SLICE_X6Y32          FDRE                                         r  acquireToHDMIwithZynq_i/enhancedPwmAXI_0/U0/enhancedPwmAXI_slave_lite_v1_0_S00_AXI_inst/enhancedPwm_inst/counter_inst/tmp_reg[4]/C





Min Delay Paths
--------------------------------------------------------------------------------------
Slack:                    inf
  Source:                 an7606data_ext_0[4]
                            (input port)
  Destination:            <hidden>
                            (rising edge-triggered cell RAMB18E1 clocked by clk_fpga_0  {rise@0.000ns fall@10.000ns period=20.000ns})
  Path Group:             (none)
  Path Type:              Hold (Min at Fast Process Corner)
  Data Path Delay:        0.943ns  (logic 0.292ns (30.986%)  route 0.651ns (69.014%))
  Logic Levels:           1  (IBUF=1)
  Clock Path Skew:        1.236ns (DCD - SCD - CPR)
    Destination Clock Delay (DCD):    1.236ns
    Source Clock Delay      (SCD):    0.000ns
    Clock Pessimism Removal (CPR):    -0.000ns

    Location             Delay type                Incr(ns)  Path(ns)    Netlist Resource(s)
  -------------------------------------------------------------------    -------------------
    U17                                               0.000     0.000 r  an7606data_ext_0[4] (IN)
                         net (fo=0)                   0.000     0.000    an7606data_ext_0[4]
    U17                  IBUF (Prop_ibuf_I_O)         0.292     0.292 r  an7606data_ext_0_IBUF[4]_inst/O
                         net (fo=4, routed)           0.651     0.943    <hidden>
    RAMB18_X1Y12         RAMB18E1                                     r  <hidden>
  -------------------------------------------------------------------    -------------------

                         (clock clk_fpga_0 rise edge)
                                                      0.000     0.000 r  
    PS7_X0Y0             PS7                          0.000     0.000 r  acquireToHDMIwithZynq_i/processing_system7_0/inst/PS7_i/FCLKCLK[0]
                         net (fo=1, routed)           0.341     0.341    acquireToHDMIwithZynq_i/processing_system7_0/inst/FCLK_CLK_unbuffered[0]
    BUFGCTRL_X0Y0        BUFG (Prop_bufg_I_O)         0.029     0.370 r  acquireToHDMIwithZynq_i/processing_system7_0/inst/buffer_fclk_clk_0.FCLK_CLK_0_BUFG/O
                         net (fo=1484, routed)        0.866     1.236    <hidden>
    RAMB18_X1Y12         RAMB18E1                                     r  <hidden>

Slack:                    inf
  Source:                 an7606data_ext_0[5]
                            (input port)
  Destination:            <hidden>
                            (rising edge-triggered cell RAMB18E1 clocked by clk_fpga_0  {rise@0.000ns fall@10.000ns period=20.000ns})
  Path Group:             (none)
  Path Type:              Hold (Min at Fast Process Corner)
  Data Path Delay:        0.949ns  (logic 0.296ns (31.130%)  route 0.654ns (68.870%))
  Logic Levels:           1  (IBUF=1)
  Clock Path Skew:        1.236ns (DCD - SCD - CPR)
    Destination Clock Delay (DCD):    1.236ns
    Source Clock Delay      (SCD):    0.000ns
    Clock Pessimism Removal (CPR):    -0.000ns

    Location             Delay type                Incr(ns)  Path(ns)    Netlist Resource(s)
  -------------------------------------------------------------------    -------------------
    T16                                               0.000     0.000 r  an7606data_ext_0[5] (IN)
                         net (fo=0)                   0.000     0.000    an7606data_ext_0[5]
    T16                  IBUF (Prop_ibuf_I_O)         0.296     0.296 r  an7606data_ext_0_IBUF[5]_inst/O
                         net (fo=4, routed)           0.654     0.949    <hidden>
    RAMB18_X1Y12         RAMB18E1                                     r  <hidden>
  -------------------------------------------------------------------    -------------------

                         (clock clk_fpga_0 rise edge)
                                                      0.000     0.000 r  
    PS7_X0Y0             PS7                          0.000     0.000 r  acquireToHDMIwithZynq_i/processing_system7_0/inst/PS7_i/FCLKCLK[0]
                         net (fo=1, routed)           0.341     0.341    acquireToHDMIwithZynq_i/processing_system7_0/inst/FCLK_CLK_unbuffered[0]
    BUFGCTRL_X0Y0        BUFG (Prop_bufg_I_O)         0.029     0.370 r  acquireToHDMIwithZynq_i/processing_system7_0/inst/buffer_fclk_clk_0.FCLK_CLK_0_BUFG/O
                         net (fo=1484, routed)        0.866     1.236    <hidden>
    RAMB18_X1Y12         RAMB18E1                                     r  <hidden>

Slack:                    inf
  Source:                 an7606data_ext_0[8]
                            (input port)
  Destination:            <hidden>
                            (rising edge-triggered cell RAMB18E1 clocked by clk_fpga_0  {rise@0.000ns fall@10.000ns period=20.000ns})
  Path Group:             (none)
  Path Type:              Hold (Min at Fast Process Corner)
  Data Path Delay:        0.962ns  (logic 0.279ns (28.990%)  route 0.683ns (71.010%))
  Logic Levels:           1  (IBUF=1)
  Clock Path Skew:        1.241ns (DCD - SCD - CPR)
    Destination Clock Delay (DCD):    1.241ns
    Source Clock Delay      (SCD):    0.000ns
    Clock Pessimism Removal (CPR):    -0.000ns

    Location             Delay type                Incr(ns)  Path(ns)    Netlist Resource(s)
  -------------------------------------------------------------------    -------------------
    T15                                               0.000     0.000 r  an7606data_ext_0[8] (IN)
                         net (fo=0)                   0.000     0.000    an7606data_ext_0[8]
    T15                  IBUF (Prop_ibuf_I_O)         0.279     0.279 r  an7606data_ext_0_IBUF[8]_inst/O
                         net (fo=4, routed)           0.683     0.962    <hidden>
    RAMB18_X1Y14         RAMB18E1                                     r  <hidden>
  -------------------------------------------------------------------    -------------------

                         (clock clk_fpga_0 rise edge)
                                                      0.000     0.000 r  
    PS7_X0Y0             PS7                          0.000     0.000 r  acquireToHDMIwithZynq_i/processing_system7_0/inst/PS7_i/FCLKCLK[0]
                         net (fo=1, routed)           0.341     0.341    acquireToHDMIwithZynq_i/processing_system7_0/inst/FCLK_CLK_unbuffered[0]
    BUFGCTRL_X0Y0        BUFG (Prop_bufg_I_O)         0.029     0.370 r  acquireToHDMIwithZynq_i/processing_system7_0/inst/buffer_fclk_clk_0.FCLK_CLK_0_BUFG/O
                         net (fo=1484, routed)        0.871     1.241    <hidden>
    RAMB18_X1Y14         RAMB18E1                                     r  <hidden>

Slack:                    inf
  Source:                 an7606data_ext_0[1]
                            (input port)
  Destination:            <hidden>
                            (rising edge-triggered cell RAMB18E1 clocked by clk_fpga_0  {rise@0.000ns fall@10.000ns period=20.000ns})
  Path Group:             (none)
  Path Type:              Hold (Min at Fast Process Corner)
  Data Path Delay:        0.983ns  (logic 0.328ns (33.365%)  route 0.655ns (66.635%))
  Logic Levels:           1  (IBUF=1)
  Clock Path Skew:        1.236ns (DCD - SCD - CPR)
    Destination Clock Delay (DCD):    1.236ns
    Source Clock Delay      (SCD):    0.000ns
    Clock Pessimism Removal (CPR):    -0.000ns

    Location             Delay type                Incr(ns)  Path(ns)    Netlist Resource(s)
  -------------------------------------------------------------------    -------------------
    U14                                               0.000     0.000 r  an7606data_ext_0[1] (IN)
                         net (fo=0)                   0.000     0.000    an7606data_ext_0[1]
    U14                  IBUF (Prop_ibuf_I_O)         0.328     0.328 r  an7606data_ext_0_IBUF[1]_inst/O
                         net (fo=4, routed)           0.655     0.983    <hidden>
    RAMB18_X1Y12         RAMB18E1                                     r  <hidden>
  -------------------------------------------------------------------    -------------------

                         (clock clk_fpga_0 rise edge)
                                                      0.000     0.000 r  
    PS7_X0Y0             PS7                          0.000     0.000 r  acquireToHDMIwithZynq_i/processing_system7_0/inst/PS7_i/FCLKCLK[0]
                         net (fo=1, routed)           0.341     0.341    acquireToHDMIwithZynq_i/processing_system7_0/inst/FCLK_CLK_unbuffered[0]
    BUFGCTRL_X0Y0        BUFG (Prop_bufg_I_O)         0.029     0.370 r  acquireToHDMIwithZynq_i/processing_system7_0/inst/buffer_fclk_clk_0.FCLK_CLK_0_BUFG/O
                         net (fo=1484, routed)        0.866     1.236    <hidden>
    RAMB18_X1Y12         RAMB18E1                                     r  <hidden>

Slack:                    inf
  Source:                 an7606data_ext_0[12]
                            (input port)
  Destination:            <hidden>
                            (rising edge-triggered cell RAMB18E1 clocked by clk_fpga_0  {rise@0.000ns fall@10.000ns period=20.000ns})
  Path Group:             (none)
  Path Type:              Hold (Min at Fast Process Corner)
  Data Path Delay:        0.999ns  (logic 0.306ns (30.682%)  route 0.692ns (69.318%))
  Logic Levels:           1  (IBUF=1)
  Clock Path Skew:        1.241ns (DCD - SCD - CPR)
    Destination Clock Delay (DCD):    1.241ns
    Source Clock Delay      (SCD):    0.000ns
    Clock Pessimism Removal (CPR):    -0.000ns

    Location             Delay type                Incr(ns)  Path(ns)    Netlist Resource(s)
  -------------------------------------------------------------------    -------------------
    W13                                               0.000     0.000 r  an7606data_ext_0[12] (IN)
                         net (fo=0)                   0.000     0.000    an7606data_ext_0[12]
    W13                  IBUF (Prop_ibuf_I_O)         0.306     0.306 r  an7606data_ext_0_IBUF[12]_inst/O
                         net (fo=4, routed)           0.692     0.999    <hidden>
    RAMB18_X1Y14         RAMB18E1                                     r  <hidden>
  -------------------------------------------------------------------    -------------------

                         (clock clk_fpga_0 rise edge)
                                                      0.000     0.000 r  
    PS7_X0Y0             PS7                          0.000     0.000 r  acquireToHDMIwithZynq_i/processing_system7_0/inst/PS7_i/FCLKCLK[0]
                         net (fo=1, routed)           0.341     0.341    acquireToHDMIwithZynq_i/processing_system7_0/inst/FCLK_CLK_unbuffered[0]
    BUFGCTRL_X0Y0        BUFG (Prop_bufg_I_O)         0.029     0.370 r  acquireToHDMIwithZynq_i/processing_system7_0/inst/buffer_fclk_clk_0.FCLK_CLK_0_BUFG/O
                         net (fo=1484, routed)        0.871     1.241    <hidden>
    RAMB18_X1Y14         RAMB18E1                                     r  <hidden>

Slack:                    inf
  Source:                 an7606data_ext_0[15]
                            (input port)
  Destination:            <hidden>
                            (rising edge-triggered cell RAMB18E1 clocked by clk_fpga_0  {rise@0.000ns fall@10.000ns period=20.000ns})
  Path Group:             (none)
  Path Type:              Hold (Min at Fast Process Corner)
  Data Path Delay:        1.005ns  (logic 0.309ns (30.748%)  route 0.696ns (69.252%))
  Logic Levels:           1  (IBUF=1)
  Clock Path Skew:        1.241ns (DCD - SCD - CPR)
    Destination Clock Delay (DCD):    1.241ns
    Source Clock Delay      (SCD):    0.000ns
    Clock Pessimism Removal (CPR):    -0.000ns

    Location             Delay type                Incr(ns)  Path(ns)    Netlist Resource(s)
  -------------------------------------------------------------------    -------------------
    T12                                               0.000     0.000 r  an7606data_ext_0[15] (IN)
                         net (fo=0)                   0.000     0.000    an7606data_ext_0[15]
    T12                  IBUF (Prop_ibuf_I_O)         0.309     0.309 r  an7606data_ext_0_IBUF[15]_inst/O
                         net (fo=4, routed)           0.696     1.005    <hidden>
    RAMB18_X1Y14         RAMB18E1                                     r  <hidden>
  -------------------------------------------------------------------    -------------------

                         (clock clk_fpga_0 rise edge)
                                                      0.000     0.000 r  
    PS7_X0Y0             PS7                          0.000     0.000 r  acquireToHDMIwithZynq_i/processing_system7_0/inst/PS7_i/FCLKCLK[0]
                         net (fo=1, routed)           0.341     0.341    acquireToHDMIwithZynq_i/processing_system7_0/inst/FCLK_CLK_unbuffered[0]
    BUFGCTRL_X0Y0        BUFG (Prop_bufg_I_O)         0.029     0.370 r  acquireToHDMIwithZynq_i/processing_system7_0/inst/buffer_fclk_clk_0.FCLK_CLK_0_BUFG/O
                         net (fo=1484, routed)        0.871     1.241    <hidden>
    RAMB18_X1Y14         RAMB18E1                                     r  <hidden>

Slack:                    inf
  Source:                 an7606data_ext_0[9]
                            (input port)
  Destination:            <hidden>
                            (rising edge-triggered cell RAMB18E1 clocked by clk_fpga_0  {rise@0.000ns fall@10.000ns period=20.000ns})
  Path Group:             (none)
  Path Type:              Hold (Min at Fast Process Corner)
  Data Path Delay:        1.019ns  (logic 0.276ns (27.093%)  route 0.743ns (72.907%))
  Logic Levels:           1  (IBUF=1)
  Clock Path Skew:        1.241ns (DCD - SCD - CPR)
    Destination Clock Delay (DCD):    1.241ns
    Source Clock Delay      (SCD):    0.000ns
    Clock Pessimism Removal (CPR):    -0.000ns

    Location             Delay type                Incr(ns)  Path(ns)    Netlist Resource(s)
  -------------------------------------------------------------------    -------------------
    T14                                               0.000     0.000 r  an7606data_ext_0[9] (IN)
                         net (fo=0)                   0.000     0.000    an7606data_ext_0[9]
    T14                  IBUF (Prop_ibuf_I_O)         0.276     0.276 r  an7606data_ext_0_IBUF[9]_inst/O
                         net (fo=4, routed)           0.743     1.019    <hidden>
    RAMB18_X1Y14         RAMB18E1                                     r  <hidden>
  -------------------------------------------------------------------    -------------------

                         (clock clk_fpga_0 rise edge)
                                                      0.000     0.000 r  
    PS7_X0Y0             PS7                          0.000     0.000 r  acquireToHDMIwithZynq_i/processing_system7_0/inst/PS7_i/FCLKCLK[0]
                         net (fo=1, routed)           0.341     0.341    acquireToHDMIwithZynq_i/processing_system7_0/inst/FCLK_CLK_unbuffered[0]
    BUFGCTRL_X0Y0        BUFG (Prop_bufg_I_O)         0.029     0.370 r  acquireToHDMIwithZynq_i/processing_system7_0/inst/buffer_fclk_clk_0.FCLK_CLK_0_BUFG/O
                         net (fo=1484, routed)        0.871     1.241    <hidden>
    RAMB18_X1Y14         RAMB18E1                                     r  <hidden>

Slack:                    inf
  Source:                 an7606data_ext_0[14]
                            (input port)
  Destination:            <hidden>
                            (rising edge-triggered cell RAMB18E1 clocked by clk_fpga_0  {rise@0.000ns fall@10.000ns period=20.000ns})
  Path Group:             (none)
  Path Type:              Hold (Min at Fast Process Corner)
  Data Path Delay:        1.027ns  (logic 0.318ns (30.970%)  route 0.709ns (69.030%))
  Logic Levels:           1  (IBUF=1)
  Clock Path Skew:        1.241ns (DCD - SCD - CPR)
    Destination Clock Delay (DCD):    1.241ns
    Source Clock Delay      (SCD):    0.000ns
    Clock Pessimism Removal (CPR):    -0.000ns

    Location             Delay type                Incr(ns)  Path(ns)    Netlist Resource(s)
  -------------------------------------------------------------------    -------------------
    U12                                               0.000     0.000 r  an7606data_ext_0[14] (IN)
                         net (fo=0)                   0.000     0.000    an7606data_ext_0[14]
    U12                  IBUF (Prop_ibuf_I_O)         0.318     0.318 r  an7606data_ext_0_IBUF[14]_inst/O
                         net (fo=4, routed)           0.709     1.027    <hidden>
    RAMB18_X1Y14         RAMB18E1                                     r  <hidden>
  -------------------------------------------------------------------    -------------------

                         (clock clk_fpga_0 rise edge)
                                                      0.000     0.000 r  
    PS7_X0Y0             PS7                          0.000     0.000 r  acquireToHDMIwithZynq_i/processing_system7_0/inst/PS7_i/FCLKCLK[0]
                         net (fo=1, routed)           0.341     0.341    acquireToHDMIwithZynq_i/processing_system7_0/inst/FCLK_CLK_unbuffered[0]
    BUFGCTRL_X0Y0        BUFG (Prop_bufg_I_O)         0.029     0.370 r  acquireToHDMIwithZynq_i/processing_system7_0/inst/buffer_fclk_clk_0.FCLK_CLK_0_BUFG/O
                         net (fo=1484, routed)        0.871     1.241    <hidden>
    RAMB18_X1Y14         RAMB18E1                                     r  <hidden>

Slack:                    inf
  Source:                 an7606data_ext_0[13]
                            (input port)
  Destination:            <hidden>
                            (rising edge-triggered cell RAMB18E1 clocked by clk_fpga_0  {rise@0.000ns fall@10.000ns period=20.000ns})
  Path Group:             (none)
  Path Type:              Hold (Min at Fast Process Corner)
  Data Path Delay:        1.044ns  (logic 0.300ns (28.728%)  route 0.744ns (71.272%))
  Logic Levels:           1  (IBUF=1)
  Clock Path Skew:        1.241ns (DCD - SCD - CPR)
    Destination Clock Delay (DCD):    1.241ns
    Source Clock Delay      (SCD):    0.000ns
    Clock Pessimism Removal (CPR):    -0.000ns

    Location             Delay type                Incr(ns)  Path(ns)    Netlist Resource(s)
  -------------------------------------------------------------------    -------------------
    V12                                               0.000     0.000 r  an7606data_ext_0[13] (IN)
                         net (fo=0)                   0.000     0.000    an7606data_ext_0[13]
    V12                  IBUF (Prop_ibuf_I_O)         0.300     0.300 r  an7606data_ext_0_IBUF[13]_inst/O
                         net (fo=4, routed)           0.744     1.044    <hidden>
    RAMB18_X1Y14         RAMB18E1                                     r  <hidden>
  -------------------------------------------------------------------    -------------------

                         (clock clk_fpga_0 rise edge)
                                                      0.000     0.000 r  
    PS7_X0Y0             PS7                          0.000     0.000 r  acquireToHDMIwithZynq_i/processing_system7_0/inst/PS7_i/FCLKCLK[0]
                         net (fo=1, routed)           0.341     0.341    acquireToHDMIwithZynq_i/processing_system7_0/inst/FCLK_CLK_unbuffered[0]
    BUFGCTRL_X0Y0        BUFG (Prop_bufg_I_O)         0.029     0.370 r  acquireToHDMIwithZynq_i/processing_system7_0/inst/buffer_fclk_clk_0.FCLK_CLK_0_BUFG/O
                         net (fo=1484, routed)        0.871     1.241    <hidden>
    RAMB18_X1Y14         RAMB18E1                                     r  <hidden>

Slack:                    inf
  Source:                 an7606data_ext_0[0]
                            (input port)
  Destination:            <hidden>
                            (rising edge-triggered cell RAMB18E1 clocked by clk_fpga_0  {rise@0.000ns fall@10.000ns period=20.000ns})
  Path Group:             (none)
  Path Type:              Hold (Min at Fast Process Corner)
  Data Path Delay:        1.075ns  (logic 0.324ns (30.159%)  route 0.751ns (69.841%))
  Logic Levels:           1  (IBUF=1)
  Clock Path Skew:        1.236ns (DCD - SCD - CPR)
    Destination Clock Delay (DCD):    1.236ns
    Source Clock Delay      (SCD):    0.000ns
    Clock Pessimism Removal (CPR):    -0.000ns

    Location             Delay type                Incr(ns)  Path(ns)    Netlist Resource(s)
  -------------------------------------------------------------------    -------------------
    U15                                               0.000     0.000 r  an7606data_ext_0[0] (IN)
                         net (fo=0)                   0.000     0.000    an7606data_ext_0[0]
    U15                  IBUF (Prop_ibuf_I_O)         0.324     0.324 r  an7606data_ext_0_IBUF[0]_inst/O
                         net (fo=4, routed)           0.751     1.075    <hidden>
    RAMB18_X1Y12         RAMB18E1                                     r  <hidden>
  -------------------------------------------------------------------    -------------------

                         (clock clk_fpga_0 rise edge)
                                                      0.000     0.000 r  
    PS7_X0Y0             PS7                          0.000     0.000 r  acquireToHDMIwithZynq_i/processing_system7_0/inst/PS7_i/FCLKCLK[0]
                         net (fo=1, routed)           0.341     0.341    acquireToHDMIwithZynq_i/processing_system7_0/inst/FCLK_CLK_unbuffered[0]
    BUFGCTRL_X0Y0        BUFG (Prop_bufg_I_O)         0.029     0.370 r  acquireToHDMIwithZynq_i/processing_system7_0/inst/buffer_fclk_clk_0.FCLK_CLK_0_BUFG/O
                         net (fo=1484, routed)        0.866     1.236    <hidden>
    RAMB18_X1Y12         RAMB18E1                                     r  <hidden>





--------------------------------------------------------------------------------------
Path Group:  (none)
From Clock:  
  To Clock:  clk_out1_clk_wiz_0

Max Delay            50 Endpoints
Min Delay            50 Endpoints
--------------------------------------------------------------------------------------


Max Delay Paths
--------------------------------------------------------------------------------------
Slack:                    inf
  Source:                 acquireToHDMIwithZynq_i/acquireToDisplay_AXI_0/U0/acquireToDisplay_AXI_slave_lite_v1_0_S00_AXI_inst/oscilloscope_inst/datapath_inst/vc/inst/mmcm_adv_inst/LOCKED
                            (internal pin)
  Destination:            acquireToHDMIwithZynq_i/acquireToDisplay_AXI_0/U0/acquireToDisplay_AXI_slave_lite_v1_0_S00_AXI_inst/oscilloscope_inst/datapath_inst/hdmi0_inst/inst/serial_r/oserdes_m/RST
                            (rising edge-triggered cell OSERDESE2 clocked by clk_out1_clk_wiz_0  {rise@0.000ns fall@6.737ns period=13.474ns})
  Path Group:             (none)
  Path Type:              Setup (Max at Slow Process Corner)
  Data Path Delay:        4.288ns  (logic 0.124ns (2.892%)  route 4.164ns (97.108%))
  Logic Levels:           1  (LUT2=1)
  Clock Uncertainty:      0.843ns  ((TSJ^2 + DJ^2)^1/2) / 2 + PE
    Total System Jitter     (TSJ):    0.050ns
    Discrete Jitter          (DJ):    0.462ns
    Phase Error              (PE):    0.611ns

    Location             Delay type                Incr(ns)  Path(ns)    Netlist Resource(s)
  -------------------------------------------------------------------    -------------------
    MMCME2_ADV_X0Y0      MMCME2_ADV                   0.000     0.000 f  acquireToHDMIwithZynq_i/acquireToDisplay_AXI_0/U0/acquireToDisplay_AXI_slave_lite_v1_0_S00_AXI_inst/oscilloscope_inst/datapath_inst/vc/inst/mmcm_adv_inst/LOCKED
                         net (fo=1, routed)           1.872     1.872    acquireToHDMIwithZynq_i/acquireToDisplay_AXI_0/U0/acquireToDisplay_AXI_slave_lite_v1_0_S00_AXI_inst/oscilloscope_inst/datapath_inst/hdmi0_inst/inst/encr/pix_clk_locked
    SLICE_X35Y23         LUT2 (Prop_lut2_I1_O)        0.124     1.996 r  acquireToHDMIwithZynq_i/acquireToDisplay_AXI_0/U0/acquireToDisplay_AXI_slave_lite_v1_0_S00_AXI_inst/oscilloscope_inst/datapath_inst/hdmi0_inst/inst/encr/oserdes_m_i_1/O
                         net (fo=50, routed)          2.292     4.288    acquireToHDMIwithZynq_i/acquireToDisplay_AXI_0/U0/acquireToDisplay_AXI_slave_lite_v1_0_S00_AXI_inst/oscilloscope_inst/datapath_inst/hdmi0_inst/inst/serial_r/AR[0]
    OLOGIC_X0Y22         OSERDESE2                                    r  acquireToHDMIwithZynq_i/acquireToDisplay_AXI_0/U0/acquireToDisplay_AXI_slave_lite_v1_0_S00_AXI_inst/oscilloscope_inst/datapath_inst/hdmi0_inst/inst/serial_r/oserdes_m/RST
  -------------------------------------------------------------------    -------------------

                         (clock clk_out1_clk_wiz_0 rise edge)
                                                      0.000     0.000 r  
    BUFGCTRL_X0Y0        BUFG                         0.000     0.000 r  acquireToHDMIwithZynq_i/processing_system7_0/inst/buffer_fclk_clk_0.FCLK_CLK_0_BUFG/O
                         net (fo=1484, routed)        1.487     1.487    acquireToHDMIwithZynq_i/acquireToDisplay_AXI_0/U0/acquireToDisplay_AXI_slave_lite_v1_0_S00_AXI_inst/oscilloscope_inst/datapath_inst/vc/inst/clk_in1
    MMCME2_ADV_X0Y0      MMCME2_ADV (Prop_mmcme2_adv_CLKIN1_CLKOUT0)
                                                     -3.177    -1.690 r  acquireToHDMIwithZynq_i/acquireToDisplay_AXI_0/U0/acquireToDisplay_AXI_slave_lite_v1_0_S00_AXI_inst/oscilloscope_inst/datapath_inst/vc/inst/mmcm_adv_inst/CLKOUT0
                         net (fo=1, routed)           1.599    -0.091    acquireToHDMIwithZynq_i/acquireToDisplay_AXI_0/U0/acquireToDisplay_AXI_slave_lite_v1_0_S00_AXI_inst/oscilloscope_inst/datapath_inst/vc/inst/clk_out1_clk_wiz_0
    BUFGCTRL_X0Y1        BUFG (Prop_bufg_I_O)         0.091     0.000 r  acquireToHDMIwithZynq_i/acquireToDisplay_AXI_0/U0/acquireToDisplay_AXI_slave_lite_v1_0_S00_AXI_inst/oscilloscope_inst/datapath_inst/vc/inst/clkout1_buf/O
                         net (fo=224, routed)         1.545     1.545    acquireToHDMIwithZynq_i/acquireToDisplay_AXI_0/U0/acquireToDisplay_AXI_slave_lite_v1_0_S00_AXI_inst/oscilloscope_inst/datapath_inst/hdmi0_inst/inst/serial_r/pix_clk
    OLOGIC_X0Y22         OSERDESE2                                    r  acquireToHDMIwithZynq_i/acquireToDisplay_AXI_0/U0/acquireToDisplay_AXI_slave_lite_v1_0_S00_AXI_inst/oscilloscope_inst/datapath_inst/hdmi0_inst/inst/serial_r/oserdes_m/CLKDIV

Slack:                    inf
  Source:                 acquireToHDMIwithZynq_i/acquireToDisplay_AXI_0/U0/acquireToDisplay_AXI_slave_lite_v1_0_S00_AXI_inst/oscilloscope_inst/datapath_inst/vc/inst/mmcm_adv_inst/LOCKED
                            (internal pin)
  Destination:            acquireToHDMIwithZynq_i/acquireToDisplay_AXI_0/U0/acquireToDisplay_AXI_slave_lite_v1_0_S00_AXI_inst/oscilloscope_inst/datapath_inst/hdmi0_inst/inst/serial_g/oserdes_m/RST
                            (rising edge-triggered cell OSERDESE2 clocked by clk_out1_clk_wiz_0  {rise@0.000ns fall@6.737ns period=13.474ns})
  Path Group:             (none)
  Path Type:              Setup (Max at Slow Process Corner)
  Data Path Delay:        4.280ns  (logic 0.124ns (2.897%)  route 4.156ns (97.103%))
  Logic Levels:           1  (LUT2=1)
  Clock Uncertainty:      0.843ns  ((TSJ^2 + DJ^2)^1/2) / 2 + PE
    Total System Jitter     (TSJ):    0.050ns
    Discrete Jitter          (DJ):    0.462ns
    Phase Error              (PE):    0.611ns

    Location             Delay type                Incr(ns)  Path(ns)    Netlist Resource(s)
  -------------------------------------------------------------------    -------------------
    MMCME2_ADV_X0Y0      MMCME2_ADV                   0.000     0.000 f  acquireToHDMIwithZynq_i/acquireToDisplay_AXI_0/U0/acquireToDisplay_AXI_slave_lite_v1_0_S00_AXI_inst/oscilloscope_inst/datapath_inst/vc/inst/mmcm_adv_inst/LOCKED
                         net (fo=1, routed)           1.872     1.872    acquireToHDMIwithZynq_i/acquireToDisplay_AXI_0/U0/acquireToDisplay_AXI_slave_lite_v1_0_S00_AXI_inst/oscilloscope_inst/datapath_inst/hdmi0_inst/inst/encr/pix_clk_locked
    SLICE_X35Y23         LUT2 (Prop_lut2_I1_O)        0.124     1.996 r  acquireToHDMIwithZynq_i/acquireToDisplay_AXI_0/U0/acquireToDisplay_AXI_slave_lite_v1_0_S00_AXI_inst/oscilloscope_inst/datapath_inst/hdmi0_inst/inst/encr/oserdes_m_i_1/O
                         net (fo=50, routed)          2.284     4.280    acquireToHDMIwithZynq_i/acquireToDisplay_AXI_0/U0/acquireToDisplay_AXI_slave_lite_v1_0_S00_AXI_inst/oscilloscope_inst/datapath_inst/hdmi0_inst/inst/serial_g/AR[0]
    OLOGIC_X0Y20         OSERDESE2                                    r  acquireToHDMIwithZynq_i/acquireToDisplay_AXI_0/U0/acquireToDisplay_AXI_slave_lite_v1_0_S00_AXI_inst/oscilloscope_inst/datapath_inst/hdmi0_inst/inst/serial_g/oserdes_m/RST
  -------------------------------------------------------------------    -------------------

                         (clock clk_out1_clk_wiz_0 rise edge)
                                                      0.000     0.000 r  
    BUFGCTRL_X0Y0        BUFG                         0.000     0.000 r  acquireToHDMIwithZynq_i/processing_system7_0/inst/buffer_fclk_clk_0.FCLK_CLK_0_BUFG/O
                         net (fo=1484, routed)        1.487     1.487    acquireToHDMIwithZynq_i/acquireToDisplay_AXI_0/U0/acquireToDisplay_AXI_slave_lite_v1_0_S00_AXI_inst/oscilloscope_inst/datapath_inst/vc/inst/clk_in1
    MMCME2_ADV_X0Y0      MMCME2_ADV (Prop_mmcme2_adv_CLKIN1_CLKOUT0)
                                                     -3.177    -1.690 r  acquireToHDMIwithZynq_i/acquireToDisplay_AXI_0/U0/acquireToDisplay_AXI_slave_lite_v1_0_S00_AXI_inst/oscilloscope_inst/datapath_inst/vc/inst/mmcm_adv_inst/CLKOUT0
                         net (fo=1, routed)           1.599    -0.091    acquireToHDMIwithZynq_i/acquireToDisplay_AXI_0/U0/acquireToDisplay_AXI_slave_lite_v1_0_S00_AXI_inst/oscilloscope_inst/datapath_inst/vc/inst/clk_out1_clk_wiz_0
    BUFGCTRL_X0Y1        BUFG (Prop_bufg_I_O)         0.091     0.000 r  acquireToHDMIwithZynq_i/acquireToDisplay_AXI_0/U0/acquireToDisplay_AXI_slave_lite_v1_0_S00_AXI_inst/oscilloscope_inst/datapath_inst/vc/inst/clkout1_buf/O
                         net (fo=224, routed)         1.546     1.546    acquireToHDMIwithZynq_i/acquireToDisplay_AXI_0/U0/acquireToDisplay_AXI_slave_lite_v1_0_S00_AXI_inst/oscilloscope_inst/datapath_inst/hdmi0_inst/inst/serial_g/pix_clk
    OLOGIC_X0Y20         OSERDESE2                                    r  acquireToHDMIwithZynq_i/acquireToDisplay_AXI_0/U0/acquireToDisplay_AXI_slave_lite_v1_0_S00_AXI_inst/oscilloscope_inst/datapath_inst/hdmi0_inst/inst/serial_g/oserdes_m/CLKDIV

Slack:                    inf
  Source:                 acquireToHDMIwithZynq_i/acquireToDisplay_AXI_0/U0/acquireToDisplay_AXI_slave_lite_v1_0_S00_AXI_inst/oscilloscope_inst/datapath_inst/vc/inst/mmcm_adv_inst/LOCKED
                            (internal pin)
  Destination:            acquireToHDMIwithZynq_i/acquireToDisplay_AXI_0/U0/acquireToDisplay_AXI_slave_lite_v1_0_S00_AXI_inst/oscilloscope_inst/datapath_inst/hdmi0_inst/inst/serial_r/oserdes_s/RST
                            (rising edge-triggered cell OSERDESE2 clocked by clk_out1_clk_wiz_0  {rise@0.000ns fall@6.737ns period=13.474ns})
  Path Group:             (none)
  Path Type:              Setup (Max at Slow Process Corner)
  Data Path Delay:        4.245ns  (logic 0.124ns (2.921%)  route 4.121ns (97.079%))
  Logic Levels:           1  (LUT2=1)
  Clock Uncertainty:      0.843ns  ((TSJ^2 + DJ^2)^1/2) / 2 + PE
    Total System Jitter     (TSJ):    0.050ns
    Discrete Jitter          (DJ):    0.462ns
    Phase Error              (PE):    0.611ns

    Location             Delay type                Incr(ns)  Path(ns)    Netlist Resource(s)
  -------------------------------------------------------------------    -------------------
    MMCME2_ADV_X0Y0      MMCME2_ADV                   0.000     0.000 f  acquireToHDMIwithZynq_i/acquireToDisplay_AXI_0/U0/acquireToDisplay_AXI_slave_lite_v1_0_S00_AXI_inst/oscilloscope_inst/datapath_inst/vc/inst/mmcm_adv_inst/LOCKED
                         net (fo=1, routed)           1.872     1.872    acquireToHDMIwithZynq_i/acquireToDisplay_AXI_0/U0/acquireToDisplay_AXI_slave_lite_v1_0_S00_AXI_inst/oscilloscope_inst/datapath_inst/hdmi0_inst/inst/encr/pix_clk_locked
    SLICE_X35Y23         LUT2 (Prop_lut2_I1_O)        0.124     1.996 r  acquireToHDMIwithZynq_i/acquireToDisplay_AXI_0/U0/acquireToDisplay_AXI_slave_lite_v1_0_S00_AXI_inst/oscilloscope_inst/datapath_inst/hdmi0_inst/inst/encr/oserdes_m_i_1/O
                         net (fo=50, routed)          2.249     4.245    acquireToHDMIwithZynq_i/acquireToDisplay_AXI_0/U0/acquireToDisplay_AXI_slave_lite_v1_0_S00_AXI_inst/oscilloscope_inst/datapath_inst/hdmi0_inst/inst/serial_r/AR[0]
    OLOGIC_X0Y21         OSERDESE2                                    r  acquireToHDMIwithZynq_i/acquireToDisplay_AXI_0/U0/acquireToDisplay_AXI_slave_lite_v1_0_S00_AXI_inst/oscilloscope_inst/datapath_inst/hdmi0_inst/inst/serial_r/oserdes_s/RST
  -------------------------------------------------------------------    -------------------

                         (clock clk_out1_clk_wiz_0 rise edge)
                                                      0.000     0.000 r  
    BUFGCTRL_X0Y0        BUFG                         0.000     0.000 r  acquireToHDMIwithZynq_i/processing_system7_0/inst/buffer_fclk_clk_0.FCLK_CLK_0_BUFG/O
                         net (fo=1484, routed)        1.487     1.487    acquireToHDMIwithZynq_i/acquireToDisplay_AXI_0/U0/acquireToDisplay_AXI_slave_lite_v1_0_S00_AXI_inst/oscilloscope_inst/datapath_inst/vc/inst/clk_in1
    MMCME2_ADV_X0Y0      MMCME2_ADV (Prop_mmcme2_adv_CLKIN1_CLKOUT0)
                                                     -3.177    -1.690 r  acquireToHDMIwithZynq_i/acquireToDisplay_AXI_0/U0/acquireToDisplay_AXI_slave_lite_v1_0_S00_AXI_inst/oscilloscope_inst/datapath_inst/vc/inst/mmcm_adv_inst/CLKOUT0
                         net (fo=1, routed)           1.599    -0.091    acquireToHDMIwithZynq_i/acquireToDisplay_AXI_0/U0/acquireToDisplay_AXI_slave_lite_v1_0_S00_AXI_inst/oscilloscope_inst/datapath_inst/vc/inst/clk_out1_clk_wiz_0
    BUFGCTRL_X0Y1        BUFG (Prop_bufg_I_O)         0.091     0.000 r  acquireToHDMIwithZynq_i/acquireToDisplay_AXI_0/U0/acquireToDisplay_AXI_slave_lite_v1_0_S00_AXI_inst/oscilloscope_inst/datapath_inst/vc/inst/clkout1_buf/O
                         net (fo=224, routed)         1.545     1.545    acquireToHDMIwithZynq_i/acquireToDisplay_AXI_0/U0/acquireToDisplay_AXI_slave_lite_v1_0_S00_AXI_inst/oscilloscope_inst/datapath_inst/hdmi0_inst/inst/serial_r/pix_clk
    OLOGIC_X0Y21         OSERDESE2                                    r  acquireToHDMIwithZynq_i/acquireToDisplay_AXI_0/U0/acquireToDisplay_AXI_slave_lite_v1_0_S00_AXI_inst/oscilloscope_inst/datapath_inst/hdmi0_inst/inst/serial_r/oserdes_s/CLKDIV

Slack:                    inf
  Source:                 acquireToHDMIwithZynq_i/acquireToDisplay_AXI_0/U0/acquireToDisplay_AXI_slave_lite_v1_0_S00_AXI_inst/oscilloscope_inst/datapath_inst/vc/inst/mmcm_adv_inst/LOCKED
                            (internal pin)
  Destination:            acquireToHDMIwithZynq_i/acquireToDisplay_AXI_0/U0/acquireToDisplay_AXI_slave_lite_v1_0_S00_AXI_inst/oscilloscope_inst/datapath_inst/hdmi0_inst/inst/serial_clk/oserdes_m/RST
                            (rising edge-triggered cell OSERDESE2 clocked by clk_out1_clk_wiz_0  {rise@0.000ns fall@6.737ns period=13.474ns})
  Path Group:             (none)
  Path Type:              Setup (Max at Slow Process Corner)
  Data Path Delay:        4.236ns  (logic 0.124ns (2.927%)  route 4.112ns (97.073%))
  Logic Levels:           1  (LUT2=1)
  Clock Uncertainty:      0.843ns  ((TSJ^2 + DJ^2)^1/2) / 2 + PE
    Total System Jitter     (TSJ):    0.050ns
    Discrete Jitter          (DJ):    0.462ns
    Phase Error              (PE):    0.611ns

    Location             Delay type                Incr(ns)  Path(ns)    Netlist Resource(s)
  -------------------------------------------------------------------    -------------------
    MMCME2_ADV_X0Y0      MMCME2_ADV                   0.000     0.000 f  acquireToHDMIwithZynq_i/acquireToDisplay_AXI_0/U0/acquireToDisplay_AXI_slave_lite_v1_0_S00_AXI_inst/oscilloscope_inst/datapath_inst/vc/inst/mmcm_adv_inst/LOCKED
                         net (fo=1, routed)           1.872     1.872    acquireToHDMIwithZynq_i/acquireToDisplay_AXI_0/U0/acquireToDisplay_AXI_slave_lite_v1_0_S00_AXI_inst/oscilloscope_inst/datapath_inst/hdmi0_inst/inst/encr/pix_clk_locked
    SLICE_X35Y23         LUT2 (Prop_lut2_I1_O)        0.124     1.996 r  acquireToHDMIwithZynq_i/acquireToDisplay_AXI_0/U0/acquireToDisplay_AXI_slave_lite_v1_0_S00_AXI_inst/oscilloscope_inst/datapath_inst/hdmi0_inst/inst/encr/oserdes_m_i_1/O
                         net (fo=50, routed)          2.240     4.236    acquireToHDMIwithZynq_i/acquireToDisplay_AXI_0/U0/acquireToDisplay_AXI_slave_lite_v1_0_S00_AXI_inst/oscilloscope_inst/datapath_inst/hdmi0_inst/inst/serial_clk/AR[0]
    OLOGIC_X0Y24         OSERDESE2                                    r  acquireToHDMIwithZynq_i/acquireToDisplay_AXI_0/U0/acquireToDisplay_AXI_slave_lite_v1_0_S00_AXI_inst/oscilloscope_inst/datapath_inst/hdmi0_inst/inst/serial_clk/oserdes_m/RST
  -------------------------------------------------------------------    -------------------

                         (clock clk_out1_clk_wiz_0 rise edge)
                                                      0.000     0.000 r  
    BUFGCTRL_X0Y0        BUFG                         0.000     0.000 r  acquireToHDMIwithZynq_i/processing_system7_0/inst/buffer_fclk_clk_0.FCLK_CLK_0_BUFG/O
                         net (fo=1484, routed)        1.487     1.487    acquireToHDMIwithZynq_i/acquireToDisplay_AXI_0/U0/acquireToDisplay_AXI_slave_lite_v1_0_S00_AXI_inst/oscilloscope_inst/datapath_inst/vc/inst/clk_in1
    MMCME2_ADV_X0Y0      MMCME2_ADV (Prop_mmcme2_adv_CLKIN1_CLKOUT0)
                                                     -3.177    -1.690 r  acquireToHDMIwithZynq_i/acquireToDisplay_AXI_0/U0/acquireToDisplay_AXI_slave_lite_v1_0_S00_AXI_inst/oscilloscope_inst/datapath_inst/vc/inst/mmcm_adv_inst/CLKOUT0
                         net (fo=1, routed)           1.599    -0.091    acquireToHDMIwithZynq_i/acquireToDisplay_AXI_0/U0/acquireToDisplay_AXI_slave_lite_v1_0_S00_AXI_inst/oscilloscope_inst/datapath_inst/vc/inst/clk_out1_clk_wiz_0
    BUFGCTRL_X0Y1        BUFG (Prop_bufg_I_O)         0.091     0.000 r  acquireToHDMIwithZynq_i/acquireToDisplay_AXI_0/U0/acquireToDisplay_AXI_slave_lite_v1_0_S00_AXI_inst/oscilloscope_inst/datapath_inst/vc/inst/clkout1_buf/O
                         net (fo=224, routed)         1.543     1.543    acquireToHDMIwithZynq_i/acquireToDisplay_AXI_0/U0/acquireToDisplay_AXI_slave_lite_v1_0_S00_AXI_inst/oscilloscope_inst/datapath_inst/hdmi0_inst/inst/serial_clk/pix_clk
    OLOGIC_X0Y24         OSERDESE2                                    r  acquireToHDMIwithZynq_i/acquireToDisplay_AXI_0/U0/acquireToDisplay_AXI_slave_lite_v1_0_S00_AXI_inst/oscilloscope_inst/datapath_inst/hdmi0_inst/inst/serial_clk/oserdes_m/CLKDIV

Slack:                    inf
  Source:                 acquireToHDMIwithZynq_i/acquireToDisplay_AXI_0/U0/acquireToDisplay_AXI_slave_lite_v1_0_S00_AXI_inst/oscilloscope_inst/datapath_inst/vc/inst/mmcm_adv_inst/LOCKED
                            (internal pin)
  Destination:            acquireToHDMIwithZynq_i/acquireToDisplay_AXI_0/U0/acquireToDisplay_AXI_slave_lite_v1_0_S00_AXI_inst/oscilloscope_inst/datapath_inst/hdmi0_inst/inst/serial_g/oserdes_s/RST
                            (rising edge-triggered cell OSERDESE2 clocked by clk_out1_clk_wiz_0  {rise@0.000ns fall@6.737ns period=13.474ns})
  Path Group:             (none)
  Path Type:              Setup (Max at Slow Process Corner)
  Data Path Delay:        4.219ns  (logic 0.124ns (2.939%)  route 4.095ns (97.061%))
  Logic Levels:           1  (LUT2=1)
  Clock Uncertainty:      0.843ns  ((TSJ^2 + DJ^2)^1/2) / 2 + PE
    Total System Jitter     (TSJ):    0.050ns
    Discrete Jitter          (DJ):    0.462ns
    Phase Error              (PE):    0.611ns

    Location             Delay type                Incr(ns)  Path(ns)    Netlist Resource(s)
  -------------------------------------------------------------------    -------------------
    MMCME2_ADV_X0Y0      MMCME2_ADV                   0.000     0.000 f  acquireToHDMIwithZynq_i/acquireToDisplay_AXI_0/U0/acquireToDisplay_AXI_slave_lite_v1_0_S00_AXI_inst/oscilloscope_inst/datapath_inst/vc/inst/mmcm_adv_inst/LOCKED
                         net (fo=1, routed)           1.872     1.872    acquireToHDMIwithZynq_i/acquireToDisplay_AXI_0/U0/acquireToDisplay_AXI_slave_lite_v1_0_S00_AXI_inst/oscilloscope_inst/datapath_inst/hdmi0_inst/inst/encr/pix_clk_locked
    SLICE_X35Y23         LUT2 (Prop_lut2_I1_O)        0.124     1.996 r  acquireToHDMIwithZynq_i/acquireToDisplay_AXI_0/U0/acquireToDisplay_AXI_slave_lite_v1_0_S00_AXI_inst/oscilloscope_inst/datapath_inst/hdmi0_inst/inst/encr/oserdes_m_i_1/O
                         net (fo=50, routed)          2.223     4.219    acquireToHDMIwithZynq_i/acquireToDisplay_AXI_0/U0/acquireToDisplay_AXI_slave_lite_v1_0_S00_AXI_inst/oscilloscope_inst/datapath_inst/hdmi0_inst/inst/serial_g/AR[0]
    OLOGIC_X0Y19         OSERDESE2                                    r  acquireToHDMIwithZynq_i/acquireToDisplay_AXI_0/U0/acquireToDisplay_AXI_slave_lite_v1_0_S00_AXI_inst/oscilloscope_inst/datapath_inst/hdmi0_inst/inst/serial_g/oserdes_s/RST
  -------------------------------------------------------------------    -------------------

                         (clock clk_out1_clk_wiz_0 rise edge)
                                                      0.000     0.000 r  
    BUFGCTRL_X0Y0        BUFG                         0.000     0.000 r  acquireToHDMIwithZynq_i/processing_system7_0/inst/buffer_fclk_clk_0.FCLK_CLK_0_BUFG/O
                         net (fo=1484, routed)        1.487     1.487    acquireToHDMIwithZynq_i/acquireToDisplay_AXI_0/U0/acquireToDisplay_AXI_slave_lite_v1_0_S00_AXI_inst/oscilloscope_inst/datapath_inst/vc/inst/clk_in1
    MMCME2_ADV_X0Y0      MMCME2_ADV (Prop_mmcme2_adv_CLKIN1_CLKOUT0)
                                                     -3.177    -1.690 r  acquireToHDMIwithZynq_i/acquireToDisplay_AXI_0/U0/acquireToDisplay_AXI_slave_lite_v1_0_S00_AXI_inst/oscilloscope_inst/datapath_inst/vc/inst/mmcm_adv_inst/CLKOUT0
                         net (fo=1, routed)           1.599    -0.091    acquireToHDMIwithZynq_i/acquireToDisplay_AXI_0/U0/acquireToDisplay_AXI_slave_lite_v1_0_S00_AXI_inst/oscilloscope_inst/datapath_inst/vc/inst/clk_out1_clk_wiz_0
    BUFGCTRL_X0Y1        BUFG (Prop_bufg_I_O)         0.091     0.000 r  acquireToHDMIwithZynq_i/acquireToDisplay_AXI_0/U0/acquireToDisplay_AXI_slave_lite_v1_0_S00_AXI_inst/oscilloscope_inst/datapath_inst/vc/inst/clkout1_buf/O
                         net (fo=224, routed)         1.546     1.546    acquireToHDMIwithZynq_i/acquireToDisplay_AXI_0/U0/acquireToDisplay_AXI_slave_lite_v1_0_S00_AXI_inst/oscilloscope_inst/datapath_inst/hdmi0_inst/inst/serial_g/pix_clk
    OLOGIC_X0Y19         OSERDESE2                                    r  acquireToHDMIwithZynq_i/acquireToDisplay_AXI_0/U0/acquireToDisplay_AXI_slave_lite_v1_0_S00_AXI_inst/oscilloscope_inst/datapath_inst/hdmi0_inst/inst/serial_g/oserdes_s/CLKDIV

Slack:                    inf
  Source:                 acquireToHDMIwithZynq_i/acquireToDisplay_AXI_0/U0/acquireToDisplay_AXI_slave_lite_v1_0_S00_AXI_inst/oscilloscope_inst/datapath_inst/vc/inst/mmcm_adv_inst/LOCKED
                            (internal pin)
  Destination:            acquireToHDMIwithZynq_i/acquireToDisplay_AXI_0/U0/acquireToDisplay_AXI_slave_lite_v1_0_S00_AXI_inst/oscilloscope_inst/datapath_inst/hdmi0_inst/inst/serial_b/oserdes_m/RST
                            (rising edge-triggered cell OSERDESE2 clocked by clk_out1_clk_wiz_0  {rise@0.000ns fall@6.737ns period=13.474ns})
  Path Group:             (none)
  Path Type:              Setup (Max at Slow Process Corner)
  Data Path Delay:        4.217ns  (logic 0.124ns (2.941%)  route 4.093ns (97.059%))
  Logic Levels:           1  (LUT2=1)
  Clock Uncertainty:      0.843ns  ((TSJ^2 + DJ^2)^1/2) / 2 + PE
    Total System Jitter     (TSJ):    0.050ns
    Discrete Jitter          (DJ):    0.462ns
    Phase Error              (PE):    0.611ns

    Location             Delay type                Incr(ns)  Path(ns)    Netlist Resource(s)
  -------------------------------------------------------------------    -------------------
    MMCME2_ADV_X0Y0      MMCME2_ADV                   0.000     0.000 f  acquireToHDMIwithZynq_i/acquireToDisplay_AXI_0/U0/acquireToDisplay_AXI_slave_lite_v1_0_S00_AXI_inst/oscilloscope_inst/datapath_inst/vc/inst/mmcm_adv_inst/LOCKED
                         net (fo=1, routed)           1.872     1.872    acquireToHDMIwithZynq_i/acquireToDisplay_AXI_0/U0/acquireToDisplay_AXI_slave_lite_v1_0_S00_AXI_inst/oscilloscope_inst/datapath_inst/hdmi0_inst/inst/encr/pix_clk_locked
    SLICE_X35Y23         LUT2 (Prop_lut2_I1_O)        0.124     1.996 r  acquireToHDMIwithZynq_i/acquireToDisplay_AXI_0/U0/acquireToDisplay_AXI_slave_lite_v1_0_S00_AXI_inst/oscilloscope_inst/datapath_inst/hdmi0_inst/inst/encr/oserdes_m_i_1/O
                         net (fo=50, routed)          2.221     4.217    acquireToHDMIwithZynq_i/acquireToDisplay_AXI_0/U0/acquireToDisplay_AXI_slave_lite_v1_0_S00_AXI_inst/oscilloscope_inst/datapath_inst/hdmi0_inst/inst/serial_b/AR[0]
    OLOGIC_X0Y18         OSERDESE2                                    r  acquireToHDMIwithZynq_i/acquireToDisplay_AXI_0/U0/acquireToDisplay_AXI_slave_lite_v1_0_S00_AXI_inst/oscilloscope_inst/datapath_inst/hdmi0_inst/inst/serial_b/oserdes_m/RST
  -------------------------------------------------------------------    -------------------

                         (clock clk_out1_clk_wiz_0 rise edge)
                                                      0.000     0.000 r  
    BUFGCTRL_X0Y0        BUFG                         0.000     0.000 r  acquireToHDMIwithZynq_i/processing_system7_0/inst/buffer_fclk_clk_0.FCLK_CLK_0_BUFG/O
                         net (fo=1484, routed)        1.487     1.487    acquireToHDMIwithZynq_i/acquireToDisplay_AXI_0/U0/acquireToDisplay_AXI_slave_lite_v1_0_S00_AXI_inst/oscilloscope_inst/datapath_inst/vc/inst/clk_in1
    MMCME2_ADV_X0Y0      MMCME2_ADV (Prop_mmcme2_adv_CLKIN1_CLKOUT0)
                                                     -3.177    -1.690 r  acquireToHDMIwithZynq_i/acquireToDisplay_AXI_0/U0/acquireToDisplay_AXI_slave_lite_v1_0_S00_AXI_inst/oscilloscope_inst/datapath_inst/vc/inst/mmcm_adv_inst/CLKOUT0
                         net (fo=1, routed)           1.599    -0.091    acquireToHDMIwithZynq_i/acquireToDisplay_AXI_0/U0/acquireToDisplay_AXI_slave_lite_v1_0_S00_AXI_inst/oscilloscope_inst/datapath_inst/vc/inst/clk_out1_clk_wiz_0
    BUFGCTRL_X0Y1        BUFG (Prop_bufg_I_O)         0.091     0.000 r  acquireToHDMIwithZynq_i/acquireToDisplay_AXI_0/U0/acquireToDisplay_AXI_slave_lite_v1_0_S00_AXI_inst/oscilloscope_inst/datapath_inst/vc/inst/clkout1_buf/O
                         net (fo=224, routed)         1.549     1.549    acquireToHDMIwithZynq_i/acquireToDisplay_AXI_0/U0/acquireToDisplay_AXI_slave_lite_v1_0_S00_AXI_inst/oscilloscope_inst/datapath_inst/hdmi0_inst/inst/serial_b/pix_clk
    OLOGIC_X0Y18         OSERDESE2                                    r  acquireToHDMIwithZynq_i/acquireToDisplay_AXI_0/U0/acquireToDisplay_AXI_slave_lite_v1_0_S00_AXI_inst/oscilloscope_inst/datapath_inst/hdmi0_inst/inst/serial_b/oserdes_m/CLKDIV

Slack:                    inf
  Source:                 acquireToHDMIwithZynq_i/acquireToDisplay_AXI_0/U0/acquireToDisplay_AXI_slave_lite_v1_0_S00_AXI_inst/oscilloscope_inst/datapath_inst/vc/inst/mmcm_adv_inst/LOCKED
                            (internal pin)
  Destination:            acquireToHDMIwithZynq_i/acquireToDisplay_AXI_0/U0/acquireToDisplay_AXI_slave_lite_v1_0_S00_AXI_inst/oscilloscope_inst/datapath_inst/hdmi0_inst/inst/serial_clk/oserdes_s/RST
                            (rising edge-triggered cell OSERDESE2 clocked by clk_out1_clk_wiz_0  {rise@0.000ns fall@6.737ns period=13.474ns})
  Path Group:             (none)
  Path Type:              Setup (Max at Slow Process Corner)
  Data Path Delay:        4.178ns  (logic 0.124ns (2.968%)  route 4.054ns (97.032%))
  Logic Levels:           1  (LUT2=1)
  Clock Uncertainty:      0.843ns  ((TSJ^2 + DJ^2)^1/2) / 2 + PE
    Total System Jitter     (TSJ):    0.050ns
    Discrete Jitter          (DJ):    0.462ns
    Phase Error              (PE):    0.611ns

    Location             Delay type                Incr(ns)  Path(ns)    Netlist Resource(s)
  -------------------------------------------------------------------    -------------------
    MMCME2_ADV_X0Y0      MMCME2_ADV                   0.000     0.000 f  acquireToHDMIwithZynq_i/acquireToDisplay_AXI_0/U0/acquireToDisplay_AXI_slave_lite_v1_0_S00_AXI_inst/oscilloscope_inst/datapath_inst/vc/inst/mmcm_adv_inst/LOCKED
                         net (fo=1, routed)           1.872     1.872    acquireToHDMIwithZynq_i/acquireToDisplay_AXI_0/U0/acquireToDisplay_AXI_slave_lite_v1_0_S00_AXI_inst/oscilloscope_inst/datapath_inst/hdmi0_inst/inst/encr/pix_clk_locked
    SLICE_X35Y23         LUT2 (Prop_lut2_I1_O)        0.124     1.996 r  acquireToHDMIwithZynq_i/acquireToDisplay_AXI_0/U0/acquireToDisplay_AXI_slave_lite_v1_0_S00_AXI_inst/oscilloscope_inst/datapath_inst/hdmi0_inst/inst/encr/oserdes_m_i_1/O
                         net (fo=50, routed)          2.182     4.178    acquireToHDMIwithZynq_i/acquireToDisplay_AXI_0/U0/acquireToDisplay_AXI_slave_lite_v1_0_S00_AXI_inst/oscilloscope_inst/datapath_inst/hdmi0_inst/inst/serial_clk/AR[0]
    OLOGIC_X0Y23         OSERDESE2                                    r  acquireToHDMIwithZynq_i/acquireToDisplay_AXI_0/U0/acquireToDisplay_AXI_slave_lite_v1_0_S00_AXI_inst/oscilloscope_inst/datapath_inst/hdmi0_inst/inst/serial_clk/oserdes_s/RST
  -------------------------------------------------------------------    -------------------

                         (clock clk_out1_clk_wiz_0 rise edge)
                                                      0.000     0.000 r  
    BUFGCTRL_X0Y0        BUFG                         0.000     0.000 r  acquireToHDMIwithZynq_i/processing_system7_0/inst/buffer_fclk_clk_0.FCLK_CLK_0_BUFG/O
                         net (fo=1484, routed)        1.487     1.487    acquireToHDMIwithZynq_i/acquireToDisplay_AXI_0/U0/acquireToDisplay_AXI_slave_lite_v1_0_S00_AXI_inst/oscilloscope_inst/datapath_inst/vc/inst/clk_in1
    MMCME2_ADV_X0Y0      MMCME2_ADV (Prop_mmcme2_adv_CLKIN1_CLKOUT0)
                                                     -3.177    -1.690 r  acquireToHDMIwithZynq_i/acquireToDisplay_AXI_0/U0/acquireToDisplay_AXI_slave_lite_v1_0_S00_AXI_inst/oscilloscope_inst/datapath_inst/vc/inst/mmcm_adv_inst/CLKOUT0
                         net (fo=1, routed)           1.599    -0.091    acquireToHDMIwithZynq_i/acquireToDisplay_AXI_0/U0/acquireToDisplay_AXI_slave_lite_v1_0_S00_AXI_inst/oscilloscope_inst/datapath_inst/vc/inst/clk_out1_clk_wiz_0
    BUFGCTRL_X0Y1        BUFG (Prop_bufg_I_O)         0.091     0.000 r  acquireToHDMIwithZynq_i/acquireToDisplay_AXI_0/U0/acquireToDisplay_AXI_slave_lite_v1_0_S00_AXI_inst/oscilloscope_inst/datapath_inst/vc/inst/clkout1_buf/O
                         net (fo=224, routed)         1.543     1.543    acquireToHDMIwithZynq_i/acquireToDisplay_AXI_0/U0/acquireToDisplay_AXI_slave_lite_v1_0_S00_AXI_inst/oscilloscope_inst/datapath_inst/hdmi0_inst/inst/serial_clk/pix_clk
    OLOGIC_X0Y23         OSERDESE2                                    r  acquireToHDMIwithZynq_i/acquireToDisplay_AXI_0/U0/acquireToDisplay_AXI_slave_lite_v1_0_S00_AXI_inst/oscilloscope_inst/datapath_inst/hdmi0_inst/inst/serial_clk/oserdes_s/CLKDIV

Slack:                    inf
  Source:                 acquireToHDMIwithZynq_i/acquireToDisplay_AXI_0/U0/acquireToDisplay_AXI_slave_lite_v1_0_S00_AXI_inst/oscilloscope_inst/datapath_inst/vc/inst/mmcm_adv_inst/LOCKED
                            (internal pin)
  Destination:            acquireToHDMIwithZynq_i/acquireToDisplay_AXI_0/U0/acquireToDisplay_AXI_slave_lite_v1_0_S00_AXI_inst/oscilloscope_inst/datapath_inst/hdmi0_inst/inst/serial_b/oserdes_s/RST
                            (rising edge-triggered cell OSERDESE2 clocked by clk_out1_clk_wiz_0  {rise@0.000ns fall@6.737ns period=13.474ns})
  Path Group:             (none)
  Path Type:              Setup (Max at Slow Process Corner)
  Data Path Delay:        4.079ns  (logic 0.124ns (3.040%)  route 3.955ns (96.960%))
  Logic Levels:           1  (LUT2=1)
  Clock Uncertainty:      0.843ns  ((TSJ^2 + DJ^2)^1/2) / 2 + PE
    Total System Jitter     (TSJ):    0.050ns
    Discrete Jitter          (DJ):    0.462ns
    Phase Error              (PE):    0.611ns

    Location             Delay type                Incr(ns)  Path(ns)    Netlist Resource(s)
  -------------------------------------------------------------------    -------------------
    MMCME2_ADV_X0Y0      MMCME2_ADV                   0.000     0.000 f  acquireToHDMIwithZynq_i/acquireToDisplay_AXI_0/U0/acquireToDisplay_AXI_slave_lite_v1_0_S00_AXI_inst/oscilloscope_inst/datapath_inst/vc/inst/mmcm_adv_inst/LOCKED
                         net (fo=1, routed)           1.872     1.872    acquireToHDMIwithZynq_i/acquireToDisplay_AXI_0/U0/acquireToDisplay_AXI_slave_lite_v1_0_S00_AXI_inst/oscilloscope_inst/datapath_inst/hdmi0_inst/inst/encr/pix_clk_locked
    SLICE_X35Y23         LUT2 (Prop_lut2_I1_O)        0.124     1.996 r  acquireToHDMIwithZynq_i/acquireToDisplay_AXI_0/U0/acquireToDisplay_AXI_slave_lite_v1_0_S00_AXI_inst/oscilloscope_inst/datapath_inst/hdmi0_inst/inst/encr/oserdes_m_i_1/O
                         net (fo=50, routed)          2.083     4.079    acquireToHDMIwithZynq_i/acquireToDisplay_AXI_0/U0/acquireToDisplay_AXI_slave_lite_v1_0_S00_AXI_inst/oscilloscope_inst/datapath_inst/hdmi0_inst/inst/serial_b/AR[0]
    OLOGIC_X0Y17         OSERDESE2                                    r  acquireToHDMIwithZynq_i/acquireToDisplay_AXI_0/U0/acquireToDisplay_AXI_slave_lite_v1_0_S00_AXI_inst/oscilloscope_inst/datapath_inst/hdmi0_inst/inst/serial_b/oserdes_s/RST
  -------------------------------------------------------------------    -------------------

                         (clock clk_out1_clk_wiz_0 rise edge)
                                                      0.000     0.000 r  
    BUFGCTRL_X0Y0        BUFG                         0.000     0.000 r  acquireToHDMIwithZynq_i/processing_system7_0/inst/buffer_fclk_clk_0.FCLK_CLK_0_BUFG/O
                         net (fo=1484, routed)        1.487     1.487    acquireToHDMIwithZynq_i/acquireToDisplay_AXI_0/U0/acquireToDisplay_AXI_slave_lite_v1_0_S00_AXI_inst/oscilloscope_inst/datapath_inst/vc/inst/clk_in1
    MMCME2_ADV_X0Y0      MMCME2_ADV (Prop_mmcme2_adv_CLKIN1_CLKOUT0)
                                                     -3.177    -1.690 r  acquireToHDMIwithZynq_i/acquireToDisplay_AXI_0/U0/acquireToDisplay_AXI_slave_lite_v1_0_S00_AXI_inst/oscilloscope_inst/datapath_inst/vc/inst/mmcm_adv_inst/CLKOUT0
                         net (fo=1, routed)           1.599    -0.091    acquireToHDMIwithZynq_i/acquireToDisplay_AXI_0/U0/acquireToDisplay_AXI_slave_lite_v1_0_S00_AXI_inst/oscilloscope_inst/datapath_inst/vc/inst/clk_out1_clk_wiz_0
    BUFGCTRL_X0Y1        BUFG (Prop_bufg_I_O)         0.091     0.000 r  acquireToHDMIwithZynq_i/acquireToDisplay_AXI_0/U0/acquireToDisplay_AXI_slave_lite_v1_0_S00_AXI_inst/oscilloscope_inst/datapath_inst/vc/inst/clkout1_buf/O
                         net (fo=224, routed)         1.549     1.549    acquireToHDMIwithZynq_i/acquireToDisplay_AXI_0/U0/acquireToDisplay_AXI_slave_lite_v1_0_S00_AXI_inst/oscilloscope_inst/datapath_inst/hdmi0_inst/inst/serial_b/pix_clk
    OLOGIC_X0Y17         OSERDESE2                                    r  acquireToHDMIwithZynq_i/acquireToDisplay_AXI_0/U0/acquireToDisplay_AXI_slave_lite_v1_0_S00_AXI_inst/oscilloscope_inst/datapath_inst/hdmi0_inst/inst/serial_b/oserdes_s/CLKDIV

Slack:                    inf
  Source:                 acquireToHDMIwithZynq_i/acquireToDisplay_AXI_0/U0/acquireToDisplay_AXI_slave_lite_v1_0_S00_AXI_inst/oscilloscope_inst/datapath_inst/vc/inst/mmcm_adv_inst/LOCKED
                            (internal pin)
  Destination:            acquireToHDMIwithZynq_i/acquireToDisplay_AXI_0/U0/acquireToDisplay_AXI_slave_lite_v1_0_S00_AXI_inst/oscilloscope_inst/datapath_inst/hdmi0_inst/inst/encb/cnt_reg[3]/CLR
                            (recovery check against rising-edge clock clk_out1_clk_wiz_0  {rise@0.000ns fall@6.737ns period=13.474ns})
  Path Group:             (none)
  Path Type:              Recovery (Max at Slow Process Corner)
  Data Path Delay:        3.107ns  (logic 0.124ns (3.990%)  route 2.983ns (96.010%))
  Logic Levels:           1  (LUT2=1)
  Clock Uncertainty:      0.843ns  ((TSJ^2 + DJ^2)^1/2) / 2 + PE
    Total System Jitter     (TSJ):    0.050ns
    Discrete Jitter          (DJ):    0.462ns
    Phase Error              (PE):    0.611ns

    Location             Delay type                Incr(ns)  Path(ns)    Netlist Resource(s)
  -------------------------------------------------------------------    -------------------
    MMCME2_ADV_X0Y0      MMCME2_ADV                   0.000     0.000 r  acquireToHDMIwithZynq_i/acquireToDisplay_AXI_0/U0/acquireToDisplay_AXI_slave_lite_v1_0_S00_AXI_inst/oscilloscope_inst/datapath_inst/vc/inst/mmcm_adv_inst/LOCKED
                         net (fo=1, routed)           1.872     1.872    acquireToHDMIwithZynq_i/acquireToDisplay_AXI_0/U0/acquireToDisplay_AXI_slave_lite_v1_0_S00_AXI_inst/oscilloscope_inst/datapath_inst/hdmi0_inst/inst/encr/pix_clk_locked
    SLICE_X35Y23         LUT2 (Prop_lut2_I1_O)        0.124     1.996 f  acquireToHDMIwithZynq_i/acquireToDisplay_AXI_0/U0/acquireToDisplay_AXI_slave_lite_v1_0_S00_AXI_inst/oscilloscope_inst/datapath_inst/hdmi0_inst/inst/encr/oserdes_m_i_1/O
                         net (fo=50, routed)          1.112     3.107    acquireToHDMIwithZynq_i/acquireToDisplay_AXI_0/U0/acquireToDisplay_AXI_slave_lite_v1_0_S00_AXI_inst/oscilloscope_inst/datapath_inst/hdmi0_inst/inst/encb/AR[0]
    SLICE_X36Y24         FDCE                                         f  acquireToHDMIwithZynq_i/acquireToDisplay_AXI_0/U0/acquireToDisplay_AXI_slave_lite_v1_0_S00_AXI_inst/oscilloscope_inst/datapath_inst/hdmi0_inst/inst/encb/cnt_reg[3]/CLR
  -------------------------------------------------------------------    -------------------

                         (clock clk_out1_clk_wiz_0 rise edge)
                                                      0.000     0.000 r  
    BUFGCTRL_X0Y0        BUFG                         0.000     0.000 r  acquireToHDMIwithZynq_i/processing_system7_0/inst/buffer_fclk_clk_0.FCLK_CLK_0_BUFG/O
                         net (fo=1484, routed)        1.487     1.487    acquireToHDMIwithZynq_i/acquireToDisplay_AXI_0/U0/acquireToDisplay_AXI_slave_lite_v1_0_S00_AXI_inst/oscilloscope_inst/datapath_inst/vc/inst/clk_in1
    MMCME2_ADV_X0Y0      MMCME2_ADV (Prop_mmcme2_adv_CLKIN1_CLKOUT0)
                                                     -3.177    -1.690 r  acquireToHDMIwithZynq_i/acquireToDisplay_AXI_0/U0/acquireToDisplay_AXI_slave_lite_v1_0_S00_AXI_inst/oscilloscope_inst/datapath_inst/vc/inst/mmcm_adv_inst/CLKOUT0
                         net (fo=1, routed)           1.599    -0.091    acquireToHDMIwithZynq_i/acquireToDisplay_AXI_0/U0/acquireToDisplay_AXI_slave_lite_v1_0_S00_AXI_inst/oscilloscope_inst/datapath_inst/vc/inst/clk_out1_clk_wiz_0
    BUFGCTRL_X0Y1        BUFG (Prop_bufg_I_O)         0.091     0.000 r  acquireToHDMIwithZynq_i/acquireToDisplay_AXI_0/U0/acquireToDisplay_AXI_slave_lite_v1_0_S00_AXI_inst/oscilloscope_inst/datapath_inst/vc/inst/clkout1_buf/O
                         net (fo=224, routed)         1.558     1.558    acquireToHDMIwithZynq_i/acquireToDisplay_AXI_0/U0/acquireToDisplay_AXI_slave_lite_v1_0_S00_AXI_inst/oscilloscope_inst/datapath_inst/hdmi0_inst/inst/encb/pix_clk
    SLICE_X36Y24         FDCE                                         r  acquireToHDMIwithZynq_i/acquireToDisplay_AXI_0/U0/acquireToDisplay_AXI_slave_lite_v1_0_S00_AXI_inst/oscilloscope_inst/datapath_inst/hdmi0_inst/inst/encb/cnt_reg[3]/C

Slack:                    inf
  Source:                 acquireToHDMIwithZynq_i/acquireToDisplay_AXI_0/U0/acquireToDisplay_AXI_slave_lite_v1_0_S00_AXI_inst/oscilloscope_inst/datapath_inst/vc/inst/mmcm_adv_inst/LOCKED
                            (internal pin)
  Destination:            acquireToHDMIwithZynq_i/acquireToDisplay_AXI_0/U0/acquireToDisplay_AXI_slave_lite_v1_0_S00_AXI_inst/oscilloscope_inst/datapath_inst/hdmi0_inst/inst/encb/dout_reg[6]/CLR
                            (recovery check against rising-edge clock clk_out1_clk_wiz_0  {rise@0.000ns fall@6.737ns period=13.474ns})
  Path Group:             (none)
  Path Type:              Recovery (Max at Slow Process Corner)
  Data Path Delay:        3.107ns  (logic 0.124ns (3.990%)  route 2.983ns (96.010%))
  Logic Levels:           1  (LUT2=1)
  Clock Uncertainty:      0.843ns  ((TSJ^2 + DJ^2)^1/2) / 2 + PE
    Total System Jitter     (TSJ):    0.050ns
    Discrete Jitter          (DJ):    0.462ns
    Phase Error              (PE):    0.611ns

    Location             Delay type                Incr(ns)  Path(ns)    Netlist Resource(s)
  -------------------------------------------------------------------    -------------------
    MMCME2_ADV_X0Y0      MMCME2_ADV                   0.000     0.000 r  acquireToHDMIwithZynq_i/acquireToDisplay_AXI_0/U0/acquireToDisplay_AXI_slave_lite_v1_0_S00_AXI_inst/oscilloscope_inst/datapath_inst/vc/inst/mmcm_adv_inst/LOCKED
                         net (fo=1, routed)           1.872     1.872    acquireToHDMIwithZynq_i/acquireToDisplay_AXI_0/U0/acquireToDisplay_AXI_slave_lite_v1_0_S00_AXI_inst/oscilloscope_inst/datapath_inst/hdmi0_inst/inst/encr/pix_clk_locked
    SLICE_X35Y23         LUT2 (Prop_lut2_I1_O)        0.124     1.996 f  acquireToHDMIwithZynq_i/acquireToDisplay_AXI_0/U0/acquireToDisplay_AXI_slave_lite_v1_0_S00_AXI_inst/oscilloscope_inst/datapath_inst/hdmi0_inst/inst/encr/oserdes_m_i_1/O
                         net (fo=50, routed)          1.112     3.107    acquireToHDMIwithZynq_i/acquireToDisplay_AXI_0/U0/acquireToDisplay_AXI_slave_lite_v1_0_S00_AXI_inst/oscilloscope_inst/datapath_inst/hdmi0_inst/inst/encb/AR[0]
    SLICE_X36Y24         FDCE                                         f  acquireToHDMIwithZynq_i/acquireToDisplay_AXI_0/U0/acquireToDisplay_AXI_slave_lite_v1_0_S00_AXI_inst/oscilloscope_inst/datapath_inst/hdmi0_inst/inst/encb/dout_reg[6]/CLR
  -------------------------------------------------------------------    -------------------

                         (clock clk_out1_clk_wiz_0 rise edge)
                                                      0.000     0.000 r  
    BUFGCTRL_X0Y0        BUFG                         0.000     0.000 r  acquireToHDMIwithZynq_i/processing_system7_0/inst/buffer_fclk_clk_0.FCLK_CLK_0_BUFG/O
                         net (fo=1484, routed)        1.487     1.487    acquireToHDMIwithZynq_i/acquireToDisplay_AXI_0/U0/acquireToDisplay_AXI_slave_lite_v1_0_S00_AXI_inst/oscilloscope_inst/datapath_inst/vc/inst/clk_in1
    MMCME2_ADV_X0Y0      MMCME2_ADV (Prop_mmcme2_adv_CLKIN1_CLKOUT0)
                                                     -3.177    -1.690 r  acquireToHDMIwithZynq_i/acquireToDisplay_AXI_0/U0/acquireToDisplay_AXI_slave_lite_v1_0_S00_AXI_inst/oscilloscope_inst/datapath_inst/vc/inst/mmcm_adv_inst/CLKOUT0
                         net (fo=1, routed)           1.599    -0.091    acquireToHDMIwithZynq_i/acquireToDisplay_AXI_0/U0/acquireToDisplay_AXI_slave_lite_v1_0_S00_AXI_inst/oscilloscope_inst/datapath_inst/vc/inst/clk_out1_clk_wiz_0
    BUFGCTRL_X0Y1        BUFG (Prop_bufg_I_O)         0.091     0.000 r  acquireToHDMIwithZynq_i/acquireToDisplay_AXI_0/U0/acquireToDisplay_AXI_slave_lite_v1_0_S00_AXI_inst/oscilloscope_inst/datapath_inst/vc/inst/clkout1_buf/O
                         net (fo=224, routed)         1.558     1.558    acquireToHDMIwithZynq_i/acquireToDisplay_AXI_0/U0/acquireToDisplay_AXI_slave_lite_v1_0_S00_AXI_inst/oscilloscope_inst/datapath_inst/hdmi0_inst/inst/encb/pix_clk
    SLICE_X36Y24         FDCE                                         r  acquireToHDMIwithZynq_i/acquireToDisplay_AXI_0/U0/acquireToDisplay_AXI_slave_lite_v1_0_S00_AXI_inst/oscilloscope_inst/datapath_inst/hdmi0_inst/inst/encb/dout_reg[6]/C





Min Delay Paths
--------------------------------------------------------------------------------------
Slack:                    inf
  Source:                 acquireToHDMIwithZynq_i/acquireToDisplay_AXI_0/U0/acquireToDisplay_AXI_slave_lite_v1_0_S00_AXI_inst/oscilloscope_inst/datapath_inst/vc/inst/mmcm_adv_inst/LOCKED
                            (internal pin)
  Destination:            acquireToHDMIwithZynq_i/acquireToDisplay_AXI_0/U0/acquireToDisplay_AXI_slave_lite_v1_0_S00_AXI_inst/oscilloscope_inst/datapath_inst/hdmi0_inst/inst/encb/dout_reg[1]/CLR
                            (removal check against rising-edge clock clk_out1_clk_wiz_0  {rise@0.000ns fall@6.737ns period=13.474ns})
  Path Group:             (none)
  Path Type:              Removal (Min at Fast Process Corner)
  Data Path Delay:        1.244ns  (logic 0.045ns (3.618%)  route 1.199ns (96.382%))
  Logic Levels:           1  (LUT2=1)
  Clock Uncertainty:      0.843ns  ((TSJ^2 + DJ^2)^1/2) / 2 + PE
    Total System Jitter     (TSJ):    0.050ns
    Discrete Jitter          (DJ):    0.462ns
    Phase Error              (PE):    0.611ns

    Location             Delay type                Incr(ns)  Path(ns)    Netlist Resource(s)
  -------------------------------------------------------------------    -------------------
    MMCME2_ADV_X0Y0      MMCME2_ADV                   0.000     0.000 r  acquireToHDMIwithZynq_i/acquireToDisplay_AXI_0/U0/acquireToDisplay_AXI_slave_lite_v1_0_S00_AXI_inst/oscilloscope_inst/datapath_inst/vc/inst/mmcm_adv_inst/LOCKED
                         net (fo=1, routed)           0.804     0.804    acquireToHDMIwithZynq_i/acquireToDisplay_AXI_0/U0/acquireToDisplay_AXI_slave_lite_v1_0_S00_AXI_inst/oscilloscope_inst/datapath_inst/hdmi0_inst/inst/encr/pix_clk_locked
    SLICE_X35Y23         LUT2 (Prop_lut2_I1_O)        0.045     0.849 f  acquireToHDMIwithZynq_i/acquireToDisplay_AXI_0/U0/acquireToDisplay_AXI_slave_lite_v1_0_S00_AXI_inst/oscilloscope_inst/datapath_inst/hdmi0_inst/inst/encr/oserdes_m_i_1/O
                         net (fo=50, routed)          0.395     1.244    acquireToHDMIwithZynq_i/acquireToDisplay_AXI_0/U0/acquireToDisplay_AXI_slave_lite_v1_0_S00_AXI_inst/oscilloscope_inst/datapath_inst/hdmi0_inst/inst/encb/AR[0]
    SLICE_X38Y23         FDCE                                         f  acquireToHDMIwithZynq_i/acquireToDisplay_AXI_0/U0/acquireToDisplay_AXI_slave_lite_v1_0_S00_AXI_inst/oscilloscope_inst/datapath_inst/hdmi0_inst/inst/encb/dout_reg[1]/CLR
  -------------------------------------------------------------------    -------------------

                         (clock clk_out1_clk_wiz_0 rise edge)
                                                      0.000     0.000 r  
    BUFGCTRL_X0Y0        BUFG                         0.000     0.000 r  acquireToHDMIwithZynq_i/processing_system7_0/inst/buffer_fclk_clk_0.FCLK_CLK_0_BUFG/O
                         net (fo=1484, routed)        0.812     0.812    acquireToHDMIwithZynq_i/acquireToDisplay_AXI_0/U0/acquireToDisplay_AXI_slave_lite_v1_0_S00_AXI_inst/oscilloscope_inst/datapath_inst/vc/inst/clk_in1
    MMCME2_ADV_X0Y0      MMCME2_ADV (Prop_mmcme2_adv_CLKIN1_CLKOUT0)
                                                     -1.369    -0.557 r  acquireToHDMIwithZynq_i/acquireToDisplay_AXI_0/U0/acquireToDisplay_AXI_slave_lite_v1_0_S00_AXI_inst/oscilloscope_inst/datapath_inst/vc/inst/mmcm_adv_inst/CLKOUT0
                         net (fo=1, routed)           0.528    -0.029    acquireToHDMIwithZynq_i/acquireToDisplay_AXI_0/U0/acquireToDisplay_AXI_slave_lite_v1_0_S00_AXI_inst/oscilloscope_inst/datapath_inst/vc/inst/clk_out1_clk_wiz_0
    BUFGCTRL_X0Y1        BUFG (Prop_bufg_I_O)         0.029    -0.000 r  acquireToHDMIwithZynq_i/acquireToDisplay_AXI_0/U0/acquireToDisplay_AXI_slave_lite_v1_0_S00_AXI_inst/oscilloscope_inst/datapath_inst/vc/inst/clkout1_buf/O
                         net (fo=224, routed)         0.844     0.844    acquireToHDMIwithZynq_i/acquireToDisplay_AXI_0/U0/acquireToDisplay_AXI_slave_lite_v1_0_S00_AXI_inst/oscilloscope_inst/datapath_inst/hdmi0_inst/inst/encb/pix_clk
    SLICE_X38Y23         FDCE                                         r  acquireToHDMIwithZynq_i/acquireToDisplay_AXI_0/U0/acquireToDisplay_AXI_slave_lite_v1_0_S00_AXI_inst/oscilloscope_inst/datapath_inst/hdmi0_inst/inst/encb/dout_reg[1]/C

Slack:                    inf
  Source:                 acquireToHDMIwithZynq_i/acquireToDisplay_AXI_0/U0/acquireToDisplay_AXI_slave_lite_v1_0_S00_AXI_inst/oscilloscope_inst/datapath_inst/vc/inst/mmcm_adv_inst/LOCKED
                            (internal pin)
  Destination:            acquireToHDMIwithZynq_i/acquireToDisplay_AXI_0/U0/acquireToDisplay_AXI_slave_lite_v1_0_S00_AXI_inst/oscilloscope_inst/datapath_inst/hdmi0_inst/inst/encr/cnt_reg[1]/CLR
                            (removal check against rising-edge clock clk_out1_clk_wiz_0  {rise@0.000ns fall@6.737ns period=13.474ns})
  Path Group:             (none)
  Path Type:              Removal (Min at Fast Process Corner)
  Data Path Delay:        1.244ns  (logic 0.045ns (3.618%)  route 1.199ns (96.382%))
  Logic Levels:           1  (LUT2=1)
  Clock Uncertainty:      0.843ns  ((TSJ^2 + DJ^2)^1/2) / 2 + PE
    Total System Jitter     (TSJ):    0.050ns
    Discrete Jitter          (DJ):    0.462ns
    Phase Error              (PE):    0.611ns

    Location             Delay type                Incr(ns)  Path(ns)    Netlist Resource(s)
  -------------------------------------------------------------------    -------------------
    MMCME2_ADV_X0Y0      MMCME2_ADV                   0.000     0.000 r  acquireToHDMIwithZynq_i/acquireToDisplay_AXI_0/U0/acquireToDisplay_AXI_slave_lite_v1_0_S00_AXI_inst/oscilloscope_inst/datapath_inst/vc/inst/mmcm_adv_inst/LOCKED
                         net (fo=1, routed)           0.804     0.804    acquireToHDMIwithZynq_i/acquireToDisplay_AXI_0/U0/acquireToDisplay_AXI_slave_lite_v1_0_S00_AXI_inst/oscilloscope_inst/datapath_inst/hdmi0_inst/inst/encr/pix_clk_locked
    SLICE_X35Y23         LUT2 (Prop_lut2_I1_O)        0.045     0.849 f  acquireToHDMIwithZynq_i/acquireToDisplay_AXI_0/U0/acquireToDisplay_AXI_slave_lite_v1_0_S00_AXI_inst/oscilloscope_inst/datapath_inst/hdmi0_inst/inst/encr/oserdes_m_i_1/O
                         net (fo=50, routed)          0.395     1.244    acquireToHDMIwithZynq_i/acquireToDisplay_AXI_0/U0/acquireToDisplay_AXI_slave_lite_v1_0_S00_AXI_inst/oscilloscope_inst/datapath_inst/hdmi0_inst/inst/encr/AR[0]
    SLICE_X38Y23         FDCE                                         f  acquireToHDMIwithZynq_i/acquireToDisplay_AXI_0/U0/acquireToDisplay_AXI_slave_lite_v1_0_S00_AXI_inst/oscilloscope_inst/datapath_inst/hdmi0_inst/inst/encr/cnt_reg[1]/CLR
  -------------------------------------------------------------------    -------------------

                         (clock clk_out1_clk_wiz_0 rise edge)
                                                      0.000     0.000 r  
    BUFGCTRL_X0Y0        BUFG                         0.000     0.000 r  acquireToHDMIwithZynq_i/processing_system7_0/inst/buffer_fclk_clk_0.FCLK_CLK_0_BUFG/O
                         net (fo=1484, routed)        0.812     0.812    acquireToHDMIwithZynq_i/acquireToDisplay_AXI_0/U0/acquireToDisplay_AXI_slave_lite_v1_0_S00_AXI_inst/oscilloscope_inst/datapath_inst/vc/inst/clk_in1
    MMCME2_ADV_X0Y0      MMCME2_ADV (Prop_mmcme2_adv_CLKIN1_CLKOUT0)
                                                     -1.369    -0.557 r  acquireToHDMIwithZynq_i/acquireToDisplay_AXI_0/U0/acquireToDisplay_AXI_slave_lite_v1_0_S00_AXI_inst/oscilloscope_inst/datapath_inst/vc/inst/mmcm_adv_inst/CLKOUT0
                         net (fo=1, routed)           0.528    -0.029    acquireToHDMIwithZynq_i/acquireToDisplay_AXI_0/U0/acquireToDisplay_AXI_slave_lite_v1_0_S00_AXI_inst/oscilloscope_inst/datapath_inst/vc/inst/clk_out1_clk_wiz_0
    BUFGCTRL_X0Y1        BUFG (Prop_bufg_I_O)         0.029    -0.000 r  acquireToHDMIwithZynq_i/acquireToDisplay_AXI_0/U0/acquireToDisplay_AXI_slave_lite_v1_0_S00_AXI_inst/oscilloscope_inst/datapath_inst/vc/inst/clkout1_buf/O
                         net (fo=224, routed)         0.844     0.844    acquireToHDMIwithZynq_i/acquireToDisplay_AXI_0/U0/acquireToDisplay_AXI_slave_lite_v1_0_S00_AXI_inst/oscilloscope_inst/datapath_inst/hdmi0_inst/inst/encr/pix_clk
    SLICE_X38Y23         FDCE                                         r  acquireToHDMIwithZynq_i/acquireToDisplay_AXI_0/U0/acquireToDisplay_AXI_slave_lite_v1_0_S00_AXI_inst/oscilloscope_inst/datapath_inst/hdmi0_inst/inst/encr/cnt_reg[1]/C

Slack:                    inf
  Source:                 acquireToHDMIwithZynq_i/acquireToDisplay_AXI_0/U0/acquireToDisplay_AXI_slave_lite_v1_0_S00_AXI_inst/oscilloscope_inst/datapath_inst/vc/inst/mmcm_adv_inst/LOCKED
                            (internal pin)
  Destination:            acquireToHDMIwithZynq_i/acquireToDisplay_AXI_0/U0/acquireToDisplay_AXI_slave_lite_v1_0_S00_AXI_inst/oscilloscope_inst/datapath_inst/hdmi0_inst/inst/encr/cnt_reg[4]/CLR
                            (removal check against rising-edge clock clk_out1_clk_wiz_0  {rise@0.000ns fall@6.737ns period=13.474ns})
  Path Group:             (none)
  Path Type:              Removal (Min at Fast Process Corner)
  Data Path Delay:        1.244ns  (logic 0.045ns (3.618%)  route 1.199ns (96.382%))
  Logic Levels:           1  (LUT2=1)
  Clock Uncertainty:      0.843ns  ((TSJ^2 + DJ^2)^1/2) / 2 + PE
    Total System Jitter     (TSJ):    0.050ns
    Discrete Jitter          (DJ):    0.462ns
    Phase Error              (PE):    0.611ns

    Location             Delay type                Incr(ns)  Path(ns)    Netlist Resource(s)
  -------------------------------------------------------------------    -------------------
    MMCME2_ADV_X0Y0      MMCME2_ADV                   0.000     0.000 r  acquireToHDMIwithZynq_i/acquireToDisplay_AXI_0/U0/acquireToDisplay_AXI_slave_lite_v1_0_S00_AXI_inst/oscilloscope_inst/datapath_inst/vc/inst/mmcm_adv_inst/LOCKED
                         net (fo=1, routed)           0.804     0.804    acquireToHDMIwithZynq_i/acquireToDisplay_AXI_0/U0/acquireToDisplay_AXI_slave_lite_v1_0_S00_AXI_inst/oscilloscope_inst/datapath_inst/hdmi0_inst/inst/encr/pix_clk_locked
    SLICE_X35Y23         LUT2 (Prop_lut2_I1_O)        0.045     0.849 f  acquireToHDMIwithZynq_i/acquireToDisplay_AXI_0/U0/acquireToDisplay_AXI_slave_lite_v1_0_S00_AXI_inst/oscilloscope_inst/datapath_inst/hdmi0_inst/inst/encr/oserdes_m_i_1/O
                         net (fo=50, routed)          0.395     1.244    acquireToHDMIwithZynq_i/acquireToDisplay_AXI_0/U0/acquireToDisplay_AXI_slave_lite_v1_0_S00_AXI_inst/oscilloscope_inst/datapath_inst/hdmi0_inst/inst/encr/AR[0]
    SLICE_X38Y23         FDCE                                         f  acquireToHDMIwithZynq_i/acquireToDisplay_AXI_0/U0/acquireToDisplay_AXI_slave_lite_v1_0_S00_AXI_inst/oscilloscope_inst/datapath_inst/hdmi0_inst/inst/encr/cnt_reg[4]/CLR
  -------------------------------------------------------------------    -------------------

                         (clock clk_out1_clk_wiz_0 rise edge)
                                                      0.000     0.000 r  
    BUFGCTRL_X0Y0        BUFG                         0.000     0.000 r  acquireToHDMIwithZynq_i/processing_system7_0/inst/buffer_fclk_clk_0.FCLK_CLK_0_BUFG/O
                         net (fo=1484, routed)        0.812     0.812    acquireToHDMIwithZynq_i/acquireToDisplay_AXI_0/U0/acquireToDisplay_AXI_slave_lite_v1_0_S00_AXI_inst/oscilloscope_inst/datapath_inst/vc/inst/clk_in1
    MMCME2_ADV_X0Y0      MMCME2_ADV (Prop_mmcme2_adv_CLKIN1_CLKOUT0)
                                                     -1.369    -0.557 r  acquireToHDMIwithZynq_i/acquireToDisplay_AXI_0/U0/acquireToDisplay_AXI_slave_lite_v1_0_S00_AXI_inst/oscilloscope_inst/datapath_inst/vc/inst/mmcm_adv_inst/CLKOUT0
                         net (fo=1, routed)           0.528    -0.029    acquireToHDMIwithZynq_i/acquireToDisplay_AXI_0/U0/acquireToDisplay_AXI_slave_lite_v1_0_S00_AXI_inst/oscilloscope_inst/datapath_inst/vc/inst/clk_out1_clk_wiz_0
    BUFGCTRL_X0Y1        BUFG (Prop_bufg_I_O)         0.029    -0.000 r  acquireToHDMIwithZynq_i/acquireToDisplay_AXI_0/U0/acquireToDisplay_AXI_slave_lite_v1_0_S00_AXI_inst/oscilloscope_inst/datapath_inst/vc/inst/clkout1_buf/O
                         net (fo=224, routed)         0.844     0.844    acquireToHDMIwithZynq_i/acquireToDisplay_AXI_0/U0/acquireToDisplay_AXI_slave_lite_v1_0_S00_AXI_inst/oscilloscope_inst/datapath_inst/hdmi0_inst/inst/encr/pix_clk
    SLICE_X38Y23         FDCE                                         r  acquireToHDMIwithZynq_i/acquireToDisplay_AXI_0/U0/acquireToDisplay_AXI_slave_lite_v1_0_S00_AXI_inst/oscilloscope_inst/datapath_inst/hdmi0_inst/inst/encr/cnt_reg[4]/C

Slack:                    inf
  Source:                 acquireToHDMIwithZynq_i/acquireToDisplay_AXI_0/U0/acquireToDisplay_AXI_slave_lite_v1_0_S00_AXI_inst/oscilloscope_inst/datapath_inst/vc/inst/mmcm_adv_inst/LOCKED
                            (internal pin)
  Destination:            acquireToHDMIwithZynq_i/acquireToDisplay_AXI_0/U0/acquireToDisplay_AXI_slave_lite_v1_0_S00_AXI_inst/oscilloscope_inst/datapath_inst/hdmi0_inst/inst/encr/dout_reg[1]/CLR
                            (removal check against rising-edge clock clk_out1_clk_wiz_0  {rise@0.000ns fall@6.737ns period=13.474ns})
  Path Group:             (none)
  Path Type:              Removal (Min at Fast Process Corner)
  Data Path Delay:        1.244ns  (logic 0.045ns (3.618%)  route 1.199ns (96.382%))
  Logic Levels:           1  (LUT2=1)
  Clock Uncertainty:      0.843ns  ((TSJ^2 + DJ^2)^1/2) / 2 + PE
    Total System Jitter     (TSJ):    0.050ns
    Discrete Jitter          (DJ):    0.462ns
    Phase Error              (PE):    0.611ns

    Location             Delay type                Incr(ns)  Path(ns)    Netlist Resource(s)
  -------------------------------------------------------------------    -------------------
    MMCME2_ADV_X0Y0      MMCME2_ADV                   0.000     0.000 r  acquireToHDMIwithZynq_i/acquireToDisplay_AXI_0/U0/acquireToDisplay_AXI_slave_lite_v1_0_S00_AXI_inst/oscilloscope_inst/datapath_inst/vc/inst/mmcm_adv_inst/LOCKED
                         net (fo=1, routed)           0.804     0.804    acquireToHDMIwithZynq_i/acquireToDisplay_AXI_0/U0/acquireToDisplay_AXI_slave_lite_v1_0_S00_AXI_inst/oscilloscope_inst/datapath_inst/hdmi0_inst/inst/encr/pix_clk_locked
    SLICE_X35Y23         LUT2 (Prop_lut2_I1_O)        0.045     0.849 f  acquireToHDMIwithZynq_i/acquireToDisplay_AXI_0/U0/acquireToDisplay_AXI_slave_lite_v1_0_S00_AXI_inst/oscilloscope_inst/datapath_inst/hdmi0_inst/inst/encr/oserdes_m_i_1/O
                         net (fo=50, routed)          0.395     1.244    acquireToHDMIwithZynq_i/acquireToDisplay_AXI_0/U0/acquireToDisplay_AXI_slave_lite_v1_0_S00_AXI_inst/oscilloscope_inst/datapath_inst/hdmi0_inst/inst/encr/AR[0]
    SLICE_X38Y23         FDCE                                         f  acquireToHDMIwithZynq_i/acquireToDisplay_AXI_0/U0/acquireToDisplay_AXI_slave_lite_v1_0_S00_AXI_inst/oscilloscope_inst/datapath_inst/hdmi0_inst/inst/encr/dout_reg[1]/CLR
  -------------------------------------------------------------------    -------------------

                         (clock clk_out1_clk_wiz_0 rise edge)
                                                      0.000     0.000 r  
    BUFGCTRL_X0Y0        BUFG                         0.000     0.000 r  acquireToHDMIwithZynq_i/processing_system7_0/inst/buffer_fclk_clk_0.FCLK_CLK_0_BUFG/O
                         net (fo=1484, routed)        0.812     0.812    acquireToHDMIwithZynq_i/acquireToDisplay_AXI_0/U0/acquireToDisplay_AXI_slave_lite_v1_0_S00_AXI_inst/oscilloscope_inst/datapath_inst/vc/inst/clk_in1
    MMCME2_ADV_X0Y0      MMCME2_ADV (Prop_mmcme2_adv_CLKIN1_CLKOUT0)
                                                     -1.369    -0.557 r  acquireToHDMIwithZynq_i/acquireToDisplay_AXI_0/U0/acquireToDisplay_AXI_slave_lite_v1_0_S00_AXI_inst/oscilloscope_inst/datapath_inst/vc/inst/mmcm_adv_inst/CLKOUT0
                         net (fo=1, routed)           0.528    -0.029    acquireToHDMIwithZynq_i/acquireToDisplay_AXI_0/U0/acquireToDisplay_AXI_slave_lite_v1_0_S00_AXI_inst/oscilloscope_inst/datapath_inst/vc/inst/clk_out1_clk_wiz_0
    BUFGCTRL_X0Y1        BUFG (Prop_bufg_I_O)         0.029    -0.000 r  acquireToHDMIwithZynq_i/acquireToDisplay_AXI_0/U0/acquireToDisplay_AXI_slave_lite_v1_0_S00_AXI_inst/oscilloscope_inst/datapath_inst/vc/inst/clkout1_buf/O
                         net (fo=224, routed)         0.844     0.844    acquireToHDMIwithZynq_i/acquireToDisplay_AXI_0/U0/acquireToDisplay_AXI_slave_lite_v1_0_S00_AXI_inst/oscilloscope_inst/datapath_inst/hdmi0_inst/inst/encr/pix_clk
    SLICE_X38Y23         FDCE                                         r  acquireToHDMIwithZynq_i/acquireToDisplay_AXI_0/U0/acquireToDisplay_AXI_slave_lite_v1_0_S00_AXI_inst/oscilloscope_inst/datapath_inst/hdmi0_inst/inst/encr/dout_reg[1]/C

Slack:                    inf
  Source:                 acquireToHDMIwithZynq_i/acquireToDisplay_AXI_0/U0/acquireToDisplay_AXI_slave_lite_v1_0_S00_AXI_inst/oscilloscope_inst/datapath_inst/vc/inst/mmcm_adv_inst/LOCKED
                            (internal pin)
  Destination:            acquireToHDMIwithZynq_i/acquireToDisplay_AXI_0/U0/acquireToDisplay_AXI_slave_lite_v1_0_S00_AXI_inst/oscilloscope_inst/datapath_inst/hdmi0_inst/inst/encb/dout_reg[0]/CLR
                            (removal check against rising-edge clock clk_out1_clk_wiz_0  {rise@0.000ns fall@6.737ns period=13.474ns})
  Path Group:             (none)
  Path Type:              Removal (Min at Fast Process Corner)
  Data Path Delay:        1.276ns  (logic 0.045ns (3.526%)  route 1.231ns (96.474%))
  Logic Levels:           1  (LUT2=1)
  Clock Uncertainty:      0.843ns  ((TSJ^2 + DJ^2)^1/2) / 2 + PE
    Total System Jitter     (TSJ):    0.050ns
    Discrete Jitter          (DJ):    0.462ns
    Phase Error              (PE):    0.611ns

    Location             Delay type                Incr(ns)  Path(ns)    Netlist Resource(s)
  -------------------------------------------------------------------    -------------------
    MMCME2_ADV_X0Y0      MMCME2_ADV                   0.000     0.000 r  acquireToHDMIwithZynq_i/acquireToDisplay_AXI_0/U0/acquireToDisplay_AXI_slave_lite_v1_0_S00_AXI_inst/oscilloscope_inst/datapath_inst/vc/inst/mmcm_adv_inst/LOCKED
                         net (fo=1, routed)           0.804     0.804    acquireToHDMIwithZynq_i/acquireToDisplay_AXI_0/U0/acquireToDisplay_AXI_slave_lite_v1_0_S00_AXI_inst/oscilloscope_inst/datapath_inst/hdmi0_inst/inst/encr/pix_clk_locked
    SLICE_X35Y23         LUT2 (Prop_lut2_I1_O)        0.045     0.849 f  acquireToHDMIwithZynq_i/acquireToDisplay_AXI_0/U0/acquireToDisplay_AXI_slave_lite_v1_0_S00_AXI_inst/oscilloscope_inst/datapath_inst/hdmi0_inst/inst/encr/oserdes_m_i_1/O
                         net (fo=50, routed)          0.427     1.276    acquireToHDMIwithZynq_i/acquireToDisplay_AXI_0/U0/acquireToDisplay_AXI_slave_lite_v1_0_S00_AXI_inst/oscilloscope_inst/datapath_inst/hdmi0_inst/inst/encb/AR[0]
    SLICE_X38Y24         FDCE                                         f  acquireToHDMIwithZynq_i/acquireToDisplay_AXI_0/U0/acquireToDisplay_AXI_slave_lite_v1_0_S00_AXI_inst/oscilloscope_inst/datapath_inst/hdmi0_inst/inst/encb/dout_reg[0]/CLR
  -------------------------------------------------------------------    -------------------

                         (clock clk_out1_clk_wiz_0 rise edge)
                                                      0.000     0.000 r  
    BUFGCTRL_X0Y0        BUFG                         0.000     0.000 r  acquireToHDMIwithZynq_i/processing_system7_0/inst/buffer_fclk_clk_0.FCLK_CLK_0_BUFG/O
                         net (fo=1484, routed)        0.812     0.812    acquireToHDMIwithZynq_i/acquireToDisplay_AXI_0/U0/acquireToDisplay_AXI_slave_lite_v1_0_S00_AXI_inst/oscilloscope_inst/datapath_inst/vc/inst/clk_in1
    MMCME2_ADV_X0Y0      MMCME2_ADV (Prop_mmcme2_adv_CLKIN1_CLKOUT0)
                                                     -1.369    -0.557 r  acquireToHDMIwithZynq_i/acquireToDisplay_AXI_0/U0/acquireToDisplay_AXI_slave_lite_v1_0_S00_AXI_inst/oscilloscope_inst/datapath_inst/vc/inst/mmcm_adv_inst/CLKOUT0
                         net (fo=1, routed)           0.528    -0.029    acquireToHDMIwithZynq_i/acquireToDisplay_AXI_0/U0/acquireToDisplay_AXI_slave_lite_v1_0_S00_AXI_inst/oscilloscope_inst/datapath_inst/vc/inst/clk_out1_clk_wiz_0
    BUFGCTRL_X0Y1        BUFG (Prop_bufg_I_O)         0.029    -0.000 r  acquireToHDMIwithZynq_i/acquireToDisplay_AXI_0/U0/acquireToDisplay_AXI_slave_lite_v1_0_S00_AXI_inst/oscilloscope_inst/datapath_inst/vc/inst/clkout1_buf/O
                         net (fo=224, routed)         0.843     0.843    acquireToHDMIwithZynq_i/acquireToDisplay_AXI_0/U0/acquireToDisplay_AXI_slave_lite_v1_0_S00_AXI_inst/oscilloscope_inst/datapath_inst/hdmi0_inst/inst/encb/pix_clk
    SLICE_X38Y24         FDCE                                         r  acquireToHDMIwithZynq_i/acquireToDisplay_AXI_0/U0/acquireToDisplay_AXI_slave_lite_v1_0_S00_AXI_inst/oscilloscope_inst/datapath_inst/hdmi0_inst/inst/encb/dout_reg[0]/C

Slack:                    inf
  Source:                 acquireToHDMIwithZynq_i/acquireToDisplay_AXI_0/U0/acquireToDisplay_AXI_slave_lite_v1_0_S00_AXI_inst/oscilloscope_inst/datapath_inst/vc/inst/mmcm_adv_inst/LOCKED
                            (internal pin)
  Destination:            acquireToHDMIwithZynq_i/acquireToDisplay_AXI_0/U0/acquireToDisplay_AXI_slave_lite_v1_0_S00_AXI_inst/oscilloscope_inst/datapath_inst/hdmi0_inst/inst/encg/cnt_reg[1]/CLR
                            (removal check against rising-edge clock clk_out1_clk_wiz_0  {rise@0.000ns fall@6.737ns period=13.474ns})
  Path Group:             (none)
  Path Type:              Removal (Min at Fast Process Corner)
  Data Path Delay:        1.276ns  (logic 0.045ns (3.526%)  route 1.231ns (96.474%))
  Logic Levels:           1  (LUT2=1)
  Clock Uncertainty:      0.843ns  ((TSJ^2 + DJ^2)^1/2) / 2 + PE
    Total System Jitter     (TSJ):    0.050ns
    Discrete Jitter          (DJ):    0.462ns
    Phase Error              (PE):    0.611ns

    Location             Delay type                Incr(ns)  Path(ns)    Netlist Resource(s)
  -------------------------------------------------------------------    -------------------
    MMCME2_ADV_X0Y0      MMCME2_ADV                   0.000     0.000 r  acquireToHDMIwithZynq_i/acquireToDisplay_AXI_0/U0/acquireToDisplay_AXI_slave_lite_v1_0_S00_AXI_inst/oscilloscope_inst/datapath_inst/vc/inst/mmcm_adv_inst/LOCKED
                         net (fo=1, routed)           0.804     0.804    acquireToHDMIwithZynq_i/acquireToDisplay_AXI_0/U0/acquireToDisplay_AXI_slave_lite_v1_0_S00_AXI_inst/oscilloscope_inst/datapath_inst/hdmi0_inst/inst/encr/pix_clk_locked
    SLICE_X35Y23         LUT2 (Prop_lut2_I1_O)        0.045     0.849 f  acquireToHDMIwithZynq_i/acquireToDisplay_AXI_0/U0/acquireToDisplay_AXI_slave_lite_v1_0_S00_AXI_inst/oscilloscope_inst/datapath_inst/hdmi0_inst/inst/encr/oserdes_m_i_1/O
                         net (fo=50, routed)          0.427     1.276    acquireToHDMIwithZynq_i/acquireToDisplay_AXI_0/U0/acquireToDisplay_AXI_slave_lite_v1_0_S00_AXI_inst/oscilloscope_inst/datapath_inst/hdmi0_inst/inst/encg/AR[0]
    SLICE_X38Y24         FDCE                                         f  acquireToHDMIwithZynq_i/acquireToDisplay_AXI_0/U0/acquireToDisplay_AXI_slave_lite_v1_0_S00_AXI_inst/oscilloscope_inst/datapath_inst/hdmi0_inst/inst/encg/cnt_reg[1]/CLR
  -------------------------------------------------------------------    -------------------

                         (clock clk_out1_clk_wiz_0 rise edge)
                                                      0.000     0.000 r  
    BUFGCTRL_X0Y0        BUFG                         0.000     0.000 r  acquireToHDMIwithZynq_i/processing_system7_0/inst/buffer_fclk_clk_0.FCLK_CLK_0_BUFG/O
                         net (fo=1484, routed)        0.812     0.812    acquireToHDMIwithZynq_i/acquireToDisplay_AXI_0/U0/acquireToDisplay_AXI_slave_lite_v1_0_S00_AXI_inst/oscilloscope_inst/datapath_inst/vc/inst/clk_in1
    MMCME2_ADV_X0Y0      MMCME2_ADV (Prop_mmcme2_adv_CLKIN1_CLKOUT0)
                                                     -1.369    -0.557 r  acquireToHDMIwithZynq_i/acquireToDisplay_AXI_0/U0/acquireToDisplay_AXI_slave_lite_v1_0_S00_AXI_inst/oscilloscope_inst/datapath_inst/vc/inst/mmcm_adv_inst/CLKOUT0
                         net (fo=1, routed)           0.528    -0.029    acquireToHDMIwithZynq_i/acquireToDisplay_AXI_0/U0/acquireToDisplay_AXI_slave_lite_v1_0_S00_AXI_inst/oscilloscope_inst/datapath_inst/vc/inst/clk_out1_clk_wiz_0
    BUFGCTRL_X0Y1        BUFG (Prop_bufg_I_O)         0.029    -0.000 r  acquireToHDMIwithZynq_i/acquireToDisplay_AXI_0/U0/acquireToDisplay_AXI_slave_lite_v1_0_S00_AXI_inst/oscilloscope_inst/datapath_inst/vc/inst/clkout1_buf/O
                         net (fo=224, routed)         0.843     0.843    acquireToHDMIwithZynq_i/acquireToDisplay_AXI_0/U0/acquireToDisplay_AXI_slave_lite_v1_0_S00_AXI_inst/oscilloscope_inst/datapath_inst/hdmi0_inst/inst/encg/pix_clk
    SLICE_X38Y24         FDCE                                         r  acquireToHDMIwithZynq_i/acquireToDisplay_AXI_0/U0/acquireToDisplay_AXI_slave_lite_v1_0_S00_AXI_inst/oscilloscope_inst/datapath_inst/hdmi0_inst/inst/encg/cnt_reg[1]/C

Slack:                    inf
  Source:                 acquireToHDMIwithZynq_i/acquireToDisplay_AXI_0/U0/acquireToDisplay_AXI_slave_lite_v1_0_S00_AXI_inst/oscilloscope_inst/datapath_inst/vc/inst/mmcm_adv_inst/LOCKED
                            (internal pin)
  Destination:            acquireToHDMIwithZynq_i/acquireToDisplay_AXI_0/U0/acquireToDisplay_AXI_slave_lite_v1_0_S00_AXI_inst/oscilloscope_inst/datapath_inst/hdmi0_inst/inst/encg/cnt_reg[2]/CLR
                            (removal check against rising-edge clock clk_out1_clk_wiz_0  {rise@0.000ns fall@6.737ns period=13.474ns})
  Path Group:             (none)
  Path Type:              Removal (Min at Fast Process Corner)
  Data Path Delay:        1.276ns  (logic 0.045ns (3.526%)  route 1.231ns (96.474%))
  Logic Levels:           1  (LUT2=1)
  Clock Uncertainty:      0.843ns  ((TSJ^2 + DJ^2)^1/2) / 2 + PE
    Total System Jitter     (TSJ):    0.050ns
    Discrete Jitter          (DJ):    0.462ns
    Phase Error              (PE):    0.611ns

    Location             Delay type                Incr(ns)  Path(ns)    Netlist Resource(s)
  -------------------------------------------------------------------    -------------------
    MMCME2_ADV_X0Y0      MMCME2_ADV                   0.000     0.000 r  acquireToHDMIwithZynq_i/acquireToDisplay_AXI_0/U0/acquireToDisplay_AXI_slave_lite_v1_0_S00_AXI_inst/oscilloscope_inst/datapath_inst/vc/inst/mmcm_adv_inst/LOCKED
                         net (fo=1, routed)           0.804     0.804    acquireToHDMIwithZynq_i/acquireToDisplay_AXI_0/U0/acquireToDisplay_AXI_slave_lite_v1_0_S00_AXI_inst/oscilloscope_inst/datapath_inst/hdmi0_inst/inst/encr/pix_clk_locked
    SLICE_X35Y23         LUT2 (Prop_lut2_I1_O)        0.045     0.849 f  acquireToHDMIwithZynq_i/acquireToDisplay_AXI_0/U0/acquireToDisplay_AXI_slave_lite_v1_0_S00_AXI_inst/oscilloscope_inst/datapath_inst/hdmi0_inst/inst/encr/oserdes_m_i_1/O
                         net (fo=50, routed)          0.427     1.276    acquireToHDMIwithZynq_i/acquireToDisplay_AXI_0/U0/acquireToDisplay_AXI_slave_lite_v1_0_S00_AXI_inst/oscilloscope_inst/datapath_inst/hdmi0_inst/inst/encg/AR[0]
    SLICE_X38Y24         FDCE                                         f  acquireToHDMIwithZynq_i/acquireToDisplay_AXI_0/U0/acquireToDisplay_AXI_slave_lite_v1_0_S00_AXI_inst/oscilloscope_inst/datapath_inst/hdmi0_inst/inst/encg/cnt_reg[2]/CLR
  -------------------------------------------------------------------    -------------------

                         (clock clk_out1_clk_wiz_0 rise edge)
                                                      0.000     0.000 r  
    BUFGCTRL_X0Y0        BUFG                         0.000     0.000 r  acquireToHDMIwithZynq_i/processing_system7_0/inst/buffer_fclk_clk_0.FCLK_CLK_0_BUFG/O
                         net (fo=1484, routed)        0.812     0.812    acquireToHDMIwithZynq_i/acquireToDisplay_AXI_0/U0/acquireToDisplay_AXI_slave_lite_v1_0_S00_AXI_inst/oscilloscope_inst/datapath_inst/vc/inst/clk_in1
    MMCME2_ADV_X0Y0      MMCME2_ADV (Prop_mmcme2_adv_CLKIN1_CLKOUT0)
                                                     -1.369    -0.557 r  acquireToHDMIwithZynq_i/acquireToDisplay_AXI_0/U0/acquireToDisplay_AXI_slave_lite_v1_0_S00_AXI_inst/oscilloscope_inst/datapath_inst/vc/inst/mmcm_adv_inst/CLKOUT0
                         net (fo=1, routed)           0.528    -0.029    acquireToHDMIwithZynq_i/acquireToDisplay_AXI_0/U0/acquireToDisplay_AXI_slave_lite_v1_0_S00_AXI_inst/oscilloscope_inst/datapath_inst/vc/inst/clk_out1_clk_wiz_0
    BUFGCTRL_X0Y1        BUFG (Prop_bufg_I_O)         0.029    -0.000 r  acquireToHDMIwithZynq_i/acquireToDisplay_AXI_0/U0/acquireToDisplay_AXI_slave_lite_v1_0_S00_AXI_inst/oscilloscope_inst/datapath_inst/vc/inst/clkout1_buf/O
                         net (fo=224, routed)         0.843     0.843    acquireToHDMIwithZynq_i/acquireToDisplay_AXI_0/U0/acquireToDisplay_AXI_slave_lite_v1_0_S00_AXI_inst/oscilloscope_inst/datapath_inst/hdmi0_inst/inst/encg/pix_clk
    SLICE_X38Y24         FDCE                                         r  acquireToHDMIwithZynq_i/acquireToDisplay_AXI_0/U0/acquireToDisplay_AXI_slave_lite_v1_0_S00_AXI_inst/oscilloscope_inst/datapath_inst/hdmi0_inst/inst/encg/cnt_reg[2]/C

Slack:                    inf
  Source:                 acquireToHDMIwithZynq_i/acquireToDisplay_AXI_0/U0/acquireToDisplay_AXI_slave_lite_v1_0_S00_AXI_inst/oscilloscope_inst/datapath_inst/vc/inst/mmcm_adv_inst/LOCKED
                            (internal pin)
  Destination:            acquireToHDMIwithZynq_i/acquireToDisplay_AXI_0/U0/acquireToDisplay_AXI_slave_lite_v1_0_S00_AXI_inst/oscilloscope_inst/datapath_inst/hdmi0_inst/inst/encg/dout_reg[2]/CLR
                            (removal check against rising-edge clock clk_out1_clk_wiz_0  {rise@0.000ns fall@6.737ns period=13.474ns})
  Path Group:             (none)
  Path Type:              Removal (Min at Fast Process Corner)
  Data Path Delay:        1.276ns  (logic 0.045ns (3.526%)  route 1.231ns (96.474%))
  Logic Levels:           1  (LUT2=1)
  Clock Uncertainty:      0.843ns  ((TSJ^2 + DJ^2)^1/2) / 2 + PE
    Total System Jitter     (TSJ):    0.050ns
    Discrete Jitter          (DJ):    0.462ns
    Phase Error              (PE):    0.611ns

    Location             Delay type                Incr(ns)  Path(ns)    Netlist Resource(s)
  -------------------------------------------------------------------    -------------------
    MMCME2_ADV_X0Y0      MMCME2_ADV                   0.000     0.000 r  acquireToHDMIwithZynq_i/acquireToDisplay_AXI_0/U0/acquireToDisplay_AXI_slave_lite_v1_0_S00_AXI_inst/oscilloscope_inst/datapath_inst/vc/inst/mmcm_adv_inst/LOCKED
                         net (fo=1, routed)           0.804     0.804    acquireToHDMIwithZynq_i/acquireToDisplay_AXI_0/U0/acquireToDisplay_AXI_slave_lite_v1_0_S00_AXI_inst/oscilloscope_inst/datapath_inst/hdmi0_inst/inst/encr/pix_clk_locked
    SLICE_X35Y23         LUT2 (Prop_lut2_I1_O)        0.045     0.849 f  acquireToHDMIwithZynq_i/acquireToDisplay_AXI_0/U0/acquireToDisplay_AXI_slave_lite_v1_0_S00_AXI_inst/oscilloscope_inst/datapath_inst/hdmi0_inst/inst/encr/oserdes_m_i_1/O
                         net (fo=50, routed)          0.427     1.276    acquireToHDMIwithZynq_i/acquireToDisplay_AXI_0/U0/acquireToDisplay_AXI_slave_lite_v1_0_S00_AXI_inst/oscilloscope_inst/datapath_inst/hdmi0_inst/inst/encg/AR[0]
    SLICE_X38Y24         FDCE                                         f  acquireToHDMIwithZynq_i/acquireToDisplay_AXI_0/U0/acquireToDisplay_AXI_slave_lite_v1_0_S00_AXI_inst/oscilloscope_inst/datapath_inst/hdmi0_inst/inst/encg/dout_reg[2]/CLR
  -------------------------------------------------------------------    -------------------

                         (clock clk_out1_clk_wiz_0 rise edge)
                                                      0.000     0.000 r  
    BUFGCTRL_X0Y0        BUFG                         0.000     0.000 r  acquireToHDMIwithZynq_i/processing_system7_0/inst/buffer_fclk_clk_0.FCLK_CLK_0_BUFG/O
                         net (fo=1484, routed)        0.812     0.812    acquireToHDMIwithZynq_i/acquireToDisplay_AXI_0/U0/acquireToDisplay_AXI_slave_lite_v1_0_S00_AXI_inst/oscilloscope_inst/datapath_inst/vc/inst/clk_in1
    MMCME2_ADV_X0Y0      MMCME2_ADV (Prop_mmcme2_adv_CLKIN1_CLKOUT0)
                                                     -1.369    -0.557 r  acquireToHDMIwithZynq_i/acquireToDisplay_AXI_0/U0/acquireToDisplay_AXI_slave_lite_v1_0_S00_AXI_inst/oscilloscope_inst/datapath_inst/vc/inst/mmcm_adv_inst/CLKOUT0
                         net (fo=1, routed)           0.528    -0.029    acquireToHDMIwithZynq_i/acquireToDisplay_AXI_0/U0/acquireToDisplay_AXI_slave_lite_v1_0_S00_AXI_inst/oscilloscope_inst/datapath_inst/vc/inst/clk_out1_clk_wiz_0
    BUFGCTRL_X0Y1        BUFG (Prop_bufg_I_O)         0.029    -0.000 r  acquireToHDMIwithZynq_i/acquireToDisplay_AXI_0/U0/acquireToDisplay_AXI_slave_lite_v1_0_S00_AXI_inst/oscilloscope_inst/datapath_inst/vc/inst/clkout1_buf/O
                         net (fo=224, routed)         0.843     0.843    acquireToHDMIwithZynq_i/acquireToDisplay_AXI_0/U0/acquireToDisplay_AXI_slave_lite_v1_0_S00_AXI_inst/oscilloscope_inst/datapath_inst/hdmi0_inst/inst/encg/pix_clk
    SLICE_X38Y24         FDCE                                         r  acquireToHDMIwithZynq_i/acquireToDisplay_AXI_0/U0/acquireToDisplay_AXI_slave_lite_v1_0_S00_AXI_inst/oscilloscope_inst/datapath_inst/hdmi0_inst/inst/encg/dout_reg[2]/C

Slack:                    inf
  Source:                 acquireToHDMIwithZynq_i/acquireToDisplay_AXI_0/U0/acquireToDisplay_AXI_slave_lite_v1_0_S00_AXI_inst/oscilloscope_inst/datapath_inst/vc/inst/mmcm_adv_inst/LOCKED
                            (internal pin)
  Destination:            acquireToHDMIwithZynq_i/acquireToDisplay_AXI_0/U0/acquireToDisplay_AXI_slave_lite_v1_0_S00_AXI_inst/oscilloscope_inst/datapath_inst/hdmi0_inst/inst/encg/dout_reg[4]/CLR
                            (removal check against rising-edge clock clk_out1_clk_wiz_0  {rise@0.000ns fall@6.737ns period=13.474ns})
  Path Group:             (none)
  Path Type:              Removal (Min at Fast Process Corner)
  Data Path Delay:        1.276ns  (logic 0.045ns (3.526%)  route 1.231ns (96.474%))
  Logic Levels:           1  (LUT2=1)
  Clock Uncertainty:      0.843ns  ((TSJ^2 + DJ^2)^1/2) / 2 + PE
    Total System Jitter     (TSJ):    0.050ns
    Discrete Jitter          (DJ):    0.462ns
    Phase Error              (PE):    0.611ns

    Location             Delay type                Incr(ns)  Path(ns)    Netlist Resource(s)
  -------------------------------------------------------------------    -------------------
    MMCME2_ADV_X0Y0      MMCME2_ADV                   0.000     0.000 r  acquireToHDMIwithZynq_i/acquireToDisplay_AXI_0/U0/acquireToDisplay_AXI_slave_lite_v1_0_S00_AXI_inst/oscilloscope_inst/datapath_inst/vc/inst/mmcm_adv_inst/LOCKED
                         net (fo=1, routed)           0.804     0.804    acquireToHDMIwithZynq_i/acquireToDisplay_AXI_0/U0/acquireToDisplay_AXI_slave_lite_v1_0_S00_AXI_inst/oscilloscope_inst/datapath_inst/hdmi0_inst/inst/encr/pix_clk_locked
    SLICE_X35Y23         LUT2 (Prop_lut2_I1_O)        0.045     0.849 f  acquireToHDMIwithZynq_i/acquireToDisplay_AXI_0/U0/acquireToDisplay_AXI_slave_lite_v1_0_S00_AXI_inst/oscilloscope_inst/datapath_inst/hdmi0_inst/inst/encr/oserdes_m_i_1/O
                         net (fo=50, routed)          0.427     1.276    acquireToHDMIwithZynq_i/acquireToDisplay_AXI_0/U0/acquireToDisplay_AXI_slave_lite_v1_0_S00_AXI_inst/oscilloscope_inst/datapath_inst/hdmi0_inst/inst/encg/AR[0]
    SLICE_X38Y24         FDCE                                         f  acquireToHDMIwithZynq_i/acquireToDisplay_AXI_0/U0/acquireToDisplay_AXI_slave_lite_v1_0_S00_AXI_inst/oscilloscope_inst/datapath_inst/hdmi0_inst/inst/encg/dout_reg[4]/CLR
  -------------------------------------------------------------------    -------------------

                         (clock clk_out1_clk_wiz_0 rise edge)
                                                      0.000     0.000 r  
    BUFGCTRL_X0Y0        BUFG                         0.000     0.000 r  acquireToHDMIwithZynq_i/processing_system7_0/inst/buffer_fclk_clk_0.FCLK_CLK_0_BUFG/O
                         net (fo=1484, routed)        0.812     0.812    acquireToHDMIwithZynq_i/acquireToDisplay_AXI_0/U0/acquireToDisplay_AXI_slave_lite_v1_0_S00_AXI_inst/oscilloscope_inst/datapath_inst/vc/inst/clk_in1
    MMCME2_ADV_X0Y0      MMCME2_ADV (Prop_mmcme2_adv_CLKIN1_CLKOUT0)
                                                     -1.369    -0.557 r  acquireToHDMIwithZynq_i/acquireToDisplay_AXI_0/U0/acquireToDisplay_AXI_slave_lite_v1_0_S00_AXI_inst/oscilloscope_inst/datapath_inst/vc/inst/mmcm_adv_inst/CLKOUT0
                         net (fo=1, routed)           0.528    -0.029    acquireToHDMIwithZynq_i/acquireToDisplay_AXI_0/U0/acquireToDisplay_AXI_slave_lite_v1_0_S00_AXI_inst/oscilloscope_inst/datapath_inst/vc/inst/clk_out1_clk_wiz_0
    BUFGCTRL_X0Y1        BUFG (Prop_bufg_I_O)         0.029    -0.000 r  acquireToHDMIwithZynq_i/acquireToDisplay_AXI_0/U0/acquireToDisplay_AXI_slave_lite_v1_0_S00_AXI_inst/oscilloscope_inst/datapath_inst/vc/inst/clkout1_buf/O
                         net (fo=224, routed)         0.843     0.843    acquireToHDMIwithZynq_i/acquireToDisplay_AXI_0/U0/acquireToDisplay_AXI_slave_lite_v1_0_S00_AXI_inst/oscilloscope_inst/datapath_inst/hdmi0_inst/inst/encg/pix_clk
    SLICE_X38Y24         FDCE                                         r  acquireToHDMIwithZynq_i/acquireToDisplay_AXI_0/U0/acquireToDisplay_AXI_slave_lite_v1_0_S00_AXI_inst/oscilloscope_inst/datapath_inst/hdmi0_inst/inst/encg/dout_reg[4]/C

Slack:                    inf
  Source:                 acquireToHDMIwithZynq_i/acquireToDisplay_AXI_0/U0/acquireToDisplay_AXI_slave_lite_v1_0_S00_AXI_inst/oscilloscope_inst/datapath_inst/vc/inst/mmcm_adv_inst/LOCKED
                            (internal pin)
  Destination:            acquireToHDMIwithZynq_i/acquireToDisplay_AXI_0/U0/acquireToDisplay_AXI_slave_lite_v1_0_S00_AXI_inst/oscilloscope_inst/datapath_inst/hdmi0_inst/inst/encr/cnt_reg[2]/CLR
                            (removal check against rising-edge clock clk_out1_clk_wiz_0  {rise@0.000ns fall@6.737ns period=13.474ns})
  Path Group:             (none)
  Path Type:              Removal (Min at Fast Process Corner)
  Data Path Delay:        1.276ns  (logic 0.045ns (3.526%)  route 1.231ns (96.474%))
  Logic Levels:           1  (LUT2=1)
  Clock Uncertainty:      0.843ns  ((TSJ^2 + DJ^2)^1/2) / 2 + PE
    Total System Jitter     (TSJ):    0.050ns
    Discrete Jitter          (DJ):    0.462ns
    Phase Error              (PE):    0.611ns

    Location             Delay type                Incr(ns)  Path(ns)    Netlist Resource(s)
  -------------------------------------------------------------------    -------------------
    MMCME2_ADV_X0Y0      MMCME2_ADV                   0.000     0.000 r  acquireToHDMIwithZynq_i/acquireToDisplay_AXI_0/U0/acquireToDisplay_AXI_slave_lite_v1_0_S00_AXI_inst/oscilloscope_inst/datapath_inst/vc/inst/mmcm_adv_inst/LOCKED
                         net (fo=1, routed)           0.804     0.804    acquireToHDMIwithZynq_i/acquireToDisplay_AXI_0/U0/acquireToDisplay_AXI_slave_lite_v1_0_S00_AXI_inst/oscilloscope_inst/datapath_inst/hdmi0_inst/inst/encr/pix_clk_locked
    SLICE_X35Y23         LUT2 (Prop_lut2_I1_O)        0.045     0.849 f  acquireToHDMIwithZynq_i/acquireToDisplay_AXI_0/U0/acquireToDisplay_AXI_slave_lite_v1_0_S00_AXI_inst/oscilloscope_inst/datapath_inst/hdmi0_inst/inst/encr/oserdes_m_i_1/O
                         net (fo=50, routed)          0.427     1.276    acquireToHDMIwithZynq_i/acquireToDisplay_AXI_0/U0/acquireToDisplay_AXI_slave_lite_v1_0_S00_AXI_inst/oscilloscope_inst/datapath_inst/hdmi0_inst/inst/encr/AR[0]
    SLICE_X38Y24         FDCE                                         f  acquireToHDMIwithZynq_i/acquireToDisplay_AXI_0/U0/acquireToDisplay_AXI_slave_lite_v1_0_S00_AXI_inst/oscilloscope_inst/datapath_inst/hdmi0_inst/inst/encr/cnt_reg[2]/CLR
  -------------------------------------------------------------------    -------------------

                         (clock clk_out1_clk_wiz_0 rise edge)
                                                      0.000     0.000 r  
    BUFGCTRL_X0Y0        BUFG                         0.000     0.000 r  acquireToHDMIwithZynq_i/processing_system7_0/inst/buffer_fclk_clk_0.FCLK_CLK_0_BUFG/O
                         net (fo=1484, routed)        0.812     0.812    acquireToHDMIwithZynq_i/acquireToDisplay_AXI_0/U0/acquireToDisplay_AXI_slave_lite_v1_0_S00_AXI_inst/oscilloscope_inst/datapath_inst/vc/inst/clk_in1
    MMCME2_ADV_X0Y0      MMCME2_ADV (Prop_mmcme2_adv_CLKIN1_CLKOUT0)
                                                     -1.369    -0.557 r  acquireToHDMIwithZynq_i/acquireToDisplay_AXI_0/U0/acquireToDisplay_AXI_slave_lite_v1_0_S00_AXI_inst/oscilloscope_inst/datapath_inst/vc/inst/mmcm_adv_inst/CLKOUT0
                         net (fo=1, routed)           0.528    -0.029    acquireToHDMIwithZynq_i/acquireToDisplay_AXI_0/U0/acquireToDisplay_AXI_slave_lite_v1_0_S00_AXI_inst/oscilloscope_inst/datapath_inst/vc/inst/clk_out1_clk_wiz_0
    BUFGCTRL_X0Y1        BUFG (Prop_bufg_I_O)         0.029    -0.000 r  acquireToHDMIwithZynq_i/acquireToDisplay_AXI_0/U0/acquireToDisplay_AXI_slave_lite_v1_0_S00_AXI_inst/oscilloscope_inst/datapath_inst/vc/inst/clkout1_buf/O
                         net (fo=224, routed)         0.843     0.843    acquireToHDMIwithZynq_i/acquireToDisplay_AXI_0/U0/acquireToDisplay_AXI_slave_lite_v1_0_S00_AXI_inst/oscilloscope_inst/datapath_inst/hdmi0_inst/inst/encr/pix_clk
    SLICE_X38Y24         FDCE                                         r  acquireToHDMIwithZynq_i/acquireToDisplay_AXI_0/U0/acquireToDisplay_AXI_slave_lite_v1_0_S00_AXI_inst/oscilloscope_inst/datapath_inst/hdmi0_inst/inst/encr/cnt_reg[2]/C





