
*** Running vivado
    with args -log acquireToHDMIwithZynq_wrapper.vdi -applog -m64 -product Vivado -messageDb vivado.pb -mode batch -source acquireToHDMIwithZynq_wrapper.tcl -notrace



****** Vivado v2025.1 (64-bit)
  **** SW Build 6140274 on Thu May 22 00:12:29 MDT 2025
  **** IP Build 6138677 on Thu May 22 03:10:11 MDT 2025
  **** SharedData Build 6139179 on Tue May 20 17:58:58 MDT 2025
  **** Start of session at: Tue Dec  9 13:33:55 2025
    ** Copyright 1986-2022 Xilinx, Inc. All Rights Reserved.
    ** Copyright 2022-2025 Advanced Micro Devices, Inc. All Rights Reserved.

source acquireToHDMIwithZynq_wrapper.tcl -notrace
INFO: [IP_Flow 19-234] Refreshing IP repositories
INFO: [IP_Flow 19-1700] Loaded user IP repository 'c:/EENG 484/ip_repo'.
INFO: [IP_Flow 19-1700] Loaded user IP repository 'c:/EENG 484/ipRepo'.
INFO: [IP_Flow 19-2313] Loaded Vivado IP repository 'C:/Xilinx/2025.1/Vivado/data/ip'.
WARNING: [IP_Flow 19-4995] The host OS only allows 260 characters in a normal path. The IP cache path is more than 80 characters. If you experience issues with IP caching, please consider changing the IP cache to a location with a shorter path. Alternately consider using the OS subst command to map part of the path to a drive letter. 
Current IP cache path is C:/EENG 484/lab6acquireToHDMIwithZynq/lab6acquireToHDMIwithZynq.runs/impl_1/{C:/EENG 484/lab6acquireToHDMIwithZynq/lab6acquireToHDMIwithZynq.cache/ip} 
Command: link_design -top acquireToHDMIwithZynq_wrapper -part xc7z010clg400-1
Design is defaulting to srcset: sources_1
Design is defaulting to constrset: constrs_1
INFO: [Device 21-403] Loading part xc7z010clg400-1
INFO: [Project 1-5699] Read binary netlist with skipMacroContent - 1
INFO: [Project 1-454] Reading design checkpoint 'c:/EENG 484/lab6acquireToHDMIwithZynq/lab6acquireToHDMIwithZynq.gen/sources_1/bd/acquireToHDMIwithZynq/ip/acquireToHDMIwithZynq_acquireToDisplay_AXI_0_0/acquireToHDMIwithZynq_acquireToDisplay_AXI_0_0.dcp' for cell 'acquireToHDMIwithZynq_i/acquireToDisplay_AXI_0'
INFO: [Project 1-454] Reading design checkpoint 'c:/EENG 484/lab6acquireToHDMIwithZynq/lab6acquireToHDMIwithZynq.gen/sources_1/bd/acquireToHDMIwithZynq/ip/acquireToHDMIwithZynq_axi_smc_0/acquireToHDMIwithZynq_axi_smc_0.dcp' for cell 'acquireToHDMIwithZynq_i/axi_smc'
INFO: [Project 1-454] Reading design checkpoint 'c:/EENG 484/lab6acquireToHDMIwithZynq/lab6acquireToHDMIwithZynq.gen/sources_1/bd/acquireToHDMIwithZynq/ip/acquireToHDMIwithZynq_enhancedPwmAXI_0_0/acquireToHDMIwithZynq_enhancedPwmAXI_0_0.dcp' for cell 'acquireToHDMIwithZynq_i/enhancedPwmAXI_0'
INFO: [Project 1-454] Reading design checkpoint 'c:/EENG 484/lab6acquireToHDMIwithZynq/lab6acquireToHDMIwithZynq.gen/sources_1/bd/acquireToHDMIwithZynq/ip/acquireToHDMIwithZynq_enhancedPwmAXI_1_0/acquireToHDMIwithZynq_enhancedPwmAXI_1_0.dcp' for cell 'acquireToHDMIwithZynq_i/enhancedPwmAXI_1'
INFO: [Project 1-454] Reading design checkpoint 'c:/EENG 484/lab6acquireToHDMIwithZynq/lab6acquireToHDMIwithZynq.gen/sources_1/bd/acquireToHDMIwithZynq/ip/acquireToHDMIwithZynq_processing_system7_0_0/acquireToHDMIwithZynq_processing_system7_0_0.dcp' for cell 'acquireToHDMIwithZynq_i/processing_system7_0'
INFO: [Project 1-454] Reading design checkpoint 'c:/EENG 484/lab6acquireToHDMIwithZynq/lab6acquireToHDMIwithZynq.gen/sources_1/bd/acquireToHDMIwithZynq/ip/acquireToHDMIwithZynq_rst_ps7_0_50M_0/acquireToHDMIwithZynq_rst_ps7_0_50M_0.dcp' for cell 'acquireToHDMIwithZynq_i/rst_ps7_0_50M'
Netlist sorting complete. Time (s): cpu = 00:00:00 ; elapsed = 00:00:00.194 . Memory (MB): peak = 814.758 ; gain = 0.000
INFO: [Netlist 29-17] Analyzing 104 Unisim elements for replacement
INFO: [Netlist 29-28] Unisim Transformation completed in 0 CPU seconds
INFO: [Project 1-479] Netlist was created with Vivado 2025.1
INFO: [Project 1-570] Preparing netlist for logic optimization
WARNING: [Opt 31-32] Removing redundant IBUF since it is not being driven by a top-level port. acquireToHDMIwithZynq_i/acquireToDisplay_AXI_0/U0/acquireToDisplay_AXI_slave_lite_v1_0_S00_AXI_inst/oscilloscope_inst/datapath_inst/vc/inst/clkin1_ibufg 
Resolution: The tool has removed redundant IBUF. To resolve this warning, check for redundant IBUF in the input design.
WARNING: [Constraints 18-550] Could not create 'IBUF_LOW_PWR' constraint because net 'acquireToHDMIwithZynq_i/acquireToDisplay_AXI_0/s00_axi_aclk' is not directly connected to top level port. 'IBUF_LOW_PWR' is ignored for synthesis but preserved for implementation.
Parsing XDC File [c:/EENG 484/lab6acquireToHDMIwithZynq/lab6acquireToHDMIwithZynq.gen/sources_1/bd/acquireToHDMIwithZynq/ip/acquireToHDMIwithZynq_acquireToDisplay_AXI_0_0/src/clk_wiz_0_1/clk_wiz_0.xdc] for cell 'acquireToHDMIwithZynq_i/acquireToDisplay_AXI_0/U0/acquireToDisplay_AXI_slave_lite_v1_0_S00_AXI_inst/oscilloscope_inst/datapath_inst/vc/inst'
INFO: [Timing 38-35] Done setting XDC timing constraints. [c:/EENG 484/lab6acquireToHDMIwithZynq/lab6acquireToHDMIwithZynq.gen/sources_1/bd/acquireToHDMIwithZynq/ip/acquireToHDMIwithZynq_acquireToDisplay_AXI_0_0/src/clk_wiz_0_1/clk_wiz_0.xdc:54]
INFO: [Timing 38-2] Deriving generated clocks [c:/EENG 484/lab6acquireToHDMIwithZynq/lab6acquireToHDMIwithZynq.gen/sources_1/bd/acquireToHDMIwithZynq/ip/acquireToHDMIwithZynq_acquireToDisplay_AXI_0_0/src/clk_wiz_0_1/clk_wiz_0.xdc:54]
Finished Parsing XDC File [c:/EENG 484/lab6acquireToHDMIwithZynq/lab6acquireToHDMIwithZynq.gen/sources_1/bd/acquireToHDMIwithZynq/ip/acquireToHDMIwithZynq_acquireToDisplay_AXI_0_0/src/clk_wiz_0_1/clk_wiz_0.xdc] for cell 'acquireToHDMIwithZynq_i/acquireToDisplay_AXI_0/U0/acquireToDisplay_AXI_slave_lite_v1_0_S00_AXI_inst/oscilloscope_inst/datapath_inst/vc/inst'
Parsing XDC File [c:/EENG 484/lab6acquireToHDMIwithZynq/lab6acquireToHDMIwithZynq.gen/sources_1/bd/acquireToHDMIwithZynq/ip/acquireToHDMIwithZynq_processing_system7_0_0/acquireToHDMIwithZynq_processing_system7_0_0.xdc] for cell 'acquireToHDMIwithZynq_i/processing_system7_0/inst'
Finished Parsing XDC File [c:/EENG 484/lab6acquireToHDMIwithZynq/lab6acquireToHDMIwithZynq.gen/sources_1/bd/acquireToHDMIwithZynq/ip/acquireToHDMIwithZynq_processing_system7_0_0/acquireToHDMIwithZynq_processing_system7_0_0.xdc] for cell 'acquireToHDMIwithZynq_i/processing_system7_0/inst'
Parsing XDC File [c:/EENG 484/lab6acquireToHDMIwithZynq/lab6acquireToHDMIwithZynq.gen/sources_1/bd/acquireToHDMIwithZynq/ip/acquireToHDMIwithZynq_axi_smc_0/bd_0/ip/ip_1/bd_6da4_psr_aclk_0_board.xdc] for cell 'acquireToHDMIwithZynq_i/axi_smc/inst/clk_map/psr_aclk/U0'
Finished Parsing XDC File [c:/EENG 484/lab6acquireToHDMIwithZynq/lab6acquireToHDMIwithZynq.gen/sources_1/bd/acquireToHDMIwithZynq/ip/acquireToHDMIwithZynq_axi_smc_0/bd_0/ip/ip_1/bd_6da4_psr_aclk_0_board.xdc] for cell 'acquireToHDMIwithZynq_i/axi_smc/inst/clk_map/psr_aclk/U0'
Parsing XDC File [c:/EENG 484/lab6acquireToHDMIwithZynq/lab6acquireToHDMIwithZynq.gen/sources_1/bd/acquireToHDMIwithZynq/ip/acquireToHDMIwithZynq_axi_smc_0/smartconnect.xdc] for cell 'acquireToHDMIwithZynq_i/axi_smc/inst'
Finished Parsing XDC File [c:/EENG 484/lab6acquireToHDMIwithZynq/lab6acquireToHDMIwithZynq.gen/sources_1/bd/acquireToHDMIwithZynq/ip/acquireToHDMIwithZynq_axi_smc_0/smartconnect.xdc] for cell 'acquireToHDMIwithZynq_i/axi_smc/inst'
Parsing XDC File [c:/EENG 484/lab6acquireToHDMIwithZynq/lab6acquireToHDMIwithZynq.gen/sources_1/bd/acquireToHDMIwithZynq/ip/acquireToHDMIwithZynq_rst_ps7_0_50M_0/acquireToHDMIwithZynq_rst_ps7_0_50M_0_board.xdc] for cell 'acquireToHDMIwithZynq_i/rst_ps7_0_50M/U0'
Finished Parsing XDC File [c:/EENG 484/lab6acquireToHDMIwithZynq/lab6acquireToHDMIwithZynq.gen/sources_1/bd/acquireToHDMIwithZynq/ip/acquireToHDMIwithZynq_rst_ps7_0_50M_0/acquireToHDMIwithZynq_rst_ps7_0_50M_0_board.xdc] for cell 'acquireToHDMIwithZynq_i/rst_ps7_0_50M/U0'
Parsing XDC File [C:/EENG 484/lab6acquireToHDMIwithZynq/lab6acquireToHDMIwithZynq.srcs/constrs_1/new/lab6constraints.xdc]
Finished Parsing XDC File [C:/EENG 484/lab6acquireToHDMIwithZynq/lab6acquireToHDMIwithZynq.srcs/constrs_1/new/lab6constraints.xdc]
INFO: [Project 1-1714] 60 XPM XDC files have been applied to the design.
INFO: [Opt 31-138] Pushed 0 inverter(s) to 0 load pin(s).
Netlist sorting complete. Time (s): cpu = 00:00:00 ; elapsed = 00:00:00.003 . Memory (MB): peak = 1492.164 ; gain = 0.000
INFO: [Project 1-111] Unisim Transformation Summary:
No Unisim elements were transformed.

21 Infos, 3 Warnings, 0 Critical Warnings and 0 Errors encountered.
link_design completed successfully
INFO: [Common 17-600] The following parameters have non-default value.
tcl.statsThreshold
Command: opt_design
Attempting to get a license for feature 'Implementation' and/or device 'xc7z010'
INFO: [Common 17-349] Got license for feature 'Implementation' and/or device 'xc7z010'
Running DRC as a precondition to command opt_design

Starting DRC Task
INFO: [DRC 23-27] Running DRC with 2 threads
INFO: [Project 1-461] DRC finished with 0 Errors
INFO: [Project 1-462] Please refer to the DRC report (report_drc) for more information.

Time (s): cpu = 00:00:02 ; elapsed = 00:00:02 . Memory (MB): peak = 1497.980 ; gain = 5.816

Starting Cache Timing Information Task
INFO: [Timing 38-35] Done setting XDC timing constraints.
Ending Cache Timing Information Task | Checksum: 189f1ea4e

Time (s): cpu = 00:00:01 ; elapsed = 00:00:00.323 . Memory (MB): peak = 1504.848 ; gain = 6.867

Starting Logic Optimization Task

Phase 1 Initialization

Phase 1.1 Core Generation And Design Setup
Phase 1.1 Core Generation And Design Setup | Checksum: 189f1ea4e

Time (s): cpu = 00:00:00 ; elapsed = 00:00:00.018 . Memory (MB): peak = 1927.965 ; gain = 0.000

Phase 1.2 Setup Constraints And Sort Netlist
Phase 1.2 Setup Constraints And Sort Netlist | Checksum: 189f1ea4e

Time (s): cpu = 00:00:00 ; elapsed = 00:00:00.029 . Memory (MB): peak = 1927.965 ; gain = 0.000
Phase 1 Initialization | Checksum: 189f1ea4e

Time (s): cpu = 00:00:00 ; elapsed = 00:00:00.034 . Memory (MB): peak = 1927.965 ; gain = 0.000

Phase 2 Timer Update And Timing Data Collection

Phase 2.1 Timer Update
Phase 2.1 Timer Update | Checksum: 189f1ea4e

Time (s): cpu = 00:00:00 ; elapsed = 00:00:00.135 . Memory (MB): peak = 1927.965 ; gain = 0.000

Phase 2.2 Timing Data Collection
Phase 2.2 Timing Data Collection | Checksum: 189f1ea4e

Time (s): cpu = 00:00:00 ; elapsed = 00:00:00.170 . Memory (MB): peak = 1927.965 ; gain = 0.000
Phase 2 Timer Update And Timing Data Collection | Checksum: 189f1ea4e

Time (s): cpu = 00:00:00 ; elapsed = 00:00:00.174 . Memory (MB): peak = 1927.965 ; gain = 0.000

Phase 3 Retarget
INFO: [Opt 31-1851] Number of loadless carry chains removed were: 0
INFO: [Opt 31-1834] Total Chains To Be Transformed Were: 0 AND Number of Transformed insts Created are: 0
INFO: [Opt 31-1566] Pulled 3 inverters resulting in an inversion of 16 pins
INFO: [Opt 31-138] Pushed 8 inverter(s) to 25 load pin(s).
INFO: [Opt 31-49] Retargeted 0 cell(s).
Phase 3 Retarget | Checksum: 1b3be2562

Time (s): cpu = 00:00:00 ; elapsed = 00:00:00.320 . Memory (MB): peak = 1927.965 ; gain = 0.000
Retarget | Checksum: 1b3be2562
INFO: [Opt 31-389] Phase Retarget created 8 cells and removed 42 cells
INFO: [Opt 31-1021] In phase Retarget, 100 netlist objects are constrained preventing optimization. Please run opt_design with -debug_log to get more detail. 

Phase 4 Constant propagation
INFO: [Opt 31-138] Pushed 6 inverter(s) to 6 load pin(s).
Phase 4 Constant propagation | Checksum: 1c629cd43

Time (s): cpu = 00:00:00 ; elapsed = 00:00:00.400 . Memory (MB): peak = 1927.965 ; gain = 0.000
Constant propagation | Checksum: 1c629cd43
INFO: [Opt 31-389] Phase Constant propagation created 75 cells and removed 178 cells
INFO: [Opt 31-1021] In phase Constant propagation, 100 netlist objects are constrained preventing optimization. Please run opt_design with -debug_log to get more detail. 

Phase 5 Sweep
INFO: [Constraints 18-11670] Building netlist checker database with flags, 0x8
Done building netlist checker database: Time (s): cpu = 00:00:00 ; elapsed = 00:00:00.003 . Memory (MB): peak = 1927.965 ; gain = 0.000
INFO: [Constraints 18-11670] Building netlist checker database with flags, 0x8
Done building netlist checker database: Time (s): cpu = 00:00:00 ; elapsed = 00:00:00.002 . Memory (MB): peak = 1927.965 ; gain = 0.000
Phase 5 Sweep | Checksum: 22d44e8aa

Time (s): cpu = 00:00:01 ; elapsed = 00:00:00.915 . Memory (MB): peak = 1927.965 ; gain = 0.000
Sweep | Checksum: 22d44e8aa
INFO: [Opt 31-389] Phase Sweep created 0 cells and removed 174 cells
INFO: [Opt 31-1021] In phase Sweep, 125 netlist objects are constrained preventing optimization. Please run opt_design with -debug_log to get more detail. 

Phase 6 BUFG optimization
Phase 6 BUFG optimization | Checksum: 22d44e8aa

Time (s): cpu = 00:00:01 ; elapsed = 00:00:00.965 . Memory (MB): peak = 1927.965 ; gain = 0.000
BUFG optimization | Checksum: 22d44e8aa
INFO: [Opt 31-662] Phase BUFG optimization created 0 cells of which 0 are BUFGs and removed 0 cells.

Phase 7 Shift Register Optimization
INFO: [Opt 31-1064] SRL Remap converted 0 SRLs to 0 registers and converted 0 registers of register chains to 0 SRLs
Phase 7 Shift Register Optimization | Checksum: 22d44e8aa

Time (s): cpu = 00:00:01 ; elapsed = 00:00:00.981 . Memory (MB): peak = 1927.965 ; gain = 0.000
Shift Register Optimization | Checksum: 22d44e8aa
INFO: [Opt 31-389] Phase Shift Register Optimization created 0 cells and removed 0 cells

Phase 8 Post Processing Netlist
Phase 8 Post Processing Netlist | Checksum: 1b98e3086

Time (s): cpu = 00:00:01 ; elapsed = 00:00:01 . Memory (MB): peak = 1927.965 ; gain = 0.000
Post Processing Netlist | Checksum: 1b98e3086
INFO: [Opt 31-389] Phase Post Processing Netlist created 0 cells and removed 0 cells
INFO: [Opt 31-1021] In phase Post Processing Netlist, 120 netlist objects are constrained preventing optimization. Please run opt_design with -debug_log to get more detail. 

Phase 9 Finalization

Phase 9.1 Finalizing Design Cores and Updating Shapes
Phase 9.1 Finalizing Design Cores and Updating Shapes | Checksum: 13a20186d

Time (s): cpu = 00:00:01 ; elapsed = 00:00:01 . Memory (MB): peak = 1927.965 ; gain = 0.000

Phase 9.2 Verifying Netlist Connectivity

Starting Connectivity Check Task

Time (s): cpu = 00:00:00 ; elapsed = 00:00:00.016 . Memory (MB): peak = 1927.965 ; gain = 0.000
Phase 9.2 Verifying Netlist Connectivity | Checksum: 13a20186d

Time (s): cpu = 00:00:01 ; elapsed = 00:00:01 . Memory (MB): peak = 1927.965 ; gain = 0.000
Phase 9 Finalization | Checksum: 13a20186d

Time (s): cpu = 00:00:01 ; elapsed = 00:00:01 . Memory (MB): peak = 1927.965 ; gain = 0.000
Opt_design Change Summary
=========================


-------------------------------------------------------------------------------------------------------------------------
|  Phase                        |  #Cells created  |  #Cells Removed  |  #Constrained objects preventing optimizations  |
-------------------------------------------------------------------------------------------------------------------------
|  Retarget                     |               8  |              42  |                                            100  |
|  Constant propagation         |              75  |             178  |                                            100  |
|  Sweep                        |               0  |             174  |                                            125  |
|  BUFG optimization            |               0  |               0  |                                              0  |
|  Shift Register Optimization  |               0  |               0  |                                              0  |
|  Post Processing Netlist      |               0  |               0  |                                            120  |
-------------------------------------------------------------------------------------------------------------------------


Ending Logic Optimization Task | Checksum: 13a20186d

Time (s): cpu = 00:00:01 ; elapsed = 00:00:01 . Memory (MB): peak = 1927.965 ; gain = 0.000

Starting Power Optimization Task
INFO: [Pwropt 34-132] Skipping clock gating for clocks with a period < 2.00 ns.
INFO: [Pwropt 34-9] Applying IDT optimizations ...
INFO: [Pwropt 34-10] Applying ODC optimizations ...
INFO: [Timing 38-35] Done setting XDC timing constraints.
Running Vector-less Activity Propagation...

Finished Running Vector-less Activity Propagation


Starting PowerOpt Patch Enables Task
INFO: [Pwropt 34-162] WRITE_MODE attribute of 0 BRAM(s) out of a total of 2 has been updated to save power. Run report_power_opt to get a complete listing of the BRAMs updated.
INFO: [Pwropt 34-201] Structural ODC has moved 2 WE to EN ports
Number of BRAM Ports augmented: 2 newly gated: 2 Total Ports: 4
Ending PowerOpt Patch Enables Task | Checksum: 19a5a6813

Time (s): cpu = 00:00:00 ; elapsed = 00:00:00.043 . Memory (MB): peak = 2045.461 ; gain = 0.000
Ending Power Optimization Task | Checksum: 19a5a6813

Time (s): cpu = 00:00:02 ; elapsed = 00:00:01 . Memory (MB): peak = 2045.461 ; gain = 117.496

Starting Final Cleanup Task
Ending Final Cleanup Task | Checksum: 19a5a6813

Time (s): cpu = 00:00:00 ; elapsed = 00:00:00.005 . Memory (MB): peak = 2045.461 ; gain = 0.000

Starting Netlist Obfuscation Task
Netlist sorting complete. Time (s): cpu = 00:00:00 ; elapsed = 00:00:00.003 . Memory (MB): peak = 2045.461 ; gain = 0.000
Ending Netlist Obfuscation Task | Checksum: 13baf7748

Time (s): cpu = 00:00:00 ; elapsed = 00:00:00.008 . Memory (MB): peak = 2045.461 ; gain = 0.000
INFO: [Common 17-83] Releasing license: Implementation
53 Infos, 3 Warnings, 0 Critical Warnings and 0 Errors encountered.
opt_design completed successfully
INFO: [Common 17-600] The following parameters have non-default value.
tcl.statsThreshold
INFO: [Vivado 12-24828] Executing command : report_drc -file acquireToHDMIwithZynq_wrapper_drc_opted.rpt -pb acquireToHDMIwithZynq_wrapper_drc_opted.pb -rpx acquireToHDMIwithZynq_wrapper_drc_opted.rpx
Command: report_drc -file acquireToHDMIwithZynq_wrapper_drc_opted.rpt -pb acquireToHDMIwithZynq_wrapper_drc_opted.pb -rpx acquireToHDMIwithZynq_wrapper_drc_opted.rpx
INFO: [IP_Flow 19-1839] IP Catalog is up to date.
INFO: [DRC 23-27] Running DRC with 2 threads
INFO: [Vivado_Tcl 2-168] The results of DRC are in file C:/EENG 484/lab6acquireToHDMIwithZynq/lab6acquireToHDMIwithZynq.runs/impl_1/acquireToHDMIwithZynq_wrapper_drc_opted.rpt.
report_drc completed successfully
INFO: [Timing 38-35] Done setting XDC timing constraints.
INFO: [Timing 38-480] Writing timing data to binary archive.
Write ShapeDB Complete: Time (s): cpu = 00:00:00 ; elapsed = 00:00:00.016 . Memory (MB): peak = 2045.461 ; gain = 0.000
Wrote PlaceDB: Time (s): cpu = 00:00:00 ; elapsed = 00:00:00.022 . Memory (MB): peak = 2045.461 ; gain = 0.000
Wrote PulsedLatchDB: Time (s): cpu = 00:00:00 ; elapsed = 00:00:00.001 . Memory (MB): peak = 2045.461 ; gain = 0.000
Writing XDEF routing.
Writing XDEF routing logical nets.
Writing XDEF routing special nets.
Wrote RouteStorage: Time (s): cpu = 00:00:00 ; elapsed = 00:00:00.033 . Memory (MB): peak = 2045.461 ; gain = 0.000
Wrote Netlist Cache: Time (s): cpu = 00:00:00 ; elapsed = 00:00:00.001 . Memory (MB): peak = 2045.461 ; gain = 0.000
Wrote Device Cache: Time (s): cpu = 00:00:00 ; elapsed = 00:00:00.020 . Memory (MB): peak = 2045.461 ; gain = 0.000
Write Physdb Complete: Time (s): cpu = 00:00:00 ; elapsed = 00:00:00.087 . Memory (MB): peak = 2045.461 ; gain = 0.000
INFO: [Common 17-1381] The checkpoint 'C:/EENG 484/lab6acquireToHDMIwithZynq/lab6acquireToHDMIwithZynq.runs/impl_1/acquireToHDMIwithZynq_wrapper_opt.dcp' has been generated.
Command: place_design
Attempting to get a license for feature 'Implementation' and/or device 'xc7z010'
INFO: [Common 17-349] Got license for feature 'Implementation' and/or device 'xc7z010'
INFO: [Common 17-83] Releasing license: Implementation
INFO: [DRC 23-27] Running DRC with 2 threads
INFO: [Vivado_Tcl 4-198] DRC finished with 0 Errors
INFO: [Vivado_Tcl 4-199] Please refer to the DRC report (report_drc) for more information.
Running DRC as a precondition to command place_design
INFO: [DRC 23-27] Running DRC with 2 threads
INFO: [Vivado_Tcl 4-198] DRC finished with 0 Errors
INFO: [Vivado_Tcl 4-199] Please refer to the DRC report (report_drc) for more information.
INFO: [Place 30-611] Multithreading enabled for place_design using a maximum of 2 CPUs

Starting Placer Task

Phase 1 Placer Initialization

Phase 1.1 Placer Initialization Netlist Sorting
Netlist sorting complete. Time (s): cpu = 00:00:00 ; elapsed = 00:00:00.003 . Memory (MB): peak = 2045.461 ; gain = 0.000
Phase 1.1 Placer Initialization Netlist Sorting | Checksum: d53357e2

Time (s): cpu = 00:00:00 ; elapsed = 00:00:00.013 . Memory (MB): peak = 2045.461 ; gain = 0.000
Netlist sorting complete. Time (s): cpu = 00:00:00 ; elapsed = 00:00:00.003 . Memory (MB): peak = 2045.461 ; gain = 0.000

Phase 1.2 IO Placement/ Clock Placement/ Build Placer Device
Phase 1.2 IO Placement/ Clock Placement/ Build Placer Device | Checksum: 1ec425d06

Time (s): cpu = 00:00:01 ; elapsed = 00:00:00.552 . Memory (MB): peak = 2045.461 ; gain = 0.000

Phase 1.3 Build Placer Netlist Model
Phase 1.3 Build Placer Netlist Model | Checksum: 25efe551d

Time (s): cpu = 00:00:02 ; elapsed = 00:00:01 . Memory (MB): peak = 2045.461 ; gain = 0.000

Phase 1.4 Constrain Clocks/Macros
Phase 1.4 Constrain Clocks/Macros | Checksum: 25efe551d

Time (s): cpu = 00:00:02 ; elapsed = 00:00:01 . Memory (MB): peak = 2045.461 ; gain = 0.000
Phase 1 Placer Initialization | Checksum: 25efe551d

Time (s): cpu = 00:00:02 ; elapsed = 00:00:01 . Memory (MB): peak = 2045.461 ; gain = 0.000

Phase 2 Global Placement

Phase 2.1 Floorplanning
Phase 2.1 Floorplanning | Checksum: 20e2f8e62

Time (s): cpu = 00:00:02 ; elapsed = 00:00:02 . Memory (MB): peak = 2045.461 ; gain = 0.000

Phase 2.2 Update Timing before SLR Path Opt
Phase 2.2 Update Timing before SLR Path Opt | Checksum: 277f5bea6

Time (s): cpu = 00:00:02 ; elapsed = 00:00:02 . Memory (MB): peak = 2045.461 ; gain = 0.000

Phase 2.3 Post-Processing in Floorplanning
Phase 2.3 Post-Processing in Floorplanning | Checksum: 26d34172e

Time (s): cpu = 00:00:02 ; elapsed = 00:00:02 . Memory (MB): peak = 2045.461 ; gain = 0.000

Phase 2.4 Global Place Phase1
Phase 2.4 Global Place Phase1 | Checksum: 1f8089cda

Time (s): cpu = 00:00:05 ; elapsed = 00:00:03 . Memory (MB): peak = 2045.461 ; gain = 0.000

Phase 2.5 Global Place Phase2

Phase 2.5.1 UpdateTiming Before Physical Synthesis
Phase 2.5.1 UpdateTiming Before Physical Synthesis | Checksum: 26b749e96

Time (s): cpu = 00:00:05 ; elapsed = 00:00:03 . Memory (MB): peak = 2045.461 ; gain = 0.000

Phase 2.5.2 Physical Synthesis In Placer
INFO: [Physopt 32-1035] Found 0 LUTNM shape to break, 138 LUT instances to create LUTNM shape
INFO: [Physopt 32-1044] Break lutnm for timing: one critical 0, two critical 0, total 0, new lutff created 0
INFO: [Physopt 32-1138] End 1 Pass. Optimized 49 nets or LUTs. Breaked 0 LUT, combined 49 existing LUTs and moved 0 existing LUT
INFO: [Physopt 32-65] No nets found for high-fanout optimization.
INFO: [Physopt 32-232] Optimized 0 net. Created 0 new instance.
INFO: [Physopt 32-775] End 1 Pass. Optimized 0 net or cell. Created 0 new cell, deleted 0 existing cell and moved 0 existing cell
INFO: [Physopt 32-456] No candidate cells for DSP register optimization found in the design.
INFO: [Physopt 32-775] End 2 Pass. Optimized 0 net or cell. Created 0 new cell, deleted 0 existing cell and moved 0 existing cell
INFO: [Physopt 32-1123] No candidate cells found for Shift Register to Pipeline optimization
INFO: [Physopt 32-775] End 2 Pass. Optimized 0 net or cell. Created 0 new cell, deleted 0 existing cell and moved 0 existing cell
INFO: [Physopt 32-1401] No candidate cells found for Shift Register optimization.
INFO: [Physopt 32-677] No candidate cells for Shift Register optimization found in the design
INFO: [Physopt 32-775] End 1 Pass. Optimized 0 net or cell. Created 0 new cell, deleted 0 existing cell and moved 0 existing cell
INFO: [Physopt 32-526] No candidate cells for BRAM register optimization found in the design
INFO: [Physopt 32-775] End 1 Pass. Optimized 0 net or cell. Created 0 new cell, deleted 0 existing cell and moved 0 existing cell
INFO: [Physopt 32-846] No candidate cells for URAM register optimization found in the design
INFO: [Physopt 32-775] End 1 Pass. Optimized 0 net or cell. Created 0 new cell, deleted 0 existing cell and moved 0 existing cell
INFO: [Physopt 32-846] No candidate cells for URAM register optimization found in the design
INFO: [Physopt 32-775] End 1 Pass. Optimized 0 net or cell. Created 0 new cell, deleted 0 existing cell and moved 0 existing cell
INFO: [Physopt 32-949] No candidate nets found for dynamic/static region interface net replication
INFO: [Physopt 32-775] End 1 Pass. Optimized 0 net or cell. Created 0 new cell, deleted 0 existing cell and moved 0 existing cell
Netlist sorting complete. Time (s): cpu = 00:00:00 ; elapsed = 00:00:00.005 . Memory (MB): peak = 2045.461 ; gain = 0.000

Summary of Physical Synthesis Optimizations
============================================


-----------------------------------------------------------------------------------------------------------------------------------------------------------
|  Optimization                                     |  Added Cells  |  Removed Cells  |  Optimized Cells/Nets  |  Dont Touch  |  Iterations  |  Elapsed   |
-----------------------------------------------------------------------------------------------------------------------------------------------------------
|  LUT Combining                                    |            0  |             49  |                    49  |           0  |           1  |  00:00:00  |
|  Retime                                           |            0  |              0  |                     0  |           0  |           1  |  00:00:00  |
|  Very High Fanout                                 |            0  |              0  |                     0  |           0  |           1  |  00:00:00  |
|  DSP Register                                     |            0  |              0  |                     0  |           0  |           1  |  00:00:00  |
|  Shift Register to Pipeline                       |            0  |              0  |                     0  |           0  |           1  |  00:00:00  |
|  Shift Register                                   |            0  |              0  |                     0  |           0  |           1  |  00:00:00  |
|  BRAM Register                                    |            0  |              0  |                     0  |           0  |           1  |  00:00:00  |
|  URAM Register                                    |            0  |              0  |                     0  |           0  |           1  |  00:00:00  |
|  Dynamic/Static Region Interface Net Replication  |            0  |              0  |                     0  |           0  |           1  |  00:00:00  |
|  Total                                            |            0  |             49  |                    49  |           0  |           9  |  00:00:00  |
-----------------------------------------------------------------------------------------------------------------------------------------------------------


Phase 2.5.2 Physical Synthesis In Placer | Checksum: 1c6992f32

Time (s): cpu = 00:00:06 ; elapsed = 00:00:04 . Memory (MB): peak = 2045.461 ; gain = 0.000
Phase 2.5 Global Place Phase2 | Checksum: 18f673cf6

Time (s): cpu = 00:00:06 ; elapsed = 00:00:04 . Memory (MB): peak = 2045.461 ; gain = 0.000
Phase 2 Global Placement | Checksum: 18f673cf6

Time (s): cpu = 00:00:06 ; elapsed = 00:00:04 . Memory (MB): peak = 2045.461 ; gain = 0.000

Phase 3 Detail Placement

Phase 3.1 Commit Multi Column Macros
Phase 3.1 Commit Multi Column Macros | Checksum: 1c806ca41

Time (s): cpu = 00:00:06 ; elapsed = 00:00:04 . Memory (MB): peak = 2045.461 ; gain = 0.000

Phase 3.2 Commit Most Macros & LUTRAMs
Phase 3.2 Commit Most Macros & LUTRAMs | Checksum: 1e46434e0

Time (s): cpu = 00:00:07 ; elapsed = 00:00:05 . Memory (MB): peak = 2045.461 ; gain = 0.000

Phase 3.3 Area Swap Optimization
Phase 3.3 Area Swap Optimization | Checksum: 1a4018693

Time (s): cpu = 00:00:07 ; elapsed = 00:00:05 . Memory (MB): peak = 2045.461 ; gain = 0.000

Phase 3.4 Pipeline Register Optimization
Phase 3.4 Pipeline Register Optimization | Checksum: 20378895c

Time (s): cpu = 00:00:07 ; elapsed = 00:00:05 . Memory (MB): peak = 2045.461 ; gain = 0.000

Phase 3.5 Fast Optimization
Phase 3.5 Fast Optimization | Checksum: 1b2fcf965

Time (s): cpu = 00:00:08 ; elapsed = 00:00:05 . Memory (MB): peak = 2045.461 ; gain = 0.000

Phase 3.6 Small Shape Detail Placement
Phase 3.6 Small Shape Detail Placement | Checksum: 22f9bdfca

Time (s): cpu = 00:00:09 ; elapsed = 00:00:06 . Memory (MB): peak = 2045.461 ; gain = 0.000

Phase 3.7 Re-assign LUT pins
Phase 3.7 Re-assign LUT pins | Checksum: 2503ea8c9

Time (s): cpu = 00:00:09 ; elapsed = 00:00:06 . Memory (MB): peak = 2045.461 ; gain = 0.000

Phase 3.8 Pipeline Register Optimization
Phase 3.8 Pipeline Register Optimization | Checksum: 26ead6ba0

Time (s): cpu = 00:00:09 ; elapsed = 00:00:06 . Memory (MB): peak = 2045.461 ; gain = 0.000

Phase 3.9 Fast Optimization
Phase 3.9 Fast Optimization | Checksum: 12b9f7773

Time (s): cpu = 00:00:11 ; elapsed = 00:00:09 . Memory (MB): peak = 2045.461 ; gain = 0.000
Phase 3 Detail Placement | Checksum: 12b9f7773

Time (s): cpu = 00:00:12 ; elapsed = 00:00:09 . Memory (MB): peak = 2045.461 ; gain = 0.000

Phase 4 Post Placement Optimization and Clean-Up

Phase 4.1 Post Commit Optimization
INFO: [Timing 38-35] Done setting XDC timing constraints.

Phase 4.1.1 Post Placement Optimization
Post Placement Optimization Initialization | Checksum: 1d7354fdb

Phase 4.1.1.1 BUFG Insertion

Starting Physical Synthesis Task

Phase 1 Physical Synthesis Initialization
INFO: [Physopt 32-721] Multithreading enabled for phys_opt_design using a maximum of 2 CPUs
INFO: [Physopt 32-619] Estimated Timing Summary | WNS=-12.525 | TNS=-554.010 |
Phase 1 Physical Synthesis Initialization | Checksum: 1c4401e32

Time (s): cpu = 00:00:00 ; elapsed = 00:00:00.066 . Memory (MB): peak = 2045.461 ; gain = 0.000
INFO: [Place 46-56] BUFG insertion identified 0 candidate nets. Inserted BUFG: 0, Replicated BUFG Driver: 0, Skipped due to Placement/Routing Conflicts: 0, Skipped due to Timing Degradation: 0, Skipped due to netlist editing failed: 0.
Ending Physical Synthesis Task | Checksum: 1c4d2d093

Time (s): cpu = 00:00:00 ; elapsed = 00:00:00.094 . Memory (MB): peak = 2045.461 ; gain = 0.000
Phase 4.1.1.1 BUFG Insertion | Checksum: 1d7354fdb

Time (s): cpu = 00:00:13 ; elapsed = 00:00:09 . Memory (MB): peak = 2045.461 ; gain = 0.000

Phase 4.1.1.2 Post Placement Timing Optimization
INFO: [Place 30-746] Post Placement Timing Summary WNS=-12.257. For the most accurate timing information please run report_timing.
Phase 4.1.1.2 Post Placement Timing Optimization | Checksum: 16ba5c5eb

Time (s): cpu = 00:00:27 ; elapsed = 00:00:23 . Memory (MB): peak = 2045.461 ; gain = 0.000

Time (s): cpu = 00:00:27 ; elapsed = 00:00:23 . Memory (MB): peak = 2045.461 ; gain = 0.000
Phase 4.1 Post Commit Optimization | Checksum: 16ba5c5eb

Time (s): cpu = 00:00:27 ; elapsed = 00:00:23 . Memory (MB): peak = 2045.461 ; gain = 0.000

Phase 4.2 Post Placement Cleanup
Phase 4.2 Post Placement Cleanup | Checksum: 16ba5c5eb

Time (s): cpu = 00:00:27 ; elapsed = 00:00:23 . Memory (MB): peak = 2045.461 ; gain = 0.000

Phase 4.3 Placer Reporting

Phase 4.3.1 Print Estimated Congestion
INFO: [Place 30-612] Post-Placement Estimated Congestion 
 ____________________________________________________
|           | Global Congestion | Short Congestion  |
| Direction | Region Size       | Region Size       |
|___________|___________________|___________________|
|      North|                1x1|                1x1|
|___________|___________________|___________________|
|      South|                1x1|                1x1|
|___________|___________________|___________________|
|       East|                1x1|                1x1|
|___________|___________________|___________________|
|       West|                1x1|                1x1|
|___________|___________________|___________________|

Phase 4.3.1 Print Estimated Congestion | Checksum: 16ba5c5eb

Time (s): cpu = 00:00:27 ; elapsed = 00:00:23 . Memory (MB): peak = 2045.461 ; gain = 0.000
Phase 4.3 Placer Reporting | Checksum: 16ba5c5eb

Time (s): cpu = 00:00:27 ; elapsed = 00:00:23 . Memory (MB): peak = 2045.461 ; gain = 0.000

Phase 4.4 Final Placement Cleanup
Netlist sorting complete. Time (s): cpu = 00:00:00 ; elapsed = 00:00:00.003 . Memory (MB): peak = 2045.461 ; gain = 0.000

Time (s): cpu = 00:00:27 ; elapsed = 00:00:23 . Memory (MB): peak = 2045.461 ; gain = 0.000
Phase 4 Post Placement Optimization and Clean-Up | Checksum: 1140ad867

Time (s): cpu = 00:00:27 ; elapsed = 00:00:23 . Memory (MB): peak = 2045.461 ; gain = 0.000
Ending Placer Task | Checksum: f8edd8cb

Time (s): cpu = 00:00:27 ; elapsed = 00:00:23 . Memory (MB): peak = 2045.461 ; gain = 0.000
97 Infos, 3 Warnings, 0 Critical Warnings and 0 Errors encountered.
place_design completed successfully
INFO: [Common 17-600] The following parameters have non-default value.
tcl.statsThreshold
INFO: [Vivado 12-24838] Running report commands "report_control_sets, report_io, report_utilization" in parallel.
Running report generation with 2 threads.
INFO: [Vivado 12-24828] Executing command : report_utilization -file acquireToHDMIwithZynq_wrapper_utilization_placed.rpt -pb acquireToHDMIwithZynq_wrapper_utilization_placed.pb
INFO: [Vivado 12-24828] Executing command : report_control_sets -verbose -file acquireToHDMIwithZynq_wrapper_control_sets_placed.rpt
report_control_sets: Time (s): cpu = 00:00:00 ; elapsed = 00:00:00.017 . Memory (MB): peak = 2045.461 ; gain = 0.000
INFO: [Vivado 12-24828] Executing command : report_io -file acquireToHDMIwithZynq_wrapper_io_placed.rpt
report_io: Time (s): cpu = 00:00:00 ; elapsed = 00:00:00.079 . Memory (MB): peak = 2045.461 ; gain = 0.000
INFO: [Timing 38-480] Writing timing data to binary archive.
Write ShapeDB Complete: Time (s): cpu = 00:00:00 ; elapsed = 00:00:00.018 . Memory (MB): peak = 2045.461 ; gain = 0.000
Wrote PlaceDB: Time (s): cpu = 00:00:01 ; elapsed = 00:00:00.309 . Memory (MB): peak = 2045.461 ; gain = 0.000
Wrote PulsedLatchDB: Time (s): cpu = 00:00:00 ; elapsed = 00:00:00 . Memory (MB): peak = 2045.461 ; gain = 0.000
Writing XDEF routing.
Writing XDEF routing logical nets.
Writing XDEF routing special nets.
Wrote RouteStorage: Time (s): cpu = 00:00:00 ; elapsed = 00:00:00.028 . Memory (MB): peak = 2045.461 ; gain = 0.000
Wrote Netlist Cache: Time (s): cpu = 00:00:00 ; elapsed = 00:00:00.006 . Memory (MB): peak = 2045.461 ; gain = 0.000
Wrote Device Cache: Time (s): cpu = 00:00:00 ; elapsed = 00:00:00.015 . Memory (MB): peak = 2045.461 ; gain = 0.000
Write Physdb Complete: Time (s): cpu = 00:00:01 ; elapsed = 00:00:00.368 . Memory (MB): peak = 2045.461 ; gain = 0.000
INFO: [Common 17-1381] The checkpoint 'C:/EENG 484/lab6acquireToHDMIwithZynq/lab6acquireToHDMIwithZynq.runs/impl_1/acquireToHDMIwithZynq_wrapper_placed.dcp' has been generated.
Command: phys_opt_design
Attempting to get a license for feature 'Implementation' and/or device 'xc7z010'
INFO: [Common 17-349] Got license for feature 'Implementation' and/or device 'xc7z010'

Starting Initial Update Timing Task

Time (s): cpu = 00:00:01 ; elapsed = 00:00:00.361 . Memory (MB): peak = 2045.461 ; gain = 0.000
INFO: [Vivado_Tcl 4-1435] PhysOpt_Tcl_Interface Runtime Before Starting Physical Synthesis Task | CPU: 1.00s |  WALL: 0.39s
Netlist sorting complete. Time (s): cpu = 00:00:00 ; elapsed = 00:00:00.003 . Memory (MB): peak = 2045.461 ; gain = 0.000

Starting Physical Synthesis Task

Phase 1 Physical Synthesis Initialization
INFO: [Physopt 32-721] Multithreading enabled for phys_opt_design using a maximum of 2 CPUs
INFO: [Physopt 32-619] Estimated Timing Summary | WNS=-12.257 | TNS=-552.998 |
Phase 1 Physical Synthesis Initialization | Checksum: 13d1f3ed8

Time (s): cpu = 00:00:01 ; elapsed = 00:00:00.254 . Memory (MB): peak = 2045.461 ; gain = 0.000
INFO: [Physopt 32-619] Estimated Timing Summary | WNS=-12.257 | TNS=-552.998 |

Phase 2 DSP Register Optimization
INFO: [Physopt 32-456] No candidate cells for DSP register optimization found in the design.
INFO: [Physopt 32-775] End 2 Pass. Optimized 0 net or cell. Created 0 new cell, deleted 0 existing cell and moved 0 existing cell
Phase 2 DSP Register Optimization | Checksum: 13d1f3ed8

Time (s): cpu = 00:00:01 ; elapsed = 00:00:00.274 . Memory (MB): peak = 2045.461 ; gain = 0.000

Phase 3 Critical Path Optimization
INFO: [Physopt 32-619] Estimated Timing Summary | WNS=-12.257 | TNS=-552.998 |
INFO: [Physopt 32-702] Processed net acquireToHDMIwithZynq_i/acquireToDisplay_AXI_0/U0/acquireToDisplay_AXI_slave_lite_v1_0_S00_AXI_inst/oscilloscope_inst/datapath_inst/scopeFace_inst/green_reg[7]_0[0]. Optimizations did not improve timing on the net.
INFO: [Physopt 32-702] Processed net acquireToHDMIwithZynq_i/processing_system7_0/inst/FCLK_CLK_unbuffered[0]. Optimizations did not improve timing on the net.
INFO: [Physopt 32-702] Processed net acquireToHDMIwithZynq_i/acquireToDisplay_AXI_0/U0/acquireToDisplay_AXI_slave_lite_v1_0_S00_AXI_inst/oscilloscope_inst/datapath_inst/videoSigGen_inst/pixelHorz_reg[4]_0[0]. Optimizations did not improve timing on the net.
INFO: [Physopt 32-702] Processed net acquireToHDMIwithZynq_i/acquireToDisplay_AXI_0/U0/acquireToDisplay_AXI_slave_lite_v1_0_S00_AXI_inst/oscilloscope_inst/datapath_inst/videoSigGen_inst/blue[0]_i_4_n_0. Optimizations did not improve timing on the net.
INFO: [Physopt 32-710] Processed net acquireToHDMIwithZynq_i/acquireToDisplay_AXI_0/U0/acquireToDisplay_AXI_slave_lite_v1_0_S00_AXI_inst/oscilloscope_inst/datapath_inst/videoSigGen_inst/blue[0]_i_4_n_0. Critical path length was reduced through logic transformation on cell acquireToHDMIwithZynq_i/acquireToDisplay_AXI_0/U0/acquireToDisplay_AXI_slave_lite_v1_0_S00_AXI_inst/oscilloscope_inst/datapath_inst/videoSigGen_inst/blue[0]_i_4_comp.
INFO: [Physopt 32-735] Processed net acquireToHDMIwithZynq_i/acquireToDisplay_AXI_0/U0/acquireToDisplay_AXI_slave_lite_v1_0_S00_AXI_inst/oscilloscope_inst/datapath_inst/videoSigGen_inst/blue[0]_i_10_n_0. Optimization improves timing on the net.
INFO: [Physopt 32-619] Estimated Timing Summary | WNS=-12.255 | TNS=-552.984 |
INFO: [Physopt 32-663] Processed net acquireToHDMIwithZynq_i/acquireToDisplay_AXI_0/U0/acquireToDisplay_AXI_slave_lite_v1_0_S00_AXI_inst/oscilloscope_inst/datapath_inst/videoSigGen_inst/blue[0]_i_10_n_0.  Re-placed instance acquireToHDMIwithZynq_i/acquireToDisplay_AXI_0/U0/acquireToDisplay_AXI_slave_lite_v1_0_S00_AXI_inst/oscilloscope_inst/datapath_inst/videoSigGen_inst/blue[0]_i_10_comp_1
INFO: [Physopt 32-735] Processed net acquireToHDMIwithZynq_i/acquireToDisplay_AXI_0/U0/acquireToDisplay_AXI_slave_lite_v1_0_S00_AXI_inst/oscilloscope_inst/datapath_inst/videoSigGen_inst/blue[0]_i_10_n_0. Optimization improves timing on the net.
INFO: [Physopt 32-619] Estimated Timing Summary | WNS=-12.158 | TNS=-552.305 |
INFO: [Physopt 32-702] Processed net acquireToHDMIwithZynq_i/acquireToDisplay_AXI_0/U0/acquireToDisplay_AXI_slave_lite_v1_0_S00_AXI_inst/oscilloscope_inst/datapath_inst/videoSigGen_inst/blue[0]_i_10_n_0. Optimizations did not improve timing on the net.
INFO: [Physopt 32-702] Processed net acquireToHDMIwithZynq_i/acquireToDisplay_AXI_0/U0/acquireToDisplay_AXI_slave_lite_v1_0_S00_AXI_inst/oscilloscope_inst/datapath_inst/scopeFace_inst/pixelVert_reg[10]_1[0]. Optimizations did not improve timing on the net.
INFO: [Physopt 32-608] Optimized 1 net.  Swapped 16 pins.
INFO: [Physopt 32-735] Processed net acquireToHDMIwithZynq_i/acquireToDisplay_AXI_0/U0/acquireToDisplay_AXI_slave_lite_v1_0_S00_AXI_inst/oscilloscope_inst/datapath_inst/triggerVoltToPixel_inst/pixelVert_reg[10]_2[2]. Optimization improves timing on the net.
INFO: [Physopt 32-619] Estimated Timing Summary | WNS=-12.111 | TNS=-551.976 |
INFO: [Physopt 32-702] Processed net acquireToHDMIwithZynq_i/acquireToDisplay_AXI_0/U0/acquireToDisplay_AXI_slave_lite_v1_0_S00_AXI_inst/oscilloscope_inst/datapath_inst/triggerVoltToPixel_inst/pixelVert_reg[10]_2[1]. Optimizations did not improve timing on the net.
INFO: [Physopt 32-710] Processed net acquireToHDMIwithZynq_i/acquireToDisplay_AXI_0/U0/acquireToDisplay_AXI_slave_lite_v1_0_S00_AXI_inst/oscilloscope_inst/datapath_inst/triggerVoltToPixel_inst/pixelVert_reg[10]_2[1]. Critical path length was reduced through logic transformation on cell acquireToHDMIwithZynq_i/acquireToDisplay_AXI_0/U0/acquireToDisplay_AXI_slave_lite_v1_0_S00_AXI_inst/oscilloscope_inst/datapath_inst/triggerVoltToPixel_inst/i__carry__1_i_2__5_comp.
INFO: [Physopt 32-735] Processed net acquireToHDMIwithZynq_i/acquireToDisplay_AXI_0/U0/acquireToDisplay_AXI_slave_lite_v1_0_S00_AXI_inst/oscilloscope_inst/datapath_inst/triggerVoltToPixel_inst/i__carry__1_i_4__0_n_0. Optimization improves timing on the net.
INFO: [Physopt 32-619] Estimated Timing Summary | WNS=-12.063 | TNS=-551.640 |
INFO: [Physopt 32-663] Processed net acquireToHDMIwithZynq_i/acquireToDisplay_AXI_0/U0/acquireToDisplay_AXI_slave_lite_v1_0_S00_AXI_inst/oscilloscope_inst/datapath_inst/videoSigGen_inst/blue[0]_i_10_n_0_repN.  Re-placed instance acquireToHDMIwithZynq_i/acquireToDisplay_AXI_0/U0/acquireToDisplay_AXI_slave_lite_v1_0_S00_AXI_inst/oscilloscope_inst/datapath_inst/videoSigGen_inst/blue[0]_i_10_comp
INFO: [Physopt 32-735] Processed net acquireToHDMIwithZynq_i/acquireToDisplay_AXI_0/U0/acquireToDisplay_AXI_slave_lite_v1_0_S00_AXI_inst/oscilloscope_inst/datapath_inst/videoSigGen_inst/blue[0]_i_10_n_0_repN. Optimization improves timing on the net.
INFO: [Physopt 32-619] Estimated Timing Summary | WNS=-12.051 | TNS=-551.556 |
INFO: [Physopt 32-702] Processed net acquireToHDMIwithZynq_i/acquireToDisplay_AXI_0/U0/acquireToDisplay_AXI_slave_lite_v1_0_S00_AXI_inst/oscilloscope_inst/datapath_inst/videoSigGen_inst/blue[0]_i_10_n_0_repN. Optimizations did not improve timing on the net.
INFO: [Physopt 32-710] Processed net acquireToHDMIwithZynq_i/acquireToDisplay_AXI_0/U0/acquireToDisplay_AXI_slave_lite_v1_0_S00_AXI_inst/oscilloscope_inst/datapath_inst/videoSigGen_inst/blue[0]_i_10_n_0_repN. Critical path length was reduced through logic transformation on cell acquireToHDMIwithZynq_i/acquireToDisplay_AXI_0/U0/acquireToDisplay_AXI_slave_lite_v1_0_S00_AXI_inst/oscilloscope_inst/datapath_inst/videoSigGen_inst/blue[0]_i_10_comp_2.
INFO: [Physopt 32-735] Processed net acquireToHDMIwithZynq_i/acquireToDisplay_AXI_0/U0/acquireToDisplay_AXI_slave_lite_v1_0_S00_AXI_inst/oscilloscope_inst/datapath_inst/videoSigGen_inst/blue[0]_i_9_n_0. Optimization improves timing on the net.
INFO: [Physopt 32-619] Estimated Timing Summary | WNS=-12.012 | TNS=-551.283 |
INFO: [Physopt 32-134] Processed net acquireToHDMIwithZynq_i/acquireToDisplay_AXI_0/U0/acquireToDisplay_AXI_slave_lite_v1_0_S00_AXI_inst/oscilloscope_inst/datapath_inst/triggerVoltToPixel_inst/i__carry__0_i_5__6_n_0. Rewiring did not optimize the net.
INFO: [Physopt 32-81] Processed net acquireToHDMIwithZynq_i/acquireToDisplay_AXI_0/U0/acquireToDisplay_AXI_slave_lite_v1_0_S00_AXI_inst/oscilloscope_inst/datapath_inst/triggerVoltToPixel_inst/i__carry__0_i_5__6_n_0. Replicated 1 times.
INFO: [Physopt 32-735] Processed net acquireToHDMIwithZynq_i/acquireToDisplay_AXI_0/U0/acquireToDisplay_AXI_slave_lite_v1_0_S00_AXI_inst/oscilloscope_inst/datapath_inst/triggerVoltToPixel_inst/i__carry__0_i_5__6_n_0. Optimization improves timing on the net.
INFO: [Physopt 32-619] Estimated Timing Summary | WNS=-11.969 | TNS=-550.982 |
INFO: [Physopt 32-702] Processed net acquireToHDMIwithZynq_i/acquireToDisplay_AXI_0/U0/acquireToDisplay_AXI_slave_lite_v1_0_S00_AXI_inst/oscilloscope_inst/datapath_inst/videoSigGen_inst/blue[0]_i_11_n_0. Optimizations did not improve timing on the net.
INFO: [Physopt 32-702] Processed net acquireToHDMIwithZynq_i/acquireToDisplay_AXI_0/U0/acquireToDisplay_AXI_slave_lite_v1_0_S00_AXI_inst/oscilloscope_inst/datapath_inst/scopeFace_inst/pixelVert_reg[10]_0[0]. Optimizations did not improve timing on the net.
INFO: [Physopt 32-608] Optimized 1 net.  Swapped 18 pins.
INFO: [Physopt 32-735] Processed net acquireToHDMIwithZynq_i/acquireToDisplay_AXI_0/U0/acquireToDisplay_AXI_slave_lite_v1_0_S00_AXI_inst/oscilloscope_inst/datapath_inst/triggerVoltToPixel_inst/pixelVert_reg[10]_1[2]. Optimization improves timing on the net.
INFO: [Physopt 32-619] Estimated Timing Summary | WNS=-11.967 | TNS=-550.968 |
INFO: [Physopt 32-702] Processed net acquireToHDMIwithZynq_i/acquireToDisplay_AXI_0/U0/acquireToDisplay_AXI_slave_lite_v1_0_S00_AXI_inst/oscilloscope_inst/datapath_inst/scopeFace_inst/p_1_out_inferred__7/i__carry__0_n_0. Optimizations did not improve timing on the net.
INFO: [Physopt 32-702] Processed net acquireToHDMIwithZynq_i/acquireToDisplay_AXI_0/U0/acquireToDisplay_AXI_slave_lite_v1_0_S00_AXI_inst/oscilloscope_inst/datapath_inst/triggerVoltToPixel_inst/pixelVert_reg[7]_0[1]. Optimizations did not improve timing on the net.
INFO: [Physopt 32-608] Optimized 1 net.  Swapped 9 pins.
INFO: [Physopt 32-735] Processed net acquireToHDMIwithZynq_i/acquireToDisplay_AXI_0/U0/acquireToDisplay_AXI_slave_lite_v1_0_S00_AXI_inst/oscilloscope_inst/datapath_inst/triggerVoltToPixel_inst/i__carry__0_i_6__4_n_0. Optimization improves timing on the net.
INFO: [Physopt 32-619] Estimated Timing Summary | WNS=-11.957 | TNS=-550.898 |
INFO: [Physopt 32-81] Processed net acquireToHDMIwithZynq_i/acquireToDisplay_AXI_0/U0/acquireToDisplay_AXI_slave_lite_v1_0_S00_AXI_inst/oscilloscope_inst/datapath_inst/triggerVoltToPixel_inst/i__carry_i_5__7_n_0. Replicated 2 times.
INFO: [Physopt 32-735] Processed net acquireToHDMIwithZynq_i/acquireToDisplay_AXI_0/U0/acquireToDisplay_AXI_slave_lite_v1_0_S00_AXI_inst/oscilloscope_inst/datapath_inst/triggerVoltToPixel_inst/i__carry_i_5__7_n_0. Optimization improves timing on the net.
INFO: [Physopt 32-619] Estimated Timing Summary | WNS=-11.947 | TNS=-550.828 |
INFO: [Physopt 32-702] Processed net acquireToHDMIwithZynq_i/acquireToDisplay_AXI_0/U0/acquireToDisplay_AXI_slave_lite_v1_0_S00_AXI_inst/oscilloscope_inst/datapath_inst/triggerVoltToPixel_inst/i__carry_i_5__7_n_0. Optimizations did not improve timing on the net.
INFO: [Physopt 32-702] Processed net acquireToHDMIwithZynq_i/acquireToDisplay_AXI_0/U0/acquireToDisplay_AXI_slave_lite_v1_0_S00_AXI_inst/oscilloscope_inst/datapath_inst/videoSigGen_inst/s00_axi_aresetn_0[0]. Optimizations did not improve timing on the net.
INFO: [Physopt 32-702] Processed net acquireToHDMIwithZynq_i/acquireToDisplay_AXI_0/U0/acquireToDisplay_AXI_slave_lite_v1_0_S00_AXI_inst/oscilloscope_inst/datapath_inst/triggerVoltToPixel_inst/x_SIGNED32__0[24]. Optimizations did not improve timing on the net.
INFO: [Physopt 32-81] Processed net acquireToHDMIwithZynq_i/acquireToDisplay_AXI_0/U0/acquireToDisplay_AXI_slave_lite_v1_0_S00_AXI_inst/slv_reg8[15]. Replicated 1 times.
INFO: [Physopt 32-735] Processed net acquireToHDMIwithZynq_i/acquireToDisplay_AXI_0/U0/acquireToDisplay_AXI_slave_lite_v1_0_S00_AXI_inst/slv_reg8[15]. Optimization improves timing on the net.
INFO: [Physopt 32-619] Estimated Timing Summary | WNS=-11.944 | TNS=-550.807 |
INFO: [Physopt 32-702] Processed net acquireToHDMIwithZynq_i/acquireToDisplay_AXI_0/U0/acquireToDisplay_AXI_slave_lite_v1_0_S00_AXI_inst/slv_reg8[15]_repN. Optimizations did not improve timing on the net.
INFO: [Physopt 32-663] Processed net acquireToHDMIwithZynq_i/acquireToDisplay_AXI_0/U0/acquireToDisplay_AXI_slave_lite_v1_0_S00_AXI_inst/oscilloscope_inst/datapath_inst/hdmi0_inst/inst/encb/cnt[3].  Re-placed instance acquireToHDMIwithZynq_i/acquireToDisplay_AXI_0/U0/acquireToDisplay_AXI_slave_lite_v1_0_S00_AXI_inst/oscilloscope_inst/datapath_inst/hdmi0_inst/inst/encb/cnt_reg[3]
INFO: [Physopt 32-735] Processed net acquireToHDMIwithZynq_i/acquireToDisplay_AXI_0/U0/acquireToDisplay_AXI_slave_lite_v1_0_S00_AXI_inst/oscilloscope_inst/datapath_inst/hdmi0_inst/inst/encb/cnt[3]. Optimization improves timing on the net.
INFO: [Physopt 32-619] Estimated Timing Summary | WNS=-11.944 | TNS=-550.503 |
INFO: [Physopt 32-663] Processed net acquireToHDMIwithZynq_i/acquireToDisplay_AXI_0/U0/acquireToDisplay_AXI_slave_lite_v1_0_S00_AXI_inst/oscilloscope_inst/datapath_inst/hdmi0_inst/inst/encb/Q[6].  Re-placed instance acquireToHDMIwithZynq_i/acquireToDisplay_AXI_0/U0/acquireToDisplay_AXI_slave_lite_v1_0_S00_AXI_inst/oscilloscope_inst/datapath_inst/hdmi0_inst/inst/encb/dout_reg[6]
INFO: [Physopt 32-735] Processed net acquireToHDMIwithZynq_i/acquireToDisplay_AXI_0/U0/acquireToDisplay_AXI_slave_lite_v1_0_S00_AXI_inst/oscilloscope_inst/datapath_inst/hdmi0_inst/inst/encb/Q[6]. Optimization improves timing on the net.
INFO: [Physopt 32-619] Estimated Timing Summary | WNS=-11.944 | TNS=-550.201 |
INFO: [Physopt 32-663] Processed net acquireToHDMIwithZynq_i/acquireToDisplay_AXI_0/U0/acquireToDisplay_AXI_slave_lite_v1_0_S00_AXI_inst/oscilloscope_inst/datapath_inst/hdmi0_inst/inst/encb/Q[7].  Re-placed instance acquireToHDMIwithZynq_i/acquireToDisplay_AXI_0/U0/acquireToDisplay_AXI_slave_lite_v1_0_S00_AXI_inst/oscilloscope_inst/datapath_inst/hdmi0_inst/inst/encb/dout_reg[7]
INFO: [Physopt 32-735] Processed net acquireToHDMIwithZynq_i/acquireToDisplay_AXI_0/U0/acquireToDisplay_AXI_slave_lite_v1_0_S00_AXI_inst/oscilloscope_inst/datapath_inst/hdmi0_inst/inst/encb/Q[7]. Optimization improves timing on the net.
INFO: [Physopt 32-619] Estimated Timing Summary | WNS=-11.944 | TNS=-549.899 |
INFO: [Physopt 32-663] Processed net acquireToHDMIwithZynq_i/acquireToDisplay_AXI_0/U0/acquireToDisplay_AXI_slave_lite_v1_0_S00_AXI_inst/oscilloscope_inst/datapath_inst/hdmi0_inst/inst/encb/Q[8].  Re-placed instance acquireToHDMIwithZynq_i/acquireToDisplay_AXI_0/U0/acquireToDisplay_AXI_slave_lite_v1_0_S00_AXI_inst/oscilloscope_inst/datapath_inst/hdmi0_inst/inst/encb/dout_reg[8]
INFO: [Physopt 32-735] Processed net acquireToHDMIwithZynq_i/acquireToDisplay_AXI_0/U0/acquireToDisplay_AXI_slave_lite_v1_0_S00_AXI_inst/oscilloscope_inst/datapath_inst/hdmi0_inst/inst/encb/Q[8]. Optimization improves timing on the net.
INFO: [Physopt 32-619] Estimated Timing Summary | WNS=-11.944 | TNS=-549.597 |
INFO: [Physopt 32-663] Processed net acquireToHDMIwithZynq_i/acquireToDisplay_AXI_0/U0/acquireToDisplay_AXI_slave_lite_v1_0_S00_AXI_inst/oscilloscope_inst/datapath_inst/hdmi0_inst/inst/encb/cnt[4].  Re-placed instance acquireToHDMIwithZynq_i/acquireToDisplay_AXI_0/U0/acquireToDisplay_AXI_slave_lite_v1_0_S00_AXI_inst/oscilloscope_inst/datapath_inst/hdmi0_inst/inst/encb/cnt_reg[4]
INFO: [Physopt 32-735] Processed net acquireToHDMIwithZynq_i/acquireToDisplay_AXI_0/U0/acquireToDisplay_AXI_slave_lite_v1_0_S00_AXI_inst/oscilloscope_inst/datapath_inst/hdmi0_inst/inst/encb/cnt[4]. Optimization improves timing on the net.
INFO: [Physopt 32-619] Estimated Timing Summary | WNS=-11.944 | TNS=-549.297 |
INFO: [Physopt 32-663] Processed net acquireToHDMIwithZynq_i/acquireToDisplay_AXI_0/U0/acquireToDisplay_AXI_slave_lite_v1_0_S00_AXI_inst/oscilloscope_inst/datapath_inst/hdmi0_inst/inst/encb/Q[2].  Re-placed instance acquireToHDMIwithZynq_i/acquireToDisplay_AXI_0/U0/acquireToDisplay_AXI_slave_lite_v1_0_S00_AXI_inst/oscilloscope_inst/datapath_inst/hdmi0_inst/inst/encb/dout_reg[2]
INFO: [Physopt 32-735] Processed net acquireToHDMIwithZynq_i/acquireToDisplay_AXI_0/U0/acquireToDisplay_AXI_slave_lite_v1_0_S00_AXI_inst/oscilloscope_inst/datapath_inst/hdmi0_inst/inst/encb/Q[2]. Optimization improves timing on the net.
INFO: [Physopt 32-619] Estimated Timing Summary | WNS=-11.944 | TNS=-549.021 |
INFO: [Physopt 32-663] Processed net acquireToHDMIwithZynq_i/acquireToDisplay_AXI_0/U0/acquireToDisplay_AXI_slave_lite_v1_0_S00_AXI_inst/oscilloscope_inst/datapath_inst/hdmi0_inst/inst/encb/cnt[2].  Re-placed instance acquireToHDMIwithZynq_i/acquireToDisplay_AXI_0/U0/acquireToDisplay_AXI_slave_lite_v1_0_S00_AXI_inst/oscilloscope_inst/datapath_inst/hdmi0_inst/inst/encb/cnt_reg[2]
INFO: [Physopt 32-735] Processed net acquireToHDMIwithZynq_i/acquireToDisplay_AXI_0/U0/acquireToDisplay_AXI_slave_lite_v1_0_S00_AXI_inst/oscilloscope_inst/datapath_inst/hdmi0_inst/inst/encb/cnt[2]. Optimization improves timing on the net.
INFO: [Physopt 32-619] Estimated Timing Summary | WNS=-11.944 | TNS=-548.763 |
INFO: [Physopt 32-663] Processed net acquireToHDMIwithZynq_i/acquireToDisplay_AXI_0/U0/acquireToDisplay_AXI_slave_lite_v1_0_S00_AXI_inst/oscilloscope_inst/datapath_inst/hdmi0_inst/inst/encg/Q[0].  Re-placed instance acquireToHDMIwithZynq_i/acquireToDisplay_AXI_0/U0/acquireToDisplay_AXI_slave_lite_v1_0_S00_AXI_inst/oscilloscope_inst/datapath_inst/hdmi0_inst/inst/encg/dout_reg[0]
INFO: [Physopt 32-735] Processed net acquireToHDMIwithZynq_i/acquireToDisplay_AXI_0/U0/acquireToDisplay_AXI_slave_lite_v1_0_S00_AXI_inst/oscilloscope_inst/datapath_inst/hdmi0_inst/inst/encg/Q[0]. Optimization improves timing on the net.
INFO: [Physopt 32-619] Estimated Timing Summary | WNS=-11.944 | TNS=-548.516 |
INFO: [Physopt 32-663] Processed net acquireToHDMIwithZynq_i/acquireToDisplay_AXI_0/U0/acquireToDisplay_AXI_slave_lite_v1_0_S00_AXI_inst/oscilloscope_inst/datapath_inst/hdmi0_inst/inst/encg/Q[3].  Re-placed instance acquireToHDMIwithZynq_i/acquireToDisplay_AXI_0/U0/acquireToDisplay_AXI_slave_lite_v1_0_S00_AXI_inst/oscilloscope_inst/datapath_inst/hdmi0_inst/inst/encg/dout_reg[3]
INFO: [Physopt 32-735] Processed net acquireToHDMIwithZynq_i/acquireToDisplay_AXI_0/U0/acquireToDisplay_AXI_slave_lite_v1_0_S00_AXI_inst/oscilloscope_inst/datapath_inst/hdmi0_inst/inst/encg/Q[3]. Optimization improves timing on the net.
INFO: [Physopt 32-619] Estimated Timing Summary | WNS=-11.944 | TNS=-548.269 |
INFO: [Physopt 32-663] Processed net acquireToHDMIwithZynq_i/acquireToDisplay_AXI_0/U0/acquireToDisplay_AXI_slave_lite_v1_0_S00_AXI_inst/oscilloscope_inst/datapath_inst/hdmi0_inst/inst/encg/Q[9].  Re-placed instance acquireToHDMIwithZynq_i/acquireToDisplay_AXI_0/U0/acquireToDisplay_AXI_slave_lite_v1_0_S00_AXI_inst/oscilloscope_inst/datapath_inst/hdmi0_inst/inst/encg/dout_reg[9]
INFO: [Physopt 32-735] Processed net acquireToHDMIwithZynq_i/acquireToDisplay_AXI_0/U0/acquireToDisplay_AXI_slave_lite_v1_0_S00_AXI_inst/oscilloscope_inst/datapath_inst/hdmi0_inst/inst/encg/Q[9]. Optimization improves timing on the net.
INFO: [Physopt 32-619] Estimated Timing Summary | WNS=-11.944 | TNS=-548.022 |
INFO: [Physopt 32-663] Processed net acquireToHDMIwithZynq_i/acquireToDisplay_AXI_0/U0/acquireToDisplay_AXI_slave_lite_v1_0_S00_AXI_inst/oscilloscope_inst/datapath_inst/hdmi0_inst/inst/encr/Q[8].  Re-placed instance acquireToHDMIwithZynq_i/acquireToDisplay_AXI_0/U0/acquireToDisplay_AXI_slave_lite_v1_0_S00_AXI_inst/oscilloscope_inst/datapath_inst/hdmi0_inst/inst/encr/dout_reg[8]
INFO: [Physopt 32-735] Processed net acquireToHDMIwithZynq_i/acquireToDisplay_AXI_0/U0/acquireToDisplay_AXI_slave_lite_v1_0_S00_AXI_inst/oscilloscope_inst/datapath_inst/hdmi0_inst/inst/encr/Q[8]. Optimization improves timing on the net.
INFO: [Physopt 32-619] Estimated Timing Summary | WNS=-11.944 | TNS=-547.777 |
INFO: [Physopt 32-663] Processed net acquireToHDMIwithZynq_i/acquireToDisplay_AXI_0/U0/acquireToDisplay_AXI_slave_lite_v1_0_S00_AXI_inst/oscilloscope_inst/datapath_inst/hdmi0_inst/inst/encr/Q[9].  Re-placed instance acquireToHDMIwithZynq_i/acquireToDisplay_AXI_0/U0/acquireToDisplay_AXI_slave_lite_v1_0_S00_AXI_inst/oscilloscope_inst/datapath_inst/hdmi0_inst/inst/encr/dout_reg[9]
INFO: [Physopt 32-735] Processed net acquireToHDMIwithZynq_i/acquireToDisplay_AXI_0/U0/acquireToDisplay_AXI_slave_lite_v1_0_S00_AXI_inst/oscilloscope_inst/datapath_inst/hdmi0_inst/inst/encr/Q[9]. Optimization improves timing on the net.
INFO: [Physopt 32-619] Estimated Timing Summary | WNS=-11.944 | TNS=-547.446 |
INFO: [Physopt 32-663] Processed net acquireToHDMIwithZynq_i/acquireToDisplay_AXI_0/U0/acquireToDisplay_AXI_slave_lite_v1_0_S00_AXI_inst/oscilloscope_inst/datapath_inst/hdmi0_inst/inst/encg/Q[2].  Re-placed instance acquireToHDMIwithZynq_i/acquireToDisplay_AXI_0/U0/acquireToDisplay_AXI_slave_lite_v1_0_S00_AXI_inst/oscilloscope_inst/datapath_inst/hdmi0_inst/inst/encg/dout_reg[2]
INFO: [Physopt 32-735] Processed net acquireToHDMIwithZynq_i/acquireToDisplay_AXI_0/U0/acquireToDisplay_AXI_slave_lite_v1_0_S00_AXI_inst/oscilloscope_inst/datapath_inst/hdmi0_inst/inst/encg/Q[2]. Optimization improves timing on the net.
INFO: [Physopt 32-619] Estimated Timing Summary | WNS=-11.944 | TNS=-547.127 |
INFO: [Physopt 32-663] Processed net acquireToHDMIwithZynq_i/acquireToDisplay_AXI_0/U0/acquireToDisplay_AXI_slave_lite_v1_0_S00_AXI_inst/oscilloscope_inst/datapath_inst/hdmi0_inst/inst/encg/Q[4].  Re-placed instance acquireToHDMIwithZynq_i/acquireToDisplay_AXI_0/U0/acquireToDisplay_AXI_slave_lite_v1_0_S00_AXI_inst/oscilloscope_inst/datapath_inst/hdmi0_inst/inst/encg/dout_reg[4]
INFO: [Physopt 32-735] Processed net acquireToHDMIwithZynq_i/acquireToDisplay_AXI_0/U0/acquireToDisplay_AXI_slave_lite_v1_0_S00_AXI_inst/oscilloscope_inst/datapath_inst/hdmi0_inst/inst/encg/Q[4]. Optimization improves timing on the net.
INFO: [Physopt 32-619] Estimated Timing Summary | WNS=-11.944 | TNS=-546.808 |
INFO: [Physopt 32-663] Processed net acquireToHDMIwithZynq_i/acquireToDisplay_AXI_0/U0/acquireToDisplay_AXI_slave_lite_v1_0_S00_AXI_inst/oscilloscope_inst/datapath_inst/hdmi0_inst/inst/encg/Q[8].  Re-placed instance acquireToHDMIwithZynq_i/acquireToDisplay_AXI_0/U0/acquireToDisplay_AXI_slave_lite_v1_0_S00_AXI_inst/oscilloscope_inst/datapath_inst/hdmi0_inst/inst/encg/dout_reg[8]
INFO: [Physopt 32-735] Processed net acquireToHDMIwithZynq_i/acquireToDisplay_AXI_0/U0/acquireToDisplay_AXI_slave_lite_v1_0_S00_AXI_inst/oscilloscope_inst/datapath_inst/hdmi0_inst/inst/encg/Q[8]. Optimization improves timing on the net.
INFO: [Physopt 32-619] Estimated Timing Summary | WNS=-11.944 | TNS=-546.489 |
INFO: [Physopt 32-663] Processed net acquireToHDMIwithZynq_i/acquireToDisplay_AXI_0/U0/acquireToDisplay_AXI_slave_lite_v1_0_S00_AXI_inst/oscilloscope_inst/datapath_inst/hdmi0_inst/inst/encg/cnt[1].  Re-placed instance acquireToHDMIwithZynq_i/acquireToDisplay_AXI_0/U0/acquireToDisplay_AXI_slave_lite_v1_0_S00_AXI_inst/oscilloscope_inst/datapath_inst/hdmi0_inst/inst/encg/cnt_reg[1]
INFO: [Physopt 32-735] Processed net acquireToHDMIwithZynq_i/acquireToDisplay_AXI_0/U0/acquireToDisplay_AXI_slave_lite_v1_0_S00_AXI_inst/oscilloscope_inst/datapath_inst/hdmi0_inst/inst/encg/cnt[1]. Optimization improves timing on the net.
INFO: [Physopt 32-619] Estimated Timing Summary | WNS=-11.944 | TNS=-546.218 |
INFO: [Physopt 32-663] Processed net acquireToHDMIwithZynq_i/acquireToDisplay_AXI_0/U0/acquireToDisplay_AXI_slave_lite_v1_0_S00_AXI_inst/oscilloscope_inst/datapath_inst/hdmi0_inst/inst/encg/cnt[2].  Re-placed instance acquireToHDMIwithZynq_i/acquireToDisplay_AXI_0/U0/acquireToDisplay_AXI_slave_lite_v1_0_S00_AXI_inst/oscilloscope_inst/datapath_inst/hdmi0_inst/inst/encg/cnt_reg[2]
INFO: [Physopt 32-735] Processed net acquireToHDMIwithZynq_i/acquireToDisplay_AXI_0/U0/acquireToDisplay_AXI_slave_lite_v1_0_S00_AXI_inst/oscilloscope_inst/datapath_inst/hdmi0_inst/inst/encg/cnt[2]. Optimization improves timing on the net.
INFO: [Physopt 32-619] Estimated Timing Summary | WNS=-11.944 | TNS=-545.949 |
INFO: [Physopt 32-663] Processed net acquireToHDMIwithZynq_i/acquireToDisplay_AXI_0/U0/acquireToDisplay_AXI_slave_lite_v1_0_S00_AXI_inst/oscilloscope_inst/datapath_inst/hdmi0_inst/inst/encr/cnt[2].  Re-placed instance acquireToHDMIwithZynq_i/acquireToDisplay_AXI_0/U0/acquireToDisplay_AXI_slave_lite_v1_0_S00_AXI_inst/oscilloscope_inst/datapath_inst/hdmi0_inst/inst/encr/cnt_reg[2]
INFO: [Physopt 32-735] Processed net acquireToHDMIwithZynq_i/acquireToDisplay_AXI_0/U0/acquireToDisplay_AXI_slave_lite_v1_0_S00_AXI_inst/oscilloscope_inst/datapath_inst/hdmi0_inst/inst/encr/cnt[2]. Optimization improves timing on the net.
INFO: [Physopt 32-619] Estimated Timing Summary | WNS=-11.944 | TNS=-545.701 |
INFO: [Physopt 32-663] Processed net acquireToHDMIwithZynq_i/acquireToDisplay_AXI_0/U0/acquireToDisplay_AXI_slave_lite_v1_0_S00_AXI_inst/oscilloscope_inst/datapath_inst/hdmi0_inst/inst/encb/Q[0].  Re-placed instance acquireToHDMIwithZynq_i/acquireToDisplay_AXI_0/U0/acquireToDisplay_AXI_slave_lite_v1_0_S00_AXI_inst/oscilloscope_inst/datapath_inst/hdmi0_inst/inst/encb/dout_reg[0]
INFO: [Physopt 32-735] Processed net acquireToHDMIwithZynq_i/acquireToDisplay_AXI_0/U0/acquireToDisplay_AXI_slave_lite_v1_0_S00_AXI_inst/oscilloscope_inst/datapath_inst/hdmi0_inst/inst/encb/Q[0]. Optimization improves timing on the net.
INFO: [Physopt 32-619] Estimated Timing Summary | WNS=-11.944 | TNS=-545.463 |
INFO: [Physopt 32-663] Processed net acquireToHDMIwithZynq_i/acquireToDisplay_AXI_0/U0/acquireToDisplay_AXI_slave_lite_v1_0_S00_AXI_inst/oscilloscope_inst/datapath_inst/hdmi0_inst/inst/encb/Q[5].  Re-placed instance acquireToHDMIwithZynq_i/acquireToDisplay_AXI_0/U0/acquireToDisplay_AXI_slave_lite_v1_0_S00_AXI_inst/oscilloscope_inst/datapath_inst/hdmi0_inst/inst/encb/dout_reg[5]
INFO: [Physopt 32-735] Processed net acquireToHDMIwithZynq_i/acquireToDisplay_AXI_0/U0/acquireToDisplay_AXI_slave_lite_v1_0_S00_AXI_inst/oscilloscope_inst/datapath_inst/hdmi0_inst/inst/encb/Q[5]. Optimization improves timing on the net.
INFO: [Physopt 32-619] Estimated Timing Summary | WNS=-11.944 | TNS=-545.186 |
INFO: [Physopt 32-663] Processed net acquireToHDMIwithZynq_i/acquireToDisplay_AXI_0/U0/acquireToDisplay_AXI_slave_lite_v1_0_S00_AXI_inst/oscilloscope_inst/datapath_inst/hdmi0_inst/inst/encr/cnt[4].  Re-placed instance acquireToHDMIwithZynq_i/acquireToDisplay_AXI_0/U0/acquireToDisplay_AXI_slave_lite_v1_0_S00_AXI_inst/oscilloscope_inst/datapath_inst/hdmi0_inst/inst/encr/cnt_reg[4]
INFO: [Physopt 32-735] Processed net acquireToHDMIwithZynq_i/acquireToDisplay_AXI_0/U0/acquireToDisplay_AXI_slave_lite_v1_0_S00_AXI_inst/oscilloscope_inst/datapath_inst/hdmi0_inst/inst/encr/cnt[4]. Optimization improves timing on the net.
INFO: [Physopt 32-619] Estimated Timing Summary | WNS=-11.944 | TNS=-544.912 |
INFO: [Physopt 32-663] Processed net acquireToHDMIwithZynq_i/acquireToDisplay_AXI_0/U0/acquireToDisplay_AXI_slave_lite_v1_0_S00_AXI_inst/oscilloscope_inst/datapath_inst/hdmi0_inst/inst/encr/cnt[1].  Re-placed instance acquireToHDMIwithZynq_i/acquireToDisplay_AXI_0/U0/acquireToDisplay_AXI_slave_lite_v1_0_S00_AXI_inst/oscilloscope_inst/datapath_inst/hdmi0_inst/inst/encr/cnt_reg[1]
INFO: [Physopt 32-735] Processed net acquireToHDMIwithZynq_i/acquireToDisplay_AXI_0/U0/acquireToDisplay_AXI_slave_lite_v1_0_S00_AXI_inst/oscilloscope_inst/datapath_inst/hdmi0_inst/inst/encr/cnt[1]. Optimization improves timing on the net.
INFO: [Physopt 32-619] Estimated Timing Summary | WNS=-11.944 | TNS=-544.640 |
INFO: [Physopt 32-663] Processed net acquireToHDMIwithZynq_i/acquireToDisplay_AXI_0/U0/acquireToDisplay_AXI_slave_lite_v1_0_S00_AXI_inst/oscilloscope_inst/datapath_inst/hdmi0_inst/inst/encr/Q[1].  Re-placed instance acquireToHDMIwithZynq_i/acquireToDisplay_AXI_0/U0/acquireToDisplay_AXI_slave_lite_v1_0_S00_AXI_inst/oscilloscope_inst/datapath_inst/hdmi0_inst/inst/encr/dout_reg[1]
INFO: [Physopt 32-735] Processed net acquireToHDMIwithZynq_i/acquireToDisplay_AXI_0/U0/acquireToDisplay_AXI_slave_lite_v1_0_S00_AXI_inst/oscilloscope_inst/datapath_inst/hdmi0_inst/inst/encr/Q[1]. Optimization improves timing on the net.
INFO: [Physopt 32-619] Estimated Timing Summary | WNS=-11.944 | TNS=-544.372 |
INFO: [Physopt 32-663] Processed net acquireToHDMIwithZynq_i/acquireToDisplay_AXI_0/U0/acquireToDisplay_AXI_slave_lite_v1_0_S00_AXI_inst/oscilloscope_inst/datapath_inst/hdmi0_inst/inst/encb/Q[4].  Re-placed instance acquireToHDMIwithZynq_i/acquireToDisplay_AXI_0/U0/acquireToDisplay_AXI_slave_lite_v1_0_S00_AXI_inst/oscilloscope_inst/datapath_inst/hdmi0_inst/inst/encb/dout_reg[4]
INFO: [Physopt 32-735] Processed net acquireToHDMIwithZynq_i/acquireToDisplay_AXI_0/U0/acquireToDisplay_AXI_slave_lite_v1_0_S00_AXI_inst/oscilloscope_inst/datapath_inst/hdmi0_inst/inst/encb/Q[4]. Optimization improves timing on the net.
INFO: [Physopt 32-619] Estimated Timing Summary | WNS=-11.944 | TNS=-544.167 |
INFO: [Physopt 32-663] Processed net acquireToHDMIwithZynq_i/acquireToDisplay_AXI_0/U0/acquireToDisplay_AXI_slave_lite_v1_0_S00_AXI_inst/oscilloscope_inst/datapath_inst/hdmi0_inst/inst/encb/Q[9].  Re-placed instance acquireToHDMIwithZynq_i/acquireToDisplay_AXI_0/U0/acquireToDisplay_AXI_slave_lite_v1_0_S00_AXI_inst/oscilloscope_inst/datapath_inst/hdmi0_inst/inst/encb/dout_reg[9]
INFO: [Physopt 32-735] Processed net acquireToHDMIwithZynq_i/acquireToDisplay_AXI_0/U0/acquireToDisplay_AXI_slave_lite_v1_0_S00_AXI_inst/oscilloscope_inst/datapath_inst/hdmi0_inst/inst/encb/Q[9]. Optimization improves timing on the net.
INFO: [Physopt 32-619] Estimated Timing Summary | WNS=-11.944 | TNS=-543.962 |
INFO: [Physopt 32-663] Processed net acquireToHDMIwithZynq_i/acquireToDisplay_AXI_0/U0/acquireToDisplay_AXI_slave_lite_v1_0_S00_AXI_inst/oscilloscope_inst/datapath_inst/hdmi0_inst/inst/encb/Q[1].  Re-placed instance acquireToHDMIwithZynq_i/acquireToDisplay_AXI_0/U0/acquireToDisplay_AXI_slave_lite_v1_0_S00_AXI_inst/oscilloscope_inst/datapath_inst/hdmi0_inst/inst/encb/dout_reg[1]
INFO: [Physopt 32-735] Processed net acquireToHDMIwithZynq_i/acquireToDisplay_AXI_0/U0/acquireToDisplay_AXI_slave_lite_v1_0_S00_AXI_inst/oscilloscope_inst/datapath_inst/hdmi0_inst/inst/encb/Q[1]. Optimization improves timing on the net.
INFO: [Physopt 32-619] Estimated Timing Summary | WNS=-11.944 | TNS=-543.784 |
INFO: [Physopt 32-663] Processed net acquireToHDMIwithZynq_i/acquireToDisplay_AXI_0/U0/acquireToDisplay_AXI_slave_lite_v1_0_S00_AXI_inst/oscilloscope_inst/datapath_inst/hdmi0_inst/inst/encb/Q[3].  Re-placed instance acquireToHDMIwithZynq_i/acquireToDisplay_AXI_0/U0/acquireToDisplay_AXI_slave_lite_v1_0_S00_AXI_inst/oscilloscope_inst/datapath_inst/hdmi0_inst/inst/encb/dout_reg[3]
INFO: [Physopt 32-735] Processed net acquireToHDMIwithZynq_i/acquireToDisplay_AXI_0/U0/acquireToDisplay_AXI_slave_lite_v1_0_S00_AXI_inst/oscilloscope_inst/datapath_inst/hdmi0_inst/inst/encb/Q[3]. Optimization improves timing on the net.
INFO: [Physopt 32-619] Estimated Timing Summary | WNS=-11.944 | TNS=-543.606 |
INFO: [Physopt 32-663] Processed net acquireToHDMIwithZynq_i/acquireToDisplay_AXI_0/U0/acquireToDisplay_AXI_slave_lite_v1_0_S00_AXI_inst/oscilloscope_inst/datapath_inst/hdmi0_inst/inst/encb/cnt[1].  Re-placed instance acquireToHDMIwithZynq_i/acquireToDisplay_AXI_0/U0/acquireToDisplay_AXI_slave_lite_v1_0_S00_AXI_inst/oscilloscope_inst/datapath_inst/hdmi0_inst/inst/encb/cnt_reg[1]
INFO: [Physopt 32-735] Processed net acquireToHDMIwithZynq_i/acquireToDisplay_AXI_0/U0/acquireToDisplay_AXI_slave_lite_v1_0_S00_AXI_inst/oscilloscope_inst/datapath_inst/hdmi0_inst/inst/encb/cnt[1]. Optimization improves timing on the net.
INFO: [Physopt 32-619] Estimated Timing Summary | WNS=-11.944 | TNS=-543.404 |
INFO: [Physopt 32-663] Processed net acquireToHDMIwithZynq_i/acquireToDisplay_AXI_0/U0/acquireToDisplay_AXI_slave_lite_v1_0_S00_AXI_inst/oscilloscope_inst/datapath_inst/hdmi0_inst/inst/encr/Q[0].  Re-placed instance acquireToHDMIwithZynq_i/acquireToDisplay_AXI_0/U0/acquireToDisplay_AXI_slave_lite_v1_0_S00_AXI_inst/oscilloscope_inst/datapath_inst/hdmi0_inst/inst/encr/dout_reg[0]
INFO: [Physopt 32-735] Processed net acquireToHDMIwithZynq_i/acquireToDisplay_AXI_0/U0/acquireToDisplay_AXI_slave_lite_v1_0_S00_AXI_inst/oscilloscope_inst/datapath_inst/hdmi0_inst/inst/encr/Q[0]. Optimization improves timing on the net.
INFO: [Physopt 32-619] Estimated Timing Summary | WNS=-11.944 | TNS=-543.211 |
INFO: [Physopt 32-663] Processed net acquireToHDMIwithZynq_i/acquireToDisplay_AXI_0/U0/acquireToDisplay_AXI_slave_lite_v1_0_S00_AXI_inst/oscilloscope_inst/datapath_inst/hdmi0_inst/inst/encr/Q[2].  Re-placed instance acquireToHDMIwithZynq_i/acquireToDisplay_AXI_0/U0/acquireToDisplay_AXI_slave_lite_v1_0_S00_AXI_inst/oscilloscope_inst/datapath_inst/hdmi0_inst/inst/encr/dout_reg[2]
INFO: [Physopt 32-735] Processed net acquireToHDMIwithZynq_i/acquireToDisplay_AXI_0/U0/acquireToDisplay_AXI_slave_lite_v1_0_S00_AXI_inst/oscilloscope_inst/datapath_inst/hdmi0_inst/inst/encr/Q[2]. Optimization improves timing on the net.
INFO: [Physopt 32-619] Estimated Timing Summary | WNS=-11.944 | TNS=-543.018 |
INFO: [Physopt 32-663] Processed net acquireToHDMIwithZynq_i/acquireToDisplay_AXI_0/U0/acquireToDisplay_AXI_slave_lite_v1_0_S00_AXI_inst/oscilloscope_inst/datapath_inst/hdmi0_inst/inst/encr/Q[3].  Re-placed instance acquireToHDMIwithZynq_i/acquireToDisplay_AXI_0/U0/acquireToDisplay_AXI_slave_lite_v1_0_S00_AXI_inst/oscilloscope_inst/datapath_inst/hdmi0_inst/inst/encr/dout_reg[3]
INFO: [Physopt 32-735] Processed net acquireToHDMIwithZynq_i/acquireToDisplay_AXI_0/U0/acquireToDisplay_AXI_slave_lite_v1_0_S00_AXI_inst/oscilloscope_inst/datapath_inst/hdmi0_inst/inst/encr/Q[3]. Optimization improves timing on the net.
INFO: [Physopt 32-619] Estimated Timing Summary | WNS=-11.944 | TNS=-542.825 |
INFO: [Physopt 32-663] Processed net acquireToHDMIwithZynq_i/acquireToDisplay_AXI_0/U0/acquireToDisplay_AXI_slave_lite_v1_0_S00_AXI_inst/oscilloscope_inst/datapath_inst/hdmi0_inst/inst/encr/Q[7].  Re-placed instance acquireToHDMIwithZynq_i/acquireToDisplay_AXI_0/U0/acquireToDisplay_AXI_slave_lite_v1_0_S00_AXI_inst/oscilloscope_inst/datapath_inst/hdmi0_inst/inst/encr/dout_reg[7]
INFO: [Physopt 32-735] Processed net acquireToHDMIwithZynq_i/acquireToDisplay_AXI_0/U0/acquireToDisplay_AXI_slave_lite_v1_0_S00_AXI_inst/oscilloscope_inst/datapath_inst/hdmi0_inst/inst/encr/Q[7]. Optimization improves timing on the net.
INFO: [Physopt 32-619] Estimated Timing Summary | WNS=-11.944 | TNS=-542.674 |
INFO: [Physopt 32-663] Processed net acquireToHDMIwithZynq_i/acquireToDisplay_AXI_0/U0/acquireToDisplay_AXI_slave_lite_v1_0_S00_AXI_inst/oscilloscope_inst/datapath_inst/hdmi0_inst/inst/encr/Q[4].  Re-placed instance acquireToHDMIwithZynq_i/acquireToDisplay_AXI_0/U0/acquireToDisplay_AXI_slave_lite_v1_0_S00_AXI_inst/oscilloscope_inst/datapath_inst/hdmi0_inst/inst/encr/dout_reg[4]
INFO: [Physopt 32-735] Processed net acquireToHDMIwithZynq_i/acquireToDisplay_AXI_0/U0/acquireToDisplay_AXI_slave_lite_v1_0_S00_AXI_inst/oscilloscope_inst/datapath_inst/hdmi0_inst/inst/encr/Q[4]. Optimization improves timing on the net.
INFO: [Physopt 32-619] Estimated Timing Summary | WNS=-11.944 | TNS=-542.524 |
INFO: [Physopt 32-663] Processed net acquireToHDMIwithZynq_i/acquireToDisplay_AXI_0/U0/acquireToDisplay_AXI_slave_lite_v1_0_S00_AXI_inst/oscilloscope_inst/datapath_inst/hdmi0_inst/inst/encr/Q[5].  Re-placed instance acquireToHDMIwithZynq_i/acquireToDisplay_AXI_0/U0/acquireToDisplay_AXI_slave_lite_v1_0_S00_AXI_inst/oscilloscope_inst/datapath_inst/hdmi0_inst/inst/encr/dout_reg[5]
INFO: [Physopt 32-735] Processed net acquireToHDMIwithZynq_i/acquireToDisplay_AXI_0/U0/acquireToDisplay_AXI_slave_lite_v1_0_S00_AXI_inst/oscilloscope_inst/datapath_inst/hdmi0_inst/inst/encr/Q[5]. Optimization improves timing on the net.
INFO: [Physopt 32-619] Estimated Timing Summary | WNS=-11.944 | TNS=-542.374 |
INFO: [Physopt 32-663] Processed net acquireToHDMIwithZynq_i/acquireToDisplay_AXI_0/U0/acquireToDisplay_AXI_slave_lite_v1_0_S00_AXI_inst/oscilloscope_inst/datapath_inst/hdmi0_inst/inst/encr/Q[6].  Re-placed instance acquireToHDMIwithZynq_i/acquireToDisplay_AXI_0/U0/acquireToDisplay_AXI_slave_lite_v1_0_S00_AXI_inst/oscilloscope_inst/datapath_inst/hdmi0_inst/inst/encr/dout_reg[6]
INFO: [Physopt 32-735] Processed net acquireToHDMIwithZynq_i/acquireToDisplay_AXI_0/U0/acquireToDisplay_AXI_slave_lite_v1_0_S00_AXI_inst/oscilloscope_inst/datapath_inst/hdmi0_inst/inst/encr/Q[6]. Optimization improves timing on the net.
INFO: [Physopt 32-619] Estimated Timing Summary | WNS=-11.944 | TNS=-542.224 |
INFO: [Physopt 32-663] Processed net acquireToHDMIwithZynq_i/acquireToDisplay_AXI_0/U0/acquireToDisplay_AXI_slave_lite_v1_0_S00_AXI_inst/oscilloscope_inst/datapath_inst/hdmi0_inst/inst/encg/Q[1].  Re-placed instance acquireToHDMIwithZynq_i/acquireToDisplay_AXI_0/U0/acquireToDisplay_AXI_slave_lite_v1_0_S00_AXI_inst/oscilloscope_inst/datapath_inst/hdmi0_inst/inst/encg/dout_reg[1]
INFO: [Physopt 32-735] Processed net acquireToHDMIwithZynq_i/acquireToDisplay_AXI_0/U0/acquireToDisplay_AXI_slave_lite_v1_0_S00_AXI_inst/oscilloscope_inst/datapath_inst/hdmi0_inst/inst/encg/Q[1]. Optimization improves timing on the net.
INFO: [Physopt 32-619] Estimated Timing Summary | WNS=-11.944 | TNS=-542.049 |
INFO: [Physopt 32-663] Processed net acquireToHDMIwithZynq_i/acquireToDisplay_AXI_0/U0/acquireToDisplay_AXI_slave_lite_v1_0_S00_AXI_inst/oscilloscope_inst/datapath_inst/hdmi0_inst/inst/encg/Q[5].  Re-placed instance acquireToHDMIwithZynq_i/acquireToDisplay_AXI_0/U0/acquireToDisplay_AXI_slave_lite_v1_0_S00_AXI_inst/oscilloscope_inst/datapath_inst/hdmi0_inst/inst/encg/dout_reg[5]
INFO: [Physopt 32-735] Processed net acquireToHDMIwithZynq_i/acquireToDisplay_AXI_0/U0/acquireToDisplay_AXI_slave_lite_v1_0_S00_AXI_inst/oscilloscope_inst/datapath_inst/hdmi0_inst/inst/encg/Q[5]. Optimization improves timing on the net.
INFO: [Physopt 32-619] Estimated Timing Summary | WNS=-11.944 | TNS=-541.874 |
INFO: [Physopt 32-663] Processed net acquireToHDMIwithZynq_i/acquireToDisplay_AXI_0/U0/acquireToDisplay_AXI_slave_lite_v1_0_S00_AXI_inst/oscilloscope_inst/datapath_inst/hdmi0_inst/inst/encg/Q[6].  Re-placed instance acquireToHDMIwithZynq_i/acquireToDisplay_AXI_0/U0/acquireToDisplay_AXI_slave_lite_v1_0_S00_AXI_inst/oscilloscope_inst/datapath_inst/hdmi0_inst/inst/encg/dout_reg[6]
INFO: [Physopt 32-735] Processed net acquireToHDMIwithZynq_i/acquireToDisplay_AXI_0/U0/acquireToDisplay_AXI_slave_lite_v1_0_S00_AXI_inst/oscilloscope_inst/datapath_inst/hdmi0_inst/inst/encg/Q[6]. Optimization improves timing on the net.
INFO: [Physopt 32-619] Estimated Timing Summary | WNS=-11.944 | TNS=-541.699 |
INFO: [Physopt 32-702] Processed net acquireToHDMIwithZynq_i/acquireToDisplay_AXI_0/U0/acquireToDisplay_AXI_slave_lite_v1_0_S00_AXI_inst/oscilloscope_inst/datapath_inst/scopeFace_inst/green_reg[7]_0[0]. Optimizations did not improve timing on the net.
INFO: [Physopt 32-702] Processed net acquireToHDMIwithZynq_i/processing_system7_0/inst/FCLK_CLK_unbuffered[0]. Optimizations did not improve timing on the net.
INFO: [Physopt 32-702] Processed net acquireToHDMIwithZynq_i/acquireToDisplay_AXI_0/U0/acquireToDisplay_AXI_slave_lite_v1_0_S00_AXI_inst/oscilloscope_inst/datapath_inst/videoSigGen_inst/pixelHorz_reg[4]_0[0]. Optimizations did not improve timing on the net.
INFO: [Physopt 32-702] Processed net acquireToHDMIwithZynq_i/acquireToDisplay_AXI_0/U0/acquireToDisplay_AXI_slave_lite_v1_0_S00_AXI_inst/oscilloscope_inst/datapath_inst/videoSigGen_inst/blue[0]_i_4_n_0. Optimizations did not improve timing on the net.
INFO: [Physopt 32-702] Processed net acquireToHDMIwithZynq_i/acquireToDisplay_AXI_0/U0/acquireToDisplay_AXI_slave_lite_v1_0_S00_AXI_inst/oscilloscope_inst/datapath_inst/videoSigGen_inst/blue[0]_i_10_n_0. Optimizations did not improve timing on the net.
INFO: [Physopt 32-702] Processed net acquireToHDMIwithZynq_i/acquireToDisplay_AXI_0/U0/acquireToDisplay_AXI_slave_lite_v1_0_S00_AXI_inst/oscilloscope_inst/datapath_inst/scopeFace_inst/pixelVert_reg[10]_1[0]. Optimizations did not improve timing on the net.
INFO: [Physopt 32-702] Processed net acquireToHDMIwithZynq_i/acquireToDisplay_AXI_0/U0/acquireToDisplay_AXI_slave_lite_v1_0_S00_AXI_inst/oscilloscope_inst/datapath_inst/triggerVoltToPixel_inst/pixelVert_reg[10]_2[1]. Optimizations did not improve timing on the net.
INFO: [Physopt 32-702] Processed net acquireToHDMIwithZynq_i/acquireToDisplay_AXI_0/U0/acquireToDisplay_AXI_slave_lite_v1_0_S00_AXI_inst/oscilloscope_inst/datapath_inst/triggerVoltToPixel_inst/i__carry_i_5__7_n_0. Optimizations did not improve timing on the net.
INFO: [Physopt 32-702] Processed net acquireToHDMIwithZynq_i/acquireToDisplay_AXI_0/U0/acquireToDisplay_AXI_slave_lite_v1_0_S00_AXI_inst/oscilloscope_inst/datapath_inst/videoSigGen_inst/s00_axi_aresetn_0[0]. Optimizations did not improve timing on the net.
INFO: [Physopt 32-702] Processed net acquireToHDMIwithZynq_i/acquireToDisplay_AXI_0/U0/acquireToDisplay_AXI_slave_lite_v1_0_S00_AXI_inst/oscilloscope_inst/datapath_inst/triggerVoltToPixel_inst/x_SIGNED32__0[24]. Optimizations did not improve timing on the net.
INFO: [Physopt 32-702] Processed net acquireToHDMIwithZynq_i/acquireToDisplay_AXI_0/U0/acquireToDisplay_AXI_slave_lite_v1_0_S00_AXI_inst/slv_reg8[15]_repN. Optimizations did not improve timing on the net.
INFO: [Physopt 32-663] Processed net acquireToHDMIwithZynq_i/acquireToDisplay_AXI_0/U0/acquireToDisplay_AXI_slave_lite_v1_0_S00_AXI_inst/oscilloscope_inst/datapath_inst/hdmi0_inst/inst/encg/Q[7].  Re-placed instance acquireToHDMIwithZynq_i/acquireToDisplay_AXI_0/U0/acquireToDisplay_AXI_slave_lite_v1_0_S00_AXI_inst/oscilloscope_inst/datapath_inst/hdmi0_inst/inst/encg/dout_reg[7]
INFO: [Physopt 32-735] Processed net acquireToHDMIwithZynq_i/acquireToDisplay_AXI_0/U0/acquireToDisplay_AXI_slave_lite_v1_0_S00_AXI_inst/oscilloscope_inst/datapath_inst/hdmi0_inst/inst/encg/Q[7]. Optimization improves timing on the net.
INFO: [Physopt 32-619] Estimated Timing Summary | WNS=-11.944 | TNS=-541.524 |
INFO: [Physopt 32-663] Processed net acquireToHDMIwithZynq_i/acquireToDisplay_AXI_0/U0/acquireToDisplay_AXI_slave_lite_v1_0_S00_AXI_inst/oscilloscope_inst/datapath_inst/hdmi0_inst/inst/encg/cnt[3].  Re-placed instance acquireToHDMIwithZynq_i/acquireToDisplay_AXI_0/U0/acquireToDisplay_AXI_slave_lite_v1_0_S00_AXI_inst/oscilloscope_inst/datapath_inst/hdmi0_inst/inst/encg/cnt_reg[3]
INFO: [Physopt 32-735] Processed net acquireToHDMIwithZynq_i/acquireToDisplay_AXI_0/U0/acquireToDisplay_AXI_slave_lite_v1_0_S00_AXI_inst/oscilloscope_inst/datapath_inst/hdmi0_inst/inst/encg/cnt[3]. Optimization improves timing on the net.
INFO: [Physopt 32-619] Estimated Timing Summary | WNS=-11.944 | TNS=-541.394 |
INFO: [Physopt 32-663] Processed net acquireToHDMIwithZynq_i/acquireToDisplay_AXI_0/U0/acquireToDisplay_AXI_slave_lite_v1_0_S00_AXI_inst/oscilloscope_inst/datapath_inst/hdmi0_inst/inst/encg/cnt[4].  Re-placed instance acquireToHDMIwithZynq_i/acquireToDisplay_AXI_0/U0/acquireToDisplay_AXI_slave_lite_v1_0_S00_AXI_inst/oscilloscope_inst/datapath_inst/hdmi0_inst/inst/encg/cnt_reg[4]
INFO: [Physopt 32-735] Processed net acquireToHDMIwithZynq_i/acquireToDisplay_AXI_0/U0/acquireToDisplay_AXI_slave_lite_v1_0_S00_AXI_inst/oscilloscope_inst/datapath_inst/hdmi0_inst/inst/encg/cnt[4]. Optimization improves timing on the net.
INFO: [Physopt 32-619] Estimated Timing Summary | WNS=-11.944 | TNS=-541.268 |
INFO: [Physopt 32-663] Processed net acquireToHDMIwithZynq_i/acquireToDisplay_AXI_0/U0/acquireToDisplay_AXI_slave_lite_v1_0_S00_AXI_inst/oscilloscope_inst/datapath_inst/hdmi0_inst/inst/encr/cnt[3].  Re-placed instance acquireToHDMIwithZynq_i/acquireToDisplay_AXI_0/U0/acquireToDisplay_AXI_slave_lite_v1_0_S00_AXI_inst/oscilloscope_inst/datapath_inst/hdmi0_inst/inst/encr/cnt_reg[3]
INFO: [Physopt 32-735] Processed net acquireToHDMIwithZynq_i/acquireToDisplay_AXI_0/U0/acquireToDisplay_AXI_slave_lite_v1_0_S00_AXI_inst/oscilloscope_inst/datapath_inst/hdmi0_inst/inst/encr/cnt[3]. Optimization improves timing on the net.
INFO: [Physopt 32-619] Estimated Timing Summary | WNS=-11.944 | TNS=-541.182 |
INFO: [Physopt 32-663] Processed net acquireToHDMIwithZynq_i/acquireToDisplay_AXI_0/U0/acquireToDisplay_AXI_slave_lite_v1_0_S00_AXI_inst/oscilloscope_inst/datapath_inst/hdmi0_inst/inst/encb/cnt[2].  Re-placed instance acquireToHDMIwithZynq_i/acquireToDisplay_AXI_0/U0/acquireToDisplay_AXI_slave_lite_v1_0_S00_AXI_inst/oscilloscope_inst/datapath_inst/hdmi0_inst/inst/encb/cnt_reg[2]
INFO: [Physopt 32-735] Processed net acquireToHDMIwithZynq_i/acquireToDisplay_AXI_0/U0/acquireToDisplay_AXI_slave_lite_v1_0_S00_AXI_inst/oscilloscope_inst/datapath_inst/hdmi0_inst/inst/encb/cnt[2]. Optimization improves timing on the net.
INFO: [Physopt 32-619] Estimated Timing Summary | WNS=-11.944 | TNS=-541.141 |
INFO: [Physopt 32-702] Processed net acquireToHDMIwithZynq_i/acquireToDisplay_AXI_0/U0/acquireToDisplay_AXI_slave_lite_v1_0_S00_AXI_inst/oscilloscope_inst/datapath_inst/hdmi0_inst/inst/encb/cnt[3]. Optimizations did not improve timing on the net.
INFO: [Physopt 32-663] Processed net acquireToHDMIwithZynq_i/acquireToDisplay_AXI_0/U0/acquireToDisplay_AXI_slave_lite_v1_0_S00_AXI_inst/oscilloscope_inst/datapath_inst/hdmi0_inst/inst/encr/AR[0].  Re-placed instance acquireToHDMIwithZynq_i/acquireToDisplay_AXI_0/U0/acquireToDisplay_AXI_slave_lite_v1_0_S00_AXI_inst/oscilloscope_inst/datapath_inst/hdmi0_inst/inst/encr/oserdes_m_i_1
INFO: [Physopt 32-735] Processed net acquireToHDMIwithZynq_i/acquireToDisplay_AXI_0/U0/acquireToDisplay_AXI_slave_lite_v1_0_S00_AXI_inst/oscilloscope_inst/datapath_inst/hdmi0_inst/inst/encr/AR[0]. Optimization improves timing on the net.
INFO: [Physopt 32-619] Estimated Timing Summary | WNS=-11.944 | TNS=-552.975 |
INFO: [Physopt 32-663] Processed net acquireToHDMIwithZynq_i/acquireToDisplay_AXI_0/U0/acquireToDisplay_AXI_slave_lite_v1_0_S00_AXI_inst/oscilloscope_inst/datapath_inst/hdmi0_inst/inst/encb/cnt[4].  Re-placed instance acquireToHDMIwithZynq_i/acquireToDisplay_AXI_0/U0/acquireToDisplay_AXI_slave_lite_v1_0_S00_AXI_inst/oscilloscope_inst/datapath_inst/hdmi0_inst/inst/encb/cnt_reg[4]
INFO: [Physopt 32-735] Processed net acquireToHDMIwithZynq_i/acquireToDisplay_AXI_0/U0/acquireToDisplay_AXI_slave_lite_v1_0_S00_AXI_inst/oscilloscope_inst/datapath_inst/hdmi0_inst/inst/encb/cnt[4]. Optimization improves timing on the net.
INFO: [Physopt 32-619] Estimated Timing Summary | WNS=-11.944 | TNS=-552.536 |
INFO: [Physopt 32-663] Processed net acquireToHDMIwithZynq_i/acquireToDisplay_AXI_0/U0/acquireToDisplay_AXI_slave_lite_v1_0_S00_AXI_inst/oscilloscope_inst/datapath_inst/hdmi0_inst/inst/encb/Q[2].  Re-placed instance acquireToHDMIwithZynq_i/acquireToDisplay_AXI_0/U0/acquireToDisplay_AXI_slave_lite_v1_0_S00_AXI_inst/oscilloscope_inst/datapath_inst/hdmi0_inst/inst/encb/dout_reg[2]
INFO: [Physopt 32-735] Processed net acquireToHDMIwithZynq_i/acquireToDisplay_AXI_0/U0/acquireToDisplay_AXI_slave_lite_v1_0_S00_AXI_inst/oscilloscope_inst/datapath_inst/hdmi0_inst/inst/encb/Q[2]. Optimization improves timing on the net.
INFO: [Physopt 32-619] Estimated Timing Summary | WNS=-11.944 | TNS=-552.097 |
INFO: [Physopt 32-663] Processed net acquireToHDMIwithZynq_i/acquireToDisplay_AXI_0/U0/acquireToDisplay_AXI_slave_lite_v1_0_S00_AXI_inst/oscilloscope_inst/datapath_inst/hdmi0_inst/inst/encg/Q[3].  Re-placed instance acquireToHDMIwithZynq_i/acquireToDisplay_AXI_0/U0/acquireToDisplay_AXI_slave_lite_v1_0_S00_AXI_inst/oscilloscope_inst/datapath_inst/hdmi0_inst/inst/encg/dout_reg[3]
INFO: [Physopt 32-735] Processed net acquireToHDMIwithZynq_i/acquireToDisplay_AXI_0/U0/acquireToDisplay_AXI_slave_lite_v1_0_S00_AXI_inst/oscilloscope_inst/datapath_inst/hdmi0_inst/inst/encg/Q[3]. Optimization improves timing on the net.
INFO: [Physopt 32-619] Estimated Timing Summary | WNS=-11.944 | TNS=-551.658 |
INFO: [Physopt 32-663] Processed net acquireToHDMIwithZynq_i/acquireToDisplay_AXI_0/U0/acquireToDisplay_AXI_slave_lite_v1_0_S00_AXI_inst/oscilloscope_inst/datapath_inst/hdmi0_inst/inst/encb/cnt[2].  Re-placed instance acquireToHDMIwithZynq_i/acquireToDisplay_AXI_0/U0/acquireToDisplay_AXI_slave_lite_v1_0_S00_AXI_inst/oscilloscope_inst/datapath_inst/hdmi0_inst/inst/encb/cnt_reg[2]
INFO: [Physopt 32-735] Processed net acquireToHDMIwithZynq_i/acquireToDisplay_AXI_0/U0/acquireToDisplay_AXI_slave_lite_v1_0_S00_AXI_inst/oscilloscope_inst/datapath_inst/hdmi0_inst/inst/encb/cnt[2]. Optimization improves timing on the net.
INFO: [Physopt 32-619] Estimated Timing Summary | WNS=-11.944 | TNS=-551.259 |
INFO: [Physopt 32-619] Estimated Timing Summary | WNS=-11.944 | TNS=-551.259 |
Netlist sorting complete. Time (s): cpu = 00:00:00 ; elapsed = 00:00:00.013 . Memory (MB): peak = 2045.461 ; gain = 0.000
Phase 3 Critical Path Optimization | Checksum: b6a78ebd

Time (s): cpu = 00:00:07 ; elapsed = 00:00:04 . Memory (MB): peak = 2045.461 ; gain = 0.000

Phase 4 Critical Path Optimization
INFO: [Physopt 32-619] Estimated Timing Summary | WNS=-11.944 | TNS=-551.259 |
INFO: [Physopt 32-702] Processed net acquireToHDMIwithZynq_i/acquireToDisplay_AXI_0/U0/acquireToDisplay_AXI_slave_lite_v1_0_S00_AXI_inst/oscilloscope_inst/datapath_inst/scopeFace_inst/green_reg[7]_0[0]. Optimizations did not improve timing on the net.
INFO: [Physopt 32-702] Processed net acquireToHDMIwithZynq_i/processing_system7_0/inst/FCLK_CLK_unbuffered[0]. Optimizations did not improve timing on the net.
INFO: [Physopt 32-702] Processed net acquireToHDMIwithZynq_i/acquireToDisplay_AXI_0/U0/acquireToDisplay_AXI_slave_lite_v1_0_S00_AXI_inst/oscilloscope_inst/datapath_inst/videoSigGen_inst/pixelHorz_reg[4]_0[0]. Optimizations did not improve timing on the net.
INFO: [Physopt 32-702] Processed net acquireToHDMIwithZynq_i/acquireToDisplay_AXI_0/U0/acquireToDisplay_AXI_slave_lite_v1_0_S00_AXI_inst/oscilloscope_inst/datapath_inst/videoSigGen_inst/blue[0]_i_4_n_0. Optimizations did not improve timing on the net.
INFO: [Physopt 32-702] Processed net acquireToHDMIwithZynq_i/acquireToDisplay_AXI_0/U0/acquireToDisplay_AXI_slave_lite_v1_0_S00_AXI_inst/oscilloscope_inst/datapath_inst/videoSigGen_inst/blue[0]_i_10_n_0. Optimizations did not improve timing on the net.
INFO: [Physopt 32-702] Processed net acquireToHDMIwithZynq_i/acquireToDisplay_AXI_0/U0/acquireToDisplay_AXI_slave_lite_v1_0_S00_AXI_inst/oscilloscope_inst/datapath_inst/scopeFace_inst/pixelVert_reg[10]_1[0]. Optimizations did not improve timing on the net.
INFO: [Physopt 32-702] Processed net acquireToHDMIwithZynq_i/acquireToDisplay_AXI_0/U0/acquireToDisplay_AXI_slave_lite_v1_0_S00_AXI_inst/oscilloscope_inst/datapath_inst/triggerVoltToPixel_inst/pixelVert_reg[10]_2[1]. Optimizations did not improve timing on the net.
INFO: [Physopt 32-702] Processed net acquireToHDMIwithZynq_i/acquireToDisplay_AXI_0/U0/acquireToDisplay_AXI_slave_lite_v1_0_S00_AXI_inst/oscilloscope_inst/datapath_inst/triggerVoltToPixel_inst/i__carry_i_5__7_n_0. Optimizations did not improve timing on the net.
INFO: [Physopt 32-702] Processed net acquireToHDMIwithZynq_i/acquireToDisplay_AXI_0/U0/acquireToDisplay_AXI_slave_lite_v1_0_S00_AXI_inst/oscilloscope_inst/datapath_inst/videoSigGen_inst/s00_axi_aresetn_0[0]. Optimizations did not improve timing on the net.
INFO: [Physopt 32-702] Processed net acquireToHDMIwithZynq_i/acquireToDisplay_AXI_0/U0/acquireToDisplay_AXI_slave_lite_v1_0_S00_AXI_inst/oscilloscope_inst/datapath_inst/triggerVoltToPixel_inst/x_SIGNED32__0[24]. Optimizations did not improve timing on the net.
INFO: [Physopt 32-702] Processed net acquireToHDMIwithZynq_i/acquireToDisplay_AXI_0/U0/acquireToDisplay_AXI_slave_lite_v1_0_S00_AXI_inst/slv_reg8[15]_repN. Optimizations did not improve timing on the net.
INFO: [Physopt 32-663] Processed net acquireToHDMIwithZynq_i/acquireToDisplay_AXI_0/U0/acquireToDisplay_AXI_slave_lite_v1_0_S00_AXI_inst/oscilloscope_inst/datapath_inst/hdmi0_inst/inst/encg/cnt[3].  Re-placed instance acquireToHDMIwithZynq_i/acquireToDisplay_AXI_0/U0/acquireToDisplay_AXI_slave_lite_v1_0_S00_AXI_inst/oscilloscope_inst/datapath_inst/hdmi0_inst/inst/encg/cnt_reg[3]
INFO: [Physopt 32-735] Processed net acquireToHDMIwithZynq_i/acquireToDisplay_AXI_0/U0/acquireToDisplay_AXI_slave_lite_v1_0_S00_AXI_inst/oscilloscope_inst/datapath_inst/hdmi0_inst/inst/encg/cnt[3]. Optimization improves timing on the net.
INFO: [Physopt 32-619] Estimated Timing Summary | WNS=-11.944 | TNS=-550.860 |
INFO: [Physopt 32-663] Processed net acquireToHDMIwithZynq_i/acquireToDisplay_AXI_0/U0/acquireToDisplay_AXI_slave_lite_v1_0_S00_AXI_inst/oscilloscope_inst/datapath_inst/hdmi0_inst/inst/encg/cnt[4].  Re-placed instance acquireToHDMIwithZynq_i/acquireToDisplay_AXI_0/U0/acquireToDisplay_AXI_slave_lite_v1_0_S00_AXI_inst/oscilloscope_inst/datapath_inst/hdmi0_inst/inst/encg/cnt_reg[4]
INFO: [Physopt 32-735] Processed net acquireToHDMIwithZynq_i/acquireToDisplay_AXI_0/U0/acquireToDisplay_AXI_slave_lite_v1_0_S00_AXI_inst/oscilloscope_inst/datapath_inst/hdmi0_inst/inst/encg/cnt[4]. Optimization improves timing on the net.
INFO: [Physopt 32-619] Estimated Timing Summary | WNS=-11.944 | TNS=-550.461 |
INFO: [Physopt 32-663] Processed net acquireToHDMIwithZynq_i/acquireToDisplay_AXI_0/U0/acquireToDisplay_AXI_slave_lite_v1_0_S00_AXI_inst/oscilloscope_inst/datapath_inst/hdmi0_inst/inst/encr/cnt[3].  Re-placed instance acquireToHDMIwithZynq_i/acquireToDisplay_AXI_0/U0/acquireToDisplay_AXI_slave_lite_v1_0_S00_AXI_inst/oscilloscope_inst/datapath_inst/hdmi0_inst/inst/encr/cnt_reg[3]
INFO: [Physopt 32-735] Processed net acquireToHDMIwithZynq_i/acquireToDisplay_AXI_0/U0/acquireToDisplay_AXI_slave_lite_v1_0_S00_AXI_inst/oscilloscope_inst/datapath_inst/hdmi0_inst/inst/encr/cnt[3]. Optimization improves timing on the net.
INFO: [Physopt 32-619] Estimated Timing Summary | WNS=-11.944 | TNS=-550.062 |
INFO: [Physopt 32-663] Processed net acquireToHDMIwithZynq_i/acquireToDisplay_AXI_0/U0/acquireToDisplay_AXI_slave_lite_v1_0_S00_AXI_inst/oscilloscope_inst/datapath_inst/hdmi0_inst/inst/encr/Q[4].  Re-placed instance acquireToHDMIwithZynq_i/acquireToDisplay_AXI_0/U0/acquireToDisplay_AXI_slave_lite_v1_0_S00_AXI_inst/oscilloscope_inst/datapath_inst/hdmi0_inst/inst/encr/dout_reg[4]
INFO: [Physopt 32-735] Processed net acquireToHDMIwithZynq_i/acquireToDisplay_AXI_0/U0/acquireToDisplay_AXI_slave_lite_v1_0_S00_AXI_inst/oscilloscope_inst/datapath_inst/hdmi0_inst/inst/encr/Q[4]. Optimization improves timing on the net.
INFO: [Physopt 32-619] Estimated Timing Summary | WNS=-11.944 | TNS=-549.667 |
INFO: [Physopt 32-663] Processed net acquireToHDMIwithZynq_i/acquireToDisplay_AXI_0/U0/acquireToDisplay_AXI_slave_lite_v1_0_S00_AXI_inst/oscilloscope_inst/datapath_inst/hdmi0_inst/inst/encr/Q[5].  Re-placed instance acquireToHDMIwithZynq_i/acquireToDisplay_AXI_0/U0/acquireToDisplay_AXI_slave_lite_v1_0_S00_AXI_inst/oscilloscope_inst/datapath_inst/hdmi0_inst/inst/encr/dout_reg[5]
INFO: [Physopt 32-735] Processed net acquireToHDMIwithZynq_i/acquireToDisplay_AXI_0/U0/acquireToDisplay_AXI_slave_lite_v1_0_S00_AXI_inst/oscilloscope_inst/datapath_inst/hdmi0_inst/inst/encr/Q[5]. Optimization improves timing on the net.
INFO: [Physopt 32-619] Estimated Timing Summary | WNS=-11.944 | TNS=-549.276 |
INFO: [Physopt 32-663] Processed net acquireToHDMIwithZynq_i/acquireToDisplay_AXI_0/U0/acquireToDisplay_AXI_slave_lite_v1_0_S00_AXI_inst/oscilloscope_inst/datapath_inst/hdmi0_inst/inst/encr/Q[6].  Re-placed instance acquireToHDMIwithZynq_i/acquireToDisplay_AXI_0/U0/acquireToDisplay_AXI_slave_lite_v1_0_S00_AXI_inst/oscilloscope_inst/datapath_inst/hdmi0_inst/inst/encr/dout_reg[6]
INFO: [Physopt 32-735] Processed net acquireToHDMIwithZynq_i/acquireToDisplay_AXI_0/U0/acquireToDisplay_AXI_slave_lite_v1_0_S00_AXI_inst/oscilloscope_inst/datapath_inst/hdmi0_inst/inst/encr/Q[6]. Optimization improves timing on the net.
INFO: [Physopt 32-619] Estimated Timing Summary | WNS=-11.944 | TNS=-548.885 |
INFO: [Physopt 32-663] Processed net acquireToHDMIwithZynq_i/acquireToDisplay_AXI_0/U0/acquireToDisplay_AXI_slave_lite_v1_0_S00_AXI_inst/oscilloscope_inst/datapath_inst/hdmi0_inst/inst/encr/Q[7].  Re-placed instance acquireToHDMIwithZynq_i/acquireToDisplay_AXI_0/U0/acquireToDisplay_AXI_slave_lite_v1_0_S00_AXI_inst/oscilloscope_inst/datapath_inst/hdmi0_inst/inst/encr/dout_reg[7]
INFO: [Physopt 32-735] Processed net acquireToHDMIwithZynq_i/acquireToDisplay_AXI_0/U0/acquireToDisplay_AXI_slave_lite_v1_0_S00_AXI_inst/oscilloscope_inst/datapath_inst/hdmi0_inst/inst/encr/Q[7]. Optimization improves timing on the net.
INFO: [Physopt 32-619] Estimated Timing Summary | WNS=-11.944 | TNS=-548.494 |
INFO: [Physopt 32-663] Processed net acquireToHDMIwithZynq_i/acquireToDisplay_AXI_0/U0/acquireToDisplay_AXI_slave_lite_v1_0_S00_AXI_inst/oscilloscope_inst/datapath_inst/hdmi0_inst/inst/encb/cnt[3].  Re-placed instance acquireToHDMIwithZynq_i/acquireToDisplay_AXI_0/U0/acquireToDisplay_AXI_slave_lite_v1_0_S00_AXI_inst/oscilloscope_inst/datapath_inst/hdmi0_inst/inst/encb/cnt_reg[3]
INFO: [Physopt 32-735] Processed net acquireToHDMIwithZynq_i/acquireToDisplay_AXI_0/U0/acquireToDisplay_AXI_slave_lite_v1_0_S00_AXI_inst/oscilloscope_inst/datapath_inst/hdmi0_inst/inst/encb/cnt[3]. Optimization improves timing on the net.
INFO: [Physopt 32-619] Estimated Timing Summary | WNS=-11.944 | TNS=-548.129 |
INFO: [Physopt 32-663] Processed net acquireToHDMIwithZynq_i/acquireToDisplay_AXI_0/U0/acquireToDisplay_AXI_slave_lite_v1_0_S00_AXI_inst/oscilloscope_inst/datapath_inst/hdmi0_inst/inst/encb/Q[6].  Re-placed instance acquireToHDMIwithZynq_i/acquireToDisplay_AXI_0/U0/acquireToDisplay_AXI_slave_lite_v1_0_S00_AXI_inst/oscilloscope_inst/datapath_inst/hdmi0_inst/inst/encb/dout_reg[6]
INFO: [Physopt 32-735] Processed net acquireToHDMIwithZynq_i/acquireToDisplay_AXI_0/U0/acquireToDisplay_AXI_slave_lite_v1_0_S00_AXI_inst/oscilloscope_inst/datapath_inst/hdmi0_inst/inst/encb/Q[6]. Optimization improves timing on the net.
INFO: [Physopt 32-619] Estimated Timing Summary | WNS=-11.944 | TNS=-547.764 |
INFO: [Physopt 32-663] Processed net acquireToHDMIwithZynq_i/acquireToDisplay_AXI_0/U0/acquireToDisplay_AXI_slave_lite_v1_0_S00_AXI_inst/oscilloscope_inst/datapath_inst/hdmi0_inst/inst/encb/Q[7].  Re-placed instance acquireToHDMIwithZynq_i/acquireToDisplay_AXI_0/U0/acquireToDisplay_AXI_slave_lite_v1_0_S00_AXI_inst/oscilloscope_inst/datapath_inst/hdmi0_inst/inst/encb/dout_reg[7]
INFO: [Physopt 32-735] Processed net acquireToHDMIwithZynq_i/acquireToDisplay_AXI_0/U0/acquireToDisplay_AXI_slave_lite_v1_0_S00_AXI_inst/oscilloscope_inst/datapath_inst/hdmi0_inst/inst/encb/Q[7]. Optimization improves timing on the net.
INFO: [Physopt 32-619] Estimated Timing Summary | WNS=-11.944 | TNS=-547.399 |
INFO: [Physopt 32-663] Processed net acquireToHDMIwithZynq_i/acquireToDisplay_AXI_0/U0/acquireToDisplay_AXI_slave_lite_v1_0_S00_AXI_inst/oscilloscope_inst/datapath_inst/hdmi0_inst/inst/encb/Q[8].  Re-placed instance acquireToHDMIwithZynq_i/acquireToDisplay_AXI_0/U0/acquireToDisplay_AXI_slave_lite_v1_0_S00_AXI_inst/oscilloscope_inst/datapath_inst/hdmi0_inst/inst/encb/dout_reg[8]
INFO: [Physopt 32-735] Processed net acquireToHDMIwithZynq_i/acquireToDisplay_AXI_0/U0/acquireToDisplay_AXI_slave_lite_v1_0_S00_AXI_inst/oscilloscope_inst/datapath_inst/hdmi0_inst/inst/encb/Q[8]. Optimization improves timing on the net.
INFO: [Physopt 32-619] Estimated Timing Summary | WNS=-11.944 | TNS=-547.034 |
INFO: [Physopt 32-663] Processed net acquireToHDMIwithZynq_i/acquireToDisplay_AXI_0/U0/acquireToDisplay_AXI_slave_lite_v1_0_S00_AXI_inst/oscilloscope_inst/datapath_inst/hdmi0_inst/inst/encg/Q[0].  Re-placed instance acquireToHDMIwithZynq_i/acquireToDisplay_AXI_0/U0/acquireToDisplay_AXI_slave_lite_v1_0_S00_AXI_inst/oscilloscope_inst/datapath_inst/hdmi0_inst/inst/encg/dout_reg[0]
INFO: [Physopt 32-735] Processed net acquireToHDMIwithZynq_i/acquireToDisplay_AXI_0/U0/acquireToDisplay_AXI_slave_lite_v1_0_S00_AXI_inst/oscilloscope_inst/datapath_inst/hdmi0_inst/inst/encg/Q[0]. Optimization improves timing on the net.
INFO: [Physopt 32-619] Estimated Timing Summary | WNS=-11.944 | TNS=-546.669 |
INFO: [Physopt 32-663] Processed net acquireToHDMIwithZynq_i/acquireToDisplay_AXI_0/U0/acquireToDisplay_AXI_slave_lite_v1_0_S00_AXI_inst/oscilloscope_inst/datapath_inst/hdmi0_inst/inst/encg/Q[9].  Re-placed instance acquireToHDMIwithZynq_i/acquireToDisplay_AXI_0/U0/acquireToDisplay_AXI_slave_lite_v1_0_S00_AXI_inst/oscilloscope_inst/datapath_inst/hdmi0_inst/inst/encg/dout_reg[9]
INFO: [Physopt 32-735] Processed net acquireToHDMIwithZynq_i/acquireToDisplay_AXI_0/U0/acquireToDisplay_AXI_slave_lite_v1_0_S00_AXI_inst/oscilloscope_inst/datapath_inst/hdmi0_inst/inst/encg/Q[9]. Optimization improves timing on the net.
INFO: [Physopt 32-619] Estimated Timing Summary | WNS=-11.944 | TNS=-546.377 |
INFO: [Physopt 32-663] Processed net acquireToHDMIwithZynq_i/acquireToDisplay_AXI_0/U0/acquireToDisplay_AXI_slave_lite_v1_0_S00_AXI_inst/oscilloscope_inst/datapath_inst/hdmi0_inst/inst/encr/Q[8].  Re-placed instance acquireToHDMIwithZynq_i/acquireToDisplay_AXI_0/U0/acquireToDisplay_AXI_slave_lite_v1_0_S00_AXI_inst/oscilloscope_inst/datapath_inst/hdmi0_inst/inst/encr/dout_reg[8]
INFO: [Physopt 32-735] Processed net acquireToHDMIwithZynq_i/acquireToDisplay_AXI_0/U0/acquireToDisplay_AXI_slave_lite_v1_0_S00_AXI_inst/oscilloscope_inst/datapath_inst/hdmi0_inst/inst/encr/Q[8]. Optimization improves timing on the net.
INFO: [Physopt 32-619] Estimated Timing Summary | WNS=-11.944 | TNS=-546.085 |
INFO: [Physopt 32-663] Processed net acquireToHDMIwithZynq_i/acquireToDisplay_AXI_0/U0/acquireToDisplay_AXI_slave_lite_v1_0_S00_AXI_inst/oscilloscope_inst/datapath_inst/hdmi0_inst/inst/encg/Q[1].  Re-placed instance acquireToHDMIwithZynq_i/acquireToDisplay_AXI_0/U0/acquireToDisplay_AXI_slave_lite_v1_0_S00_AXI_inst/oscilloscope_inst/datapath_inst/hdmi0_inst/inst/encg/dout_reg[1]
INFO: [Physopt 32-735] Processed net acquireToHDMIwithZynq_i/acquireToDisplay_AXI_0/U0/acquireToDisplay_AXI_slave_lite_v1_0_S00_AXI_inst/oscilloscope_inst/datapath_inst/hdmi0_inst/inst/encg/Q[1]. Optimization improves timing on the net.
INFO: [Physopt 32-619] Estimated Timing Summary | WNS=-11.944 | TNS=-545.805 |
INFO: [Physopt 32-663] Processed net acquireToHDMIwithZynq_i/acquireToDisplay_AXI_0/U0/acquireToDisplay_AXI_slave_lite_v1_0_S00_AXI_inst/oscilloscope_inst/datapath_inst/hdmi0_inst/inst/encg/Q[5].  Re-placed instance acquireToHDMIwithZynq_i/acquireToDisplay_AXI_0/U0/acquireToDisplay_AXI_slave_lite_v1_0_S00_AXI_inst/oscilloscope_inst/datapath_inst/hdmi0_inst/inst/encg/dout_reg[5]
INFO: [Physopt 32-735] Processed net acquireToHDMIwithZynq_i/acquireToDisplay_AXI_0/U0/acquireToDisplay_AXI_slave_lite_v1_0_S00_AXI_inst/oscilloscope_inst/datapath_inst/hdmi0_inst/inst/encg/Q[5]. Optimization improves timing on the net.
INFO: [Physopt 32-619] Estimated Timing Summary | WNS=-11.944 | TNS=-545.525 |
INFO: [Physopt 32-663] Processed net acquireToHDMIwithZynq_i/acquireToDisplay_AXI_0/U0/acquireToDisplay_AXI_slave_lite_v1_0_S00_AXI_inst/oscilloscope_inst/datapath_inst/hdmi0_inst/inst/encg/Q[6].  Re-placed instance acquireToHDMIwithZynq_i/acquireToDisplay_AXI_0/U0/acquireToDisplay_AXI_slave_lite_v1_0_S00_AXI_inst/oscilloscope_inst/datapath_inst/hdmi0_inst/inst/encg/dout_reg[6]
INFO: [Physopt 32-735] Processed net acquireToHDMIwithZynq_i/acquireToDisplay_AXI_0/U0/acquireToDisplay_AXI_slave_lite_v1_0_S00_AXI_inst/oscilloscope_inst/datapath_inst/hdmi0_inst/inst/encg/Q[6]. Optimization improves timing on the net.
INFO: [Physopt 32-619] Estimated Timing Summary | WNS=-11.944 | TNS=-545.203 |
INFO: [Physopt 32-702] Processed net acquireToHDMIwithZynq_i/acquireToDisplay_AXI_0/U0/acquireToDisplay_AXI_slave_lite_v1_0_S00_AXI_inst/oscilloscope_inst/datapath_inst/scopeFace_inst/green_reg[7]_0[0]. Optimizations did not improve timing on the net.
INFO: [Physopt 32-702] Processed net acquireToHDMIwithZynq_i/processing_system7_0/inst/FCLK_CLK_unbuffered[0]. Optimizations did not improve timing on the net.
INFO: [Physopt 32-702] Processed net acquireToHDMIwithZynq_i/acquireToDisplay_AXI_0/U0/acquireToDisplay_AXI_slave_lite_v1_0_S00_AXI_inst/oscilloscope_inst/datapath_inst/videoSigGen_inst/pixelHorz_reg[4]_0[0]. Optimizations did not improve timing on the net.
INFO: [Physopt 32-702] Processed net acquireToHDMIwithZynq_i/acquireToDisplay_AXI_0/U0/acquireToDisplay_AXI_slave_lite_v1_0_S00_AXI_inst/oscilloscope_inst/datapath_inst/videoSigGen_inst/blue[0]_i_4_n_0. Optimizations did not improve timing on the net.
INFO: [Physopt 32-702] Processed net acquireToHDMIwithZynq_i/acquireToDisplay_AXI_0/U0/acquireToDisplay_AXI_slave_lite_v1_0_S00_AXI_inst/oscilloscope_inst/datapath_inst/videoSigGen_inst/blue[0]_i_10_n_0. Optimizations did not improve timing on the net.
INFO: [Physopt 32-702] Processed net acquireToHDMIwithZynq_i/acquireToDisplay_AXI_0/U0/acquireToDisplay_AXI_slave_lite_v1_0_S00_AXI_inst/oscilloscope_inst/datapath_inst/scopeFace_inst/pixelVert_reg[10]_1[0]. Optimizations did not improve timing on the net.
INFO: [Physopt 32-702] Processed net acquireToHDMIwithZynq_i/acquireToDisplay_AXI_0/U0/acquireToDisplay_AXI_slave_lite_v1_0_S00_AXI_inst/oscilloscope_inst/datapath_inst/triggerVoltToPixel_inst/pixelVert_reg[10]_2[1]. Optimizations did not improve timing on the net.
INFO: [Physopt 32-702] Processed net acquireToHDMIwithZynq_i/acquireToDisplay_AXI_0/U0/acquireToDisplay_AXI_slave_lite_v1_0_S00_AXI_inst/oscilloscope_inst/datapath_inst/triggerVoltToPixel_inst/i__carry_i_5__7_n_0. Optimizations did not improve timing on the net.
INFO: [Physopt 32-702] Processed net acquireToHDMIwithZynq_i/acquireToDisplay_AXI_0/U0/acquireToDisplay_AXI_slave_lite_v1_0_S00_AXI_inst/oscilloscope_inst/datapath_inst/videoSigGen_inst/s00_axi_aresetn_0[0]. Optimizations did not improve timing on the net.
INFO: [Physopt 32-702] Processed net acquireToHDMIwithZynq_i/acquireToDisplay_AXI_0/U0/acquireToDisplay_AXI_slave_lite_v1_0_S00_AXI_inst/oscilloscope_inst/datapath_inst/triggerVoltToPixel_inst/x_SIGNED32__0[24]. Optimizations did not improve timing on the net.
INFO: [Physopt 32-702] Processed net acquireToHDMIwithZynq_i/acquireToDisplay_AXI_0/U0/acquireToDisplay_AXI_slave_lite_v1_0_S00_AXI_inst/slv_reg8[15]_repN. Optimizations did not improve timing on the net.
INFO: [Physopt 32-663] Processed net acquireToHDMIwithZynq_i/acquireToDisplay_AXI_0/U0/acquireToDisplay_AXI_slave_lite_v1_0_S00_AXI_inst/oscilloscope_inst/datapath_inst/hdmi0_inst/inst/encg/Q[7].  Re-placed instance acquireToHDMIwithZynq_i/acquireToDisplay_AXI_0/U0/acquireToDisplay_AXI_slave_lite_v1_0_S00_AXI_inst/oscilloscope_inst/datapath_inst/hdmi0_inst/inst/encg/dout_reg[7]
INFO: [Physopt 32-735] Processed net acquireToHDMIwithZynq_i/acquireToDisplay_AXI_0/U0/acquireToDisplay_AXI_slave_lite_v1_0_S00_AXI_inst/oscilloscope_inst/datapath_inst/hdmi0_inst/inst/encg/Q[7]. Optimization improves timing on the net.
INFO: [Physopt 32-619] Estimated Timing Summary | WNS=-11.944 | TNS=-544.881 |
INFO: [Physopt 32-663] Processed net acquireToHDMIwithZynq_i/acquireToDisplay_AXI_0/U0/acquireToDisplay_AXI_slave_lite_v1_0_S00_AXI_inst/oscilloscope_inst/datapath_inst/hdmi0_inst/inst/encb/cnt[1].  Re-placed instance acquireToHDMIwithZynq_i/acquireToDisplay_AXI_0/U0/acquireToDisplay_AXI_slave_lite_v1_0_S00_AXI_inst/oscilloscope_inst/datapath_inst/hdmi0_inst/inst/encb/cnt_reg[1]
INFO: [Physopt 32-735] Processed net acquireToHDMIwithZynq_i/acquireToDisplay_AXI_0/U0/acquireToDisplay_AXI_slave_lite_v1_0_S00_AXI_inst/oscilloscope_inst/datapath_inst/hdmi0_inst/inst/encb/cnt[1]. Optimization improves timing on the net.
INFO: [Physopt 32-619] Estimated Timing Summary | WNS=-11.944 | TNS=-544.563 |
INFO: [Physopt 32-663] Processed net acquireToHDMIwithZynq_i/acquireToDisplay_AXI_0/U0/acquireToDisplay_AXI_slave_lite_v1_0_S00_AXI_inst/oscilloscope_inst/datapath_inst/hdmi0_inst/inst/encr/Q[0].  Re-placed instance acquireToHDMIwithZynq_i/acquireToDisplay_AXI_0/U0/acquireToDisplay_AXI_slave_lite_v1_0_S00_AXI_inst/oscilloscope_inst/datapath_inst/hdmi0_inst/inst/encr/dout_reg[0]
INFO: [Physopt 32-735] Processed net acquireToHDMIwithZynq_i/acquireToDisplay_AXI_0/U0/acquireToDisplay_AXI_slave_lite_v1_0_S00_AXI_inst/oscilloscope_inst/datapath_inst/hdmi0_inst/inst/encr/Q[0]. Optimization improves timing on the net.
INFO: [Physopt 32-619] Estimated Timing Summary | WNS=-11.944 | TNS=-544.245 |
INFO: [Physopt 32-663] Processed net acquireToHDMIwithZynq_i/acquireToDisplay_AXI_0/U0/acquireToDisplay_AXI_slave_lite_v1_0_S00_AXI_inst/oscilloscope_inst/datapath_inst/hdmi0_inst/inst/encr/Q[2].  Re-placed instance acquireToHDMIwithZynq_i/acquireToDisplay_AXI_0/U0/acquireToDisplay_AXI_slave_lite_v1_0_S00_AXI_inst/oscilloscope_inst/datapath_inst/hdmi0_inst/inst/encr/dout_reg[2]
INFO: [Physopt 32-735] Processed net acquireToHDMIwithZynq_i/acquireToDisplay_AXI_0/U0/acquireToDisplay_AXI_slave_lite_v1_0_S00_AXI_inst/oscilloscope_inst/datapath_inst/hdmi0_inst/inst/encr/Q[2]. Optimization improves timing on the net.
INFO: [Physopt 32-619] Estimated Timing Summary | WNS=-11.944 | TNS=-543.971 |
INFO: [Physopt 32-663] Processed net acquireToHDMIwithZynq_i/acquireToDisplay_AXI_0/U0/acquireToDisplay_AXI_slave_lite_v1_0_S00_AXI_inst/oscilloscope_inst/datapath_inst/hdmi0_inst/inst/encr/Q[3].  Re-placed instance acquireToHDMIwithZynq_i/acquireToDisplay_AXI_0/U0/acquireToDisplay_AXI_slave_lite_v1_0_S00_AXI_inst/oscilloscope_inst/datapath_inst/hdmi0_inst/inst/encr/dout_reg[3]
INFO: [Physopt 32-735] Processed net acquireToHDMIwithZynq_i/acquireToDisplay_AXI_0/U0/acquireToDisplay_AXI_slave_lite_v1_0_S00_AXI_inst/oscilloscope_inst/datapath_inst/hdmi0_inst/inst/encr/Q[3]. Optimization improves timing on the net.
INFO: [Physopt 32-619] Estimated Timing Summary | WNS=-11.944 | TNS=-543.697 |
INFO: [Physopt 32-663] Processed net acquireToHDMIwithZynq_i/acquireToDisplay_AXI_0/U0/acquireToDisplay_AXI_slave_lite_v1_0_S00_AXI_inst/oscilloscope_inst/datapath_inst/hdmi0_inst/inst/encb/Q[0].  Re-placed instance acquireToHDMIwithZynq_i/acquireToDisplay_AXI_0/U0/acquireToDisplay_AXI_slave_lite_v1_0_S00_AXI_inst/oscilloscope_inst/datapath_inst/hdmi0_inst/inst/encb/dout_reg[0]
INFO: [Physopt 32-735] Processed net acquireToHDMIwithZynq_i/acquireToDisplay_AXI_0/U0/acquireToDisplay_AXI_slave_lite_v1_0_S00_AXI_inst/oscilloscope_inst/datapath_inst/hdmi0_inst/inst/encb/Q[0]. Optimization improves timing on the net.
INFO: [Physopt 32-619] Estimated Timing Summary | WNS=-11.944 | TNS=-543.451 |
INFO: [Physopt 32-663] Processed net acquireToHDMIwithZynq_i/acquireToDisplay_AXI_0/U0/acquireToDisplay_AXI_slave_lite_v1_0_S00_AXI_inst/oscilloscope_inst/datapath_inst/hdmi0_inst/inst/encg/cnt[1].  Re-placed instance acquireToHDMIwithZynq_i/acquireToDisplay_AXI_0/U0/acquireToDisplay_AXI_slave_lite_v1_0_S00_AXI_inst/oscilloscope_inst/datapath_inst/hdmi0_inst/inst/encg/cnt_reg[1]
INFO: [Physopt 32-735] Processed net acquireToHDMIwithZynq_i/acquireToDisplay_AXI_0/U0/acquireToDisplay_AXI_slave_lite_v1_0_S00_AXI_inst/oscilloscope_inst/datapath_inst/hdmi0_inst/inst/encg/cnt[1]. Optimization improves timing on the net.
INFO: [Physopt 32-619] Estimated Timing Summary | WNS=-11.944 | TNS=-543.163 |
INFO: [Physopt 32-663] Processed net acquireToHDMIwithZynq_i/acquireToDisplay_AXI_0/U0/acquireToDisplay_AXI_slave_lite_v1_0_S00_AXI_inst/oscilloscope_inst/datapath_inst/hdmi0_inst/inst/encg/cnt[2].  Re-placed instance acquireToHDMIwithZynq_i/acquireToDisplay_AXI_0/U0/acquireToDisplay_AXI_slave_lite_v1_0_S00_AXI_inst/oscilloscope_inst/datapath_inst/hdmi0_inst/inst/encg/cnt_reg[2]
INFO: [Physopt 32-735] Processed net acquireToHDMIwithZynq_i/acquireToDisplay_AXI_0/U0/acquireToDisplay_AXI_slave_lite_v1_0_S00_AXI_inst/oscilloscope_inst/datapath_inst/hdmi0_inst/inst/encg/cnt[2]. Optimization improves timing on the net.
INFO: [Physopt 32-619] Estimated Timing Summary | WNS=-11.944 | TNS=-542.875 |
INFO: [Physopt 32-663] Processed net acquireToHDMIwithZynq_i/acquireToDisplay_AXI_0/U0/acquireToDisplay_AXI_slave_lite_v1_0_S00_AXI_inst/oscilloscope_inst/datapath_inst/hdmi0_inst/inst/encr/cnt[2].  Re-placed instance acquireToHDMIwithZynq_i/acquireToDisplay_AXI_0/U0/acquireToDisplay_AXI_slave_lite_v1_0_S00_AXI_inst/oscilloscope_inst/datapath_inst/hdmi0_inst/inst/encr/cnt_reg[2]
INFO: [Physopt 32-735] Processed net acquireToHDMIwithZynq_i/acquireToDisplay_AXI_0/U0/acquireToDisplay_AXI_slave_lite_v1_0_S00_AXI_inst/oscilloscope_inst/datapath_inst/hdmi0_inst/inst/encr/cnt[2]. Optimization improves timing on the net.
INFO: [Physopt 32-619] Estimated Timing Summary | WNS=-11.944 | TNS=-542.587 |
INFO: [Physopt 32-663] Processed net acquireToHDMIwithZynq_i/acquireToDisplay_AXI_0/U0/acquireToDisplay_AXI_slave_lite_v1_0_S00_AXI_inst/oscilloscope_inst/datapath_inst/hdmi0_inst/inst/encg/Q[2].  Re-placed instance acquireToHDMIwithZynq_i/acquireToDisplay_AXI_0/U0/acquireToDisplay_AXI_slave_lite_v1_0_S00_AXI_inst/oscilloscope_inst/datapath_inst/hdmi0_inst/inst/encg/dout_reg[2]
INFO: [Physopt 32-735] Processed net acquireToHDMIwithZynq_i/acquireToDisplay_AXI_0/U0/acquireToDisplay_AXI_slave_lite_v1_0_S00_AXI_inst/oscilloscope_inst/datapath_inst/hdmi0_inst/inst/encg/Q[2]. Optimization improves timing on the net.
INFO: [Physopt 32-619] Estimated Timing Summary | WNS=-11.944 | TNS=-542.383 |
INFO: [Physopt 32-663] Processed net acquireToHDMIwithZynq_i/acquireToDisplay_AXI_0/U0/acquireToDisplay_AXI_slave_lite_v1_0_S00_AXI_inst/oscilloscope_inst/datapath_inst/hdmi0_inst/inst/encg/Q[4].  Re-placed instance acquireToHDMIwithZynq_i/acquireToDisplay_AXI_0/U0/acquireToDisplay_AXI_slave_lite_v1_0_S00_AXI_inst/oscilloscope_inst/datapath_inst/hdmi0_inst/inst/encg/dout_reg[4]
INFO: [Physopt 32-735] Processed net acquireToHDMIwithZynq_i/acquireToDisplay_AXI_0/U0/acquireToDisplay_AXI_slave_lite_v1_0_S00_AXI_inst/oscilloscope_inst/datapath_inst/hdmi0_inst/inst/encg/Q[4]. Optimization improves timing on the net.
INFO: [Physopt 32-619] Estimated Timing Summary | WNS=-11.944 | TNS=-542.137 |
INFO: [Physopt 32-663] Processed net acquireToHDMIwithZynq_i/acquireToDisplay_AXI_0/U0/acquireToDisplay_AXI_slave_lite_v1_0_S00_AXI_inst/oscilloscope_inst/datapath_inst/hdmi0_inst/inst/encg/Q[8].  Re-placed instance acquireToHDMIwithZynq_i/acquireToDisplay_AXI_0/U0/acquireToDisplay_AXI_slave_lite_v1_0_S00_AXI_inst/oscilloscope_inst/datapath_inst/hdmi0_inst/inst/encg/dout_reg[8]
INFO: [Physopt 32-735] Processed net acquireToHDMIwithZynq_i/acquireToDisplay_AXI_0/U0/acquireToDisplay_AXI_slave_lite_v1_0_S00_AXI_inst/oscilloscope_inst/datapath_inst/hdmi0_inst/inst/encg/Q[8]. Optimization improves timing on the net.
INFO: [Physopt 32-619] Estimated Timing Summary | WNS=-11.944 | TNS=-541.975 |
INFO: [Physopt 32-663] Processed net acquireToHDMIwithZynq_i/acquireToDisplay_AXI_0/U0/acquireToDisplay_AXI_slave_lite_v1_0_S00_AXI_inst/oscilloscope_inst/datapath_inst/hdmi0_inst/inst/encr/Q[9].  Re-placed instance acquireToHDMIwithZynq_i/acquireToDisplay_AXI_0/U0/acquireToDisplay_AXI_slave_lite_v1_0_S00_AXI_inst/oscilloscope_inst/datapath_inst/hdmi0_inst/inst/encr/dout_reg[9]
INFO: [Physopt 32-735] Processed net acquireToHDMIwithZynq_i/acquireToDisplay_AXI_0/U0/acquireToDisplay_AXI_slave_lite_v1_0_S00_AXI_inst/oscilloscope_inst/datapath_inst/hdmi0_inst/inst/encr/Q[9]. Optimization improves timing on the net.
INFO: [Physopt 32-619] Estimated Timing Summary | WNS=-11.944 | TNS=-541.813 |
INFO: [Physopt 32-663] Processed net acquireToHDMIwithZynq_i/acquireToDisplay_AXI_0/U0/acquireToDisplay_AXI_slave_lite_v1_0_S00_AXI_inst/oscilloscope_inst/datapath_inst/hdmi0_inst/inst/encb/Q[1].  Re-placed instance acquireToHDMIwithZynq_i/acquireToDisplay_AXI_0/U0/acquireToDisplay_AXI_slave_lite_v1_0_S00_AXI_inst/oscilloscope_inst/datapath_inst/hdmi0_inst/inst/encb/dout_reg[1]
INFO: [Physopt 32-735] Processed net acquireToHDMIwithZynq_i/acquireToDisplay_AXI_0/U0/acquireToDisplay_AXI_slave_lite_v1_0_S00_AXI_inst/oscilloscope_inst/datapath_inst/hdmi0_inst/inst/encb/Q[1]. Optimization improves timing on the net.
INFO: [Physopt 32-619] Estimated Timing Summary | WNS=-11.944 | TNS=-541.665 |
INFO: [Physopt 32-663] Processed net acquireToHDMIwithZynq_i/acquireToDisplay_AXI_0/U0/acquireToDisplay_AXI_slave_lite_v1_0_S00_AXI_inst/oscilloscope_inst/datapath_inst/hdmi0_inst/inst/encb/Q[3].  Re-placed instance acquireToHDMIwithZynq_i/acquireToDisplay_AXI_0/U0/acquireToDisplay_AXI_slave_lite_v1_0_S00_AXI_inst/oscilloscope_inst/datapath_inst/hdmi0_inst/inst/encb/dout_reg[3]
INFO: [Physopt 32-735] Processed net acquireToHDMIwithZynq_i/acquireToDisplay_AXI_0/U0/acquireToDisplay_AXI_slave_lite_v1_0_S00_AXI_inst/oscilloscope_inst/datapath_inst/hdmi0_inst/inst/encb/Q[3]. Optimization improves timing on the net.
INFO: [Physopt 32-619] Estimated Timing Summary | WNS=-11.944 | TNS=-541.517 |
INFO: [Physopt 32-663] Processed net acquireToHDMIwithZynq_i/acquireToDisplay_AXI_0/U0/acquireToDisplay_AXI_slave_lite_v1_0_S00_AXI_inst/oscilloscope_inst/datapath_inst/hdmi0_inst/inst/encb/Q[4].  Re-placed instance acquireToHDMIwithZynq_i/acquireToDisplay_AXI_0/U0/acquireToDisplay_AXI_slave_lite_v1_0_S00_AXI_inst/oscilloscope_inst/datapath_inst/hdmi0_inst/inst/encb/dout_reg[4]
INFO: [Physopt 32-735] Processed net acquireToHDMIwithZynq_i/acquireToDisplay_AXI_0/U0/acquireToDisplay_AXI_slave_lite_v1_0_S00_AXI_inst/oscilloscope_inst/datapath_inst/hdmi0_inst/inst/encb/Q[4]. Optimization improves timing on the net.
INFO: [Physopt 32-619] Estimated Timing Summary | WNS=-11.944 | TNS=-541.369 |
INFO: [Physopt 32-663] Processed net acquireToHDMIwithZynq_i/acquireToDisplay_AXI_0/U0/acquireToDisplay_AXI_slave_lite_v1_0_S00_AXI_inst/oscilloscope_inst/datapath_inst/hdmi0_inst/inst/encb/Q[9].  Re-placed instance acquireToHDMIwithZynq_i/acquireToDisplay_AXI_0/U0/acquireToDisplay_AXI_slave_lite_v1_0_S00_AXI_inst/oscilloscope_inst/datapath_inst/hdmi0_inst/inst/encb/dout_reg[9]
INFO: [Physopt 32-735] Processed net acquireToHDMIwithZynq_i/acquireToDisplay_AXI_0/U0/acquireToDisplay_AXI_slave_lite_v1_0_S00_AXI_inst/oscilloscope_inst/datapath_inst/hdmi0_inst/inst/encb/Q[9]. Optimization improves timing on the net.
INFO: [Physopt 32-619] Estimated Timing Summary | WNS=-11.944 | TNS=-541.221 |
INFO: [Physopt 32-663] Processed net acquireToHDMIwithZynq_i/acquireToDisplay_AXI_0/U0/acquireToDisplay_AXI_slave_lite_v1_0_S00_AXI_inst/oscilloscope_inst/datapath_inst/hdmi0_inst/inst/encb/Q[5].  Re-placed instance acquireToHDMIwithZynq_i/acquireToDisplay_AXI_0/U0/acquireToDisplay_AXI_slave_lite_v1_0_S00_AXI_inst/oscilloscope_inst/datapath_inst/hdmi0_inst/inst/encb/dout_reg[5]
INFO: [Physopt 32-735] Processed net acquireToHDMIwithZynq_i/acquireToDisplay_AXI_0/U0/acquireToDisplay_AXI_slave_lite_v1_0_S00_AXI_inst/oscilloscope_inst/datapath_inst/hdmi0_inst/inst/encb/Q[5]. Optimization improves timing on the net.
INFO: [Physopt 32-619] Estimated Timing Summary | WNS=-11.944 | TNS=-541.115 |
INFO: [Physopt 32-663] Processed net acquireToHDMIwithZynq_i/acquireToDisplay_AXI_0/U0/acquireToDisplay_AXI_slave_lite_v1_0_S00_AXI_inst/oscilloscope_inst/datapath_inst/hdmi0_inst/inst/encr/cnt[1].  Re-placed instance acquireToHDMIwithZynq_i/acquireToDisplay_AXI_0/U0/acquireToDisplay_AXI_slave_lite_v1_0_S00_AXI_inst/oscilloscope_inst/datapath_inst/hdmi0_inst/inst/encr/cnt_reg[1]
INFO: [Physopt 32-735] Processed net acquireToHDMIwithZynq_i/acquireToDisplay_AXI_0/U0/acquireToDisplay_AXI_slave_lite_v1_0_S00_AXI_inst/oscilloscope_inst/datapath_inst/hdmi0_inst/inst/encr/cnt[1]. Optimization improves timing on the net.
INFO: [Physopt 32-619] Estimated Timing Summary | WNS=-11.944 | TNS=-540.926 |
INFO: [Common 17-14] Message 'Physopt 32-619' appears 100 times and further instances of the messages will be disabled. Use the Tcl command set_msg_config to change the current settings.
INFO: [Physopt 32-663] Processed net acquireToHDMIwithZynq_i/acquireToDisplay_AXI_0/U0/acquireToDisplay_AXI_slave_lite_v1_0_S00_AXI_inst/oscilloscope_inst/datapath_inst/hdmi0_inst/inst/encr/cnt[4].  Re-placed instance acquireToHDMIwithZynq_i/acquireToDisplay_AXI_0/U0/acquireToDisplay_AXI_slave_lite_v1_0_S00_AXI_inst/oscilloscope_inst/datapath_inst/hdmi0_inst/inst/encr/cnt_reg[4]
INFO: [Physopt 32-735] Processed net acquireToHDMIwithZynq_i/acquireToDisplay_AXI_0/U0/acquireToDisplay_AXI_slave_lite_v1_0_S00_AXI_inst/oscilloscope_inst/datapath_inst/hdmi0_inst/inst/encr/cnt[4]. Optimization improves timing on the net.
INFO: [Physopt 32-663] Processed net acquireToHDMIwithZynq_i/acquireToDisplay_AXI_0/U0/acquireToDisplay_AXI_slave_lite_v1_0_S00_AXI_inst/oscilloscope_inst/datapath_inst/hdmi0_inst/inst/encr/Q[1].  Re-placed instance acquireToHDMIwithZynq_i/acquireToDisplay_AXI_0/U0/acquireToDisplay_AXI_slave_lite_v1_0_S00_AXI_inst/oscilloscope_inst/datapath_inst/hdmi0_inst/inst/encr/dout_reg[1]
INFO: [Physopt 32-735] Processed net acquireToHDMIwithZynq_i/acquireToDisplay_AXI_0/U0/acquireToDisplay_AXI_slave_lite_v1_0_S00_AXI_inst/oscilloscope_inst/datapath_inst/hdmi0_inst/inst/encr/Q[1]. Optimization improves timing on the net.
INFO: [Physopt 32-663] Processed net acquireToHDMIwithZynq_i/acquireToDisplay_AXI_0/U0/acquireToDisplay_AXI_slave_lite_v1_0_S00_AXI_inst/oscilloscope_inst/datapath_inst/hdmi0_inst/inst/encb/Q[1].  Re-placed instance acquireToHDMIwithZynq_i/acquireToDisplay_AXI_0/U0/acquireToDisplay_AXI_slave_lite_v1_0_S00_AXI_inst/oscilloscope_inst/datapath_inst/hdmi0_inst/inst/encb/dout_reg[1]
INFO: [Physopt 32-735] Processed net acquireToHDMIwithZynq_i/acquireToDisplay_AXI_0/U0/acquireToDisplay_AXI_slave_lite_v1_0_S00_AXI_inst/oscilloscope_inst/datapath_inst/hdmi0_inst/inst/encb/Q[1]. Optimization improves timing on the net.
INFO: [Physopt 32-702] Processed net acquireToHDMIwithZynq_i/acquireToDisplay_AXI_0/U0/acquireToDisplay_AXI_slave_lite_v1_0_S00_AXI_inst/oscilloscope_inst/datapath_inst/hdmi0_inst/inst/encb/Q[3]. Optimizations did not improve timing on the net.
INFO: [Physopt 32-663] Processed net acquireToHDMIwithZynq_i/acquireToDisplay_AXI_0/U0/acquireToDisplay_AXI_slave_lite_v1_0_S00_AXI_inst/oscilloscope_inst/datapath_inst/hdmi0_inst/inst/encr/AR[0].  Re-placed instance acquireToHDMIwithZynq_i/acquireToDisplay_AXI_0/U0/acquireToDisplay_AXI_slave_lite_v1_0_S00_AXI_inst/oscilloscope_inst/datapath_inst/hdmi0_inst/inst/encr/oserdes_m_i_1
INFO: [Physopt 32-735] Processed net acquireToHDMIwithZynq_i/acquireToDisplay_AXI_0/U0/acquireToDisplay_AXI_slave_lite_v1_0_S00_AXI_inst/oscilloscope_inst/datapath_inst/hdmi0_inst/inst/encr/AR[0]. Optimization improves timing on the net.
Netlist sorting complete. Time (s): cpu = 00:00:00 ; elapsed = 00:00:00.003 . Memory (MB): peak = 2045.461 ; gain = 0.000
Phase 4 Critical Path Optimization | Checksum: f0c530e5

Time (s): cpu = 00:00:11 ; elapsed = 00:00:07 . Memory (MB): peak = 2045.461 ; gain = 0.000
Netlist sorting complete. Time (s): cpu = 00:00:00 ; elapsed = 00:00:00.003 . Memory (MB): peak = 2045.461 ; gain = 0.000
INFO: [Physopt 32-603] Post Physical Optimization Timing Summary | WNS=-11.944 | TNS=-548.526 |

Summary of Physical Synthesis Optimizations
============================================


-------------------------------------------------------------------------------------------------------------------------------------------------------------
|  Optimization   |  WNS Gain (ns)  |  TNS Gain (ns)  |  Added Cells  |  Removed Cells  |  Optimized Cells/Nets  |  Dont Touch  |  Iterations  |  Elapsed   |
-------------------------------------------------------------------------------------------------------------------------------------------------------------
|  DSP Register   |          0.000  |          0.000  |            0  |              0  |                     0  |           0  |           1  |  00:00:00  |
|  Critical Path  |          0.313  |          4.472  |            4  |              0  |                    99  |           0  |           2  |  00:00:07  |
|  Total          |          0.313  |          4.472  |            4  |              0  |                    99  |           0  |           3  |  00:00:07  |
-------------------------------------------------------------------------------------------------------------------------------------------------------------


Netlist sorting complete. Time (s): cpu = 00:00:00 ; elapsed = 00:00:00.002 . Memory (MB): peak = 2045.461 ; gain = 0.000
Ending Physical Synthesis Task | Checksum: 1e5ab084e

Time (s): cpu = 00:00:11 ; elapsed = 00:00:07 . Memory (MB): peak = 2045.461 ; gain = 0.000
INFO: [Common 17-83] Releasing license: Implementation
462 Infos, 3 Warnings, 0 Critical Warnings and 0 Errors encountered.
phys_opt_design completed successfully
INFO: [Common 17-600] The following parameters have non-default value.
tcl.statsThreshold
INFO: [Timing 38-480] Writing timing data to binary archive.
Write ShapeDB Complete: Time (s): cpu = 00:00:00 ; elapsed = 00:00:00.016 . Memory (MB): peak = 2045.461 ; gain = 0.000
Wrote PlaceDB: Time (s): cpu = 00:00:01 ; elapsed = 00:00:00.318 . Memory (MB): peak = 2045.461 ; gain = 0.000
Wrote PulsedLatchDB: Time (s): cpu = 00:00:00 ; elapsed = 00:00:00 . Memory (MB): peak = 2045.461 ; gain = 0.000
Writing XDEF routing.
Writing XDEF routing logical nets.
Writing XDEF routing special nets.
Wrote RouteStorage: Time (s): cpu = 00:00:00 ; elapsed = 00:00:00.027 . Memory (MB): peak = 2045.461 ; gain = 0.000
Wrote Netlist Cache: Time (s): cpu = 00:00:00 ; elapsed = 00:00:00.006 . Memory (MB): peak = 2045.461 ; gain = 0.000
Wrote Device Cache: Time (s): cpu = 00:00:00 ; elapsed = 00:00:00.014 . Memory (MB): peak = 2045.461 ; gain = 0.000
Write Physdb Complete: Time (s): cpu = 00:00:01 ; elapsed = 00:00:00.382 . Memory (MB): peak = 2045.461 ; gain = 0.000
INFO: [Common 17-1381] The checkpoint 'C:/EENG 484/lab6acquireToHDMIwithZynq/lab6acquireToHDMIwithZynq.runs/impl_1/acquireToHDMIwithZynq_wrapper_physopt.dcp' has been generated.
Command: route_design
Attempting to get a license for feature 'Implementation' and/or device 'xc7z010'
INFO: [Common 17-349] Got license for feature 'Implementation' and/or device 'xc7z010'
INFO: [DRC 23-27] Running DRC with 2 threads
INFO: [Vivado_Tcl 4-198] DRC finished with 0 Errors
INFO: [Vivado_Tcl 4-199] Please refer to the DRC report (report_drc) for more information.


Starting Routing Task
INFO: [Route 35-254] Multithreading enabled for route_design using a maximum of 2 CPUs

Phase 1 Build RT Design
Checksum: PlaceDB: c9b8f2c5 ConstDB: 0 ShapeSum: a61a1153 RouteDB: 6998572b
Post Restoration Checksum: NetGraph: 2a163a8 | NumContArr: 8c9fe34d | Constraints: c2a8fa9d | Timing: c2a8fa9d
Phase 1 Build RT Design | Checksum: 214933c2f

Time (s): cpu = 00:00:16 ; elapsed = 00:00:15 . Memory (MB): peak = 2045.461 ; gain = 0.000

Phase 2 Router Initialization

Phase 2.1 Fix Topology Constraints
Phase 2.1 Fix Topology Constraints | Checksum: 214933c2f

Time (s): cpu = 00:00:16 ; elapsed = 00:00:15 . Memory (MB): peak = 2045.461 ; gain = 0.000

Phase 2.2 Pre Route Cleanup
Phase 2.2 Pre Route Cleanup | Checksum: 214933c2f

Time (s): cpu = 00:00:16 ; elapsed = 00:00:15 . Memory (MB): peak = 2045.461 ; gain = 0.000
 Number of Nodes with overlaps = 0

Phase 2.3 Update Timing
Phase 2.3 Update Timing | Checksum: 235dec5bb

Time (s): cpu = 00:00:17 ; elapsed = 00:00:16 . Memory (MB): peak = 2062.738 ; gain = 17.277
INFO: [Route 35-416] Intermediate Timing Summary | WNS=-11.783| TNS=-534.924| WHS=-0.874 | THS=-62.884|


Phase 2.4 Soft Constraint Pins - Fast Budgeting
Phase 2.4 Soft Constraint Pins - Fast Budgeting | Checksum: 246b1e5c7

Time (s): cpu = 00:00:18 ; elapsed = 00:00:16 . Memory (MB): peak = 2102.441 ; gain = 56.980

Router Utilization Summary
  Global Vertical Routing Utilization    = 0 %
  Global Horizontal Routing Utilization  = 0 %
  Routable Net Status*
  *Does not include unroutable nets such as driverless and loadless.
  Run report_route_status for detailed report.
  Number of Failed Nets               = 3544
    (Failed Nets is the sum of unrouted and partially routed nets)
  Number of Unrouted Nets             = 3544
  Number of Partially Routed Nets     = 0
  Number of Node Overlaps             = 0

Phase 2 Router Initialization | Checksum: 1d0e85b58

Time (s): cpu = 00:00:18 ; elapsed = 00:00:16 . Memory (MB): peak = 2102.441 ; gain = 56.980

Phase 3 Global Routing
Phase 3 Global Routing | Checksum: 1d0e85b58

Time (s): cpu = 00:00:18 ; elapsed = 00:00:16 . Memory (MB): peak = 2102.441 ; gain = 56.980

Phase 4 Initial Routing

Phase 4.1 Initial Net Routing Pass
Phase 4.1 Initial Net Routing Pass | Checksum: 18135a67c

Time (s): cpu = 00:00:20 ; elapsed = 00:00:18 . Memory (MB): peak = 2107.352 ; gain = 61.891
Phase 4 Initial Routing | Checksum: 18135a67c

Time (s): cpu = 00:00:20 ; elapsed = 00:00:18 . Memory (MB): peak = 2107.352 ; gain = 61.891
INFO: [Route 35-580] Design has 67 pins with tight setup and hold constraints.

The top 5 pins with tight setup and hold constraints:

+====================+===================+===================================================================================================================================================================+
| Launch Setup Clock | Launch Hold Clock | Pin                                                                                                                                                               |
+====================+===================+===================================================================================================================================================================+
| clk_fpga_0         | clk_fpga_0        | acquireToHDMIwithZynq_i/acquireToDisplay_AXI_0/U0/acquireToDisplay_AXI_slave_lite_v1_0_S00_AXI_inst/oscilloscope_inst/datapath_inst/scopeFace_inst/green_reg[7]/D |
| clk_fpga_0         | clk_fpga_0        | acquireToHDMIwithZynq_i/acquireToDisplay_AXI_0/U0/acquireToDisplay_AXI_slave_lite_v1_0_S00_AXI_inst/oscilloscope_inst/datapath_inst/scopeFace_inst/green_reg[3]/D |
| clk_fpga_0         | clk_fpga_0        | acquireToHDMIwithZynq_i/acquireToDisplay_AXI_0/U0/acquireToDisplay_AXI_slave_lite_v1_0_S00_AXI_inst/oscilloscope_inst/datapath_inst/scopeFace_inst/green_reg[0]/D |
| clk_fpga_0         | clk_fpga_0        | acquireToHDMIwithZynq_i/acquireToDisplay_AXI_0/U0/acquireToDisplay_AXI_slave_lite_v1_0_S00_AXI_inst/oscilloscope_inst/datapath_inst/scopeFace_inst/blue_reg[3]/D  |
| clk_fpga_0         | clk_fpga_0        | acquireToHDMIwithZynq_i/acquireToDisplay_AXI_0/U0/acquireToDisplay_AXI_slave_lite_v1_0_S00_AXI_inst/oscilloscope_inst/datapath_inst/scopeFace_inst/red_reg[3]/D   |
+--------------------+-------------------+-------------------------------------------------------------------------------------------------------------------------------------------------------------------+

File with complete list of pins: tight_setup_hold_pins.txt


Phase 5 Rip-up And Reroute

Phase 5.1 Global Iteration 0
 Number of Nodes with overlaps = 270
 Number of Nodes with overlaps = 59
 Number of Nodes with overlaps = 42
 Number of Nodes with overlaps = 13
 Number of Nodes with overlaps = 1
 Number of Nodes with overlaps = 1
 Number of Nodes with overlaps = 0
INFO: [Route 35-416] Intermediate Timing Summary | WNS=-12.376| TNS=-674.530| WHS=N/A    | THS=N/A    |

Phase 5.1 Global Iteration 0 | Checksum: 30eab12d2

Time (s): cpu = 00:00:30 ; elapsed = 00:00:27 . Memory (MB): peak = 2178.773 ; gain = 133.312

Phase 5.2 Global Iteration 1
 Number of Nodes with overlaps = 13
 Number of Nodes with overlaps = 0
INFO: [Route 35-416] Intermediate Timing Summary | WNS=-12.358| TNS=-669.743| WHS=N/A    | THS=N/A    |

Phase 5.2 Global Iteration 1 | Checksum: 1a88b2979

Time (s): cpu = 00:00:38 ; elapsed = 00:00:35 . Memory (MB): peak = 2392.355 ; gain = 346.895
Phase 5 Rip-up And Reroute | Checksum: 1a88b2979

Time (s): cpu = 00:00:38 ; elapsed = 00:00:35 . Memory (MB): peak = 2392.355 ; gain = 346.895

Phase 6 Delay and Skew Optimization

Phase 6.1 Delay CleanUp

Phase 6.1.1 Update Timing
Phase 6.1.1 Update Timing | Checksum: 19f96177e

Time (s): cpu = 00:00:39 ; elapsed = 00:00:35 . Memory (MB): peak = 2392.355 ; gain = 346.895
INFO: [Route 35-416] Intermediate Timing Summary | WNS=-12.358| TNS=-669.743| WHS=N/A    | THS=N/A    |

 Number of Nodes with overlaps = 0
Phase 6.1 Delay CleanUp | Checksum: 2b6a58e6e

Time (s): cpu = 00:00:39 ; elapsed = 00:00:35 . Memory (MB): peak = 2392.355 ; gain = 346.895

Phase 6.2 Clock Skew Optimization
Phase 6.2 Clock Skew Optimization | Checksum: 2b6a58e6e

Time (s): cpu = 00:00:39 ; elapsed = 00:00:35 . Memory (MB): peak = 2392.355 ; gain = 346.895
Phase 6 Delay and Skew Optimization | Checksum: 2b6a58e6e

Time (s): cpu = 00:00:39 ; elapsed = 00:00:35 . Memory (MB): peak = 2392.355 ; gain = 346.895

Phase 7 Post Hold Fix

Phase 7.1 Hold Fix Iter
INFO: [Route 35-416] Intermediate Timing Summary | WNS=-12.357| TNS=-669.736| WHS=0.043  | THS=0.000  |

Phase 7.1 Hold Fix Iter | Checksum: 255eb97d9

Time (s): cpu = 00:00:39 ; elapsed = 00:00:35 . Memory (MB): peak = 2392.355 ; gain = 346.895
Phase 7 Post Hold Fix | Checksum: 255eb97d9

Time (s): cpu = 00:00:39 ; elapsed = 00:00:35 . Memory (MB): peak = 2392.355 ; gain = 346.895

Phase 8 Route finalize

Router Utilization Summary
  Global Vertical Routing Utilization    = 1.34276 %
  Global Horizontal Routing Utilization  = 1.82261 %
  Routable Net Status*
  *Does not include unroutable nets such as driverless and loadless.
  Run report_route_status for detailed report.
  Number of Failed Nets               = 0
    (Failed Nets is the sum of unrouted and partially routed nets)
  Number of Unrouted Nets             = 0
  Number of Partially Routed Nets     = 0
  Number of Node Overlaps             = 0


--GLOBAL Congestion:
Utilization threshold used for congestion level computation: 0.85
Congestion Report
North Dir 1x1 Area, Max Cong = 55.8559%, No Congested Regions.
South Dir 1x1 Area, Max Cong = 33.3333%, No Congested Regions.
East Dir 1x1 Area, Max Cong = 44.1176%, No Congested Regions.
West Dir 1x1 Area, Max Cong = 39.7059%, No Congested Regions.

------------------------------
Reporting congestion hotspots
------------------------------
Direction: North
----------------
Congested clusters found at Level 0
Effective congestion level: 0 Aspect Ratio: 1 Sparse Ratio: 0
Direction: South
----------------
Congested clusters found at Level 0
Effective congestion level: 0 Aspect Ratio: 1 Sparse Ratio: 0
Direction: East
----------------
Congested clusters found at Level 0
Effective congestion level: 0 Aspect Ratio: 1 Sparse Ratio: 0
Direction: West
----------------
Congested clusters found at Level 0
Effective congestion level: 0 Aspect Ratio: 1 Sparse Ratio: 0

Phase 8 Route finalize | Checksum: 255eb97d9

Time (s): cpu = 00:00:39 ; elapsed = 00:00:35 . Memory (MB): peak = 2392.355 ; gain = 346.895

Phase 9 Verifying routed nets

 Verification completed successfully
Phase 9 Verifying routed nets | Checksum: 255eb97d9

Time (s): cpu = 00:00:39 ; elapsed = 00:00:35 . Memory (MB): peak = 2392.355 ; gain = 346.895

Phase 10 Depositing Routes
Phase 10 Depositing Routes | Checksum: 1eee2e884

Time (s): cpu = 00:00:39 ; elapsed = 00:00:35 . Memory (MB): peak = 2392.355 ; gain = 346.895

Phase 11 Post Process Routing
Phase 11 Post Process Routing | Checksum: 1eee2e884

Time (s): cpu = 00:00:39 ; elapsed = 00:00:35 . Memory (MB): peak = 2392.355 ; gain = 346.895

Phase 12 Post Router Timing
INFO: [Route 35-57] Estimated Timing Summary | WNS=-12.357| TNS=-669.736| WHS=0.043  | THS=0.000  |

WARNING: [Route 35-328] Router estimated timing not met.
Resolution: For a complete and accurate timing signoff, report_timing_summary must be run after route_design. Alternatively, route_design can be run with the -timing_summary option to enable a complete timing signoff at the end of route_design.
Phase 12 Post Router Timing | Checksum: 1eee2e884

Time (s): cpu = 00:00:39 ; elapsed = 00:00:35 . Memory (MB): peak = 2392.355 ; gain = 346.895
Total Elapsed time in route_design: 35.191 secs

Phase 13 Post-Route Event Processing
Phase 13 Post-Route Event Processing | Checksum: 14327c66d

Time (s): cpu = 00:00:39 ; elapsed = 00:00:35 . Memory (MB): peak = 2392.355 ; gain = 346.895
INFO: [Route 35-16] Router Completed Successfully
Ending Routing Task | Checksum: 14327c66d

Time (s): cpu = 00:00:39 ; elapsed = 00:00:35 . Memory (MB): peak = 2392.355 ; gain = 346.895

Routing Is Done.
INFO: [Common 17-83] Releasing license: Implementation
479 Infos, 4 Warnings, 0 Critical Warnings and 0 Errors encountered.
route_design completed successfully
INFO: [Common 17-600] The following parameters have non-default value.
tcl.statsThreshold
INFO: [Vivado 12-24828] Executing command : report_drc -file acquireToHDMIwithZynq_wrapper_drc_routed.rpt -pb acquireToHDMIwithZynq_wrapper_drc_routed.pb -rpx acquireToHDMIwithZynq_wrapper_drc_routed.rpx
Command: report_drc -file acquireToHDMIwithZynq_wrapper_drc_routed.rpt -pb acquireToHDMIwithZynq_wrapper_drc_routed.pb -rpx acquireToHDMIwithZynq_wrapper_drc_routed.rpx
INFO: [IP_Flow 19-1839] IP Catalog is up to date.
INFO: [DRC 23-27] Running DRC with 2 threads
INFO: [Vivado_Tcl 2-168] The results of DRC are in file C:/EENG 484/lab6acquireToHDMIwithZynq/lab6acquireToHDMIwithZynq.runs/impl_1/acquireToHDMIwithZynq_wrapper_drc_routed.rpt.
report_drc completed successfully
INFO: [Vivado 12-24828] Executing command : report_methodology -file acquireToHDMIwithZynq_wrapper_methodology_drc_routed.rpt -pb acquireToHDMIwithZynq_wrapper_methodology_drc_routed.pb -rpx acquireToHDMIwithZynq_wrapper_methodology_drc_routed.rpx
Command: report_methodology -file acquireToHDMIwithZynq_wrapper_methodology_drc_routed.rpt -pb acquireToHDMIwithZynq_wrapper_methodology_drc_routed.pb -rpx acquireToHDMIwithZynq_wrapper_methodology_drc_routed.rpx
INFO: [Timing 38-35] Done setting XDC timing constraints.
INFO: [DRC 23-133] Running Methodology with 2 threads
INFO: [Vivado_Tcl 2-1520] The results of Report Methodology are in file C:/EENG 484/lab6acquireToHDMIwithZynq/lab6acquireToHDMIwithZynq.runs/impl_1/acquireToHDMIwithZynq_wrapper_methodology_drc_routed.rpt.
report_methodology completed successfully
INFO: [Vivado 12-24828] Executing command : report_timing_summary -max_paths 10 -routable_nets -report_unconstrained -file acquireToHDMIwithZynq_wrapper_timing_summary_routed.rpt -pb acquireToHDMIwithZynq_wrapper_timing_summary_routed.pb -rpx acquireToHDMIwithZynq_wrapper_timing_summary_routed.rpx -warn_on_violation 
INFO: [Timing 38-35] Done setting XDC timing constraints.
INFO: [Timing 38-91] UpdateTimingParams: Speed grade: -1, Delay Type: min_max.
INFO: [Timing 38-191] Multithreading enabled for timing update using a maximum of 2 CPUs
CRITICAL WARNING: [Timing 38-282] The design failed to meet the timing requirements. Please see the timing summary report for details on the timing violations.
INFO: [Vivado 12-24838] Running report commands "report_incremental_reuse, report_route_status" in parallel.
Running report generation with 2 threads.
INFO: [Vivado 12-24828] Executing command : report_incremental_reuse -file acquireToHDMIwithZynq_wrapper_incremental_reuse_routed.rpt
INFO: [Vivado_Tcl 4-1062] Incremental flow is disabled. No incremental reuse Info to report.
INFO: [Vivado 12-24828] Executing command : report_route_status -file acquireToHDMIwithZynq_wrapper_route_status.rpt -pb acquireToHDMIwithZynq_wrapper_route_status.pb
INFO: [Vivado 12-24828] Executing command : report_power -file acquireToHDMIwithZynq_wrapper_power_routed.rpt -pb acquireToHDMIwithZynq_wrapper_power_summary_routed.pb -rpx acquireToHDMIwithZynq_wrapper_power_routed.rpx
Command: report_power -file acquireToHDMIwithZynq_wrapper_power_routed.rpt -pb acquireToHDMIwithZynq_wrapper_power_summary_routed.pb -rpx acquireToHDMIwithZynq_wrapper_power_routed.rpx
Running Vector-less Activity Propagation...

Finished Running Vector-less Activity Propagation
497 Infos, 4 Warnings, 1 Critical Warnings and 0 Errors encountered.
report_power completed successfully
INFO: [Vivado 12-24828] Executing command : report_clock_utilization -file acquireToHDMIwithZynq_wrapper_clock_utilization_routed.rpt
INFO: [Vivado 12-24828] Executing command : report_bus_skew -warn_on_violation -file acquireToHDMIwithZynq_wrapper_bus_skew_routed.rpt -pb acquireToHDMIwithZynq_wrapper_bus_skew_routed.pb -rpx acquireToHDMIwithZynq_wrapper_bus_skew_routed.rpx
INFO: [Timing 38-91] UpdateTimingParams: Speed grade: -1, Delay Type: min_max.
INFO: [Timing 38-191] Multithreading enabled for timing update using a maximum of 2 CPUs
INFO: [Timing 38-480] Writing timing data to binary archive.
Write ShapeDB Complete: Time (s): cpu = 00:00:00 ; elapsed = 00:00:00.017 . Memory (MB): peak = 2392.355 ; gain = 0.000
Wrote PlaceDB: Time (s): cpu = 00:00:01 ; elapsed = 00:00:00.327 . Memory (MB): peak = 2392.355 ; gain = 0.000
Wrote PulsedLatchDB: Time (s): cpu = 00:00:00 ; elapsed = 00:00:00 . Memory (MB): peak = 2392.355 ; gain = 0.000
Writing XDEF routing.
Writing XDEF routing logical nets.
Writing XDEF routing special nets.
Wrote RouteStorage: Time (s): cpu = 00:00:00 ; elapsed = 00:00:00.068 . Memory (MB): peak = 2392.355 ; gain = 0.000
Wrote Netlist Cache: Time (s): cpu = 00:00:00 ; elapsed = 00:00:00.006 . Memory (MB): peak = 2392.355 ; gain = 0.000
Wrote Device Cache: Time (s): cpu = 00:00:00 ; elapsed = 00:00:00.015 . Memory (MB): peak = 2392.355 ; gain = 0.000
Write Physdb Complete: Time (s): cpu = 00:00:01 ; elapsed = 00:00:00.426 . Memory (MB): peak = 2392.355 ; gain = 0.000
INFO: [Common 17-1381] The checkpoint 'C:/EENG 484/lab6acquireToHDMIwithZynq/lab6acquireToHDMIwithZynq.runs/impl_1/acquireToHDMIwithZynq_wrapper_routed.dcp' has been generated.
Command: write_bitstream -force acquireToHDMIwithZynq_wrapper.bit
Attempting to get a license for feature 'Implementation' and/or device 'xc7z010'
INFO: [Common 17-349] Got license for feature 'Implementation' and/or device 'xc7z010'
Running DRC as a precondition to command write_bitstream
INFO: [IP_Flow 19-1839] IP Catalog is up to date.
INFO: [DRC 23-27] Running DRC with 2 threads
INFO: [Vivado 12-3199] DRC finished with 0 Errors
INFO: [Vivado 12-3200] Please refer to the DRC report (report_drc) for more information.
INFO: [Designutils 20-2272] Running write_bitstream with 2 threads.
Loading data files...
Loading site data...
Loading route data...
Processing options...
Creating bitmap...
Creating bitstream...
Writing bitstream ./acquireToHDMIwithZynq_wrapper.bit...
INFO: [Vivado 12-1842] Bitgen Completed Successfully.
INFO: [Project 1-1876] WebTalk data collection is mandatory when using a ULT device. To see the specific WebTalk data collected for your design, open the usage_statistics_webtalk.html or usage_statistics_webtalk.xml file in the implementation directory.
INFO: [Common 17-83] Releasing license: Implementation
512 Infos, 4 Warnings, 1 Critical Warnings and 0 Errors encountered.
write_bitstream completed successfully
INFO: [Common 17-206] Exiting Vivado at Tue Dec  9 13:36:17 2025...
